{
    "com.google.gson.internal.bind.JsonElementReaderTest-testSkipValue": {
        "energy": 1153195,
        "duration": 35206167.11111111,
        "dram": 107538.55555555556,
        "iteration": 9,
        "stdev": 101602.8252830903
    },
    "com.google.gson.functional.ExclusionStrategyFunctionalTest-testExclusionStrategyWithMode": {
        "energy": 364806,
        "duration": 10547750.0,
        "dram": 31961.777777777777,
        "iteration": 9,
        "stdev": 22978.0134428061
    },
    "com.google.gson.stream.JsonReaderPathTest-skipNestedStructures": {
        "energy": 283446,
        "duration": 8826021.777777778,
        "dram": 26465.777777777777,
        "iteration": 9,
        "stdev": 21651.506984303844
    },
    "com.google.gson.functional.CustomDeserializerTest-testJsonTypeFieldBasedDeserialization": {
        "energy": 418700,
        "duration": 11512639.222222222,
        "dram": 35982.11111111111,
        "iteration": 9,
        "stdev": 37977.36177133835
    },
    "com.google.gson.stream.JsonReaderPathTest-skipArrayElements": {
        "energy": 232177,
        "duration": 6922324.333333333,
        "dram": 20568.444444444445,
        "iteration": 9,
        "stdev": 35266.09846773247
    },
    "com.google.gson.functional.ExclusionStrategyFunctionalTest-testExclusionStrategyDeserialization": {
        "energy": 282531,
        "duration": 7590799.0,
        "dram": 22693.222222222223,
        "iteration": 9,
        "stdev": 15538.52105392305
    },
    "com.google.gson.functional.JsonParserTest-testBadFieldTypeForDeserializingCustomTree": {
        "energy": 318297,
        "duration": 7810257.222222222,
        "dram": 26117.11111111111,
        "iteration": 9,
        "stdev": 23685.07980163623
    },
    "com.google.gson.stream.JsonReaderPathTest-skipObjectValues": {
        "energy": 226135,
        "duration": 5945994.666666667,
        "dram": 17973.777777777777,
        "iteration": 9,
        "stdev": 33874.128927800986
    },
    "com.google.gson.stream.JsonReaderPathTest-skipObjectNames": {
        "energy": 268859,
        "duration": 7230746.222222222,
        "dram": 22322.88888888889,
        "iteration": 9,
        "stdev": 27513.018234920386
    }
}