{
    "com.google.gson.internal.bind.JsonElementReaderTest-testSkipValue": {
        "energy": 196105,
        "duration": 5373753.666666667,
        "dram": 16308.0,
        "iteration": 9,
        "stdev": 17373.010130304254
    },
    "com.google.gson.functional.ExclusionStrategyFunctionalTest-testExclusionStrategyWithMode": {
        "energy": 436156,
        "duration": 11150111.888888888,
        "dram": 35463.77777777778,
        "iteration": 9,
        "stdev": 59696.63958344352
    },
    "com.google.gson.stream.JsonReaderPathTest-skipNestedStructures": {
        "energy": 278381,
        "duration": 8057735.0,
        "dram": 24300.0,
        "iteration": 9,
        "stdev": 15646.2935105182
    },
    "com.google.gson.functional.CustomDeserializerTest-testJsonTypeFieldBasedDeserialization": {
        "energy": 465392,
        "duration": 11584793.888888888,
        "dram": 37853.77777777778,
        "iteration": 9,
        "stdev": 31290.95875255856
    },
    "com.google.gson.internal.bind.JsonTreeReaderTest-testSkipValue_filledJsonObject": {
        "energy": 181152,
        "duration": 5439743.666666667,
        "dram": 17079.88888888889,
        "iteration": 9,
        "stdev": 24868.385503597845
    },
    "com.google.gson.stream.JsonReaderPathTest-skipArrayElements": {
        "energy": 228698,
        "duration": 6565816.444444444,
        "dram": 20189.222222222223,
        "iteration": 9,
        "stdev": 35820.37484759508
    },
    "com.google.gson.internal.bind.JsonTreeReaderTest-testSkipValue_emptyJsonObject": {
        "energy": 668760,
        "duration": 20373474.777777776,
        "dram": 63705.77777777778,
        "iteration": 9,
        "stdev": 55807.394141274024
    },
    "com.google.gson.functional.ExclusionStrategyFunctionalTest-testExclusionStrategyDeserialization": {
        "energy": 305541,
        "duration": 7514540.777777778,
        "dram": 24442.444444444445,
        "iteration": 9,
        "stdev": 36534.044509501306
    },
    "com.google.gson.functional.JsonParserTest-testBadFieldTypeForDeserializingCustomTree": {
        "energy": 285766,
        "duration": 7400746.0,
        "dram": 23388.666666666668,
        "iteration": 9,
        "stdev": 24466.15897041119
    },
    "com.google.gson.stream.JsonReaderPathTest-skipObjectValues": {
        "energy": 206543,
        "duration": 5878135.777777778,
        "dram": 17882.333333333332,
        "iteration": 9,
        "stdev": 43360.06008605923
    },
    "com.google.gson.stream.JsonReaderPathTest-skipObjectNames": {
        "energy": 228210,
        "duration": 6418966.222222222,
        "dram": 19769.333333333332,
        "iteration": 9,
        "stdev": 29750.982864976057
    }
}