{
    "com.google.gson.functional.DefaultTypeAdaptersTest-testDateSerializationWithPatternNotOverridenByTypeAdapter": {
        "energy": 33934.89390612291,
        "duration": 937597.1663932813,
        "dram": 2543.4178916995743,
        "iteration": 59
    },
    "com.google.gson.functional.DefaultTypeAdaptersTest-testDateSerializationWithPattern": {
        "energy": 37325.61452862897,
        "duration": 1152703.9787248927,
        "dram": 1614.0360391190566,
        "iteration": 77
    },
    "com.google.gson.functional.DefaultTypeAdaptersTest-testSqlDateSerialization": {
        "energy": 38546.27337713139,
        "duration": 883950.4124648519,
        "dram": 3155.1628363609784,
        "iteration": 57
    },
    "com.google.gson.functional.DefaultTypeAdaptersTest-testTimestampSerialization": {
        "energy": 36602.040628639705,
        "duration": 881239.904532303,
        "dram": 2921.685460551183,
        "iteration": 55
    },
    "com.google.gson.functional.DefaultTypeAdaptersTest-testDefaultDateDeserializationUsingBuilder": {
        "energy": 139394.34938788848,
        "duration": 4908503.768785436,
        "dram": 12731.191927585074,
        "iteration": 99
    },
    "com.google.gson.DefaultDateTypeAdapterTest-testDateSerialization": {
        "energy": 37266.26340424133,
        "duration": 979594.7465903427,
        "dram": 2381.0562704526837,
        "iteration": 67
    },
    "com.google.gson.functional.DefaultTypeAdaptersTest-testNullSerialization": {
        "energy": 323954.4954957303,
        "duration": 9633415.740302267,
        "dram": 26921.120905197888,
        "iteration": 99
    },
    "com.google.gson.functional.DefaultTypeAdaptersTest-testDateSerializationInCollection": {
        "energy": 32864.877313006975,
        "duration": 1627477.5075828722,
        "dram": 3757.966063995994,
        "iteration": 99
    },
    "com.google.gson.DefaultDateTypeAdapterTest-testDatePattern": {
        "energy": 38233.61774623258,
        "duration": 902538.1979405299,
        "dram": 3402.8531795985523,
        "iteration": 54
    },
    "com.google.gson.functional.DefaultTypeAdaptersTest-testDateDeserializationWithPattern": {
        "energy": 35941.9805592763,
        "duration": 958674.8731942305,
        "dram": 3062.8410067654113,
        "iteration": 58
    }
}