{
    "com.google.gson.functional.DefaultTypeAdaptersTest-testDateSerializationWithPatternNotOverridenByTypeAdapter": {
        "energy": 39115.10674225334,
        "duration": 937390.6354334429,
        "dram": 3181.5039167054892,
        "iteration": 70
    },
    "com.google.gson.functional.DefaultTypeAdaptersTest-testDateSerializationWithPattern": {
        "energy": 36731.33847289397,
        "duration": 1479500.71051419,
        "dram": 3267.3017846814832,
        "iteration": 83
    },
    "com.google.gson.functional.DefaultTypeAdaptersTest-testSqlDateSerialization": {
        "energy": 36246.928062784464,
        "duration": 959426.6988847984,
        "dram": 2541.9513578288775,
        "iteration": 56
    },
    "com.google.gson.functional.DefaultTypeAdaptersTest-testDefaultDateDeserializationUsingBuilder": {
        "energy": 173254.29119965536,
        "duration": 5120021.112118882,
        "dram": 15237.5439797059,
        "iteration": 99
    },
    "com.google.gson.DefaultDateTypeAdapterTest-testDateSerialization": {
        "energy": 42367.76334808186,
        "duration": 1158424.1041090132,
        "dram": 3552.6100815127584,
        "iteration": 71
    },
    "com.google.gson.functional.DefaultTypeAdaptersTest-testNullSerialization": {
        "energy": 479001.8127548662,
        "duration": 15225601.463931624,
        "dram": 45328.74209469798,
        "iteration": 99
    },
    "com.google.gson.functional.DefaultTypeAdaptersTest-testDateDeserializationWithPattern": {
        "energy": 38082.95616085084,
        "duration": 1042455.4102677638,
        "dram": 3069.4089755676387,
        "iteration": 71
    },
    "com.google.gson.functional.DefaultTypeAdaptersTest-testDateSerializationInCollection": {
        "energy": 39669.19241443093,
        "duration": 1573034.407013886,
        "dram": 3387.2354833905447,
        "iteration": 99
    },
    "com.google.gson.functional.DefaultTypeAdaptersTest-testTimestampSerialization": {
        "energy": 38129.26305890817,
        "duration": 937756.8998071521,
        "dram": 2473.303878677789,
        "iteration": 60
    },
    "com.google.gson.DefaultDateTypeAdapterTest-testDatePattern": {
        "energy": 40407.00220299963,
        "duration": 872041.8748972857,
        "dram": 1544.1855004802142,
        "iteration": 63
    }
}