{
    "com.google.gson.functional.ParameterizedTypesTest-testParameterizedTypeGenericArraysSerialization": {
        "energy": 42298,
        "duration": 1697322.3434343433,
        "dram": 4477.020202020202,
        "iteration": 99,
        "stdev": 17142.27393980637
    },
    "com.google.gson.functional.DefaultTypeAdaptersTest-testBadValueForBigDecimalDeserialization": {
        "energy": 38025,
        "duration": 878556.34,
        "dram": 3053.5,
        "iteration": 50,
        "stdev": 2886.3657672581967
    },
    "com.google.gson.functional.ParameterizedTypesTest-testVariableTypeArrayDeserialization": {
        "energy": 83740,
        "duration": 2499118.595959596,
        "dram": 7217.595959595959,
        "iteration": 99,
        "stdev": 20057.14947102836
    },
    "com.google.gson.functional.NamingPolicyTest-testGsonWithLowerCaseDashPolicyDeserialiation": {
        "energy": 37842,
        "duration": 899654.3111111111,
        "dram": 2562.9555555555557,
        "iteration": 45,
        "stdev": 4670.4305564072165
    },
    "com.google.gson.functional.CustomDeserializerTest-testCustomDeserializerReturnsNull": {
        "energy": 42114,
        "duration": 1450068.3333333333,
        "dram": 4003.36,
        "iteration": 75,
        "stdev": 19002.410134408387
    },
    "com.google.gson.functional.InheritanceTest-testSubClassDeserialization": {
        "energy": 42481,
        "duration": 1373662.4545454546,
        "dram": 3755.181818181818,
        "iteration": 66,
        "stdev": 11180.839834468623
    },
    "com.google.gson.functional.ParameterizedTypesTest-testVariableTypeDeserialization": {
        "energy": 84472,
        "duration": 2638564.868686869,
        "dram": 7347.636363636364,
        "iteration": 99,
        "stdev": 27833.053596621357
    },
    "com.google.gson.functional.ParameterizedTypesTest-testParameterizedTypeGenericArraysDeserialization": {
        "energy": 76110,
        "duration": 2289016.8383838385,
        "dram": 6191.393939393939,
        "iteration": 99,
        "stdev": 21803.441370395787
    },
    "com.google.gson.functional.NamingPolicyTest-testComplexFieldNameStrategy": {
        "energy": 37415,
        "duration": 1230503.8481012657,
        "dram": 3174.1392405063293,
        "iteration": 79,
        "stdev": 5993.89721858896
    },
    "com.google.gson.functional.NullObjectAndFieldTest-testPrintPrintingObjectWithNulls": {
        "energy": 40711,
        "duration": 1221668.0625,
        "dram": 3086.6375,
        "iteration": 80,
        "stdev": 6510.413829384715
    },
    "com.google.gson.functional.InheritanceTest-testSubInterfacesOfCollectionDeserialization": {
        "energy": 41443,
        "duration": 1399779.7647058824,
        "dram": 3708.788235294118,
        "iteration": 85,
        "stdev": 14419.2704397508
    },
    "com.google.gson.functional.CollectionTest-testSetDeserialization": {
        "energy": 41626,
        "duration": 1345193.325,
        "dram": 3782.775,
        "iteration": 80,
        "stdev": 10190.978773765735
    },
    "com.google.gson.functional.CollectionTest-testWildcardCollectionField": {
        "energy": 46326,
        "duration": 2114269.1818181816,
        "dram": 5549.434343434344,
        "iteration": 99,
        "stdev": 28209.594805898007
    },
    "com.google.gson.functional.ExposeFieldsTest-testExposeAnnotationDeserialization": {
        "energy": 39490,
        "duration": 1013618.5689655172,
        "dram": 3035.051724137931,
        "iteration": 58,
        "stdev": 5013.616211602298
    },
    "com.google.gson.functional.NullObjectAndFieldTest-testExplicitSerializationOfNullArrayMembers": {
        "energy": 75927,
        "duration": 2183968.616161616,
        "dram": 6262.666666666667,
        "iteration": 99,
        "stdev": 28190.915424870367
    },
    "com.google.gson.functional.ParameterizedTypesTest-testParameterizedTypeWithVariableTypeDeserialization": {
        "energy": 80017,
        "duration": 2349925.787878788,
        "dram": 6712.414141414141,
        "iteration": 99,
        "stdev": 20546.73294583532
    },
    "com.google.gson.functional.NullObjectAndFieldTest-testExplicitSerializationOfNullStringMembers": {
        "energy": 41076,
        "duration": 953781.1020408163,
        "dram": 2633.4897959183672,
        "iteration": 49,
        "stdev": 4736.850380459974
    },
    "com.google.gson.functional.NullObjectAndFieldTest-testExplicitSerializationOfNullCollectionMembers": {
        "energy": 38269,
        "duration": 1006534.82,
        "dram": 2855.56,
        "iteration": 50,
        "stdev": 6902.3530770600255
    },
    "com.google.gson.functional.NamingPolicyTest-testGsonWithUpperCamelCaseSpacesPolicyDeserialiation": {
        "energy": 38208,
        "duration": 806952.641025641,
        "dram": 2839.2051282051284,
        "iteration": 39,
        "stdev": 4907.665861193915
    },
    "com.google.gson.functional.NamingPolicyTest-testGsonWithNonDefaultFieldNamingPolicyDeserialiation": {
        "energy": 37659,
        "duration": 955170.4634146341,
        "dram": 2993.268292682927,
        "iteration": 41,
        "stdev": 4949.399206895793
    },
    "com.google.gson.functional.NamingPolicyTest-testGsonWithLowerCaseUnderscorePolicyDeserialiation": {
        "energy": 38147,
        "duration": 816144.0,
        "dram": 2636.48,
        "iteration": 50,
        "stdev": 5266.5894404633445
    },
    "com.google.gson.functional.DefaultTypeAdaptersTest-testBigDecimalFieldDeserialization": {
        "energy": 37841,
        "duration": 878817.9318181818,
        "dram": 2861.818181818182,
        "iteration": 44,
        "stdev": 3443.344200791429
    },
    "com.google.gson.functional.DefaultTypeAdaptersTest-testBigIntegerFieldDeserialization": {
        "energy": 37110,
        "duration": 966710.1666666666,
        "dram": 3022.962962962963,
        "iteration": 54,
        "stdev": 4912.233227938723
    },
    "com.google.gson.functional.ObjectTest-testBagOfPrimitiveWrappersDeserialization": {
        "energy": 37841,
        "duration": 999831.4,
        "dram": 2748.2,
        "iteration": 45,
        "stdev": 5402.954597460747
    },
    "com.google.gson.functional.ExposeFieldsTest-testExposedInterfaceFieldDeserialization": {
        "energy": 38696,
        "duration": 806434.8181818182,
        "dram": 2445.181818181818,
        "iteration": 33,
        "stdev": 4576.637366152929
    },
    "com.google.gson.functional.CustomTypeAdaptersTest-testEnsureCustomDeserializerNotInvokedForNullValues": {
        "energy": 38879,
        "duration": 953621.5576923077,
        "dram": 3035.576923076923,
        "iteration": 52,
        "stdev": 5350.664318789477
    }
}