{
    "com.google.gson.functional.ParameterizedTypesTest-testParameterizedTypeGenericArraysSerialization": {
        "energy": 42297,
        "duration": 1696158.292929293,
        "dram": 4732.272727272727,
        "iteration": 99,
        "stdev": 19629.53041302553
    },
    "com.google.gson.functional.DefaultTypeAdaptersTest-testBadValueForBigDecimalDeserialization": {
        "energy": 36926,
        "duration": 882575.387755102,
        "dram": 2804.6326530612246,
        "iteration": 49,
        "stdev": 3817.1551313720015
    },
    "com.google.gson.functional.ParameterizedTypesTest-testVariableTypeArrayDeserialization": {
        "energy": 77698,
        "duration": 2454644.262626263,
        "dram": 6692.49494949495,
        "iteration": 99,
        "stdev": 23979.04439815628
    },
    "com.google.gson.functional.CustomDeserializerTest-testCustomDeserializerReturnsNull": {
        "energy": 41137,
        "duration": 1398746.9589041097,
        "dram": 3736.931506849315,
        "iteration": 73,
        "stdev": 18449.15677127349
    },
    "com.google.gson.functional.InheritanceTest-testSubClassDeserialization": {
        "energy": 41931,
        "duration": 1389740.7625,
        "dram": 4019.65,
        "iteration": 80,
        "stdev": 13456.906012196629
    },
    "com.google.gson.functional.ParameterizedTypesTest-testVariableTypeDeserialization": {
        "energy": 81603,
        "duration": 2710871.474747475,
        "dram": 7375.49494949495,
        "iteration": 99,
        "stdev": 56356.68818990258
    },
    "com.google.gson.functional.NamingPolicyTest-testGsonWithUpperCamelCaseSpacesPolicyDeserialiation": {
        "energy": 37964,
        "duration": 775422.6382978724,
        "dram": 2574.9574468085107,
        "iteration": 47,
        "stdev": 4632.82143905772
    },
    "com.google.gson.functional.ParameterizedTypesTest-testParameterizedTypeGenericArraysDeserialization": {
        "energy": 77515,
        "duration": 2313298.131313131,
        "dram": 6578.171717171717,
        "iteration": 99,
        "stdev": 25367.7952659235
    },
    "com.google.gson.functional.NamingPolicyTest-testComplexFieldNameStrategy": {
        "energy": 37536,
        "duration": 1200005.4736842106,
        "dram": 2995.0,
        "iteration": 76,
        "stdev": 5091.369585150635
    },
    "com.google.gson.functional.NullObjectAndFieldTest-testPrintPrintingObjectWithNulls": {
        "energy": 40100,
        "duration": 1315183.4342105263,
        "dram": 3183.1973684210525,
        "iteration": 76,
        "stdev": 9056.389973664453
    },
    "com.google.gson.functional.InheritanceTest-testSubInterfacesOfCollectionDeserialization": {
        "energy": 39672,
        "duration": 1399937.9318181819,
        "dram": 3748.2727272727275,
        "iteration": 88,
        "stdev": 13537.728486959979
    },
    "com.google.gson.functional.CollectionTest-testSetDeserialization": {
        "energy": 39184,
        "duration": 1318790.2352941176,
        "dram": 3348.764705882353,
        "iteration": 85,
        "stdev": 10148.897722095931
    },
    "com.google.gson.functional.CollectionTest-testWildcardCollectionField": {
        "energy": 66223,
        "duration": 2085307.111111111,
        "dram": 5434.313131313132,
        "iteration": 99,
        "stdev": 23787.46552084345
    },
    "com.google.gson.functional.ExposeFieldsTest-testExposeAnnotationDeserialization": {
        "energy": 39551,
        "duration": 987933.7222222222,
        "dram": 3225.425925925926,
        "iteration": 54,
        "stdev": 4521.588120374909
    },
    "com.google.gson.functional.NullObjectAndFieldTest-testExplicitSerializationOfNullArrayMembers": {
        "energy": 46386,
        "duration": 2194663.6464646463,
        "dram": 6079.787878787879,
        "iteration": 99,
        "stdev": 31822.390216921944
    },
    "com.google.gson.functional.NamingPolicyTest-testGsonWithLowerCaseUnderscorePolicyDeserialiation": {
        "energy": 38696,
        "duration": 767514.4594594594,
        "dram": 2943.7567567567567,
        "iteration": 37,
        "stdev": 5358.654977170441
    },
    "com.google.gson.functional.DefaultTypeAdaptersTest-testBigDecimalFieldDeserialization": {
        "energy": 37109,
        "duration": 855022.4782608695,
        "dram": 2938.2608695652175,
        "iteration": 46,
        "stdev": 3752.0182886891484
    },
    "com.google.gson.functional.CustomTypeAdaptersTest-testEnsureCustomDeserializerNotInvokedForNullValues": {
        "energy": 40710,
        "duration": 867060.6,
        "dram": 3094.86,
        "iteration": 50,
        "stdev": 6147.313833179498
    },
    "com.google.gson.functional.ParameterizedTypesTest-testParameterizedTypeWithVariableTypeDeserialization": {
        "energy": 77331,
        "duration": 2303292.0303030303,
        "dram": 6232.050505050505,
        "iteration": 99,
        "stdev": 22140.665685503795
    },
    "com.google.gson.functional.NullObjectAndFieldTest-testExplicitSerializationOfNullStringMembers": {
        "energy": 38636,
        "duration": 1045203.25,
        "dram": 2918.964285714286,
        "iteration": 56,
        "stdev": 6086.066555867506
    },
    "com.google.gson.functional.NullObjectAndFieldTest-testExplicitSerializationOfNullCollectionMembers": {
        "energy": 40405,
        "duration": 990306.344262295,
        "dram": 2958.44262295082,
        "iteration": 61,
        "stdev": 5659.538792824661
    },
    "com.google.gson.functional.DefaultTypeAdaptersTest-testBigIntegerFieldDeserialization": {
        "energy": 35461,
        "duration": 960372.3333333334,
        "dram": 3015.5087719298244,
        "iteration": 57,
        "stdev": 5356.900120689865
    },
    "com.google.gson.functional.NamingPolicyTest-testGsonWithNonDefaultFieldNamingPolicyDeserialiation": {
        "energy": 37231,
        "duration": 880806.2765957447,
        "dram": 2664.851063829787,
        "iteration": 47,
        "stdev": 5436.084583994794
    },
    "com.google.gson.functional.ObjectTest-testBagOfPrimitiveWrappersDeserialization": {
        "energy": 38391,
        "duration": 963418.1363636364,
        "dram": 2287.340909090909,
        "iteration": 44,
        "stdev": 5048.629774165552
    },
    "com.google.gson.functional.NamingPolicyTest-testGsonWithLowerCaseDashPolicyDeserialiation": {
        "energy": 40344,
        "duration": 823749.4883720931,
        "dram": 2378.9767441860463,
        "iteration": 43,
        "stdev": 4813.244142660161
    },
    "com.google.gson.functional.ExposeFieldsTest-testExposedInterfaceFieldDeserialization": {
        "energy": 38574,
        "duration": 773158.2156862745,
        "dram": 2236.843137254902,
        "iteration": 51,
        "stdev": 4990.608652308066
    }
}