{
    "com.google.gson.functional.NamingPolicyTest-testGsonDuplicateNameUsingSerializedNameFieldNamingPolicySerialization": {
        "energy": 590001.612244898,
        "duration": 17666643.755102042,
        "dram": 54831.27551020408,
        "iteration": 98,
        "stdev": 671700.0158928401
    },
    "com.google.gson.functional.ParameterizedTypesTest-testTypesWithMultipleParametersSerialization": {
        "energy": 89219.0202020202,
        "duration": 3153632.3535353537,
        "dram": 8498.424242424242,
        "iteration": 99,
        "stdev": 66814.8411064518
    },
    "com.google.gson.functional.PrimitiveTest-testPrimitiveDoubleAutoboxedInASingleElementArraySerialization": {
        "energy": 36625.0,
        "duration": 846359.9555555555,
        "dram": 2605.733333333333,
        "iteration": 45,
        "stdev": 5805.298767314028
    },
    "com.google.gson.functional.PrimitiveTest-testPrimitiveDoubleAutoboxedSerialization": {
        "energy": 51022.86538461538,
        "duration": 1756889.3461538462,
        "dram": 4515.846153846154,
        "iteration": 52,
        "stdev": 20366.416425112922
    }
}