{
    "com.google.gson.JsonObjectTest-testAddingAndRemovingObjectProperties": {
        "energy": 51836.267857142855,
        "duration": 2264891.285714286,
        "dram": 3442.1071428571427,
        "iteration": 56,
        "stdev": 19119.69114410873
    }
}