{
    "com.google.gson.JsonObjectTest-testAddingAndRemovingObjectProperties": {
        "energy": 42175,
        "duration": 2201965.8245614036,
        "dram": 4281.421052631579,
        "iteration": 57,
        "stdev": 16810.32717856543
    }
}