{
    "com.google.gson.functional.JsonAdapterAnnotationOnClassesTest-testJsonAdapterInvoked": {
        "energy": 202577.0303030303,
        "duration": 6459992.545454546,
        "dram": 18269.18181818182,
        "iteration": 99,
        "stdev": 372395.284853664
    },
    "com.google.gson.functional.JsonAdapterSerializerDeserializerTest-testJsonSerializerDeserializerBasedJsonAdapterOnFields": {
        "energy": 349031.3939393939,
        "duration": 10696957.333333334,
        "dram": 32277.91919191919,
        "iteration": 99,
        "stdev": 541557.4301122404
    },
    "com.google.gson.functional.JsonAdapterAnnotationOnFieldsTest-testPrimitiveFieldAnnotationTakesPrecedenceOverDefault": {
        "energy": 47495.121212121216,
        "duration": 1669591.0404040404,
        "dram": 4244.444444444444,
        "iteration": 99,
        "stdev": 17163.860076118664
    },
    "com.google.gson.functional.JsonAdapterAnnotationOnFieldsTest-testClassAnnotationAdapterFactoryTakesPrecedenceOverDefault": {
        "energy": 44558.0505050505,
        "duration": 1653656.888888889,
        "dram": 4106.717171717171,
        "iteration": 99,
        "stdev": 17788.449169220294
    },
    "com.google.gson.functional.RuntimeTypeAdapterFactoryFunctionalTest-testSubclassesAutomaticallySerialized": {
        "energy": 288780.63636363635,
        "duration": 8844725.737373738,
        "dram": 26534.616161616163,
        "iteration": 99,
        "stdev": 150106.12697624025
    },
    "com.google.gson.functional.JsonAdapterAnnotationOnClassesTest-testRegisteredDeserializerOverridesJsonAdapter": {
        "energy": 154380.5072463768,
        "duration": 4663834.31884058,
        "dram": 13572.666666666666,
        "iteration": 69,
        "stdev": 375583.9825259033
    },
    "com.google.gson.functional.JsonAdapterAnnotationOnFieldsTest-testJsonAdapterWrappedInNullSafeAsRequested": {
        "energy": 36016.05882352941,
        "duration": 1141711.9705882352,
        "dram": 3015.8823529411766,
        "iteration": 68,
        "stdev": 7075.114463597772
    },
    "com.google.gson.functional.JsonAdapterAnnotationOnFieldsTest-testClassAnnotationAdapterTakesPrecedenceOverDefault": {
        "energy": 186194.7142857143,
        "duration": 5712477.653061224,
        "dram": 17086.051020408162,
        "iteration": 98,
        "stdev": 417195.7288332593
    },
    "com.google.gson.functional.JsonAdapterAnnotationOnFieldsTest-testFieldAnnotationWorksForParameterizedType": {
        "energy": 51429.030303030304,
        "duration": 1807768.5555555555,
        "dram": 4575.959595959596,
        "iteration": 99,
        "stdev": 18405.073952062776
    },
    "com.google.gson.functional.JsonAdapterAnnotationOnClassesTest-testRegisteredSerializerOverridesJsonAdapter": {
        "energy": 56188.70652173913,
        "duration": 1886973.5652173914,
        "dram": 5186.195652173913,
        "iteration": 92,
        "stdev": 22910.831357459672
    },
    "com.google.gson.functional.JsonAdapterAnnotationOnClassesTest-testNullSafeObjectFromJson": {
        "energy": 38781.6375,
        "duration": 1276964.425,
        "dram": 3259.6,
        "iteration": 80,
        "stdev": 9764.008678872306
    },
    "com.google.gson.functional.JsonAdapterSerializerDeserializerTest-testDifferentJsonAdaptersForGenericFieldsOfSameRawType": {
        "energy": 78498.37373737374,
        "duration": 2572707.797979798,
        "dram": 7046.606060606061,
        "iteration": 99,
        "stdev": 131844.01901195198
    },
    "com.google.gson.functional.JsonAdapterAnnotationOnClassesTest-testIncorrectTypeAdapterFails": {
        "energy": 163645.77049180327,
        "duration": 5116592.426229509,
        "dram": 14478.11475409836,
        "iteration": 61,
        "stdev": 354135.9414649389
    },
    "com.google.gson.functional.JsonAdapterSerializerDeserializerTest-testJsonSerializerDeserializerBasedJsonAdapterOnClass": {
        "energy": 61649.67346938775,
        "duration": 2042760.030612245,
        "dram": 5398.102040816327,
        "iteration": 98,
        "stdev": 173482.73113158258
    },
    "com.google.gson.functional.JsonAdapterAnnotationOnClassesTest-testJsonAdapterFactoryInvoked": {
        "energy": 91796.65625,
        "duration": 3056496.3854166665,
        "dram": 8091.177083333333,
        "iteration": 96,
        "stdev": 262476.74425301584
    },
    "com.google.gson.functional.JsonAdapterAnnotationOnFieldsTest-testFieldAnnotationTakesPrecedenceOverClassAnnotation": {
        "energy": 36294.1875,
        "duration": 1358032.5729166667,
        "dram": 3078.0,
        "iteration": 96,
        "stdev": 8527.975737135812
    },
    "com.google.gson.functional.JsonAdapterAnnotationOnFieldsTest-testNonPrimitiveFieldAnnotationTakesPrecedenceOverDefault": {
        "energy": 35336.0,
        "duration": 1035203.1052631579,
        "dram": 2917.719298245614,
        "iteration": 57,
        "stdev": 5428.933868391511
    },
    "com.google.gson.regression.JsonAdapterNullSafeTest-testNullSafeBugSerialize": {
        "energy": 107901.89130434782,
        "duration": 3762995.434782609,
        "dram": 9930.380434782608,
        "iteration": 92,
        "stdev": 106359.23667289248
    },
    "com.google.gson.functional.JsonAdapterAnnotationOnFieldsTest-testJsonAdapterInvokedOnlyForAnnotatedFields": {
        "energy": 117858.60227272728,
        "duration": 3718713.4431818184,
        "dram": 10597.852272727272,
        "iteration": 88,
        "stdev": 302946.5495952193
    },
    "com.google.gson.functional.JsonAdapterAnnotationOnFieldsTest-testFieldAnnotationTakesPrecedenceOverRegisteredTypeAdapter": {
        "energy": 47886.97959183674,
        "duration": 1711723.918367347,
        "dram": 4356.34693877551,
        "iteration": 98,
        "stdev": 19455.208610580772
    },
    "com.google.gson.regression.JsonAdapterNullSafeTest-testNullSafeBugDeserialize": {
        "energy": 105264.453125,
        "duration": 3123149.171875,
        "dram": 9247.171875,
        "iteration": 64,
        "stdev": 77350.45338343404
    }
}