{
    "com.google.gson.functional.StreamingTypeAdaptersTest-testNullSafe": {
        "energy": 43183.78350515464,
        "duration": 1472961.2783505155,
        "dram": 3786.618556701031,
        "iteration": 97,
        "stdev": 14606.428328655169
    },
    "com.google.gson.functional.CustomDeserializerTest-testDefaultConstructorNotCalledOnObject": {
        "energy": 67235.30303030302,
        "duration": 2160288.595959596,
        "dram": 5909.80808080808,
        "iteration": 99,
        "stdev": 54727.20298715313
    },
    "com.google.gson.functional.StringTest-testEscapingQuotesInStringSerialization": {
        "energy": 38789.0,
        "duration": 549762.7391304348,
        "dram": 2347.695652173913,
        "iteration": 23,
        "stdev": 3973.3554541743924
    },
    "com.google.gson.functional.ReadersWritersTest-testReadWriteTwoObjects": {
        "energy": 39602.92753623189,
        "duration": 1112640.7826086956,
        "dram": 3575.289855072464,
        "iteration": 69,
        "stdev": 10452.818660594414
    },
    "com.google.gson.functional.DefaultTypeAdaptersTest-testBitSetDeserialization": {
        "energy": 35278.204545454544,
        "duration": 816545.0454545454,
        "dram": 2878.431818181818,
        "iteration": 44,
        "stdev": 4222.514893560823
    },
    "com.google.gson.functional.TypeAdapterPrecedenceTest-testSerializeNonstreamingTypeAdapterFollowedByStreamingTypeAdapter": {
        "energy": 38907.15151515151,
        "duration": 772228.4545454546,
        "dram": 3137.787878787879,
        "iteration": 33,
        "stdev": 14659.439154018697
    },
    "com.google.gson.JsonParserTest-testReadWriteTwoObjects": {
        "energy": 174113.75,
        "duration": 5087894.7,
        "dram": 15638.325,
        "iteration": 80,
        "stdev": 415001.66857958236
    },
    "com.google.gson.functional.StringTest-testSingleQuoteInStringSerialization": {
        "energy": 78587.64,
        "duration": 2319926.62,
        "dram": 6826.6,
        "iteration": 50,
        "stdev": 37474.451296188454
    },
    "com.google.gson.functional.ParameterizedTypesTest-testVariableTypeArrayDeserialization": {
        "energy": 43410.93548387097,
        "duration": 1392245.494623656,
        "dram": 3702.956989247312,
        "iteration": 93,
        "stdev": 14523.091557341859
    },
    "com.google.gson.functional.ObjectTest-testSingletonLists": {
        "energy": 39972.79761904762,
        "duration": 1292772.4166666667,
        "dram": 3761.595238095238,
        "iteration": 84,
        "stdev": 12654.669394921235
    },
    "com.google.gson.functional.TypeHierarchyAdapterTest-testRegisterSuperTypeFirst": {
        "energy": 36953.56896551724,
        "duration": 915038.775862069,
        "dram": 3097.155172413793,
        "iteration": 58,
        "stdev": 4221.000233283776
    },
    "com.google.gson.functional.EnumTest-testEnumSubclass": {
        "energy": 75594.07216494845,
        "duration": 2524263.494845361,
        "dram": 7086.742268041237,
        "iteration": 97,
        "stdev": 26581.101648936234
    },
    "com.google.gson.functional.TypeVariableTest-testBasicTypeVariables": {
        "energy": 37317.92727272727,
        "duration": 997607.0909090909,
        "dram": 3082.2,
        "iteration": 55,
        "stdev": 4481.795386407086
    },
    "com.google.gson.functional.MapAsArrayTypeAdapterTest-testMultipleEnableComplexKeyRegistrationHasNoEffect": {
        "energy": 38741.61538461538,
        "duration": 1217871.8846153845,
        "dram": 3406.0128205128203,
        "iteration": 78,
        "stdev": 8655.696384656352
    },
    "com.google.gson.functional.TypeVariableTest-testAdvancedTypeVariables": {
        "energy": 117483.18181818182,
        "duration": 3589948.737373737,
        "dram": 10395.676767676769,
        "iteration": 99,
        "stdev": 271908.2258482198
    },
    "com.google.gson.functional.PrimitiveTest-testQuotedStringSerializationAndDeserialization": {
        "energy": 36977.63157894737,
        "duration": 672680.5789473684,
        "dram": 2504.3684210526317,
        "iteration": 19,
        "stdev": 4511.795280566219
    },
    "com.google.gson.functional.EscapingTest-testGsonDoubleDeserialization": {
        "energy": 36260.71428571428,
        "duration": 767146.4523809524,
        "dram": 2706.5714285714284,
        "iteration": 42,
        "stdev": 4486.3775889628705
    },
    "com.google.gson.functional.ParameterizedTypesTest-testVariableTypeDeserialization": {
        "energy": 42610.406593406595,
        "duration": 1379481.3736263737,
        "dram": 3711.076923076923,
        "iteration": 91,
        "stdev": 14926.25780808315
    },
    "com.google.gson.functional.MapAsArrayTypeAdapterTest-testSerializeComplexMapWithTypeAdapter": {
        "energy": 183405.87878787878,
        "duration": 5361773.313131313,
        "dram": 16564.161616161615,
        "iteration": 99,
        "stdev": 348586.58858736255
    },
    "com.google.gson.functional.ParameterizedTypesTest-testParameterizedTypeGenericArraysDeserialization": {
        "energy": 40738.989583333336,
        "duration": 1374190.7083333333,
        "dram": 3605.4583333333335,
        "iteration": 96,
        "stdev": 11839.565731843442
    },
    "com.google.gson.functional.EscapingTest-testGsonAcceptsEscapedAndNonEscapedJsonDeserialization": {
        "energy": 38483.64705882353,
        "duration": 1221539.5882352942,
        "dram": 3306.235294117647,
        "iteration": 85,
        "stdev": 9073.547197541915
    },
    "com.google.gson.functional.DefaultTypeAdaptersTest-testDefaultDateDeserializationUsingBuilder": {
        "energy": 110808.80808080808,
        "duration": 3580828.4242424243,
        "dram": 10468.282828282829,
        "iteration": 99,
        "stdev": 25554.83704699603
    },
    "com.google.gson.functional.NamingPolicyTest-testComplexFieldNameStrategy": {
        "energy": 37467.532258064515,
        "duration": 1136413.4193548388,
        "dram": 3064.1612903225805,
        "iteration": 62,
        "stdev": 5114.461746717522
    },
    "com.google.gson.functional.TypeVariableTest-testTypeVariablesViaTypeParameter": {
        "energy": 45030.42857142857,
        "duration": 1425656.120879121,
        "dram": 3959.3406593406594,
        "iteration": 91,
        "stdev": 15846.379222544121
    },
    "com.google.gson.functional.DefaultTypeAdaptersTest-testNullSerialization": {
        "energy": 317933.1919191919,
        "duration": 9772541.292929294,
        "dram": 30314.62626262626,
        "iteration": 99,
        "stdev": 245619.2966744306
    },
    "com.google.gson.functional.TypeHierarchyAdapterTest-testTypeHierarchy": {
        "energy": 240523.48484848486,
        "duration": 6989018.02020202,
        "dram": 21867.121212121212,
        "iteration": 99,
        "stdev": 387972.1065816996
    },
    "com.google.gson.DefaultInetAddressTypeAdapterTest-testInetAddressSerializationAndDeserialization": {
        "energy": 199888.39393939395,
        "duration": 5946737.232323232,
        "dram": 18248.141414141413,
        "iteration": 99,
        "stdev": 65432.13761867989
    },
    "com.google.gson.functional.ReadersWritersTest-testReadWriteTwoStrings": {
        "energy": 47818.973333333335,
        "duration": 1525080.1866666668,
        "dram": 4219.84,
        "iteration": 75,
        "stdev": 16538.155483586695
    },
    "com.google.gson.functional.CollectionTest-testWildcardCollectionField": {
        "energy": 43474.0,
        "duration": 1495117.808988764,
        "dram": 3944.258426966292,
        "iteration": 89,
        "stdev": 13862.464707810112
    },
    "com.google.gson.functional.EscapingTest-testEscapingQuotesInStringArray": {
        "energy": 65397.28947368421,
        "duration": 1738889.894736842,
        "dram": 5616.605263157895,
        "iteration": 38,
        "stdev": 72733.77923557864
    },