{
    "com.google.gson.functional.ParameterizedTypesTest-testTypesWithMultipleParametersSerialization": {
        "energy": 94760.25252525252,
        "duration": 3311697.878787879,
        "dram": 8704.323232323231,
        "iteration": 99,
        "stdev": 49968.97330785656
    },
    "com.google.gson.functional.ObjectTest-testSubInterfacesOfCollectionSerialization": {
        "energy": 147373.63636363635,
        "duration": 5085029.909090909,
        "dram": 13773.40404040404,
        "iteration": 99,
        "stdev": 64341.63709503972
    }
}