{
    "com.google.gson.functional.ParameterizedTypesTest-testTypesWithMultipleParametersSerialization": {
        "energy": 130249,
        "duration": 3789518.9494949495,
        "dram": 10747.808080808081,
        "iteration": 99,
        "stdev": 51444.738810084695
    },
    "com.google.gson.functional.ObjectTest-testSubInterfacesOfCollectionSerialization": {
        "energy": 131470,
        "duration": 5021246.111111111,
        "dram": 14687.212121212122,
        "iteration": 99,
        "stdev": 71610.2187798173
    }
}