{
    "com.google.gson.functional.StreamingTypeAdaptersTest-testNullSafe": {
        "energy": 43821.25,
        "duration": 1549302.3958333333,
        "dram": 3795.0729166666665,
        "iteration": 96,
        "stdev": 12499.076561723803
    },
    "com.google.gson.functional.ReadersWritersTest-testReadWriteTwoObjects": {
        "energy": 47977.67567567567,
        "duration": 1412577.1621621621,
        "dram": 4310.0675675675675,
        "iteration": 74,
        "stdev": 21096.76236022966
    },
    "com.google.gson.JsonParserTest-testReadWriteTwoObjects": {
        "energy": 138567.6436781609,
        "duration": 3931028.367816092,
        "dram": 11527.402298850575,
        "iteration": 87,
        "stdev": 369233.5038893902
    },
    "com.google.gson.functional.ParameterizedTypesTest-testVariableTypeArrayDeserialization": {
        "energy": 43127.64646464647,
        "duration": 1484198.202020202,
        "dram": 3823.939393939394,
        "iteration": 99,
        "stdev": 13868.40356059259
    },
    "com.google.gson.functional.MapAsArrayTypeAdapterTest-testMultipleEnableComplexKeyRegistrationHasNoEffect": {
        "energy": 38312.3023255814,
        "duration": 1256997.9767441861,
        "dram": 2966.9186046511627,
        "iteration": 86,
        "stdev": 7587.417158767362
    },
    "com.google.gson.OverrideCoreTypeAdaptersTest-testOverridePrimitiveBooleanAdapter": {
        "energy": 37761.24,
        "duration": 640065.8,
        "dram": 2902.72,
        "iteration": 25,
        "stdev": 5209.087354076528
    },
    "com.google.gson.functional.TypeVariableTest-testAdvancedTypeVariables": {
        "energy": 107110.20454545454,
        "duration": 3116448.9318181816,
        "dram": 9464.113636363636,
        "iteration": 88,
        "stdev": 314544.5739007994
    },
    "com.google.gson.functional.ParameterizedTypesTest-testVariableTypeDeserialization": {
        "energy": 47538.397849462366,
        "duration": 1676077.182795699,
        "dram": 4200.440860215053,
        "iteration": 93,
        "stdev": 48976.16635597091
    },
    "com.google.gson.functional.MapAsArrayTypeAdapterTest-testSerializeComplexMapWithTypeAdapter": {
        "energy": 242945.14141414143,
        "duration": 6949214.313131313,
        "dram": 22127.555555555555,
        "iteration": 99,
        "stdev": 453629.94880947744
    },
    "com.google.gson.functional.ParameterizedTypesTest-testParameterizedTypeGenericArraysDeserialization": {
        "energy": 41749.72448979592,
        "duration": 1471303.1530612244,
        "dram": 3718.795918367347,
        "iteration": 98,
        "stdev": 13145.815603966226
    },
    "com.google.gson.functional.NamingPolicyTest-testComplexFieldNameStrategy": {
        "energy": 39017.76056338028,
        "duration": 1206743.295774648,
        "dram": 3411.450704225352,
        "iteration": 71,
        "stdev": 6609.857956891036
    },
    "com.google.gson.functional.TypeVariableTest-testTypeVariablesViaTypeParameter": {
        "energy": 217144.64646464647,
        "duration": 6386126.888888889,
        "dram": 18664.323232323233,
        "iteration": 99,
        "stdev": 484511.6748632317
    },
    "com.google.gson.functional.TypeHierarchyAdapterTest-testTypeHierarchy": {
        "energy": 265750.1212121212,
        "duration": 7437785.868686869,
        "dram": 23805.424242424244,
        "iteration": 99,
        "stdev": 443194.130897859
    },
    "com.google.gson.functional.CollectionTest-testWildcardCollectionField": {
        "energy": 48237.75,
        "duration": 1724672.8409090908,
        "dram": 4176.863636363636,
        "iteration": 88,
        "stdev": 15763.047104087516
    },
    "com.google.gson.functional.ParameterizedTypesTest-testVariableTypeFieldsAndGenericArraysDeserialization": {
        "energy": 51584.41414141414,
        "duration": 1806405.707070707,
        "dram": 4549.575757575758,
        "iteration": 99,
        "stdev": 20730.471703039162
    },
    "com.google.gson.functional.ParameterizedTypesTest-testParameterizedTypeWithVariableTypeDeserialization": {
        "energy": 42491.89473684211,
        "duration": 1431096.0105263158,
        "dram": 3538.9578947368423,
        "iteration": 95,
        "stdev": 14084.200245570946
    },
    "com.google.gson.functional.DelegateTypeAdapterTest-testDelegateInvoked": {
        "energy": 112471.47474747474,
        "duration": 3409323.4545454546,
        "dram": 10477.89898989899,
        "iteration": 99,
        "stdev": 159495.77683097453
    },
    "com.google.gson.functional.DefaultTypeAdaptersTest-testBitSetDeserialization": {
        "energy": 36659.075,
        "duration": 843110.325,
        "dram": 3110.25,
        "iteration": 40,
        "stdev": 4804.464363420235
    },
    "com.google.gson.functional.CollectionTest-testFieldIsArrayList": {
        "energy": 39138.166666666664,
        "duration": 1082159.878787879,
        "dram": 2812.4242424242425,
        "iteration": 66,
        "stdev": 5406.93884319403
    },
    "com.google.gson.functional.UncategorizedTest-testGsonInstanceReusableForSerializationAndDeserialization": {
        "energy": 38855.313725490196,
        "duration": 962100.3137254902,
        "dram": 2456.705882352941,
        "iteration": 51,
        "stdev": 5319.21380557498
    },
    "com.google.gson.functional.EscapingTest-testGsonDoubleDeserialization": {
        "energy": 38294.28301886792,
        "duration": 819011.2641509434,
        "dram": 2684.3396226415093,
        "iteration": 53,
        "stdev": 4639.155772162742
    },
    "com.google.gson.functional.EscapingTest-testEscapingObjectFields": {
        "energy": 63777.09090909091,
        "duration": 1923159.1818181819,
        "dram": 5464.527272727273,
        "iteration": 55,
        "stdev": 49979.93105356397
    },
    "com.google.gson.functional.CustomTypeAdaptersTest-testRegisterHierarchyAdapterForDate": {
        "energy": 39896.2,
        "duration": 1253095.276923077,
        "dram": 3305.4461538461537,
        "iteration": 65,
        "stdev": 6720.970786563958
    },
    "com.google.gson.GsonTypeAdapterTest-testTypeAdapterThrowsException": {
        "energy": 36933.269230769234,
        "duration": 842210.9230769231,
        "dram": 2346.846153846154,
        "iteration": 26,
        "stdev": 3886.752941404276
    },
    "com.google.gson.JsonParserTest-testParseMixedArray": {
        "energy": 40893.5,
        "duration": 617336.2777777778,
        "dram": 2436.0,
        "iteration": 18,
        "stdev": 3446.7894119020384
    },
    "com.google.gson.GsonTypeAdapterTest-testTypeAdapterProperlyConvertsTypes": {
        "energy": 38514.857142857145,
        "duration": 655341.6857142857,
        "dram": 2598.457142857143,
        "iteration": 35,
        "stdev": 5027.927611382856
    },
    "com.google.gson.functional.EscapingTest-testGsonAcceptsEscapedAndNonEscapedJsonDeserialization": {
        "energy": 40079.109589041094,
        "duration": 1150795.2602739725,
        "dram": 3182.7397260273974,
        "iteration": 73,
        "stdev": 8272.580440145332
    },
    "com.google.gson.OverrideCoreTypeAdaptersTest-testOverrideWrapperBooleanAdapter": {
        "energy": 188144.29166666666,
        "duration": 5199720.875,
        "dram": 15677.708333333334,
        "iteration": 48,
        "stdev": 440373.0449666112
    }
}