{
    "com.google.gson.functional.StreamingTypeAdaptersTest-testNullSafe": {
        "energy": 38880,
        "duration": 1467493.7857142857,
        "dram": 3463.591836734694,
        "iteration": 98,
        "stdev": 8994.843334369423
    },
    "com.google.gson.functional.DefaultTypeAdaptersTest-testBitSetDeserialization": {
        "energy": 37171,
        "duration": 814079.1538461539,
        "dram": 2679.102564102564,
        "iteration": 39,
        "stdev": 4733.983174687555
    },
    "com.google.gson.JsonParserTest-testReadWriteTwoObjects": {
        "energy": 43823,
        "duration": 6097586.8522727275,
        "dram": 18957.022727272728,
        "iteration": 88,
        "stdev": 506592.8909338245
    },
    "com.google.gson.functional.ParameterizedTypesTest-testVariableTypeArrayDeserialization": {
        "energy": 39490,
        "duration": 1552288.5154639175,
        "dram": 3845.701030927835,
        "iteration": 97,
        "stdev": 27125.37827812987
    },
    "com.google.gson.functional.MapAsArrayTypeAdapterTest-testMultipleEnableComplexKeyRegistrationHasNoEffect": {
        "energy": 38086,
        "duration": 1226516.975609756,
        "dram": 3127.890243902439,
        "iteration": 82,
        "stdev": 7158.392286782652
    },
    "com.google.gson.functional.CollectionTest-testFieldIsArrayList": {
        "energy": 40588,
        "duration": 1080532.7534246575,
        "dram": 3311.7123287671234,
        "iteration": 73,
        "stdev": 7489.529166061946
    },
    "com.google.gson.functional.TypeVariableTest-testAdvancedTypeVariables": {
        "energy": 40405,
        "duration": 2711863.6,
        "dram": 8437.35294117647,
        "iteration": 85,
        "stdev": 299611.02293659723
    },
    "com.google.gson.functional.UncategorizedTest-testGsonInstanceReusableForSerializationAndDeserialization": {
        "energy": 37109,
        "duration": 980566.4565217391,
        "dram": 2867.7608695652175,
        "iteration": 46,
        "stdev": 4614.488460171378
    },
    "com.google.gson.functional.ParameterizedTypesTest-testVariableTypeDeserialization": {
        "energy": 39428,
        "duration": 1437343.652631579,
        "dram": 3655.7473684210527,
        "iteration": 95,
        "stdev": 13689.450061818188
    },
    "com.google.gson.functional.MapAsArrayTypeAdapterTest-testSerializeComplexMapWithTypeAdapter": {
        "energy": 119323,
        "duration": 8671708.191919193,
        "dram": 27236.757575757576,
        "iteration": 99,
        "stdev": 551793.0380649078
    },
    "com.google.gson.functional.ParameterizedTypesTest-testParameterizedTypeGenericArraysDeserialization": {
        "energy": 37292,
        "duration": 1483644.7959183673,
        "dram": 3677.2755102040815,
        "iteration": 98,
        "stdev": 12458.95749243962
    },
    "com.google.gson.functional.EscapingTest-testGsonAcceptsEscapedAndNonEscapedJsonDeserialization": {
        "energy": 38330,
        "duration": 1177871.1304347827,
        "dram": 3204.3478260869565,
        "iteration": 69,
        "stdev": 7296.772756899212
    },
    "com.google.gson.functional.NamingPolicyTest-testComplexFieldNameStrategy": {
        "energy": 38025,
        "duration": 1162501.380952381,
        "dram": 3133.0476190476193,
        "iteration": 63,
        "stdev": 7392.130415933408
    },
    "com.google.gson.functional.EscapingTest-testEscapingObjectFields": {
        "energy": 43212,
        "duration": 2053805.6825396826,
        "dram": 6050.603174603175,
        "iteration": 63,
        "stdev": 57186.51657745507
    },
    "com.google.gson.functional.TypeVariableTest-testTypeVariablesViaTypeParameter": {
        "energy": 75439,
        "duration": 5381427.275510204,
        "dram": 16214.540816326531,
        "iteration": 98,
        "stdev": 421676.3391762598
    },
    "com.google.gson.functional.TypeHierarchyAdapterTest-testTypeHierarchy": {
        "energy": 134826,
        "duration": 8562826.747474747,
        "dram": 27063.010101010103,
        "iteration": 99,
        "stdev": 523595.22113302397
    },
    "com.google.gson.OverrideCoreTypeAdaptersTest-testOverrideWrapperBooleanAdapter": {
        "energy": 41870,
        "duration": 4948588.104166667,
        "dram": 15527.166666666666,
        "iteration": 48,
        "stdev": 442076.90217478503
    },
    "com.google.gson.functional.CollectionTest-testWildcardCollectionField": {
        "energy": 42236,
        "duration": 1644691.0,
        "dram": 4071.822222222222,
        "iteration": 90,
        "stdev": 13958.2660000764
    },
    "com.google.gson.functional.ParameterizedTypesTest-testVariableTypeFieldsAndGenericArraysDeserialization": {
        "energy": 42968,
        "duration": 2110256.303030303,
        "dram": 5523.969696969697,
        "iteration": 99,
        "stdev": 58493.89436000171
    },
    "com.google.gson.functional.ParameterizedTypesTest-testParameterizedTypeWithVariableTypeDeserialization": {
        "energy": 38086,
        "duration": 1583635.5353535353,
        "dram": 4074.5656565656564,
        "iteration": 99,
        "stdev": 48019.55746419194
    },
    "com.google.gson.functional.DelegateTypeAdapterTest-testDelegateInvoked": {
        "energy": 73914,
        "duration": 2441276.9292929294,
        "dram": 7244.515151515152,
        "iteration": 99,
        "stdev": 49929.238577595745
    },
    "com.google.gson.functional.ReadersWritersTest-testReadWriteTwoObjects": {
        "energy": 41443,
        "duration": 1512292.4605263157,
        "dram": 4290.25,
        "iteration": 76,
        "stdev": 22430.80267746491
    },
    "com.google.gson.functional.EscapingTest-testGsonDoubleDeserialization": {
        "energy": 36743,
        "duration": 859979.6976744186,
        "dram": 3047.4883720930234,
        "iteration": 43,
        "stdev": 4507.895011933559
    },
    "com.google.gson.functional.CustomTypeAdaptersTest-testRegisterHierarchyAdapterForDate": {
        "energy": 37231,
        "duration": 1277640.4153846153,
        "dram": 3382.523076923077,
        "iteration": 65,
        "stdev": 10892.774081975022
    },
    "com.google.gson.OverrideCoreTypeAdaptersTest-testOverridePrimitiveBooleanAdapter": {
        "energy": 39062,
        "duration": 592193.925925926,
        "dram": 2136.4444444444443,
        "iteration": 27,
        "stdev": 4612.742610970368
    },
    "com.google.gson.GsonTypeAdapterTest-testTypeAdapterThrowsException": {
        "energy": 37292,
        "duration": 1003799.225,
        "dram": 3343.775,
        "iteration": 40,
        "stdev": 32447.60101163103
    },
    "com.google.gson.GsonTypeAdapterTest-testTypeAdapterProperlyConvertsTypes": {
        "energy": 34790,
        "duration": 933672.925925926,
        "dram": 2518.3703703703704,
        "iteration": 27,
        "stdev": 4312.085222135917
    },
    "com.google.gson.JsonParserTest-testParseMixedArray": {
        "energy": 38513,
        "duration": 594157.695652174,
        "dram": 2328.8260869565215,
        "iteration": 23,
        "stdev": 3004.607132206071
    }
}