{
    "com.google.gson.functional.PrimitiveTest-testPrimitiveBooleanAutoboxedDeserialization": {
        "energy": 38016.87096774193,
        "duration": 674381.3225806452,
        "dram": 2957.967741935484,
        "iteration": 31,
        "stdev": 4405.554351570413
    },
    "com.google.gson.functional.CollectionTest-testRawCollectionSerialization": {
        "energy": 37135.31914893617,
        "duration": 796876.659574468,
        "dram": 3079.808510638298,
        "iteration": 47,
        "stdev": 3918.035401675469
    },
    "com.google.gson.functional.ObjectTest-testNestedSerialization": {
        "energy": 35930.313725490196,
        "duration": 892807.8823529412,
        "dram": 2964.3137254901962,
        "iteration": 51,
        "stdev": 3614.554448664542
    },
    "com.google.gson.functional.ObjectTest-testArrayOfArraysDeserialization": {
        "energy": 50799.10256410256,
        "duration": 1519073.5,
        "dram": 4532.871794871795,
        "iteration": 78,
        "stdev": 76660.71095862464
    },
    "com.google.gson.JsonParserTest-testReadWriteTwoObjects": {
        "energy": 116886.27586206897,
        "duration": 3505729.0229885057,
        "dram": 10686.919540229885,
        "iteration": 87,
        "stdev": 375232.0316466481
    },
    "com.google.gson.functional.TypeVariableTest-testBasicTypeVariables": {
        "energy": 38133.22368421053,
        "duration": 1064274.7763157894,
        "dram": 3257.4210526315787,
        "iteration": 76,
        "stdev": 5700.846505930141
    },
    "com.google.gson.functional.ArrayTest-testObjectArrayWithNonPrimitivesSerialization": {
        "energy": 49301.078125,
        "duration": 1582936.875,
        "dram": 4278.484375,
        "iteration": 64,
        "stdev": 23030.984265973555
    },
    "com.google.gson.functional.TypeVariableTest-testAdvancedTypeVariables": {
        "energy": 45570.94623655914,
        "duration": 1583321.8924731184,
        "dram": 4198.462365591397,
        "iteration": 93,
        "stdev": 33277.63980476386
    },
    "com.google.gson.functional.ObjectTest-testArrayOfObjectsAsFields": {
        "energy": 39434.811594202896,
        "duration": 1176175.7536231885,
        "dram": 3603.4927536231885,
        "iteration": 69,
        "stdev": 14350.435798336734
    },
    "com.google.gson.functional.ParameterizedTypesTest-testParameterizedTypeWithReaderDeserialization": {
        "energy": 37905.02469135803,
        "duration": 1179431.6172839506,
        "dram": 3267.41975308642,
        "iteration": 81,
        "stdev": 7116.1386671603395
    },
    "com.google.gson.functional.EscapingTest-testGsonDoubleDeserialization": {
        "energy": 37382.29824561404,
        "duration": 980031.2631578947,
        "dram": 2848.245614035088,
        "iteration": 57,
        "stdev": 4204.028256055878
    },
    "com.google.gson.functional.InheritanceTest-testSubClassDeserialization": {
        "energy": 58191.0404040404,
        "duration": 1836397.686868687,
        "dram": 5137.060606060606,
        "iteration": 99,
        "stdev": 37102.668133499916
    },
    "com.google.gson.functional.CollectionTest-testCollectionOfBagOfPrimitivesSerialization": {
        "energy": 49605.54347826087,
        "duration": 1239852.391304348,
        "dram": 4412.086956521739,
        "iteration": 46,
        "stdev": 29311.53940278731
    },
    "com.google.gson.functional.UncategorizedTest-testStaticFieldsAreNotSerialized": {
        "energy": 36948.77777777778,
        "duration": 973612.8518518518,
        "dram": 3197.074074074074,
        "iteration": 27,
        "stdev": 4971.663342892571
    },
    "com.google.gson.functional.MapAsArrayTypeAdapterTest-testSerializeComplexMapWithTypeAdapter": {
        "energy": 303263.77777777775,
        "duration": 8831336.808080807,
        "dram": 28443.545454545456,
        "iteration": 99,
        "stdev": 468846.39224520506
    },
    "com.google.gson.functional.EscapingTest-testGsonAcceptsEscapedAndNonEscapedJsonDeserialization": {
        "energy": 48338.29885057471,
        "duration": 1555013.2413793104,
        "dram": 4294.747126436781,
        "iteration": 87,
        "stdev": 17268.33829043742
    },
    "com.google.gson.functional.ParameterizedTypesTest-testParameterizedTypeDeserialization": {
        "energy": 61304.651162790695,
        "duration": 1972554.3372093022,
        "dram": 5633.058139534884,
        "iteration": 86,
        "stdev": 66927.28010671705
    },
    "com.google.gson.functional.EscapingTest-testEscapingObjectFields": {
        "energy": 62033.27631578947,
        "duration": 1890886.7236842106,
        "dram": 5566.828947368421,
        "iteration": 76,
        "stdev": 55011.93869243263
    },
    "com.google.gson.functional.JsonTreeTest-testJsonTreeToString": {
        "energy": 49138.08064516129,
        "duration": 1435059.4193548388,
        "dram": 4568.532258064516,
        "iteration": 62,
        "stdev": 30360.06723732322
    },
    "com.google.gson.functional.ObjectTest-testBagOfPrimitiveWrappersSerialization": {
        "energy": 36295.1320754717,
        "duration": 763478.0943396227,
        "dram": 2936.7169811320755,
        "iteration": 53,
        "stdev": 3841.730118489687
    },
    "com.google.gson.functional.TypeVariableTest-testTypeVariablesViaTypeParameter": {
        "energy": 213046.11111111112,
        "duration": 6209897.535353536,
        "dram": 19045.89898989899,
        "iteration": 99,
        "stdev": 529489.5262854381
    },
    "com.google.gson.functional.PrettyPrintingTest-testPrettyPrintArrayOfObjects": {
        "energy": 40101.1,
        "duration": 1149252.0666666667,
        "dram": 3455.0,
        "iteration": 60,
        "stdev": 8890.484764998286
    },
    "com.google.gson.functional.ObjectTest-testArrayOfObjectsDeserialization": {
        "energy": 35672.03773584906,
        "duration": 1032428.4150943396,
        "dram": 2951.169811320755,
        "iteration": 53,
        "stdev": 4006.6533814807
    },
    "com.google.gson.functional.CollectionTest-testWildcardCollectionField": {
        "energy": 52629.43434343435,
        "duration": 1668381.2525252525,
        "dram": 4529.747474747474,
        "iteration": 99,
        "stdev": 21207.51112946296
    },
    "com.google.gson.functional.PrintFormattingTest-testCompactFormattingLeavesNoWhiteSpace": {
        "energy": 71543.08219178082,
        "duration": 2206952.7808219176,
        "dram": 6370.041095890411,
        "iteration": 73,
        "stdev": 88361.55859964009
    },
    "com.google.gson.functional.ObjectTest-testArrayOfArraysSerialization": {
        "energy": 51494.71276595745,
        "duration": 1692380.244680851,
        "dram": 4967.595744680851,
        "iteration": 94,
        "stdev": 18309.72792634138
    },
    "com.google.gson.functional.ParameterizedTypesTest-testTypesWithMultipleParametersSerialization": {
        "energy": 90873.79797979798,
        "duration": 2727158.9595959596,
        "dram": 8120.393939393939,
        "iteration": 99,
        "stdev": 33108.83437843413
    },
    "com.google.gson.functional.PrettyPrintingTest-testPrettyPrintList": {
        "energy": 124906.25510204081,
        "duration": 3902941.9081632653,
        "dram": 11893.377551020409,
        "iteration": 98,
        "stdev": 156171.14154835572
    },
    "com.google.gson.functional.ObjectTest-testNestedDeserialization": {
        "energy": 36388.80327868852,
        "duration": 909623.7868852459,
        "dram": 2785.1147540983607,
        "iteration": 61,
        "stdev": 4070.6103091759583
    },
    "com.google.gson.functional.ObjectTest-testBagOfPrimitiveWrappersDeserialization": {
        "energy": 35745.13513513513,
        "duration": 688779.1891891892,
        "dram": 2682.4864864864867,
        "iteration": 37,
        "stdev": 4190.889328068313
    },
    "com.google.gson.functional.InheritanceTest-testSubClassSerialization": {
        "energy": 37542.30952380953,