{
    "com.google.gson.functional.ReadersWritersTest-testReadWriteTwoObjects": {
        "energy": 37903,
        "duration": 1097426.7536231885,
        "dram": 3259.623188405797,
        "iteration": 69,
        "stdev": 6564.136464459707
    },
    "com.google.gson.functional.CollectionTest-testRawCollectionSerialization": {
        "energy": 37658,
        "duration": 813586.8461538461,
        "dram": 2684.641025641026,
        "iteration": 39,
        "stdev": 4019.1638170516476
    },
    "com.google.gson.functional.DefaultTypeAdaptersTest-testUrlDeserialization": {
        "energy": 40710,
        "duration": 1413094.9310344828,
        "dram": 3888.8275862068967,
        "iteration": 29,
        "stdev": 38897.85960432604
    },
    "com.google.gson.JsonObjectTest-testAddingBooleanProperties": {
        "energy": 37964,
        "duration": 766918.0833333334,
        "dram": 3074.1666666666665,
        "iteration": 12,
        "stdev": 22213.529033876825
    },
    "com.google.gson.functional.ObjectTest-testNestedSerialization": {
        "energy": 38330,
        "duration": 854644.5,
        "dram": 2943.1923076923076,
        "iteration": 52,
        "stdev": 4784.986250467159
    },
    "com.google.gson.functional.ObjectTest-testArrayOfArraysDeserialization": {
        "energy": 36804,
        "duration": 1206951.0128205128,
        "dram": 3581.128205128205,
        "iteration": 78,
        "stdev": 12290.170993547024
    },
    "com.google.gson.JsonParserTest-testReadWriteTwoObjects": {
        "energy": 40223,
        "duration": 6731673.328947368,
        "dram": 20094.776315789473,
        "iteration": 76,
        "stdev": 601060.9401583648
    },
    "com.google.gson.functional.ObjectTest-testNullFieldsSerialization": {
        "energy": 37231,
        "duration": 672431.1578947369,
        "dram": 2705.7894736842104,
        "iteration": 38,
        "stdev": 4534.843232652794
    },
    "com.google.gson.functional.ArrayTest-testObjectArrayWithNonPrimitivesSerialization": {
        "energy": 40589,
        "duration": 1561527.96875,
        "dram": 4340.953125,
        "iteration": 64,
        "stdev": 22637.84931225524
    },
    "com.google.gson.functional.TypeVariableTest-testAdvancedTypeVariables": {
        "energy": 38330,
        "duration": 1548865.494949495,
        "dram": 4133.030303030303,
        "iteration": 99,
        "stdev": 18911.94337741578
    },
    "com.google.gson.functional.MapTest-testReadMapsWithEmptyStringKey": {
        "energy": 38025,
        "duration": 981559.231884058,
        "dram": 3050.927536231884,
        "iteration": 69,
        "stdev": 7447.229428709116
    },
    "com.google.gson.functional.ObjectTest-testArrayOfObjectsAsFields": {
        "energy": 35706,
        "duration": 1107698.12987013,
        "dram": 3298.4025974025976,
        "iteration": 77,
        "stdev": 8067.231320467942
    },
    "com.google.gson.functional.UncategorizedTest-testGsonInstanceReusableForSerializationAndDeserialization": {
        "energy": 38025,
        "duration": 879690.7115384615,
        "dram": 3011.326923076923,
        "iteration": 52,
        "stdev": 7719.952245302334
    },
    "com.google.gson.functional.InheritanceTest-testSubClassDeserialization": {
        "energy": 40832,
        "duration": 2192877.222222222,
        "dram": 7055.222222222223,
        "iteration": 63,
        "stdev": 70622.70589699288
    },
    "com.google.gson.functional.CollectionTest-testCollectionOfBagOfPrimitivesSerialization": {
        "energy": 38147,
        "duration": 1137376.1132075472,
        "dram": 3710.566037735849,
        "iteration": 53,
        "stdev": 30024.692586636695
    },
    "com.google.gson.functional.VersioningTest-testVersionedGsonWithUnversionedClassesSerialization": {
        "energy": 38452,
        "duration": 1141624.8636363635,
        "dram": 3965.090909090909,
        "iteration": 44,
        "stdev": 29104.207481887574
    },
    "com.google.gson.functional.UncategorizedTest-testStaticFieldsAreNotSerialized": {
        "energy": 38879,
        "duration": 766504.6857142857,
        "dram": 2864.1714285714284,
        "iteration": 35,
        "stdev": 4112.107014806945
    },
    "com.google.gson.functional.MapAsArrayTypeAdapterTest-testSerializeComplexMapWithTypeAdapter": {
        "energy": 183654,
        "duration": 8568514.474747475,
        "dram": 27578.18181818182,
        "iteration": 99,
        "stdev": 488816.01245191786
    },
    "com.google.gson.functional.EscapingTest-testGsonAcceptsEscapedAndNonEscapedJsonDeserialization": {
        "energy": 38635,
        "duration": 1387247.625,
        "dram": 3759.6022727272725,
        "iteration": 88,
        "stdev": 12865.267109511187
    },
    "com.google.gson.functional.ParameterizedTypesTest-testParameterizedTypeDeserialization": {
        "energy": 38574,
        "duration": 1936956.7717391304,
        "dram": 5492.804347826087,
        "iteration": 92,
        "stdev": 68071.37365995153
    },
    "com.google.gson.functional.EscapingTest-testEscapingObjectFields": {
        "energy": 39062,
        "duration": 1805735.4137931035,
        "dram": 5555.9655172413795,
        "iteration": 58,
        "stdev": 49292.78816786256
    },
    "com.google.gson.functional.TypeVariableTest-testTypeVariablesViaTypeParameter": {
        "energy": 80872,
        "duration": 5950143.0,
        "dram": 18086.323232323233,
        "iteration": 99,
        "stdev": 482314.654607589
    },
    "com.google.gson.functional.CollectionTest-testWildcardCollectionField": {
        "energy": 40405,
        "duration": 1653152.5108695652,
        "dram": 4564.217391304348,
        "iteration": 92,
        "stdev": 22158.496322824663
    },
    "com.google.gson.functional.PrintFormattingTest-testCompactFormattingLeavesNoWhiteSpace": {
        "energy": 40832,
        "duration": 1927087.4,
        "dram": 5226.028571428571,
        "iteration": 70,
        "stdev": 64700.09064923783
    },
    "com.google.gson.functional.ParameterizedTypesTest-testTypesWithMultipleParametersDeserialization": {
        "energy": 37719,
        "duration": 1299370.5679012346,
        "dram": 3609.4814814814813,
        "iteration": 81,
        "stdev": 11403.917123185205
    },
    "com.google.gson.functional.ObjectTest-testArrayOfArraysSerialization": {
        "energy": 59875,
        "duration": 1793707.125,
        "dram": 4945.897727272727,
        "iteration": 88,
        "stdev": 21447.721001605427
    },
    "com.google.gson.functional.ParameterizedTypesTest-testTypesWithMultipleParametersSerialization": {
        "energy": 76049,
        "duration": 2594017.505050505,
        "dram": 7369.828282828283,
        "iteration": 99,
        "stdev": 27340.719512090986
    },
    "com.google.gson.functional.PrettyPrintingTest-testPrettyPrintList": {
        "energy": 70191,
        "duration": 2696685.7474747472,
        "dram": 7860.282828282829,
        "iteration": 99,
        "stdev": 90978.60304722446
    },
    "com.google.gson.functional.ObjectTest-testNestedDeserialization": {
        "energy": 37841,
        "duration": 832809.1851851852,
        "dram": 3077.8703703703704,
        "iteration": 54,
        "stdev": 4274.169103988805
    },
    "com.google.gson.functional.ObjectTest-testArrayOfObjectsSerialization": {
        "energy": 35584,
        "duration": 937271.5,
        "dram": 3177.467741935484,
        "iteration": 62,
        "stdev": 3494.700367847032
    },
    "com.google.gson.functional.InheritanceTest-testSubClassSerialization": {
        "energy": 41992,
        "duration": 1735413.0957446808,
        "dram": 4721.159574468085,
        "iteration": 94,
        "stdev": 18842.957091701668
    },
    "com.google.gson.functional.TypeVariableTest-testBasicTypeVariables": {
        "energy": 37963,
        "duration": 1086082.109375,
        "dram": 3144.5625,
        "iteration": 64,
        "stdev": 6947.604032803745
    },