{
    "com.google.gson.JsonObjectTest-testAddingAndRemovingObjectProperties": {
        "energy": 41626,
        "duration": 2292394.442857143,
        "dram": 4032.3714285714286,
        "iteration": 70,
        "stdev": 15606.953542238532
    }
}