{
  "com.google.gson.internal.bind.JsonElementReaderTest#testBooleans": {
    "dataV1": {
      "energy": 1762812.0,
      "instructions": 6.246256E7,
      "durations": 9.1618536E7,
      "cycles": 7.1733922E7,
      "caches": 2114052.0,
      "cacheMisses": 19464.0,
      "branches": 1.2721856E7,
      "branchMisses": 745328.0
    },
    "dataV2": {
      "energy": 1802486.0,
      "instructions": 6.2328774E7,
      "durations": 9.2442348E7,
      "cycles": 7.1562956E7,
      "caches": 2124196.0,
      "cacheMisses": 19610.0,
      "branches": 1.2693392E7,
      "branchMisses": 738394.0
    },
    "energy": 39674.0,
    "instructions": -133786.0,
    "durations": 823812.0,
    "cycles": -170966.0,
    "caches": 10144.0,
    "cacheMisses": 146.0,
    "branches": -28464.0,
    "branchMisses": -6934.0
  },
  "com.google.gson.functional.JsonArrayTest#testSameAddition": {
    "dataV1": {
      "energy": 248290.0,
      "instructions": 1.2567964E7,
      "durations": 1.5841336E7,
      "cycles": 1.103777E7,
      "caches": 212042.0,
      "cacheMisses": 3812.0,
      "branches": 2470392.0,
      "branchMisses": 78990.0
    },
    "dataV2": {
      "energy": 246216.0,
      "instructions": 1.2564084E7,
      "durations": 1.6240206E7,
      "cycles": 1.105489E7,
      "caches": 212668.0,
      "cacheMisses": 3852.0,
      "branches": 2469294.0,
      "branchMisses": 78966.0
    },
    "energy": -2074.0,
    "instructions": -3880.0,
    "durations": 398870.0,
    "cycles": 17120.0,
    "caches": 626.0,
    "cacheMisses": 40.0,
    "branches": -1098.0,
    "branchMisses": -24.0
  },
  "com.google.gson.functional.JsonTreeTest#testJsonTreeToString": {
    "dataV1": {
      "energy": 244994.0,
      "instructions": 1.0096386E7,
      "durations": 1.4810626E7,
      "cycles": 1.4139136E7,
      "caches": 431244.0,
      "cacheMisses": 6806.0,
      "branches": 1964470.0,
      "branchMisses": 143768.0
    },
    "dataV2": {
      "energy": 206542.0,
      "instructions": 1.0060014E7,
      "durations": 1.4727208E7,
      "cycles": 1.4074924E7,
      "caches": 431534.0,
      "cacheMisses": 6552.0,
      "branches": 1963020.0,
      "branchMisses": 142792.0
    },
    "energy": -38452.0,
    "instructions": -36372.0,
    "durations": -83418.0,
    "cycles": -64212.0,
    "caches": 290.0,
    "cacheMisses": -254.0,
    "branches": -1450.0,
    "branchMisses": -976.0
  },
  "com.google.gson.functional.JsonArrayTest#testBooleanPrimitiveAddition": {
    "dataV1": {
      "energy": 80444.0,
      "instructions": 5504418.0,
      "durations": 3508982.0,
      "cycles": 6611828.0,
      "caches": 141570.0,
      "cacheMisses": 2544.0,
      "branches": 1071408.0,
      "branchMisses": 64028.0
    },
    "dataV2": {
      "energy": 81544.0,
      "instructions": 5482392.0,
      "durations": 3597344.0,
      "cycles": 6561112.0,
      "caches": 142814.0,
      "cacheMisses": 2604.0,
      "branches": 1067958.0,
      "branchMisses": 63048.0
    },
    "energy": 1100.0,
    "instructions": -22026.0,
    "durations": 88362.0,
    "cycles": -50716.0,
    "caches": 1244.0,
    "cacheMisses": 60.0,
    "branches": -3450.0,
    "branchMisses": -980.0
  },
  "com.google.gson.JsonObjectTest#testReadPropertyWithEmptyStringName": {
    "dataV1": {
      "energy": 80078.0,
      "instructions": 1246468.0,
      "durations": 3362706.0,
      "cycles": 2412390.0,
      "caches": 71352.0,
      "cacheMisses": 522.0,
      "branches": 222884.0,
      "branchMisses": 26586.0
    },
    "dataV2": {
      "energy": 43946.0,
      "instructions": 1247340.0,
      "durations": 3377050.0,
      "cycles": 2397840.0,
      "caches": 71134.0,
      "cacheMisses": 526.0,
      "branches": 222952.0,
      "branchMisses": 26504.0
    },
    "energy": -36132.0,
    "instructions": 872.0,
    "durations": 14344.0,
    "cycles": -14550.0,
    "caches": -218.0,
    "cacheMisses": 4.0,
    "branches": 68.0,
    "branchMisses": -82.0
  },
  "com.google.gson.JsonParserTest#testReadWriteTwoObjects": {
    "dataV1": {
      "energy": 2435906.0,
      "instructions": 8.860328E7,
      "durations": 1.20158876E8,
      "cycles": 1.00690452E8,
      "caches": 2881124.0,
      "cacheMisses": 45248.0,
      "branches": 1.7927368E7,
      "branchMisses": 1018622.0
    },
    "dataV2": {
      "energy": 2432000.0,
      "instructions": 8.8541938E7,
      "durations": 1.20401928E8,
      "cycles": 1.0044741E8,
      "caches": 2874186.0,
      "cacheMisses": 45816.0,
      "branches": 1.7921504E7,
      "branchMisses": 1013928.0
    },
    "energy": -3906.0,
    "instructions": -61342.0,
    "durations": 243052.0,
    "cycles": -243042.0,
    "caches": -6938.0,
    "cacheMisses": 568.0,
    "branches": -5864.0,
    "branchMisses": -4694.0
  },
  "com.google.gson.functional.DefaultTypeAdaptersTest#testJsonPrimitiveSerialization": {
    "dataV1": {
      "energy": 0.0,
      "instructions": 1184662.0,
      "durations": 1441694.0,
      "cycles": 2312056.0,
      "caches": 73426.0,
      "cacheMisses": 768.0,
      "branches": 225094.0,
      "branchMisses": 23074.0
    },
    "dataV2": {
      "energy": 0.0,
      "instructions": 1182882.0,
      "durations": 1438134.0,
      "cycles": 2296664.0,
      "caches": 72862.0,
      "cacheMisses": 718.0,
      "branches": 224928.0,
      "branchMisses": 22862.0
    },
    "energy": 0.0,
    "instructions": -1780.0,
    "durations": -3560.0,
    "cycles": -15392.0,
    "caches": -564.0,
    "cacheMisses": -50.0,
    "branches": -166.0,
    "branchMisses": -212.0
  },
  "com.google.gson.JsonObjectTest#testAddingBooleanProperties": {
    "dataV1": {
      "energy": 41380.0,
      "instructions": 1082208.0,
      "durations": 3323110.0,
      "cycles": 2385894.0,
      "caches": 81378.0,
      "cacheMisses": 318.0,
      "branches": 193358.0,
      "branchMisses": 26484.0
    },
    "dataV2": {
      "energy": 41382.0,
      "instructions": 1081646.0,
      "durations": 3315758.0,
      "cycles": 2389918.0,
      "caches": 81238.0,
      "cacheMisses": 314.0,
      "branches": 193278.0,
      "branchMisses": 26528.0
    },
    "energy": 2.0,
    "instructions": -562.0,
    "durations": -7352.0,
    "cycles": 4024.0,
    "caches": -140.0,
    "cacheMisses": -4.0,
    "branches": -80.0,
    "branchMisses": 44.0
  },
  "com.google.gson.JsonPrimitiveTest#testBoolean": {
    "dataV1": {
      "energy": 0.0,
      "instructions": 1216328.0,
      "durations": 1264102.0,
      "cycles": 2528954.0,
      "caches": 81434.0,
      "cacheMisses": 452.0,
      "branches": 218722.0,
      "branchMisses": 28102.0
    },
    "dataV2": {
      "energy": 0.0,
      "instructions": 1214968.0,
      "durations": 1262154.0,
      "cycles": 2538106.0,
      "caches": 81308.0,
      "cacheMisses": 450.0,
      "branches": 218564.0,
      "branchMisses": 28128.0
    },
    "energy": 0.0,
    "instructions": -1360.0,
    "durations": -1948.0,
    "cycles": 9152.0,
    "caches": -126.0,
    "cacheMisses": -2.0,
    "branches": -158.0,
    "branchMisses": 26.0
  },
  "com.google.gson.functional.ReadersWritersTest#testReadWriteTwoObjects": {
    "dataV1": {
      "energy": 80200.0,
      "instructions": 4528818.0,
      "durations": 5716694.0,
      "cycles": 7467984.0,
      "caches": 198682.0,
      "cacheMisses": 1044.0,
      "branches": 842726.0,
      "branchMisses": 89142.0
    },
    "dataV2": {
      "energy": 81422.0,
      "instructions": 4528178.0,
      "durations": 5796062.0,
      "cycles": 7490148.0,
      "caches": 199152.0,
      "cacheMisses": 1062.0,
      "branches": 842804.0,
      "branchMisses": 89052.0
    },
    "energy": 1222.0,
    "instructions": -640.0,
    "durations": 79368.0,
    "cycles": 22164.0,
    "caches": 470.0,
    "cacheMisses": 18.0,
    "branches": 78.0,
    "branchMisses": -90.0
  },
  "com.google.gson.JsonObjectTest#testWritePropertyWithEmptyStringName": {
    "dataV1": {
      "energy": 38086.0,
      "instructions": 1074414.0,