{
    "com.squareup.javapoet.MethodSpecTest-overrideExtendsOthersWorksWithActualTypeParameters": {
        "energy": 384288.380859375,
        "duration": 10273495.2109375,
        "dram": 35907.939453125
    },
    "com.squareup.javapoet.TypeSpecTest-ifElse": {
        "energy": 36352.3125,
        "duration": 852285.59375,
        "dram": 3385.03125
    },
    "com.squareup.javapoet.TypeSpecTest-nativeMethods": {
        "energy": 41205.703125,
        "duration": 963220.5703125,
        "dram": 3973.24609375
    },
    "com.squareup.javapoet.TypeSpecTest-enumWithSubclassing": {
        "energy": 74251.75390625,
        "duration": 1618903.19140625,
        "dram": 7082.06640625
    },
    "com.squareup.javapoet.JavaFileTest-importStaticUsingWildcards": {
        "energy": 41860.53125,
        "duration": 948297.625,
        "dram": 4378.25
    },
    "com.squareup.javapoet.TypeSpecTest-javadoc": {
        "energy": 43471.796875,
        "duration": 1359856.181640625,
        "dram": 3958.853515625
    },
    "com.squareup.javapoet.TypeSpecTest-membersOrdering": {
        "energy": 79058.544921875,
        "duration": 1737592.234375,
        "dram": 7254.30859375
    },
    "com.squareup.javapoet.TypeSpecTest-annotatedParameters": {
        "energy": 109360.068359375,
        "duration": 2604341.923828125,
        "dram": 7878.7421875
    },
    "com.squareup.javapoet.TypeSpecTest-lineWrapping": {
        "energy": 103321.708984375,
        "duration": 3073234.41796875,
        "dram": 8823.6171875
    },
    "com.squareup.javapoet.JavaFileTest-importStaticMixed": {
        "energy": 43983.90625,
        "duration": 1281854.328125,
        "dram": 4756.23828125
    },
    "com.squareup.javapoet.TypeSpecTest-multilineStatementWithAnonymousClass": {
        "energy": 85695.423828125,
        "duration": 1968802.232421875,
        "dram": 8620.939453125
    },
    "com.squareup.javapoet.JavaFileTest-importStaticTwice": {
        "energy": 38579.2734375,
        "duration": 1096615.015625,
        "dram": 4111.78125
    },
    "com.squareup.javapoet.TypeSpecTest-codeBlocks": {
        "energy": 242363.79296875,
        "duration": 4990889.546875,
        "dram": 21529.4921875
    },
    "com.squareup.javapoet.ParameterSpecTest-equalsAndHashCode": {
        "energy": 39963.0,
        "duration": 674745.25,
        "dram": 4157.5
    },
    "com.squareup.javapoet.ParameterSpecTest-nullAnnotationsAddition": {
        "energy": 38707.6875,
        "duration": 417971.6875,
        "dram": 1740.25
    },
    "com.squareup.javapoet.MethodSpecTest-overrideEverything": {
        "energy": 1456335.12109375,
        "duration": 41278232.986328125,
        "dram": 136492.904296875
    },
    "com.squareup.javapoet.MethodSpecTest-overrideDoesNotCopyParameterAnnotations": {
        "energy": 1404882.796875,
        "duration": 35665672.6875,
        "dram": 121706.109375
    },
    "com.squareup.javapoet.TypeSpecTest-tryCatch": {
        "energy": 41964.421875,
        "duration": 915826.1640625,
        "dram": 3905.1484375
    },
    "com.squareup.javapoet.AnnotatedTypeNameTest-annotatedArrayTypeInVarargsParameter": {
        "energy": 42937.5,
        "duration": 436243.5,
        "dram": 3962.5
    },
    "com.squareup.javapoet.JavaFileTest-importStaticOnce": {
        "energy": 40571.765625,
        "duration": 956252.59375,
        "dram": 4233.09375
    },
    "com.squareup.javapoet.TypeSpecTest-retrofitStyleInterface": {
        "energy": 82704.990234375,
        "duration": 2008036.876953125,
        "dram": 7351.41015625
    },
    "com.squareup.javapoet.TypeSpecTest-typeVariables": {
        "energy": 130283.390625,
        "duration": 3038290.73046875,
        "dram": 10302.001953125
    },
    "com.squareup.javapoet.MethodSpecTest-overrideGenerics": {
        "energy": 176072.1484375,
        "duration": 5231059.80078125,
        "dram": 16095.5859375
    },
    "com.squareup.javapoet.JavaFileTest-defaultPackage": {
        "energy": 39176.8984375,
        "duration": 865994.15625,
        "dram": 2892.8125
    },
    "com.squareup.javapoet.ParameterSpecTest-parameterVariableElement": {
        "energy": 95682.048828125,
        "duration": 2724790.63671875,
        "dram": 8872.220703125
    },
    "com.squareup.javapoet.MethodSpecTest-withParameterJavaDocAndWithoutMethodJavadoc": {
        "energy": 40057.625,
        "duration": 970587.5,
        "dram": 3688.3125
    },
    "com.squareup.javapoet.MethodSpecTest-equalsAndHashCode": {
        "energy": 756787.96484375,
        "duration": 20331866.939453125,
        "dram": 68824.548828125
    },
    "com.squareup.javapoet.FileWritingTest-filerClassesWithTabIndent": {
        "energy": 239455.560546875,
        "duration": 6947468.84765625,
        "dram": 25415.791015625
    },
    "com.squareup.javapoet.MethodSpecTest-modifyParameters": {
        "energy": 103059.689453125,
        "duration": 2699379.99609375,
        "dram": 9530.96875
    },
    "com.squareup.javapoet.MethodSpecTest-withParameterJavaDoc": {
        "energy": 986843.7578125,
        "duration": 27971829.1953125,
        "dram": 94561.55859375
    },
    "com.squareup.javapoet.TypeSpecTest-anonymousInnerClass": {
        "energy": 66129.70703125,
        "duration": 2047247.2890625,
        "dram": 5234.337890625
    },
    "com.squareup.javapoet.AnnotatedTypeNameTest-annotatedArrayTypeVarargsParameter": {
        "energy": 43957.421875,
        "duration": 647093.640625,
        "dram": 3982.796875
    },
    "com.squareup.javapoet.MethodSpecTest-withoutParameterJavaDoc": {
        "energy": 39695.71875,
        "duration": 1282348.75,
        "dram": 3347.84375
    },
    "com.squareup.javapoet.TypeSpecTest-constructorToString": {
        "energy": 36628.875,
        "duration": 621476.8125,
        "dram": 3942.0625
    },
    "com.squareup.javapoet.JavaFileTest-importStaticNone": {
        "energy": 43868.625,
        "duration": 971304.625,
        "dram": 4368.625
    },
    "com.squareup.javapoet.TypeSpecTest-varargs": {
        "energy": 39596.71875,
        "duration": 1079537.0546875,
        "dram": 3829.0859375
    },
    "com.squareup.javapoet.TypeSpecTest-parameterToString": {
        "energy": 41313.0,
        "duration": 537984.875,
        "dram": 2777.0
    },
    "com.squareup.javapoet.ParameterSpecTest-addNonFinalModifier": {
        "energy": 38086.0,
        "duration": 454820.0,
        "dram": 3672.0
    },
    "com.squareup.javapoet.TypeSpecTest-nameFromParameter": {
        "energy": 41503.5,
        "duration": 462162.0,
        "dram": 3962.5
    },
    "com.squareup.javapoet.ParameterSpecTest-modifyAnnotations": {
        "energy": 40375.0,
        "duration": 586789.0,
        "dram": 4023.5
    },
    "com.squareup.javapoet.ParameterSpecTest-modifyModifiers": {
        "energy": 38177.5,
        "duration": 459391.5,
        "dram": 4223.0
    }
}