{
    "com.squareup.javapoet.MethodSpecTest-overrideExtendsOthersWorksWithActualTypeParameters": {
        "energy": 410199.421875,
        "duration": 11025017.494140625,
        "dram": 35737.650390625
    },
    "com.squareup.javapoet.TypeSpecTest-ifElse": {
        "energy": 39137.84375,
        "duration": 709246.71875,
        "dram": 3861.8203125
    },
    "com.squareup.javapoet.TypeSpecTest-enumWithSubclassing": {
        "energy": 82742.5859375,
        "duration": 1640710.4921875,
        "dram": 4385.42578125
    },
    "com.squareup.javapoet.JavaFileTest-importStaticUsingWildcards": {
        "energy": 37040.375,
        "duration": 778629.03125,
        "dram": 4263.25
    },
    "com.squareup.javapoet.TypeSpecTest-javadoc": {
        "energy": 43066.845703125,
        "duration": 1333384.982421875,
        "dram": 3875.056640625
    },
    "com.squareup.javapoet.TypeSpecTest-membersOrdering": {
        "energy": 62983.060546875,
        "duration": 1536611.69921875,
        "dram": 5209.119140625
    },
    "com.squareup.javapoet.TypeSpecTest-annotatedParameters": {
        "energy": 107595.623046875,
        "duration": 2666852.48046875,
        "dram": 10380.08203125
    },
    "com.squareup.javapoet.TypeSpecTest-lineWrapping": {
        "energy": 97825.2578125,
        "duration": 2808840.044921875,
        "dram": 10959.736328125
    },
    "com.squareup.javapoet.JavaFileTest-importStaticMixed": {
        "energy": 62573.3359375,
        "duration": 1428781.19921875,
        "dram": 7085.138671875
    },
    "com.squareup.javapoet.MethodSpecTest-withoutParameterJavaDoc": {
        "energy": 52785.53125,
        "duration": 1370182.0,
        "dram": 5056.25
    },
    "com.squareup.javapoet.TypeSpecTest-multilineStatementWithAnonymousClass": {
        "energy": 81419.125,
        "duration": 1899795.791015625,
        "dram": 7232.724609375
    },
    "com.squareup.javapoet.TypeSpecTest-codeBlocks": {
        "energy": 253212.310546875,
        "duration": 5687611.3984375,
        "dram": 20480.513671875
    },
    "com.squareup.javapoet.MethodSpecTest-overrideEverything": {
        "energy": 2577111.548828125,
        "duration": 78240275.85546875,
        "dram": 245344.73046875
    },
    "com.squareup.javapoet.MethodSpecTest-overrideDoesNotCopyParameterAnnotations": {
        "energy": 1515496.1640625,
        "duration": 36891294.525390625,
        "dram": 127191.3046875
    },
    "com.squareup.javapoet.TypeSpecTest-tryCatch": {
        "energy": 39471.6640625,
        "duration": 809323.5,
        "dram": 3777.0390625
    },
    "com.squareup.javapoet.JavaFileTest-importStaticOnce": {
        "energy": 41182.640625,
        "duration": 865498.609375,
        "dram": 1415.828125
    },
    "com.squareup.javapoet.TypeSpecTest-retrofitStyleInterface": {
        "energy": 64035.39453125,
        "duration": 2145117.341796875,
        "dram": 5977.189453125
    },
    "com.squareup.javapoet.JavaFileTest-importStaticNone": {
        "energy": 39425.1484375,
        "duration": 1080605.3515625,
        "dram": 4285.609375
    },
    "com.squareup.javapoet.TypeSpecTest-typeVariables": {
        "energy": 111551.5703125,
        "duration": 3272815.640625,
        "dram": 9572.041015625
    },
    "com.squareup.javapoet.TypeSpecTest-varargs": {
        "energy": 43160.0703125,
        "duration": 1077081.11328125,
        "dram": 4130.5
    },
    "com.squareup.javapoet.MethodSpecTest-overrideGenerics": {
        "energy": 181582.58203125,
        "duration": 5884268.1875,
        "dram": 18288.19921875
    },
    "com.squareup.javapoet.JavaFileTest-defaultPackage": {
        "energy": 40292.9921875,
        "duration": 733051.6328125,
        "dram": 4165.4765625
    },
    "com.squareup.javapoet.ParameterSpecTest-parameterVariableElement": {
        "energy": 89394.484375,
        "duration": 2773457.5859375,
        "dram": 8667.912109375
    },
    "com.squareup.javapoet.MethodSpecTest-withParameterJavaDocAndWithoutMethodJavadoc": {
        "energy": 42693.5390625,
        "duration": 929220.2265625,
        "dram": 3440.59375
    },
    "com.squareup.javapoet.MethodSpecTest-equalsAndHashCode": {
        "energy": 742723.669921875,
        "duration": 18845119.87890625,
        "dram": 64289.763671875
    },
    "com.squareup.javapoet.TypeSpecTest-parameterToString": {
        "energy": 42999.125,
        "duration": 511438.3125,
        "dram": 4236.25
    },
    "com.squareup.javapoet.FileWritingTest-filerClassesWithTabIndent": {
        "energy": 272784.765625,
        "duration": 7119781.169921875,
        "dram": 25907.033203125
    },
    "com.squareup.javapoet.MethodSpecTest-modifyParameters": {
        "energy": 160006.4765625,
        "duration": 4301958.583984375,
        "dram": 13852.052734375
    },
    "com.squareup.javapoet.MethodSpecTest-withParameterJavaDoc": {
        "energy": 41743.9375,
        "duration": 1173666.25,
        "dram": 3840.75
    },
    "com.squareup.javapoet.TypeSpecTest-anonymousInnerClass": {
        "energy": 84547.234375,
        "duration": 2263130.865234375,
        "dram": 7138.09375
    },
    "com.squareup.javapoet.TypeSpecTest-nativeMethods": {
        "energy": 44013.5859375,
        "duration": 993610.90625,
        "dram": 3683.71875
    },
    "com.squareup.javapoet.TypeSpecTest-constructorToString": {
        "energy": 40466.0,
        "duration": 569012.5,
        "dram": 1774.5
    },
    "com.squareup.javapoet.JavaFileTest-importStaticTwice": {
        "energy": 40442.875,
        "duration": 936917.125,
        "dram": 3874.375
    },
    "com.squareup.javapoet.TypeSpecTest-nameFromParameter": {
        "energy": 42892.375,
        "duration": 454522.0,
        "dram": 1950.625
    },
    "com.squareup.javapoet.ParameterSpecTest-equalsAndHashCode": {
        "energy": 41106.625,
        "duration": 640378.5625,
        "dram": 4111.4375
    },
    "com.squareup.javapoet.ParameterSpecTest-modifyModifiers": {
        "energy": 37307.5,
        "duration": 488877.75,
        "dram": 4261.0
    },
    "com.squareup.javapoet.ParameterSpecTest-nullAnnotationsAddition": {
        "energy": 41656.0,
        "duration": 395160.0,
        "dram": 4039.0
    },
    "com.squareup.javapoet.ParameterSpecTest-modifyAnnotations": {
        "energy": 41172.0,
        "duration": 540822.25,
        "dram": 3866.8125
    },
    "com.squareup.javapoet.AnnotatedTypeNameTest-annotatedArrayTypeVarargsParameter": {
        "energy": 43579.0,
        "duration": 623251.0,
        "dram": 3641.0
    },
    "com.squareup.javapoet.ParameterSpecTest-addNonFinalModifier": {
        "energy": 43182.0,
        "duration": 449001.5,
        "dram": 4192.0
    },
    "com.squareup.javapoet.AnnotatedTypeNameTest-annotatedArrayTypeInVarargsParameter": {
        "energy": 44372.0,
        "duration": 433358.0,
        "dram": 4743.0
    }
}