{
    "com.google.gson.functional.NullObjectAndFieldTest-testCustomTypeAdapterPassesNullDesrialization": {
        "energy": 37698.76981327839,
        "duration": 1063292.846745736,
        "dram": 700.2543154414818,
        "iteration": 55
    },
    "com.google.gson.functional.ParameterizedTypesTest-testParameterizedTypeWithCustomSerializer": {
        "energy": 35202.25615229572,
        "duration": 1519008.1319980659,
        "dram": 3126.519744342724,
        "iteration": 91
    },
    "com.google.gson.functional.CustomDeserializerTest-testJsonTypeFieldBasedDeserialization": {
        "energy": 78302.02046463644,
        "duration": 2906136.1438577957,
        "dram": 7868.53645269362,
        "iteration": 99
    },
    "com.google.gson.functional.TypeHierarchyAdapterTest-testTypeHierarchy": {
        "energy": 1008954.1321120167,
        "duration": 29241328.49332592,
        "dram": 85714.45020637005,
        "iteration": 99
    },
    "com.google.gson.functional.CircularReferenceTest-testSelfReferenceCustomHandlerSerialization": {
        "energy": 247470.44968381716,
        "duration": 6884484.635585385,
        "dram": 20387.49035913505,
        "iteration": 99
    },
    "com.google.gson.functional.NullObjectAndFieldTest-testCustomTypeAdapterPassesNullSerialization": {
        "energy": 35887.645806580724,
        "duration": 811477.1571870861,
        "dram": 1174.7382162755239,
        "iteration": 35
    }
}