{
    "com.google.gson.functional.ReadersWritersTest-testReadWriteTwoObjects": {
        "energy": 41931,
        "duration": 1648946.0757575757,
        "dram": 4777.484848484848,
        "iteration": 66,
        "stdev": 33462.51524228253
    },
    "com.google.gson.functional.DefaultTypeAdaptersTest-testBitSetDeserialization": {
        "energy": 35705,
        "duration": 821174.6326530612,
        "dram": 2852.6530612244896,
        "iteration": 49,
        "stdev": 4107.658725670937
    },
    "com.google.gson.JsonParserTest-testReadWriteTwoObjects": {
        "energy": 44189,
        "duration": 7378169.0,
        "dram": 23722.81818181818,
        "iteration": 77,
        "stdev": 583061.6434896159
    },
    "com.google.gson.functional.ParameterizedTypesTest-testVariableTypeArrayDeserialization": {
        "energy": 39978,
        "duration": 1539288.6836734693,
        "dram": 3969.612244897959,
        "iteration": 98,
        "stdev": 21099.650429410813
    },
    "com.google.gson.functional.MapAsArrayTypeAdapterTest-testMultipleEnableComplexKeyRegistrationHasNoEffect": {
        "energy": 39002,
        "duration": 1235464.6511627906,
        "dram": 3225.220930232558,
        "iteration": 86,
        "stdev": 8343.861425752344
    },
    "com.google.gson.functional.CollectionTest-testFieldIsArrayList": {
        "energy": 39795,
        "duration": 1106538.4929577464,
        "dram": 2989.3098591549297,
        "iteration": 71,
        "stdev": 4340.821194649679
    },
    "com.google.gson.functional.TypeVariableTest-testAdvancedTypeVariables": {
        "energy": 42297,
        "duration": 2158923.714285714,
        "dram": 6349.142857142857,
        "iteration": 84,
        "stdev": 180821.49790756512
    },
    "com.google.gson.functional.UncategorizedTest-testGsonInstanceReusableForSerializationAndDeserialization": {
        "energy": 40527,
        "duration": 1100287.16,
        "dram": 3137.16,
        "iteration": 50,
        "stdev": 12182.037985181298
    },
    "com.google.gson.functional.EscapingTest-testGsonDoubleDeserialization": {
        "energy": 38146,
        "duration": 915964.68,
        "dram": 3175.46,
        "iteration": 50,
        "stdev": 12086.3728628402
    },
    "com.google.gson.functional.ParameterizedTypesTest-testVariableTypeDeserialization": {
        "energy": 39673,
        "duration": 1710114.4166666667,
        "dram": 4448.34375,
        "iteration": 96,
        "stdev": 50103.99753954373
    },
    "com.google.gson.functional.MapAsArrayTypeAdapterTest-testSerializeComplexMapWithTypeAdapter": {
        "energy": 119995,
        "duration": 4576284.474747474,
        "dram": 14446.919191919193,
        "iteration": 99,
        "stdev": 262380.0109532076
    },
    "com.google.gson.functional.ParameterizedTypesTest-testParameterizedTypeGenericArraysDeserialization": {
        "energy": 38940,
        "duration": 1507923.191919192,
        "dram": 3504.929292929293,
        "iteration": 99,
        "stdev": 13250.787473462502
    },
    "com.google.gson.functional.EscapingTest-testGsonAcceptsEscapedAndNonEscapedJsonDeserialization": {
        "energy": 39001,
        "duration": 1230786.191780822,
        "dram": 3587.109589041096,
        "iteration": 73,
        "stdev": 18167.65417614061
    },
    "com.google.gson.functional.NamingPolicyTest-testComplexFieldNameStrategy": {
        "energy": 39063,
        "duration": 1179020.894736842,
        "dram": 3009.4473684210525,
        "iteration": 76,
        "stdev": 6080.6147282013
    },
    "com.google.gson.functional.TypeVariableTest-testTypeVariablesViaTypeParameter": {
        "energy": 81482,
        "duration": 4829618.929292929,
        "dram": 14274.555555555555,
        "iteration": 99,
        "stdev": 394016.5862510518
    },
    "com.google.gson.functional.TypeHierarchyAdapterTest-testTypeHierarchy": {
        "energy": 156860,
        "duration": 8359855.424242424,
        "dram": 26044.939393939392,
        "iteration": 99,
        "stdev": 453856.8361553776
    },
    "com.google.gson.OverrideCoreTypeAdaptersTest-testOverrideWrapperBooleanAdapter": {
        "energy": 39917,
        "duration": 6483460.666666667,
        "dram": 19033.229166666668,
        "iteration": 48,
        "stdev": 470362.26425034134
    },
    "com.google.gson.functional.CollectionTest-testWildcardCollectionField": {
        "energy": 43457,
        "duration": 1600966.2659574468,
        "dram": 3743.1382978723404,
        "iteration": 94,
        "stdev": 15736.356574708721
    },
    "com.google.gson.functional.ParameterizedTypesTest-testVariableTypeFieldsAndGenericArraysDeserialization": {
        "energy": 43091,
        "duration": 1909844.4545454546,
        "dram": 4830.606060606061,
        "iteration": 99,
        "stdev": 28772.98256531476
    },
    "com.google.gson.functional.ParameterizedTypesTest-testParameterizedTypeWithVariableTypeDeserialization": {
        "energy": 38636,
        "duration": 1434387.5102040817,
        "dram": 3767.9489795918366,
        "iteration": 98,
        "stdev": 12240.898496536065
    },
    "com.google.gson.functional.DelegateTypeAdapterTest-testDelegateInvoked": {
        "energy": 80322,
        "duration": 4670237.242424242,
        "dram": 13815.919191919193,
        "iteration": 99,
        "stdev": 190732.31058215478
    },
    "com.google.gson.functional.CustomTypeAdaptersTest-testRegisterHierarchyAdapterForDate": {
        "energy": 37964,
        "duration": 1321949.4444444445,
        "dram": 3285.8888888888887,
        "iteration": 63,
        "stdev": 10630.107731200147
    },
    "com.google.gson.GsonTypeAdapterTest-testTypeAdapterThrowsException": {
        "energy": 37598,
        "duration": 1450911.7142857143,
        "dram": 3456.0285714285715,
        "iteration": 35,
        "stdev": 65017.19883686661
    },
    "com.google.gson.JsonParserTest-testParseMixedArray": {
        "energy": 39978,
        "duration": 592295.1724137932,
        "dram": 2518.7241379310344,
        "iteration": 29,
        "stdev": 5081.386553216598
    },
    "com.google.gson.functional.EscapingTest-testEscapingObjectFields": {
        "energy": 39490,
        "duration": 1731120.6842105263,
        "dram": 5474.473684210527,
        "iteration": 57,
        "stdev": 47119.00278893146
    },
    "com.google.gson.OverrideCoreTypeAdaptersTest-testOverridePrimitiveBooleanAdapter": {
        "energy": 35889,
        "duration": 671716.074074074,
        "dram": 2505.6296296296296,
        "iteration": 27,
        "stdev": 5277.205970843905
    },
    "com.google.gson.GsonTypeAdapterTest-testTypeAdapterProperlyConvertsTypes": {
        "energy": 37231,
        "duration": 1100784.3333333333,
        "dram": 3452.8055555555557,
        "iteration": 36,
        "stdev": 33614.60574370587
    }
}