{
    "com.google.gson.JsonParserTest-testReadWriteTwoObjects": {
        "energy": 43518,
        "duration": 5423910.141025641,
        "dram": 16546.53846153846,
        "iteration": 78,
        "stdev": 475720.28951037786
    },
    "com.google.gson.functional.ParameterizedTypesTest-testVariableTypeArrayDeserialization": {
        "energy": 37963,
        "duration": 1587154.8484848484,
        "dram": 4071.7070707070707,
        "iteration": 99,
        "stdev": 18422.685234023706
    },
    "com.google.gson.functional.MapAsArrayTypeAdapterTest-testMultipleEnableComplexKeyRegistrationHasNoEffect": {
        "energy": 38818,
        "duration": 1238699.380952381,
        "dram": 3170.7261904761904,
        "iteration": 84,
        "stdev": 7762.579922761262
    },
    "com.google.gson.functional.CollectionTest-testFieldIsArrayList": {
        "energy": 39917,
        "duration": 1090107.9583333333,
        "dram": 2945.2916666666665,
        "iteration": 72,
        "stdev": 4981.939083028432
    },
    "com.google.gson.functional.TypeVariableTest-testAdvancedTypeVariables": {
        "energy": 39185,
        "duration": 1693417.761904762,
        "dram": 4509.857142857143,
        "iteration": 84,
        "stdev": 35165.587456751375
    },
    "com.google.gson.functional.UncategorizedTest-testGsonInstanceReusableForSerializationAndDeserialization": {
        "energy": 38636,
        "duration": 975121.4642857143,
        "dram": 3301.8571428571427,
        "iteration": 56,
        "stdev": 5942.437252481604
    },
    "com.google.gson.GsonTypeAdapterTest-testTypeAdapterProperlyConvertsTypes": {
        "energy": 37293,
        "duration": 807294.6551724138,
        "dram": 1701.0,
        "iteration": 29,
        "stdev": 5560.3814249530715
    },
    "com.google.gson.functional.ParameterizedTypesTest-testVariableTypeDeserialization": {
        "energy": 39124,
        "duration": 1529066.2,
        "dram": 3983.7684210526318,
        "iteration": 95,
        "stdev": 16869.41472349086
    },
    "com.google.gson.functional.MapAsArrayTypeAdapterTest-testSerializeComplexMapWithTypeAdapter": {
        "energy": 125549,
        "duration": 5482463.777777778,
        "dram": 16880.929292929293,
        "iteration": 99,
        "stdev": 336795.87470078433
    },
    "com.google.gson.functional.ParameterizedTypesTest-testParameterizedTypeGenericArraysDeserialization": {
        "energy": 38024,
        "duration": 1576344.3979591837,
        "dram": 3895.877551020408,
        "iteration": 98,
        "stdev": 16729.59161644603
    },
    "com.google.gson.functional.EscapingTest-testGsonAcceptsEscapedAndNonEscapedJsonDeserialization": {
        "energy": 38330,
        "duration": 1211607.4571428571,
        "dram": 3213.0285714285715,
        "iteration": 70,
        "stdev": 10231.691720595676
    },
    "com.google.gson.functional.NamingPolicyTest-testComplexFieldNameStrategy": {
        "energy": 38513,
        "duration": 1205271.2571428572,
        "dram": 3169.942857142857,
        "iteration": 70,
        "stdev": 5393.743154009891
    },
    "com.google.gson.functional.CustomTypeAdaptersTest-testRegisterHierarchyAdapterForDate": {
        "energy": 38696,
        "duration": 1275569.8472222222,
        "dram": 3292.2916666666665,
        "iteration": 72,
        "stdev": 9407.174946638283
    },
    "com.google.gson.functional.TypeVariableTest-testTypeVariablesViaTypeParameter": {
        "energy": 88318,
        "duration": 6123356.6122448975,
        "dram": 18704.5,
        "iteration": 98,
        "stdev": 454641.4278154992
    },
    "com.google.gson.functional.TypeHierarchyAdapterTest-testTypeHierarchy": {
        "energy": 148315,
        "duration": 7566958.343434343,
        "dram": 23442.353535353537,
        "iteration": 99,
        "stdev": 436786.30267880816
    },
    "com.google.gson.OverrideCoreTypeAdaptersTest-testOverrideWrapperBooleanAdapter": {
        "energy": 40405,
        "duration": 8190963.428571428,
        "dram": 27685.761904761905,
        "iteration": 42,
        "stdev": 617713.5047370642
    },
    "com.google.gson.functional.CollectionTest-testWildcardCollectionField": {
        "energy": 42053,
        "duration": 1669970.2886597938,
        "dram": 4063.7319587628867,
        "iteration": 97,
        "stdev": 16059.054235624044
    },
    "com.google.gson.functional.ParameterizedTypesTest-testVariableTypeFieldsAndGenericArraysDeserialization": {
        "energy": 44006,
        "duration": 1911747.7171717172,
        "dram": 4909.575757575758,
        "iteration": 99,
        "stdev": 24641.1530551796
    },
    "com.google.gson.functional.ParameterizedTypesTest-testParameterizedTypeWithVariableTypeDeserialization": {
        "energy": 37598,
        "duration": 1481824.092783505,
        "dram": 3840.3505154639174,
        "iteration": 97,
        "stdev": 13834.052481903438
    },
    "com.google.gson.functional.DelegateTypeAdapterTest-testDelegateInvoked": {
        "energy": 78003,
        "duration": 3191232.9595959596,
        "dram": 9192.171717171717,
        "iteration": 99,
        "stdev": 118036.83355756322
    },
    "com.google.gson.JsonParserTest-testParseMixedArray": {
        "energy": 38697,
        "duration": 639354.5,
        "dram": 2150.25,
        "iteration": 24,
        "stdev": 4877.222881920668
    },
    "com.google.gson.functional.ReadersWritersTest-testReadWriteTwoObjects": {
        "energy": 41321,
        "duration": 1549030.4666666666,
        "dram": 4388.826666666667,
        "iteration": 75,
        "stdev": 27628.027215030914
    },
    "com.google.gson.functional.DefaultTypeAdaptersTest-testBitSetDeserialization": {
        "energy": 37354,
        "duration": 854110.0,
        "dram": 2764.6111111111113,
        "iteration": 36,
        "stdev": 5360.652562643521
    },
    "com.google.gson.functional.EscapingTest-testGsonDoubleDeserialization": {
        "energy": 38330,
        "duration": 907372.4038461539,
        "dram": 2870.846153846154,
        "iteration": 52,
        "stdev": 6426.095690510271
    },
    "com.google.gson.functional.EscapingTest-testEscapingObjectFields": {
        "energy": 41382,
        "duration": 1963057.111111111,
        "dram": 5671.460317460317,
        "iteration": 63,
        "stdev": 51900.163798561
    },
    "com.google.gson.GsonTypeAdapterTest-testTypeAdapterThrowsException": {
        "energy": 36438,
        "duration": 1031514.15625,
        "dram": 2969.5625,
        "iteration": 32,
        "stdev": 7374.486493775346
    },
    "com.google.gson.OverrideCoreTypeAdaptersTest-testOverridePrimitiveBooleanAdapter": {
        "energy": 37537,
        "duration": 640469.6774193548,
        "dram": 2713.0,
        "iteration": 31,
        "stdev": 4731.686792485871
    }
}