{
    "com.google.gson.functional.JavaUtilConcurrentAtomicTest-testAtomicLongWithStringSerializationPolicy": {
        "energy": 124733.11938570644,
        "duration": 4442900.040083941,
        "dram": 12089.251984335675,
        "iteration": 99
    },
    "com.google.gson.functional.JavaUtilConcurrentAtomicTest-testAtomicLongArrayWithStringSerializationPolicy": {
        "energy": 45279.4216984519,
        "duration": 1999212.9519545985,
        "dram": 4282.707993235446,
        "iteration": 81
    }
}