{
    "com.google.gson.functional.JavaUtilConcurrentAtomicTest-testAtomicLongWithStringSerializationPolicy": {
        "energy": 161555.01634367253,
        "duration": 6574597.083730719,
        "dram": 16711.098952006432,
        "iteration": 99
    },
    "com.google.gson.functional.JavaUtilConcurrentAtomicTest-testAtomicLongArrayWithStringSerializationPolicy": {
        "energy": 35326.88724369375,
        "duration": 1775518.8680471485,
        "dram": 4283.947717333976,
        "iteration": 78
    }
}