{
    "com.google.gson.internal.bind.JsonElementReaderTest-testLenientNansAndInfinities": {
        "energy": 33142,
        "duration": 720006.8846153846,
        "dram": 2646.269230769231,
        "iteration": 26,
        "stdev": 3637.004595476172
    },
    "com.google.gson.JsonParserTest-testParseUnquotedMultiWordStringFails": {
        "energy": 34729,
        "duration": 646378.28,
        "dram": 2165.32,
        "iteration": 25,
        "stdev": 2596.846408704219
    },
    "com.google.gson.internal.bind.JsonElementReaderTest-testWrongType": {
        "energy": 33691,
        "duration": 869507.0256410256,
        "dram": 3110.6153846153848,
        "iteration": 39,
        "stdev": 9737.11146601045
    },
    "com.google.gson.functional.JsonParserTest-testChangingCustomTreeAndDeserializing": {
        "energy": 36743,
        "duration": 1839143.134328358,
        "dram": 5296.268656716418,
        "iteration": 67,
        "stdev": 56443.85520731456
    },
    "com.google.gson.JsonObjectTest-testReadPropertyWithEmptyStringName": {
        "energy": 88012,
        "duration": 4772917.19047619,
        "dram": 12831.642857142857,
        "iteration": 42,
        "stdev": 267648.72425632545
    },
    "com.google.gson.internal.bind.JsonElementReaderTest-testStringsFromNumbers": {
        "energy": 34424,
        "duration": 2167903.6923076925,
        "dram": 7640.461538461538,
        "iteration": 26,
        "stdev": 164080.15767082875
    },
    "com.google.gson.functional.MapTest-testMapNamePromotionWithJsonElementReader": {
        "energy": 33569,
        "duration": 1475110.4285714286,
        "dram": 3774.2714285714287,
        "iteration": 70,
        "stdev": 19288.580356220293
    },
    "com.google.gson.internal.bind.JsonElementReaderTest-testStrictNansAndInfinities": {
        "energy": 34545,
        "duration": 2014830.5454545454,
        "dram": 7238.954545454545,
        "iteration": 44,
        "stdev": 188135.5658298924
    },
    "com.google.gson.JsonParserTest-testParseUnquotedStringArrayFails": {
        "energy": 44799,
        "duration": 11168028.488372093,
        "dram": 37040.95348837209,
        "iteration": 43,
        "stdev": 407211.87313691556
    },
    "com.google.gson.internal.bind.JsonElementReaderTest-testEmptyArray": {
        "energy": 33509,
        "duration": 594165.2941176471,
        "dram": 2166.294117647059,
        "iteration": 17,
        "stdev": 2453.2903221682286
    },
    "com.google.gson.internal.bind.JsonElementReaderTest-testStrings": {
        "energy": 34485,
        "duration": 575530.3478260869,
        "dram": 2493.304347826087,
        "iteration": 23,
        "stdev": 2420.919595934796
    },
    "com.google.gson.internal.bind.JsonElementReaderTest-testNumbers": {
        "energy": 34790,
        "duration": 1958965.076923077,
        "dram": 6946.282051282052,
        "iteration": 39,
        "stdev": 191528.88882457407
    },
    "com.google.gson.JsonParserTest-testParseReader": {
        "energy": 32471,
        "duration": 562058.2608695652,
        "dram": 2350.913043478261,
        "iteration": 23,
        "stdev": 2971.1981575609166
    },
    "com.google.gson.internal.bind.JsonElementReaderTest-testEmptyObject": {
        "energy": 33631,
        "duration": 3729134.0555555555,
        "dram": 12544.305555555555,
        "iteration": 36,
        "stdev": 297242.0791688686
    },
    "com.google.gson.JsonParserTest-testParseMixedArray": {
        "energy": 61096,
        "duration": 1698294.441860465,
        "dram": 5430.813953488372,
        "iteration": 43,
        "stdev": 24727.746875792625
    },
    "com.google.gson.JsonParserTest-testParseUnquotedSingleWordStringFails": {
        "energy": 32958,
        "duration": 578459.3157894737,
        "dram": 2374.0,
        "iteration": 19,
        "stdev": 4241.076502525863
    },
    "com.google.gson.internal.bind.JsonElementReaderTest-testArray": {
        "energy": 34912,
        "duration": 649102.724137931,
        "dram": 2901.103448275862,
        "iteration": 29,
        "stdev": 3327.796874160413
    },
    "com.google.gson.internal.bind.JsonElementReaderTest-testNumbersFromStrings": {
        "energy": 35523,
        "duration": 4739361.304347826,
        "dram": 16003.41304347826,
        "iteration": 46,
        "stdev": 373139.50097167905
    },
    "com.google.gson.JsonParserTest-testParseString": {
        "energy": 35095,
        "duration": 4104383.4137931033,
        "dram": 13875.51724137931,
        "iteration": 29,
        "stdev": 333959.5973163384
    },
    "com.google.gson.JsonParserTest-testParseEmptyString": {
        "energy": 34240,
        "duration": 598509.15,
        "dram": 2500.0,
        "iteration": 20,
        "stdev": 3416.063247365306
    },
    "com.google.gson.internal.bind.JsonElementReaderTest-testBooleans": {
        "energy": 33874,
        "duration": 1737106.7272727273,
        "dram": 5823.590909090909,
        "iteration": 22,
        "stdev": 184925.36685743084
    },
    "com.google.gson.internal.bind.JsonElementReaderTest-testEarlyClose": {
        "energy": 33935,
        "duration": 1575241.5416666667,
        "dram": 5611.25,
        "iteration": 24,
        "stdev": 180961.46181691546
    },
    "com.google.gson.internal.bind.JsonElementReaderTest-testNestedObjects": {
        "energy": 33996,
        "duration": 1191941.0416666667,
        "dram": 4182.041666666667,
        "iteration": 24,
        "stdev": 24905.546877674493
    },
    "com.google.gson.internal.bind.JsonElementReaderTest-testSkipValue": {
        "energy": 33081,
        "duration": 1445242.2068965517,
        "dram": 4963.0344827586205,
        "iteration": 29,
        "stdev": 120248.83675718203
    },
    "com.google.gson.internal.bind.JsonElementReaderTest-testNulls": {
        "energy": 33631,
        "duration": 612384.8260869565,
        "dram": 1870.695652173913,
        "iteration": 23,
        "stdev": 3134.8678490491257
    },
    "com.google.gson.JsonParserTest-testParseEmptyWhitespaceInput": {
        "energy": 33936,
        "duration": 627513.7586206896,
        "dram": 2237.655172413793,
        "iteration": 29,
        "stdev": 3598.103928612115
    },
    "com.google.gson.internal.bind.JsonElementReaderTest-testObject": {
        "energy": 34912,
        "duration": 834287.2777777778,
        "dram": 3162.472222222222,
        "iteration": 36,
        "stdev": 17086.845108604226
    },
    "com.google.gson.internal.bind.JsonElementReaderTest-testNestedArrays": {
        "energy": 32288,
        "duration": 557118.8571428572,
        "dram": 1891.4285714285713,
        "iteration": 21,
        "stdev": 2448.640383537598
    }
}