{
    "com.google.gson.internal.bind.JsonElementReaderTest-testObject": {
        "energy": 33325,
        "duration": 554754.5769230769,
        "dram": 3022.4615384615386,
        "iteration": 26,
        "stdev": 3408.8831701094746
    },
    "com.google.gson.internal.bind.JsonElementReaderTest-testNestedObjects": {
        "energy": 37659,
        "duration": 1699159.4411764706,
        "dram": 5741.411764705882,
        "iteration": 34,
        "stdev": 158026.78545219143
    },
    "com.google.gson.internal.bind.JsonElementReaderTest-testNumbersFromStrings": {
        "energy": 37171,
        "duration": 5933053.073170732,
        "dram": 19088.09756097561,
        "iteration": 41,
        "stdev": 366220.42580570886
    },
    "com.google.gson.internal.bind.JsonElementReaderTest-testBooleans": {
        "energy": 34424,
        "duration": 3258360.6363636362,
        "dram": 9459.59090909091,
        "iteration": 22,
        "stdev": 277857.7913583889
    },
    "com.google.gson.internal.bind.JsonElementReaderTest-testEarlyClose": {
        "energy": 33569,
        "duration": 608804.0714285715,
        "dram": 2001.0,
        "iteration": 28,
        "stdev": 3812.228073106008
    },
    "com.google.gson.internal.bind.JsonElementReaderTest-testWrongType": {
        "energy": 34240,
        "duration": 823033.8,
        "dram": 3103.1555555555556,
        "iteration": 45,
        "stdev": 2983.5185015161023
    },
    "com.google.gson.JsonParserTest-testParseEmptyWhitespaceInput": {
        "energy": 35095,
        "duration": 630641.1666666666,
        "dram": 2386.8888888888887,
        "iteration": 18,
        "stdev": 3428.981627247367
    },
    "com.google.gson.internal.bind.JsonElementReaderTest-testNumbers": {
        "energy": 34119,
        "duration": 2647640.714285714,
        "dram": 9010.75,
        "iteration": 28,
        "stdev": 209799.88592313623
    },
    "com.google.gson.functional.JsonParserTest-testChangingCustomTreeAndDeserializing": {
        "energy": 37902,
        "duration": 1662700.0166666666,
        "dram": 4502.816666666667,
        "iteration": 60,
        "stdev": 18447.058128149685
    },
    "com.google.gson.functional.MapTest-testMapNamePromotionWithJsonElementReader": {
        "energy": 35644,
        "duration": 2127984.8169014086,
        "dram": 5705.450704225352,
        "iteration": 71,
        "stdev": 72637.91181495744
    },
    "com.google.gson.JsonParserTest-testParseMixedArray": {
        "energy": 60364,
        "duration": 1816289.5263157894,
        "dram": 5634.789473684211,
        "iteration": 38,
        "stdev": 27052.870127416914
    },
    "com.google.gson.JsonParserTest-testParseUnquotedSingleWordStringFails": {
        "energy": 34118,
        "duration": 555184.2608695652,
        "dram": 2449.913043478261,
        "iteration": 23,
        "stdev": 3431.528057451042
    },
    "com.google.gson.internal.bind.JsonElementReaderTest-testLenientNansAndInfinities": {
        "energy": 34851,
        "duration": 720518.4333333333,
        "dram": 2545.9333333333334,
        "iteration": 30,
        "stdev": 3832.98733568943
    },
    "com.google.gson.internal.bind.JsonElementReaderTest-testStrictNansAndInfinities": {
        "energy": 33997,
        "duration": 1806232.0689655172,
        "dram": 6642.827586206897,
        "iteration": 29,
        "stdev": 223454.2400205583
    },
    "com.google.gson.internal.bind.JsonElementReaderTest-testArray": {
        "energy": 35034,
        "duration": 631083.8333333334,
        "dram": 2720.3333333333335,
        "iteration": 30,
        "stdev": 4669.824548333933
    },
    "com.google.gson.internal.bind.JsonElementReaderTest-testEmptyObject": {
        "energy": 34057,
        "duration": 1099853.88,
        "dram": 3695.84,
        "iteration": 25,
        "stdev": 14740.106043037818
    },
    "com.google.gson.JsonParserTest-testParseUnquotedStringArrayFails": {
        "energy": 43396,
        "duration": 10915678.357142856,
        "dram": 35962.30952380953,
        "iteration": 42,
        "stdev": 393986.2557091367
    },
    "com.google.gson.JsonParserTest-testParseString": {
        "energy": 34301,
        "duration": 539162.6666666666,
        "dram": 1920.878787878788,
        "iteration": 33,
        "stdev": 4353.089306733403
    },
    "com.google.gson.JsonParserTest-testParseEmptyString": {
        "energy": 34302,
        "duration": 605695.9411764706,
        "dram": 2580.294117647059,
        "iteration": 17,
        "stdev": 4720.611065365355
    },
    "com.google.gson.internal.bind.JsonElementReaderTest-testSkipValue": {
        "energy": 34607,
        "duration": 1502260.8064516129,
        "dram": 5565.258064516129,
        "iteration": 31,
        "stdev": 141225.68704617035
    },
    "com.google.gson.internal.bind.JsonElementReaderTest-testStringsFromNumbers": {
        "energy": 35279,
        "duration": 638976.1363636364,
        "dram": 2111.318181818182,
        "iteration": 22,
        "stdev": 2269.303210220564
    },
    "com.google.gson.internal.bind.JsonElementReaderTest-testStrings": {
        "energy": 34301,
        "duration": 590932.625,
        "dram": 1950.8333333333333,
        "iteration": 24,
        "stdev": 3315.074747512826
    },
    "com.google.gson.JsonObjectTest-testReadPropertyWithEmptyStringName": {
        "energy": 60852,
        "duration": 3470295.8947368423,
        "dram": 10059.394736842105,
        "iteration": 38,
        "stdev": 198539.44856464115
    },
    "com.google.gson.JsonParserTest-testParseReader": {
        "energy": 35523,
        "duration": 546433.7619047619,
        "dram": 3320.2380952380954,
        "iteration": 21,
        "stdev": 2818.5707439318876
    },
    "com.google.gson.JsonParserTest-testParseUnquotedMultiWordStringFails": {
        "energy": 35461,
        "duration": 651796.6785714285,
        "dram": 2837.1071428571427,
        "iteration": 28,
        "stdev": 3839.5870393380924
    },
    "com.google.gson.internal.bind.JsonElementReaderTest-testEmptyArray": {
        "energy": 33569,
        "duration": 496952.0,
        "dram": 2335.8,
        "iteration": 15,
        "stdev": 3968.417538515825
    },
    "com.google.gson.internal.bind.JsonElementReaderTest-testNulls": {
        "energy": 33752,
        "duration": 1641849.28,
        "dram": 6383.72,
        "iteration": 25,
        "stdev": 194316.27247566893
    },
    "com.google.gson.internal.bind.JsonElementReaderTest-testNestedArrays": {
        "energy": 34729,
        "duration": 553769.6818181818,
        "dram": 1837.2727272727273,
        "iteration": 22,
        "stdev": 4011.631927417367
    }
}