{
    "com.google.gson.DisjunctionExclusionStrategyTest-testBadInstantiation": {
        "energy": 37887.607142857145,
        "duration": 842125.1428571428,
        "dram": 1607.142857142857,
        "iteration": 28,
        "stdev": 3238.9063447325825
    },
    "com.google.gson.JsonObjectTest-testAddingNullOrEmptyPropertyName": {
        "energy": 37733.730769230766,
        "duration": 768137.4230769231,
        "dram": 2290.769230769231,
        "iteration": 26,
        "stdev": 3364.7443445881395
    },
    "com.google.gson.ModifyFirstLetterNamingPolicyTest-testInvalidConstruction": {
        "energy": 44265.40983606558,
        "duration": 1395825.2950819673,
        "dram": 3423.655737704918,
        "iteration": 61,
        "stdev": 14642.609325131498
    },
    "com.google.gson.VersionExclusionStrategyTest-testDisallowNegativeValuesAndFailFast": {
        "energy": 42152.857142857145,
        "duration": 1429110.7936507936,
        "dram": 3502.9206349206347,
        "iteration": 63,
        "stdev": 14156.393376281834
    },
    "com.google.gson.CamelCaseSeparatorNamingPolicyTest-testInvalidInstantiation": {
        "energy": 41216.09523809524,
        "duration": 922285.0,
        "dram": 2592.904761904762,
        "iteration": 21,
        "stdev": 10804.894318271927
    },
    "com.google.gson.JavaFieldNamingPolicyTest-testNullField": {
        "energy": 36268.96153846154,
        "duration": 920513.5,
        "dram": 2931.769230769231,
        "iteration": 26,
        "stdev": 3433.8956177940713
    }
}