{
    "com.google.gson.DisjunctionExclusionStrategyTest-testBadInstantiation": {
        "energy": 37414,
        "duration": 1216358.5416666667,
        "dram": 2505.375,
        "iteration": 24,
        "stdev": 3800.8532695157915
    },
    "com.google.gson.CamelCaseSeparatorNamingPolicyTest-testInvalidInstantiation": {
        "energy": 39245,
        "duration": 892602.8148148148,
        "dram": 2185.5185185185187,
        "iteration": 27,
        "stdev": 3817.985245659917
    },
    "com.google.gson.JavaFieldNamingPolicyTest-testNullField": {
        "energy": 36682,
        "duration": 892848.5,
        "dram": 2099.8333333333335,
        "iteration": 24,
        "stdev": 4044.5519495022218
    },
    "com.google.gson.ModifyFirstLetterNamingPolicyTest-testInvalidConstruction": {
        "energy": 39124,
        "duration": 1332930.2,
        "dram": 3531.2615384615383,
        "iteration": 65,
        "stdev": 12138.522968977832
    },
    "com.google.gson.VersionExclusionStrategyTest-testDisallowNegativeValuesAndFailFast": {
        "energy": 37659,
        "duration": 1506853.7101449275,
        "dram": 3335.159420289855,
        "iteration": 69,
        "stdev": 13112.798581418117
    },
    "com.google.gson.JsonObjectTest-testAddingNullOrEmptyPropertyName": {
        "energy": 37293,
        "duration": 953017.5454545454,
        "dram": 2288.7272727272725,
        "iteration": 22,
        "stdev": 3424.5955401530796
    }
}