{
    "com.google.gson.JsonArrayTest-testDeepCopy": {
        "energy": 38882.343434343435,
        "duration": 2345428.717171717,
        "dram": 3804.6767676767677,
        "iteration": 99,
        "stdev": 13014.80064470627
    }
}