{
    "com.google.gson.functional.DefaultTypeAdaptersTest-testTreeSetDeserialization": {
        "energy": 39123,
        "duration": 1496024.582278481,
        "dram": 4232.291139240507,
        "iteration": 79,
        "stdev": 29204.141090258767
    },
    "com.google.gson.functional.ParameterizedTypesTest-testParameterizedTypeGenericArraysSerialization": {
        "energy": 34851,
        "duration": 1112270.453488372,
        "dram": 3171.953488372093,
        "iteration": 86,
        "stdev": 4120.163338991252
    },
    "com.google.gson.functional.CollectionTest-testNullsInListDeserialization": {
        "energy": 34607,
        "duration": 836003.4545454546,
        "dram": 2848.6,
        "iteration": 55,
        "stdev": 3830.0210447601703
    },
    "com.google.gson.functional.InheritanceTest-testSubInterfacesOfCollectionSerialization": {
        "energy": 68664,
        "duration": 2358939.3789473684,
        "dram": 6913.8105263157895,
        "iteration": 95,
        "stdev": 46593.81754774409
    },
    "com.google.gson.ParameterizedTypeHandlerMapTest-testHasSpecificType": {
        "energy": 38269,
        "duration": 820739.14,
        "dram": 3131.28,
        "iteration": 50,
        "stdev": 4669.86733447536
    },
    "com.google.gson.functional.ParameterizedTypesTest-testVariableTypeArrayDeserialization": {
        "energy": 35279,
        "duration": 1466025.7113402062,
        "dram": 3805.1237113402062,
        "iteration": 97,
        "stdev": 12827.65007049897
    },
    "com.google.gson.functional.ObjectTest-testSingletonLists": {
        "energy": 87158,
        "duration": 2708943.292929293,
        "dram": 7761.848484848485,
        "iteration": 99,
        "stdev": 23818.442704630972
    },
    "com.google.gson.functional.CustomTypeAdaptersTest-testCustomAdapterInvokedForMapElementSerializationWithType": {
        "energy": 37536,
        "duration": 909949.2666666667,
        "dram": 2956.4166666666665,
        "iteration": 60,
        "stdev": 3805.291709653224
    },
    "com.google.gson.functional.MapTest-testMapSerializationEmpty": {
        "energy": 37171,
        "duration": 892386.6304347826,
        "dram": 2599.0434782608695,
        "iteration": 46,
        "stdev": 4464.631765341293
    },
    "com.google.gson.functional.EnumTest-testEnumSubclass": {
        "energy": 73242,
        "duration": 2212340.727272727,
        "dram": 6350.585858585859,
        "iteration": 99,
        "stdev": 22785.196450467556
    },
    "com.google.gson.functional.MapTest-testMapOfMapDeserialization": {
        "energy": 35888,
        "duration": 814575.3076923077,
        "dram": 2877.846153846154,
        "iteration": 52,
        "stdev": 2814.0684000320907
    },
    "com.google.gson.reflect.TypeTokenTest-testIsAssignableFromWithNestedWildcards": {
        "energy": 39795,
        "duration": 1005601.8571428572,
        "dram": 3561.3714285714286,
        "iteration": 35,
        "stdev": 43175.36641074446
    },
    "com.google.gson.functional.CollectionTest-testCollectionOfStringsDeserialization": {
        "energy": 34058,
        "duration": 764457.0357142857,
        "dram": 2804.875,
        "iteration": 56,
        "stdev": 4617.812958025273
    },
    "com.google.gson.functional.MapTest-testMapStandardSubclassDeserialization": {
        "energy": 34485,
        "duration": 875839.7291666666,
        "dram": 2623.0,
        "iteration": 48,
        "stdev": 4003.7479909780054
    },
    "com.google.gson.functional.CollectionTest-testNullsInListSerialization": {
        "energy": 36438,
        "duration": 836332.2181818181,
        "dram": 3010.181818181818,
        "iteration": 55,
        "stdev": 3822.297087631428
    },
    "com.google.gson.functional.MapTest-testReadMapsWithEmptyStringKey": {
        "energy": 36072,
        "duration": 776575.0192307692,
        "dram": 2891.173076923077,
        "iteration": 52,
        "stdev": 3121.312494427596
    },
    "com.google.gson.functional.ParameterizedTypesTest-testParameterizedTypeWithReaderDeserialization": {
        "energy": 36377,
        "duration": 1159298.725,
        "dram": 3173.75,
        "iteration": 80,
        "stdev": 7115.9403872134135
    },
    "com.google.gson.functional.CollectionTest-testWildcardPrimitiveCollectionSerilaization": {
        "energy": 35888,
        "duration": 1175274.7846153846,
        "dram": 3537.630769230769,
        "iteration": 65,
        "stdev": 12117.358823766232
    },
    "com.google.gson.functional.ParameterizedTypesTest-testParameterizedTypeWithCustomSerializer": {
        "energy": 37048,
        "duration": 1338967.6875,
        "dram": 3457.15625,
        "iteration": 96,
        "stdev": 12263.744903355544
    },
    "com.google.gson.functional.ParameterizedTypesTest-testParameterizedTypesSerialization": {
        "energy": 79224,
        "duration": 3523864.8383838385,
        "dram": 10603.0,
        "iteration": 99,
        "stdev": 112418.8973818783
    },
    "com.google.gson.functional.CollectionTest-testWildcardPrimitiveCollectionDeserilaization": {
        "energy": 35095,
        "duration": 853850.1186440678,
        "dram": 2931.3728813559323,
        "iteration": 59,
        "stdev": 3446.5699911391243
    },
    "com.google.gson.functional.MapTest-testParameterizedMapSubclassDeserialization": {
        "energy": 35522,
        "duration": 1185250.511627907,
        "dram": 3242.6976744186045,
        "iteration": 86,
        "stdev": 6601.96983928195
    },
    "com.google.gson.functional.EnumTest-testCollectionOfEnumsDeserialization": {
        "energy": 39856,
        "duration": 936167.5483870967,
        "dram": 3139.3870967741937,
        "iteration": 62,
        "stdev": 7612.440901489354
    },
    "com.google.gson.functional.ParameterizedTypesTest-testVariableTypeDeserialization": {
        "energy": 37903,
        "duration": 1394511.1666666667,
        "dram": 3733.2291666666665,
        "iteration": 96,
        "stdev": 12331.413445616516
    },
    "com.google.gson.functional.ParameterizedTypesTest-testVariableTypeFieldsAndGenericArraysSerialization": {
        "energy": 71533,
        "duration": 2467471.777777778,
        "dram": 6877.393939393939,
        "iteration": 99,
        "stdev": 29753.25698336317
    },
    "com.google.gson.functional.MapTest-testMapSerializationWithNullValueButSerializeNulls": {
        "energy": 36560,
        "duration": 901089.296875,
        "dram": 2662.109375,
        "iteration": 64,
        "stdev": 3904.5186798238974
    },
    "com.google.gson.CommentsTest-testParseComments": {
        "energy": 41137,
        "duration": 9196543.545454545,
        "dram": 30123.80681818182,
        "iteration": 88,
        "stdev": 748434.9981307118
    },
    "com.google.gson.functional.ParameterizedTypesTest-testParameterizedTypeGenericArraysDeserialization": {
        "energy": 36438,
        "duration": 1552598.5757575757,
        "dram": 3801.040404040404,
        "iteration": 99,
        "stdev": 13610.955443550525
    },
    "com.google.gson.functional.ParameterizedTypesTest-testParameterizedTypeDeserialization": {
        "energy": 41748,
        "duration": 2592736.1222222224,
        "dram": 7689.766666666666,
        "iteration": 90,
        "stdev": 86683.12117343274
    },
    "com.google.gson.FieldAttributesTest-testDeclaredTypeAndClass": {
        "energy": 41504,
        "duration": 1846294.9411764706,
        "dram": 5754.941176470588,
        "iteration": 51,
        "stdev": 69004.62068700639
    },
    "com.google.gson.functional.MapTest-testMapSerializationWithWildcardValues": {
        "energy": 34851,
        "duration": 1047745.7333333333,
        "dram": 3287.9333333333334,
        "iteration": 60,
        "stdev": 8800.058608075036
    },
    "com.google.gson.functional.MapTest-testMapDeserialization": {
        "energy": 38635,
        "duration": 1929925.9253731344,
        "dram": 6226.179104477612,
        "iteration": 67,