{
    "com.google.gson.FunctionalWithInternalDependenciesTest-testAnonymousLocalClassesSerialization": {
        "energy": 35949,
        "duration": 3168757.936170213,
        "dram": 8682.744680851063,
        "iteration": 94,
        "stdev": 242825.71342610783
    },
    "com.google.gson.FunctionalWithInternalDependenciesTest-testPrettyPrintArrayOfObjects": {
        "energy": 43090,
        "duration": 7865423.212121212,
        "dram": 23031.49494949495,
        "iteration": 99,
        "stdev": 466572.9195098186
    }
}