{
    "com.google.gson.FunctionalWithInternalDependenciesTest-testAnonymousLocalClassesSerialization": {
        "energy": 34241,
        "duration": 3598170.393258427,
        "dram": 9888.112359550561,
        "iteration": 89,
        "stdev": 282304.32328468666
    },
    "com.google.gson.FunctionalWithInternalDependenciesTest-testPrettyPrintArrayOfObjects": {
        "energy": 66223,
        "duration": 12767309.888888888,
        "dram": 39312.31313131313,
        "iteration": 99,
        "stdev": 603910.4082271785
    }
}