{
    "com.google.gson.internal.LinkedTreeMapTest-testDoubleCapacity": {
        "energy": 57426.222234017885,
        "duration": 1982926.205065748,
        "dram": 5961.0010157240395,
        "iteration": 88
    },
    "com.google.gson.internal.LinkedTreeMapTest-testRemoveRootDoesNotDoubleUnlink": {
        "energy": 150512.70029612043,
        "duration": 4854079.723995496,
        "dram": 15125.985521220033,
        "iteration": 95
    },
    "com.google.gson.internal.LinkedTreeMapTest-testPutNullKeyFails": {
        "energy": 57211.223571777344,
        "duration": 1785879.652999878,
        "dram": 6133.420021057129,
        "iteration": 17
    },
    "com.google.gson.internal.LinkedTreeMapTest-testAvlBuilder": {
        "energy": 215405.63837297156,
        "duration": 6334315.26737343,
        "dram": 24121.991700467544,
        "iteration": 99
    },
    "com.google.gson.internal.LinkedTreeMapTest-testIterationOrder": {
        "energy": 79650.30461312686,
        "duration": 2188563.2361548995,
        "dram": 5460.09093067111,
        "iteration": 41
    },
    "com.google.gson.internal.LinkedTreeMapTest-testAvlWalker": {
        "energy": 38553.55431670096,
        "duration": 934433.5652386851,
        "dram": 2703.8563521172327,
        "iteration": 36
    },
    "com.google.gson.internal.LinkedTreeMapTest-testContainsNullKeyFails": {
        "energy": 31539.887840270996,
        "duration": 600257.732749939,
        "dram": 1813.682373046875,
        "iteration": 20
    },
    "com.google.gson.internal.LinkedTreeMapTest-testContainsNonComparableKeyThrows": {
        "energy": 36975.602840895765,
        "duration": 724139.3793117348,
        "dram": 3371.648487043567,
        "iteration": 31
    }
}