{
    "com.google.gson.internal.LinkedTreeMapTest-testDoubleCapacity": {
        "energy": 95980.10704024292,
        "duration": 2963124.931374875,
        "dram": 9563.829637222912,
        "iteration": 84
    },
    "com.google.gson.internal.LinkedTreeMapTest-testRemoveRootDoesNotDoubleUnlink": {
        "energy": 120043.1449620186,
        "duration": 4248989.524946843,
        "dram": 10774.004603442225,
        "iteration": 98
    },
    "com.google.gson.internal.LinkedTreeMapTest-testPutNullKeyFails": {
        "energy": 38633.072486162186,
        "duration": 584534.2704677582,
        "dram": 3220.5923815965652,
        "iteration": 23
    },
    "com.google.gson.internal.LinkedTreeMapTest-testAvlBuilder": {
        "energy": 220864.66405481508,
        "duration": 7218430.564553076,
        "dram": 22213.612543578827,
        "iteration": 99
    },
    "com.google.gson.internal.LinkedTreeMapTest-testIterationOrder": {
        "energy": 32343.998115265094,
        "duration": 808214.5778140561,
        "dram": 3269.413972290279,
        "iteration": 47
    },
    "com.google.gson.internal.LinkedTreeMapTest-testAvlWalker": {
        "energy": 33738.705349103955,
        "duration": 878101.7831747521,
        "dram": 1255.3999384071858,
        "iteration": 51
    },
    "com.google.gson.internal.LinkedTreeMapTest-testContainsNullKeyFails": {
        "energy": 35209.00333070755,
        "duration": 562736.6531825066,
        "dram": 2789.3468074798584,
        "iteration": 22
    },
    "com.google.gson.internal.LinkedTreeMapTest-testContainsNonComparableKeyThrows": {
        "energy": 32252.732292592525,
        "duration": 588459.833083272,
        "dram": 3315.087002694607,
        "iteration": 25
    }
}