{
    "com.google.gson.internal.LinkedTreeMapTest-testDoubleCapacity": {
        "energy": 36865,
        "duration": 2476607.5714285714,
        "dram": 7283.488095238095,
        "iteration": 84,
        "stdev": 80611.69065251728
    },
    "com.google.gson.internal.LinkedTreeMapTest-testRemoveRootDoesNotDoubleUnlink": {
        "energy": 157653,
        "duration": 4624001.142857143,
        "dram": 13480.622448979591,
        "iteration": 98,
        "stdev": 42252.75508017267
    },
    "com.google.gson.internal.LinkedTreeMapTest-testIterationOrder": {
        "energy": 35766,
        "duration": 907574.5744680851,
        "dram": 3565.595744680851,
        "iteration": 47,
        "stdev": 19966.548785478608
    },
    "com.google.gson.internal.LinkedTreeMapTest-testAvlWalker": {
        "energy": 34912,
        "duration": 1081917.0980392157,
        "dram": 2620.156862745098,
        "iteration": 51,
        "stdev": 3803.515796631442
    },
    "com.google.gson.internal.LinkedTreeMapTest-testAvlBuilder": {
        "energy": 209777,
        "duration": 6448004.404040404,
        "dram": 20346.040404040403,
        "iteration": 99,
        "stdev": 37049.530258383864
    },
    "com.google.gson.internal.LinkedTreeMapTest-testContainsNullKeyFails": {
        "energy": 35706,
        "duration": 727068.5909090909,
        "dram": 1453.4545454545455,
        "iteration": 22,
        "stdev": 4412.682846397705
    },
    "com.google.gson.internal.LinkedTreeMapTest-testContainsNonComparableKeyThrows": {
        "energy": 35278,
        "duration": 600169.44,
        "dram": 2719.68,
        "iteration": 25,
        "stdev": 4269.525521928637
    },
    "com.google.gson.internal.LinkedTreeMapTest-testPutNullKeyFails": {
        "energy": 36255,
        "duration": 626692.2608695652,
        "dram": 2920.4347826086955,
        "iteration": 23,
        "stdev": 4151.5881781260705
    }
}