{
    "com.google.gson.functional.StreamingTypeAdaptersTest-testNullSafe": {
        "energy": 44602.30612244898,
        "duration": 1699976.224489796,
        "dram": 4336.857142857143,
        "iteration": 98,
        "stdev": 13396.731227421056
    },
    "com.google.gson.JsonParserTest-testReadWriteTwoObjects": {
        "energy": 230444.41463414635,
        "duration": 6593822.1707317075,
        "dram": 21480.98780487805,
        "iteration": 82,
        "stdev": 471393.9200722903
    },
    "com.google.gson.functional.CollectionTest-testFieldIsArrayList": {
        "energy": 38220.2972972973,
        "duration": 1153842.7972972973,
        "dram": 3380.2702702702704,
        "iteration": 74,
        "stdev": 8196.311622242752
    },
    "com.google.gson.functional.TypeVariableTest-testAdvancedTypeVariables": {
        "energy": 280228.3434343434,
        "duration": 8149121.444444444,
        "dram": 25570.131313131315,
        "iteration": 99,
        "stdev": 524721.5273722452
    },
    "com.google.gson.functional.MapAsArrayTypeAdapterTest-testSerializeComplexMapWithTypeAdapter": {
        "energy": 286568.55555555556,
        "duration": 8372472.797979798,
        "dram": 26403.434343434343,
        "iteration": 99,
        "stdev": 478523.5438150538
    },
    "com.google.gson.functional.EscapingTest-testGsonAcceptsEscapedAndNonEscapedJsonDeserialization": {
        "energy": 37735.91111111111,
        "duration": 1380547.4222222222,
        "dram": 3385.911111111111,
        "iteration": 90,
        "stdev": 8036.906793930174
    },
    "com.google.gson.functional.NamingPolicyTest-testComplexFieldNameStrategy": {
        "energy": 37375.2,
        "duration": 1354110.7571428572,
        "dram": 3261.942857142857,
        "iteration": 70,
        "stdev": 7136.263002840792
    },
    "com.google.gson.functional.EscapingTest-testEscapingObjectFields": {
        "energy": 58540.04615384615,
        "duration": 1955559.1538461538,
        "dram": 5449.138461538461,
        "iteration": 65,
        "stdev": 50143.285002520766
    },
    "com.google.gson.functional.TypeVariableTest-testTypeVariablesViaTypeParameter": {
        "energy": 49256.510416666664,
        "duration": 1724742.53125,
        "dram": 4606.614583333333,
        "iteration": 96,
        "stdev": 22666.803288342
    },
    "com.google.gson.functional.CollectionTest-testWildcardCollectionField": {
        "energy": 49084.0618556701,
        "duration": 1827500.030927835,
        "dram": 4613.298969072165,
        "iteration": 97,
        "stdev": 20084.993205326944
    },
    "com.google.gson.functional.ReadersWritersTest-testReadWriteTwoObjects": {
        "energy": 61281.2891566265,
        "duration": 1937192.5662650603,
        "dram": 5367.530120481928,
        "iteration": 83,
        "stdev": 45461.31641045837
    },
    "com.google.gson.functional.DefaultTypeAdaptersTest-testBitSetDeserialization": {
        "energy": 45066.53488372093,
        "duration": 1243726.3023255814,
        "dram": 3980.232558139535,
        "iteration": 43,
        "stdev": 47897.48958724675
    },
    "com.google.gson.functional.TypeVariableTest-testBasicTypeVariables": {
        "energy": 37231.39189189189,
        "duration": 1087050.5405405406,
        "dram": 3185.108108108108,
        "iteration": 74,
        "stdev": 3573.4430660667795
    },
    "com.google.gson.functional.UncategorizedTest-testGsonInstanceReusableForSerializationAndDeserialization": {
        "energy": 36937.4693877551,
        "duration": 1145933.5918367347,
        "dram": 3159.285714285714,
        "iteration": 49,
        "stdev": 5666.447662001807
    },
    "com.google.gson.functional.EscapingTest-testGsonDoubleDeserialization": {
        "energy": 35495.934782608696,
        "duration": 906964.9347826086,
        "dram": 3030.0434782608695,
        "iteration": 46,
        "stdev": 4482.3486293322985
    }
}