{
    "com.google.gson.functional.DefaultTypeAdaptersTest-testClassSerialization": {
        "energy": 60637.09090909091,
        "duration": 2417070.5714285714,
        "dram": 5823.662337662337,
        "iteration": 77,
        "stdev": 35832.373316029014
    }
}