{
    "com.google.gson.functional.DefaultTypeAdaptersTest-testClassSerialization": {
        "energy": 32043,
        "duration": 2101188.8378378376,
        "dram": 5113.445945945946,
        "iteration": 74,
        "stdev": 32431.411828674052
    }
}