{
    "com.google.gson.ObjectTypeAdapterTest-testSerializeNullValue": {
        "energy": 231578.2156714705,
        "duration": 7915193.185023317,
        "dram": 23737.01498031385,
        "iteration": 88
    },
    "com.google.gson.ObjectTypeAdapterTest-testSerializeObject": {
        "energy": 34338.77392944461,
        "duration": 719847.8807783108,
        "dram": 2770.7198715549894,
        "iteration": 31
    },
    "com.google.gson.ObjectTypeAdapterTest-testSerialize": {
        "energy": 228441.7295573207,
        "duration": 7926990.980274051,
        "dram": 25070.792912148798,
        "iteration": 99
    }
}