{
    "com.google.gson.ObjectTypeAdapterTest-testSerializeNullValue": {
        "energy": 179507.94693723612,
        "duration": 6252232.406699055,
        "dram": 19379.79495845276,
        "iteration": 80
    },
    "com.google.gson.ObjectTypeAdapterTest-testSerialize": {
        "energy": 323855.7410460753,
        "duration": 10136075.561432956,
        "dram": 33896.88941324339,
        "iteration": 99
    },
    "com.google.gson.ObjectTypeAdapterTest-testSerializeObject": {
        "energy": 53819.045569125636,
        "duration": 1424749.9898014106,
        "dram": 4462.592375962335,
        "iteration": 41
    }
}