{
    "com.google.gson.ObjectTypeAdapterTest-testSerialize": {
        "energy": 215820,
        "duration": 8290199.848484849,
        "dram": 25970.060606060608,
        "iteration": 99,
        "stdev": 92782.93210079808
    },
    "com.google.gson.ObjectTypeAdapterTest-testSerializeNullValue": {
        "energy": 245116,
        "duration": 7447928.170454546,
        "dram": 21498.238636363636,
        "iteration": 88,
        "stdev": 100137.74583328865
    },
    "com.google.gson.ObjectTypeAdapterTest-testSerializeObject": {
        "energy": 36926,
        "duration": 2450450.35483871,
        "dram": 6583.870967741936,
        "iteration": 31,
        "stdev": 63701.66395389776
    }
}