{
    "com.google.gson.ObjectTypeAdapterTest-testSerializeNullValue": {
        "energy": 247375,
        "duration": 6953310.825,
        "dram": 19646.3875,
        "iteration": 80,
        "stdev": 107014.32660361125
    },
    "com.google.gson.ObjectTypeAdapterTest-testSerialize": {
        "energy": 222900,
        "duration": 8594745.838383839,
        "dram": 26646.141414141413,
        "iteration": 99,
        "stdev": 99745.47476654583
    },
    "com.google.gson.ObjectTypeAdapterTest-testSerializeObject": {
        "energy": 37292,
        "duration": 2909761.463414634,
        "dram": 7683.268292682927,
        "iteration": 41,
        "stdev": 71801.97944304407
    }
}