{
    "com.google.gson.functional.TypeHierarchyAdapterTest-testTypeHierarchy": {
        "energy": 235534,
        "duration": 12057890.484848484,
        "dram": 35270.292929292926,
        "iteration": 99,
        "stdev": 396910.3584392578
    }
}