{
    "com.google.gson.functional.TypeHierarchyAdapterTest-testTypeHierarchy": {
        "energy": 226196,
        "duration": 10103277.606060605,
        "dram": 27472.656565656565,
        "iteration": 99,
        "stdev": 201523.35020512773
    }
}