{
    "com.google.gson.functional.CustomDeserializerTest-testDefaultConstructorNotCalledOnField": {
        "energy": 37549.677634920336,
        "duration": 919493.5681164155,
        "dram": 3319.3349566416227,
        "iteration": 51
    },
    "com.google.gson.functional.CustomDeserializerTest-testDefaultConstructorNotCalledOnObject": {
        "energy": 97734.13452813473,
        "duration": 2739151.767402445,
        "dram": 9362.612212293465,
        "iteration": 99
    },
    "com.google.gson.JsonObjectTest-testAddingCharacterProperties": {
        "energy": 32574.92406463623,
        "duration": 537939.5208816528,
        "dram": 3094.047119140625,
        "iteration": 17
    },
    "com.google.gson.functional.MapTest-testMapDeserializationWithNullKey": {
        "energy": 40612.80305079969,
        "duration": 1125411.1801749035,
        "dram": 2738.1578964376013,
        "iteration": 63
    },
    "com.google.gson.functional.TypeVariableTest-testAdvancedTypeVariables": {
        "energy": 493329.7227551142,
        "duration": 14865604.328501748,
        "dram": 46572.74559329242,
        "iteration": 99
    },
    "com.google.gson.JsonObjectTest-testAddingAndRemovingObjectProperties": {
        "energy": 36528.30726623535,
        "duration": 489090.5651855469,
        "dram": 2459.612823486328,
        "iteration": 16
    },
    "com.google.gson.functional.CustomDeserializerTest-testJsonTypeFieldBasedDeserialization": {
        "energy": 40078.90620240812,
        "duration": 1569170.7244372019,
        "dram": 4067.600391140587,
        "iteration": 92
    },
    "com.google.gson.JsonObjectTest-testReadPropertyWithEmptyStringName": {
        "energy": 48273.74607782119,
        "duration": 1008937.4169420616,
        "dram": 4609.064806604561,
        "iteration": 37
    },
    "com.google.gson.functional.MapAsArrayTypeAdapterTest-testSerializeComplexMapWithTypeAdapter": {
        "energy": 333857.93027197174,
        "duration": 9141852.489592593,
        "dram": 34842.83686704894,
        "iteration": 99
    },
    "com.google.gson.functional.MapTest-testDeerializeMapOfMaps": {
        "energy": 38347.98132813621,
        "duration": 912891.4355347683,
        "dram": 3147.5458651455792,
        "iteration": 57
    },
    "com.google.gson.functional.MapTest-testMapDeserialization": {
        "energy": 40251.27750987916,
        "duration": 1138045.9599811027,
        "dram": 3685.602190984885,
        "iteration": 63
    },
    "com.google.gson.functional.UncategorizedTest-testReturningDerivedClassesDuringDeserialization": {
        "energy": 46627.28984201616,
        "duration": 1897535.107457489,
        "dram": 4450.193157727379,
        "iteration": 99
    },
    "com.google.gson.ObjectTypeAdapterTest-testDeserialize": {
        "energy": 42188.39014019565,
        "duration": 1044293.6481876574,
        "dram": 3684.7326022599236,
        "iteration": 83
    },
    "com.google.gson.functional.CustomTypeAdaptersTest-testCustomDeserializers": {
        "energy": 35167.10987623816,
        "duration": 1113959.2223096553,
        "dram": 3580.5894273117624,
        "iteration": 64
    },
    "com.google.gson.functional.TypeVariableTest-testTypeVariablesViaTypeParameter": {
        "energy": 38953.47389905797,
        "duration": 1419923.9726206618,
        "dram": 4579.690456000111,
        "iteration": 95
    },
    "com.google.gson.functional.TypeHierarchyAdapterTest-testTypeHierarchy": {
        "energy": 172876.64038758713,
        "duration": 4775009.9032124095,
        "dram": 15037.551934067245,
        "iteration": 99
    },
    "com.google.gson.functional.MoreSpecificTypeSerializationTest-testMapOfSubclassFields": {
        "energy": 39598.30170492989,
        "duration": 1045568.5358765344,
        "dram": 3244.7313621658577,
        "iteration": 78
    },
    "com.google.gson.JsonObjectTest-testAddingStringProperties": {
        "energy": 37947.83304977417,
        "duration": 422186.2652454376,
        "dram": 2964.3802757263184,
        "iteration": 20
    },
    "com.google.gson.functional.InheritanceTest-testClassWithBaseCollectionFieldSerialization": {
        "energy": 36373.6868241629,
        "duration": 953128.7936487952,
        "dram": 3252.43714490152,
        "iteration": 64
    },
    "com.google.gson.functional.CustomSerializerTest-testBaseClassSerializerInvokedForBaseClassFieldsHoldingSubClassInstances": {
        "energy": 35617.67955865049,
        "duration": 710073.7422052731,
        "dram": 2877.251870564639,
        "iteration": 50
    },
    "com.google.gson.functional.CustomSerializerTest-testBaseClassSerializerInvokedForBaseClassFields": {
        "energy": 34050.89287159685,
        "duration": 646925.9991212953,
        "dram": 3082.937057789881,
        "iteration": 31
    },
    "com.google.gson.functional.MapTest-testMapDeserializationWithWildcardValues": {
        "energy": 36196.43855979479,
        "duration": 875108.1040116252,
        "dram": 1352.5285302524298,
        "iteration": 62
    },
    "com.google.gson.functional.CustomSerializerTest-testSubClassSerializerInvokedForBaseClassFieldsHoldingArrayOfSubClassInstances": {
        "energy": 31660.43960095506,
        "duration": 1011892.1973437394,
        "dram": 3363.1886533076276,
        "iteration": 59
    },
    "com.google.gson.functional.ParameterizedTypesTest-testParameterizedTypesWithCustomDeserializer": {
        "energy": 39414.79868246359,
        "duration": 1447974.0201117669,
        "dram": 3059.6728561068608,
        "iteration": 95
    },
    "com.google.gson.functional.InheritanceTest-testClassWithBaseArrayFieldSerialization": {
        "energy": 42394.59731007106,
        "duration": 851433.3753916163,
        "dram": 3397.6411446425063,
        "iteration": 60
    },
    "com.google.gson.functional.ExclusionStrategyFunctionalTest-testExclusionStrategyWithMode": {
        "energy": 34574.74736201782,
        "duration": 918846.0844132608,
        "dram": 3212.844395815222,
        "iteration": 46
    },
    "com.google.gson.functional.MapTest-testReadMapsWithEmptyStringKey": {
        "energy": 36221.31645827452,
        "duration": 777429.8626737476,
        "dram": 3487.0922263650386,
        "iteration": 53
    },
    "com.google.gson.functional.InheritanceTest-testBaseSerializedAsSub": {
        "energy": 40913.136056922376,
        "duration": 551964.754229568,
        "dram": 3122.757344327867,
        "iteration": 28
    },
    "com.google.gson.functional.JsonParserTest-testChangingCustomTreeAndDeserializing": {
        "energy": 38999.83716455362,
        "duration": 1364495.2954708647,
        "dram": 5328.859174106165,
        "iteration": 53
    },
    "com.google.gson.internal.LinkedHashTreeMapTest-testContainsNonComparableKeyReturnsFalse": {
        "energy": 55218.2177734375,
        "duration": 1724193.1647949219,
        "dram": 4855.00830078125,
        "iteration": 13
    },
    "com.google.gson.functional.CustomSerializerTest-testSubClassSerializerInvokedForBaseClassFieldsHoldingSubClassInstances": {
        "energy": 941701.203789471,
        "duration": 27775816.621049814,
        "dram": 86315.4733935721,
        "iteration": 70
    },
    "com.google.gson.functional.MoreSpecificTypeSerializationTest-testMapOfParameterizedSubclassFields": {
        "energy": 35099.58697164814,
        "duration": 871547.5111110836,
        "dram": 3374.4885412358003,
        "iteration": 66
    },
    "com.google.gson.internal.LinkedHashTreeMapTest-testEqualsAndHashCode": {
        "energy": 37346.404456647455,
        "duration": 956574.6185550904,
        "dram": 1551.6476499658893,
        "iteration": 42
    },
    "com.google.gson.functional.InheritanceTest-testClassWithBaseFieldSerialization": {
        "energy": 35550.92011774157,
        "duration": 1233285.0868061408,
        "dram": 5014.427213219671,
        "iteration": 52
    },