{
    "com.google.gson.functional.CustomDeserializerTest-testDefaultConstructorNotCalledOnField": {
        "energy": 36874.72549019608,
        "duration": 894648.1764705882,
        "dram": 3184.8823529411766,
        "iteration": 51,
        "stdev": 4248.308743435006
    },
    "com.google.gson.functional.CustomDeserializerTest-testDefaultConstructorNotCalledOnObject": {
        "energy": 95509.95959595959,
        "duration": 2961154.3535353537,
        "dram": 9341.959595959595,
        "iteration": 99,
        "stdev": 116572.49855177861
    },
    "com.google.gson.functional.InheritanceTest-testClassWithBaseArrayFieldSerialization": {
        "energy": 39120.46666666667,
        "duration": 1039736.1166666667,
        "dram": 3464.65,
        "iteration": 60,
        "stdev": 5433.094015588375
    },
    "com.google.gson.functional.ExclusionStrategyFunctionalTest-testExclusionStrategyWithMode": {
        "energy": 39191.02173913043,
        "duration": 1038954.1304347826,
        "dram": 3254.5434782608695,
        "iteration": 46,
        "stdev": 7960.052049450569
    },
    "com.google.gson.functional.TypeVariableTest-testAdvancedTypeVariables": {
        "energy": 184781.37373737374,
        "duration": 5440274.818181818,
        "dram": 17639.161616161615,
        "iteration": 99,
        "stdev": 436736.9279961876
    },
    "com.google.gson.functional.MapTest-testReadMapsWithEmptyStringKey": {
        "energy": 39509.188679245286,
        "duration": 881411.8679245283,
        "dram": 3524.188679245283,
        "iteration": 53,
        "stdev": 6334.6266946542755
    },
    "com.google.gson.functional.InheritanceTest-testBaseSerializedAsSub": {
        "energy": 37468.96428571428,
        "duration": 600659.0357142857,
        "dram": 2622.3214285714284,
        "iteration": 28,
        "stdev": 4784.389224208717
    },
    "com.google.gson.functional.JsonParserTest-testChangingCustomTreeAndDeserializing": {
        "energy": 45745.16981132075,
        "duration": 1344904.7358490566,
        "dram": 3874.0377358490564,
        "iteration": 53,
        "stdev": 16399.68340667248
    },
    "com.google.gson.JsonObjectTest-testReadPropertyWithEmptyStringName": {
        "energy": 43224.27027027027,
        "duration": 1075078.054054054,
        "dram": 3932.4054054054054,
        "iteration": 37,
        "stdev": 16478.679597537703
    },
    "com.google.gson.functional.MapAsArrayTypeAdapterTest-testSerializeComplexMapWithTypeAdapter": {
        "energy": 199814.9898989899,
        "duration": 5709965.888888889,
        "dram": 19463.131313131315,
        "iteration": 99,
        "stdev": 409872.97449012636
    },
    "com.google.gson.internal.LinkedHashTreeMapTest-testContainsNonComparableKeyReturnsFalse": {
        "energy": 53743.53846153846,
        "duration": 1565393.8461538462,
        "dram": 3486.076923076923,
        "iteration": 13,
        "stdev": 28201.14758334759
    },
    "com.google.gson.functional.CustomSerializerTest-testSubClassSerializerInvokedForBaseClassFieldsHoldingSubClassInstances": {
        "energy": 238235.3,
        "duration": 6832550.228571429,
        "dram": 22090.042857142857,
        "iteration": 70,
        "stdev": 531102.0629270355
    },
    "com.google.gson.functional.UncategorizedTest-testReturningDerivedClassesDuringDeserialization": {
        "energy": 74821.54545454546,
        "duration": 2355066.02020202,
        "dram": 7123.50505050505,
        "iteration": 99,
        "stdev": 35894.83718068284
    },
    "com.google.gson.functional.MoreSpecificTypeSerializationTest-testMapOfParameterizedSubclassFields": {
        "energy": 37641.030303030304,
        "duration": 1031339.0606060605,
        "dram": 3061.4545454545455,
        "iteration": 66,
        "stdev": 4653.063825994513
    },
    "com.google.gson.ObjectTypeAdapterTest-testDeserialize": {
        "energy": 52065.072289156626,
        "duration": 1601470.0361445784,
        "dram": 4688.44578313253,
        "iteration": 83,
        "stdev": 32064.04547970975
    },
    "com.google.gson.functional.CustomTypeAdaptersTest-testCustomDeserializers": {
        "energy": 45863.9375,
        "duration": 1261227.59375,
        "dram": 3936.203125,
        "iteration": 64,
        "stdev": 25419.4910156772
    },
    "com.google.gson.functional.TypeVariableTest-testTypeVariablesViaTypeParameter": {
        "energy": 43842.347368421055,
        "duration": 1400266.2210526315,
        "dram": 4078.4736842105262,
        "iteration": 95,
        "stdev": 15102.265760138822
    },
    "com.google.gson.functional.TypeHierarchyAdapterTest-testTypeHierarchy": {
        "energy": 185238.78787878787,
        "duration": 5414855.747474748,
        "dram": 17155.333333333332,
        "iteration": 99,
        "stdev": 264152.5656183047
    },
    "com.google.gson.functional.MoreSpecificTypeSerializationTest-testMapOfSubclassFields": {
        "energy": 46536.833333333336,
        "duration": 1495019.4102564103,
        "dram": 4466.807692307692,
        "iteration": 78,
        "stdev": 25491.27028824025
    },
    "com.google.gson.internal.LinkedHashTreeMapTest-testEqualsAndHashCode": {
        "energy": 38210.76190476191,
        "duration": 944156.9047619047,
        "dram": 3012.5714285714284,
        "iteration": 42,
        "stdev": 5598.849800286466
    },
    "com.google.gson.functional.CustomSerializerTest-testBaseClassSerializerInvokedForBaseClassFieldsHoldingSubClassInstances": {
        "energy": 36835.74,
        "duration": 819179.58,
        "dram": 2774.84,
        "iteration": 50,
        "stdev": 4258.832101926537
    },
    "com.google.gson.functional.CustomSerializerTest-testBaseClassSerializerInvokedForBaseClassFields": {
        "energy": 36861.16129032258,
        "duration": 763961.7741935484,
        "dram": 3083.6774193548385,
        "iteration": 31,
        "stdev": 4914.4467026655475
    },
    "com.google.gson.functional.MapTest-testMapDeserializationWithWildcardValues": {
        "energy": 37763.967741935485,
        "duration": 922773.9032258064,
        "dram": 3083.435483870968,
        "iteration": 62,
        "stdev": 4523.383400294098
    },
    "com.google.gson.functional.CustomSerializerTest-testSubClassSerializerInvokedForBaseClassFieldsHoldingArrayOfSubClassInstances": {
        "energy": 37960.627118644064,
        "duration": 942897.4915254237,
        "dram": 3047.830508474576,
        "iteration": 59,
        "stdev": 4683.7486648916965
    },
    "com.google.gson.functional.InheritanceTest-testClassWithBaseFieldSerialization": {
        "energy": 43631.769230769234,
        "duration": 1169990.9615384615,
        "dram": 3953.6153846153848,
        "iteration": 52,
        "stdev": 20745.963070341575
    },
    "com.google.gson.functional.ParameterizedTypesTest-testParameterizedTypesWithCustomDeserializer": {
        "energy": 58326.96842105263,
        "duration": 1816851.0631578946,
        "dram": 5044.442105263158,
        "iteration": 95,
        "stdev": 49179.568407483726
    },
    "com.google.gson.functional.InheritanceTest-testBaseSerializedAsBaseWhenSpecifiedWithExplicitType": {
        "energy": 38761.92307692308,
        "duration": 617410.0384615385,
        "dram": 2476.153846153846,
        "iteration": 26,
        "stdev": 4024.3551888955494
    },
    "com.google.gson.functional.InheritanceTest-testBaseSerializedAsSubWhenSpecifiedWithExplicitType": {
        "energy": 37989.125,
        "duration": 590108.3333333334,
        "dram": 2800.5,
        "iteration": 24,
        "stdev": 4610.843634958972
    },
    "com.google.gson.functional.JsonTreeTest-testJsonTreeNull": {
        "energy": 53631.84090909091,
        "duration": 1284906.1818181819,
        "dram": 4798.068181818182,
        "iteration": 44,
        "stdev": 103663.90098796625
    },
    "com.google.gson.functional.MapTest-testMapDeserializationWithNullKey": {
        "energy": 38477.269841269845,