{
    "com.google.gson.functional.CustomDeserializerTest-testDefaultConstructorNotCalledOnObject": {
        "energy": 47302,
        "duration": 2449326.6666666665,
        "dram": 6872.333333333333,
        "iteration": 99,
        "stdev": 82704.43675792472
    },
    "com.google.gson.JsonObjectTest-testEqualsNonEmptyObject": {
        "energy": 37658,
        "duration": 658195.5357142857,
        "dram": 2993.3571428571427,
        "iteration": 28,
        "stdev": 4739.422616576877
    },
    "com.google.gson.JsonObjectTest-testAddingBooleanProperties": {
        "energy": 40405,
        "duration": 731045.5,
        "dram": 2696.5625,
        "iteration": 16,
        "stdev": 15321.320561047438
    },
    "com.google.gson.functional.TypeVariableTest-testAdvancedTypeVariables": {
        "energy": 68054,
        "duration": 4989775.04040404,
        "dram": 15465.89898989899,
        "iteration": 99,
        "stdev": 416589.5776415652
    },
    "com.google.gson.functional.MapTest-testReadMapsWithEmptyStringKey": {
        "energy": 38391,
        "duration": 971879.393442623,
        "dram": 3186.1475409836066,
        "iteration": 61,
        "stdev": 7597.650210866935
    },
    "com.google.gson.functional.CustomDeserializerTest-testJsonTypeFieldBasedDeserialization": {
        "energy": 38696,
        "duration": 1430819.125,
        "dram": 4008.7613636363635,
        "iteration": 88,
        "stdev": 14972.472451013511
    },
    "com.google.gson.functional.JsonParserTest-testChangingCustomTreeAndDeserializing": {
        "energy": 40039,
        "duration": 1310882.6557377048,
        "dram": 4136.803278688524,
        "iteration": 61,
        "stdev": 15960.636267870044
    },
    "com.google.gson.functional.MapAsArrayTypeAdapterTest-testSerializeComplexMapWithTypeAdapter": {
        "energy": 97168,
        "duration": 6945676.464646464,
        "dram": 22133.81818181818,
        "iteration": 99,
        "stdev": 468036.82163100963
    },
    "com.google.gson.functional.MapTest-testDeerializeMapOfMaps": {
        "energy": 36926,
        "duration": 901167.2372881356,
        "dram": 3060.491525423729,
        "iteration": 59,
        "stdev": 3632.0869623137914
    },
    "com.google.gson.functional.CustomSerializerTest-testSubClassSerializerInvokedForBaseClassFieldsHoldingSubClassInstances": {
        "energy": 43518,
        "duration": 5484770.84,
        "dram": 17552.733333333334,
        "iteration": 75,
        "stdev": 462532.3923139069
    },
    "com.google.gson.functional.MapTest-testMapDeserialization": {
        "energy": 38147,
        "duration": 1639989.8275862068,
        "dram": 4765.5,
        "iteration": 58,
        "stdev": 39549.39500265962
    },
    "com.google.gson.functional.UncategorizedTest-testReturningDerivedClassesDuringDeserialization": {
        "energy": 73303,
        "duration": 2144480.242424242,
        "dram": 6495.363636363636,
        "iteration": 99,
        "stdev": 31417.40823120077
    },
    "com.google.gson.DefaultMapJsonSerializerTest-testNonEmptyMapSerialization": {
        "energy": 39306,
        "duration": 1074894.7704918033,
        "dram": 3295.7377049180327,
        "iteration": 61,
        "stdev": 5286.630818785816
    },
    "com.google.gson.ObjectTypeAdapterTest-testDeserialize": {
        "energy": 40161,
        "duration": 1438655.086419753,
        "dram": 4261.320987654321,
        "iteration": 81,
        "stdev": 26789.036609933188
    },
    "com.google.gson.functional.CustomTypeAdaptersTest-testCustomDeserializers": {
        "energy": 38940,
        "duration": 1501182.9642857143,
        "dram": 4206.964285714285,
        "iteration": 56,
        "stdev": 29869.207132248812
    },
    "com.google.gson.functional.TypeVariableTest-testTypeVariablesViaTypeParameter": {
        "energy": 37964,
        "duration": 1384371.5824175824,
        "dram": 3711.4945054945056,
        "iteration": 91,
        "stdev": 14515.70597933469
    },
    "com.google.gson.functional.TypeHierarchyAdapterTest-testTypeHierarchy": {
        "energy": 120666,
        "duration": 7004546.919191919,
        "dram": 22502.757575757576,
        "iteration": 99,
        "stdev": 456540.91099322465
    },
    "com.google.gson.JsonObjectTest-testAddingStringProperties": {
        "energy": 38940,
        "duration": 457445.23529411765,
        "dram": 2632.4117647058824,
        "iteration": 17,
        "stdev": 4688.317025636383
    },
    "com.google.gson.functional.InheritanceTest-testClassWithBaseCollectionFieldSerialization": {
        "energy": 36499,
        "duration": 1123757.1666666667,
        "dram": 3552.181818181818,
        "iteration": 66,
        "stdev": 15339.660111289617
    },
    "com.google.gson.functional.MapTest-testMapDeserializationWithWildcardValues": {
        "energy": 36560,
        "duration": 887770.2807017544,
        "dram": 2661.1052631578946,
        "iteration": 57,
        "stdev": 5113.423524324943
    },
    "com.google.gson.functional.InheritanceTest-testClassWithBaseFieldSerialization": {
        "energy": 37231,
        "duration": 1082918.6551724137,
        "dram": 3169.7758620689656,
        "iteration": 58,
        "stdev": 15526.42702535271
    },
    "com.google.gson.internal.LinkedHashTreeMapTest-testContainsNullKeyFails": {
        "energy": 36438,
        "duration": 461200.3333333333,
        "dram": 1395.4,
        "iteration": 15,
        "stdev": 4492.253695220498
    },
    "com.google.gson.functional.ParameterizedTypesTest-testParameterizedTypesWithCustomDeserializer": {
        "energy": 44921,
        "duration": 2061660.2857142857,
        "dram": 5963.010989010989,
        "iteration": 91,
        "stdev": 53447.062090728396
    },
    "com.google.gson.functional.InheritanceTest-testBaseSerializedAsBaseWhenSpecifiedWithExplicitType": {
        "energy": 37537,
        "duration": 539961.84,
        "dram": 2473.64,
        "iteration": 25,
        "stdev": 4595.932646329796
    },
    "com.google.gson.functional.JsonTreeTest-testJsonTreeNull": {
        "energy": 36744,
        "duration": 848828.5,
        "dram": 2983.5833333333335,
        "iteration": 36,
        "stdev": 4527.610293681492
    },
    "com.google.gson.functional.InheritanceTest-testClassWithBaseArrayFieldSerialization": {
        "energy": 36743,
        "duration": 1009538.2711864407,
        "dram": 3126.6101694915255,
        "iteration": 59,
        "stdev": 8770.051002410955
    },
    "com.google.gson.functional.ExclusionStrategyFunctionalTest-testExclusionStrategyWithMode": {
        "energy": 38696,
        "duration": 930226.5454545454,
        "dram": 3328.159090909091,
        "iteration": 44,
        "stdev": 6484.596013210496
    },
    "com.google.gson.functional.DefaultTypeAdaptersTest-testJsonObjectDeserialization": {
        "energy": 37597,
        "duration": 657263.2142857143,
        "dram": 2971.5,
        "iteration": 28,
        "stdev": 3587.638681632946
    },
    "com.google.gson.functional.InheritanceTest-testBaseSerializedAsSub": {
        "energy": 36011,
        "duration": 593602.0,
        "dram": 2913.0,
        "iteration": 28,
        "stdev": 4665.509369543257
    },
    "com.google.gson.functional.MapTest-testMapDeserializationWithNullValue": {
        "energy": 37537,
        "duration": 872707.3829787234,
        "dram": 3295.404255319149,
        "iteration": 47,
        "stdev": 4293.190749035645
    },
    "com.google.gson.functional.MoreSpecificTypeSerializationTest-testMapOfSubclassFields": {
        "energy": 40466,
        "duration": 1499689.310810811,
        "dram": 4224.121621621622,
        "iteration": 74,
        "stdev": 23873.774207289836
    },
    "com.google.gson.internal.LinkedHashTreeMapTest-testEqualsAndHashCode": {
        "energy": 36987,
        "duration": 864675.487804878,
        "dram": 3049.9024390243903,
        "iteration": 41,
        "stdev": 5852.3105713214245
    },