{
    "com.google.gson.functional.CustomTypeAdaptersTest-testCustomAdapterInvokedForCollectionElementDeserialization": {
        "energy": 37720,
        "duration": 3210901.426829268,
        "dram": 8596.865853658537,
        "iteration": 82,
        "stdev": 109139.87611708957
    },
    "com.google.gson.functional.CollectionTest-testSetDeserialization": {
        "energy": 33203,
        "duration": 1318987.3214285714,
        "dram": 2889.7976190476193,
        "iteration": 84,
        "stdev": 3967.5655799182928
    }
}