{
    "com.google.gson.functional.NamingPolicyTest-testGsonWithLowerCaseDashPolicyDeserialiation": {
        "energy": 584698.7316744463,
        "duration": 15977417.090789806,
        "dram": 53737.136280654566,
        "iteration": 97
    },
    "com.google.gson.ObjectTypeAdapterTest-testSerializeNullValue": {
        "energy": 139948.59284788684,
        "duration": 5627889.133118579,
        "dram": 10982.555842764526,
        "iteration": 75
    },
    "com.google.gson.functional.NamingPolicyTest-testGsonWithLowerCaseDashPolicySerialization": {
        "energy": 34254.02895371411,
        "duration": 844679.0884087867,
        "dram": 1510.6502702796588,
        "iteration": 59
    },
    "com.google.gson.ObjectTypeAdapterTest-testSerialize": {
        "energy": 193897.45043757,
        "duration": 7212571.51377936,
        "dram": 20619.909638611425,
        "iteration": 99
    },
    "com.google.gson.functional.NamingPolicyTest-testGsonWithLowerCaseUnderscorePolicySerialization": {
        "energy": 32815.63695727438,
        "duration": 909100.4617059401,
        "dram": 3129.1402780182502,
        "iteration": 51
    },
    "com.google.gson.functional.NamingPolicyTest-testGsonWithLowerCaseUnderscorePolicyDeserialiation": {
        "energy": 34719.82091876327,
        "duration": 843255.5067525038,
        "dram": 3386.640846207135,
        "iteration": 49
    },
    "com.google.gson.ObjectTypeAdapterTest-testSerializeObject": {
        "energy": 36212.456897735596,
        "duration": 628236.2004776001,
        "dram": 570.8902359008789,
        "iteration": 19
    }
}