{
    "com.google.gson.functional.NamingPolicyTest-testGsonWithLowerCaseDashPolicyDeserialiation": {
        "energy": 233437.99931313546,
        "duration": 7745630.993248055,
        "dram": 24378.273033350677,
        "iteration": 97
    },
    "com.google.gson.ObjectTypeAdapterTest-testSerializeNullValue": {
        "energy": 42247.59135355963,
        "duration": 1603944.5365483023,
        "dram": 3451.66108344022,
        "iteration": 74
    },
    "com.google.gson.functional.NamingPolicyTest-testGsonWithLowerCaseUnderscorePolicySerialization": {
        "energy": 35574.22345857185,
        "duration": 1089589.6205191126,
        "dram": 3586.585746835243,
        "iteration": 45
    },
    "com.google.gson.functional.NamingPolicyTest-testGsonWithLowerCaseUnderscorePolicyDeserialiation": {
        "energy": 32541.789738404073,
        "duration": 985509.2463697833,
        "dram": 2528.0070249260375,
        "iteration": 52
    },
    "com.google.gson.ObjectTypeAdapterTest-testSerialize": {
        "energy": 372955.3369779874,
        "duration": 13676644.196895376,
        "dram": 31628.73241643024,
        "iteration": 99
    },
    "com.google.gson.functional.NamingPolicyTest-testGsonWithLowerCaseDashPolicySerialization": {
        "energy": 50904.48449623456,
        "duration": 1610728.5998489105,
        "dram": 5063.005298227705,
        "iteration": 61
    },
    "com.google.gson.ObjectTypeAdapterTest-testSerializeObject": {
        "energy": 34128.48486325145,
        "duration": 747342.4183905721,
        "dram": 1321.1507893800735,
        "iteration": 26
    }
}