{
    "com.google.gson.functional.NamingPolicyTest-testGsonWithLowerCaseDashPolicyDeserialiation": {
        "energy": 825447.4329896907,
        "duration": 23812229.969072163,
        "dram": 77100.45360824742,
        "iteration": 97,
        "stdev": 666663.5819400765
    },
    "com.google.gson.ObjectTypeAdapterTest-testSerializeNullValue": {
        "energy": 102403.56756756757,
        "duration": 3529210.5675675673,
        "dram": 9638.391891891892,
        "iteration": 74,
        "stdev": 107739.65433082897
    },
    "com.google.gson.functional.NamingPolicyTest-testGsonWithLowerCaseUnderscorePolicySerialization": {
        "energy": 34969.044444444444,
        "duration": 1027935.6,
        "dram": 2983.8444444444444,
        "iteration": 45,
        "stdev": 3375.252306325858
    },
    "com.google.gson.functional.NamingPolicyTest-testGsonWithLowerCaseDashPolicySerialization": {
        "energy": 37804.737704918036,
        "duration": 1137692.5737704919,
        "dram": 3582.27868852459,
        "iteration": 61,
        "stdev": 15080.88736996691
    },
    "com.google.gson.functional.NamingPolicyTest-testGsonWithLowerCaseUnderscorePolicyDeserialiation": {
        "energy": 34448.42307692308,
        "duration": 872884.5,
        "dram": 2933.1923076923076,
        "iteration": 52,
        "stdev": 3635.874999682141
    },
    "com.google.gson.ObjectTypeAdapterTest-testSerialize": {
        "energy": 196899.61616161617,
        "duration": 6670889.05050505,
        "dram": 18992.151515151516,
        "iteration": 99,
        "stdev": 135110.82180881244
    },
    "com.google.gson.ObjectTypeAdapterTest-testSerializeObject": {
        "energy": 34689.03846153846,
        "duration": 657544.7307692308,
        "dram": 2516.923076923077,
        "iteration": 26,
        "stdev": 3873.077215071412
    }
}