{
    "com.google.gson.functional.NamingPolicyTest-testGsonWithLowerCaseDashPolicyDeserialiation": {
        "energy": 170959,
        "duration": 21567939.463917527,
        "dram": 68491.793814433,
        "iteration": 97,
        "stdev": 661949.7847692443
    },
    "com.google.gson.ObjectTypeAdapterTest-testSerializeNullValue": {
        "energy": 34728,
        "duration": 3330448.6133333333,
        "dram": 9776.28,
        "iteration": 75,
        "stdev": 116800.19810921098
    },
    "com.google.gson.functional.NamingPolicyTest-testGsonWithLowerCaseUnderscorePolicySerialization": {
        "energy": 35156,
        "duration": 965415.2352941176,
        "dram": 2982.2549019607845,
        "iteration": 51,
        "stdev": 3840.9741844862797
    },
    "com.google.gson.functional.NamingPolicyTest-testGsonWithLowerCaseDashPolicySerialization": {
        "energy": 33630,
        "duration": 2594834.0677966103,
        "dram": 8653.016949152543,
        "iteration": 59,
        "stdev": 277858.5899279542
    },
    "com.google.gson.functional.NamingPolicyTest-testGsonWithLowerCaseUnderscorePolicyDeserialiation": {
        "energy": 34668,
        "duration": 987497.2040816327,
        "dram": 3265.1428571428573,
        "iteration": 49,
        "stdev": 12020.203521905873
    },
    "com.google.gson.ObjectTypeAdapterTest-testSerialize": {
        "energy": 175109,
        "duration": 7554963.626262627,
        "dram": 22738.161616161615,
        "iteration": 99,
        "stdev": 145931.5709415206
    },
    "com.google.gson.ObjectTypeAdapterTest-testSerializeObject": {
        "energy": 33081,
        "duration": 613822.052631579,
        "dram": 2293.4736842105262,
        "iteration": 19,
        "stdev": 2971.5616001507196
    }
}