{
    "com.google.gson.functional.CircularReferenceTest-testCircularSerialization": {
        "energy": 49076.98412698413,
        "duration": 1462393.5238095238,
        "dram": 4228.6349206349205,
        "iteration": 63,
        "stdev": 52781.61766153062
    },
    "com.google.gson.functional.CircularReferenceTest-testSelfReferenceArrayFieldSerialization": {
        "energy": 35258.82352941176,
        "duration": 1340257.705882353,
        "dram": 3192.070588235294,
        "iteration": 85,
        "stdev": 8074.52493911484
    },
    "com.google.gson.functional.CircularReferenceTest-testSelfReferenceSerialization": {
        "energy": 54060.30303030303,
        "duration": 1965143.6363636365,
        "dram": 5096.646464646465,
        "iteration": 99,
        "stdev": 17006.08489225895
    },
    "com.google.gson.functional.CircularReferenceTest-testSelfReferenceCustomHandlerSerialization": {
        "energy": 72532.1095890411,
        "duration": 2326337.2191780824,
        "dram": 6460.301369863014,
        "iteration": 73,
        "stdev": 69722.1586094842
    }
}