{
    "com.google.gson.functional.CircularReferenceTest-testCircularSerialization": {
        "energy": 33813,
        "duration": 1345443.2272727273,
        "dram": 3816.030303030303,
        "iteration": 66,
        "stdev": 42880.592658773676
    },
    "com.google.gson.functional.CircularReferenceTest-testSelfReferenceArrayFieldSerialization": {
        "energy": 33569,
        "duration": 1253694.3493975904,
        "dram": 3020.10843373494,
        "iteration": 83,
        "stdev": 4392.259751548051
    },
    "com.google.gson.functional.CircularReferenceTest-testSelfReferenceSerialization": {
        "energy": 38757,
        "duration": 1896415.0303030303,
        "dram": 4837.282828282829,
        "iteration": 99,
        "stdev": 17474.42928029916
    },
    "com.google.gson.functional.CircularReferenceTest-testSelfReferenceCustomHandlerSerialization": {
        "energy": 37964,
        "duration": 2424096.3636363638,
        "dram": 6596.701298701299,
        "iteration": 77,
        "stdev": 61668.200092577055
    }
}