{
    "com.google.gson.functional.StreamingTypeAdaptersTest-testNullSafe": {
        "energy": 43165.27777777778,
        "duration": 1445983.8,
        "dram": 3870.688888888889,
        "iteration": 90,
        "stdev": 15455.441423673969
    },
    "com.google.gson.functional.CustomDeserializerTest-testDefaultConstructorNotCalledOnObject": {
        "energy": 62923.37373737374,
        "duration": 2047050.878787879,
        "dram": 5651.69696969697,
        "iteration": 99,
        "stdev": 61849.9103541785
    },
    "com.google.gson.OverrideCoreTypeAdaptersTest-testOverrideStringAdapter": {
        "energy": 37419.954545454544,
        "duration": 592851.9090909091,
        "dram": 2864.6363636363635,
        "iteration": 22,
        "stdev": 5149.092351413832
    },
    "com.google.gson.functional.ReadersWritersTest-testReadWriteTwoObjects": {
        "energy": 44124.46153846154,
        "duration": 1222937.5692307693,
        "dram": 3601.630769230769,
        "iteration": 65,
        "stdev": 19260.179396941425
    },
    "com.google.gson.functional.DefaultTypeAdaptersTest-testBitSetDeserialization": {
        "energy": 36898.393939393936,
        "duration": 836936.6666666666,
        "dram": 3292.2727272727275,
        "iteration": 33,
        "stdev": 15391.160398766862
    },
    "com.google.gson.functional.EnumTest-testEnumSubclassAsParameterizedType": {
        "energy": 35883.890625,
        "duration": 1015774.515625,
        "dram": 2896.953125,
        "iteration": 64,
        "stdev": 4368.913749138578
    },
    "com.google.gson.functional.DelegateTypeAdapterTest-testDelegateInvokedOnStrings": {
        "energy": 36454.68965517241,
        "duration": 690838.8275862068,
        "dram": 2873.9310344827586,
        "iteration": 29,
        "stdev": 4771.758001085917
    },
    "com.google.gson.functional.TypeAdapterPrecedenceTest-testStreamingHierarchicalFollowedByNonstreaming": {
        "energy": 36028.142857142855,
        "duration": 527506.9047619047,
        "dram": 2063.3809523809523,
        "iteration": 21,
        "stdev": 4354.166852520909
    },
    "com.google.gson.functional.ParameterizedTypesTest-testVariableTypeArrayDeserialization": {
        "energy": 37434.4,
        "duration": 1310222.894736842,
        "dram": 3424.2526315789473,
        "iteration": 95,
        "stdev": 9721.648015369452
    },
    "com.google.gson.functional.EnumTest-testEnumCaseMapping": {
        "energy": 103045.03846153847,
        "duration": 3017519.8076923075,
        "dram": 9300.28205128205,
        "iteration": 78,
        "stdev": 56609.44815235268
    },
    "com.google.gson.functional.EnumTest-testEnumSubclass": {
        "energy": 85261.59595959596,
        "duration": 2666207.282828283,
        "dram": 7800.090909090909,
        "iteration": 99,
        "stdev": 28063.42474111789
    },
    "com.google.gson.functional.TypeVariableTest-testBasicTypeVariables": {
        "energy": 36315.83076923077,
        "duration": 941829.1230769231,
        "dram": 2919.4307692307693,
        "iteration": 65,
        "stdev": 4887.489481615218
    },
    "com.google.gson.functional.EnumTest-testEnumSubclassWithRegisteredTypeAdapter": {
        "energy": 44478.301204819276,
        "duration": 1362233.9277108433,
        "dram": 3893.3614457831327,
        "iteration": 83,
        "stdev": 19468.69695377558
    },
    "com.google.gson.functional.DefaultTypeAdaptersTest-testOverrideBigIntegerTypeAdapter": {
        "energy": 35287.64102564102,
        "duration": 695917.3846153846,
        "dram": 2783.358974358974,
        "iteration": 39,
        "stdev": 3656.3891357681077
    },
    "com.google.gson.functional.MapAsArrayTypeAdapterTest-testMultipleEnableComplexKeyRegistrationHasNoEffect": {
        "energy": 37814.68571428571,
        "duration": 1097894.8142857142,
        "dram": 3182.385714285714,
        "iteration": 70,
        "stdev": 8378.44467247925
    },
    "com.google.gson.functional.CollectionTest-testFieldIsArrayList": {
        "energy": 37617.5625,
        "duration": 1012139.8125,
        "dram": 3057.484375,
        "iteration": 64,
        "stdev": 3880.0057461096303
    },
    "com.google.gson.functional.TypeVariableTest-testAdvancedTypeVariables": {
        "energy": 133868.22222222222,
        "duration": 4137593.404040404,
        "dram": 12415.060606060606,
        "iteration": 99,
        "stdev": 332431.34887871856
    },
    "com.google.gson.functional.PrimitiveTest-testQuotedStringSerializationAndDeserialization": {
        "energy": 39168.066666666666,
        "duration": 598354.9333333333,
        "dram": 2526.6,
        "iteration": 15,
        "stdev": 4527.316960653652
    },
    "com.google.gson.GsonTypeAdapterTest-testTypeAdapterDoesNotAffectNonAdaptedTypes": {
        "energy": 100543.30769230769,
        "duration": 3048478.346153846,
        "dram": 9498.5,
        "iteration": 26,
        "stdev": 95719.51042168397
    },
    "com.google.gson.functional.ParameterizedTypesTest-testVariableTypeDeserialization": {
        "energy": 39247.64367816092,
        "duration": 1309837.8045977012,
        "dram": 3326.4137931034484,
        "iteration": 87,
        "stdev": 11135.718786680241
    },
    "com.google.gson.functional.MapAsArrayTypeAdapterTest-testSerializeComplexMapWithTypeAdapter": {
        "energy": 201767.57575757575,
        "duration": 5749864.888888889,
        "dram": 18674.323232323233,
        "iteration": 99,
        "stdev": 423224.63458720903
    },
    "com.google.gson.functional.ParameterizedTypesTest-testParameterizedTypeGenericArraysDeserialization": {
        "energy": 38268.188888888886,
        "duration": 1310324.9555555556,
        "dram": 3422.733333333333,
        "iteration": 90,
        "stdev": 9537.383562585526
    },
    "com.google.gson.functional.DefaultTypeAdaptersTest-testTimestampSerialization": {
        "energy": 35344.981132075474,
        "duration": 811586.679245283,
        "dram": 2755.188679245283,
        "iteration": 53,
        "stdev": 3286.272054853634
    },
    "com.google.gson.functional.DefaultTypeAdaptersTest-testDefaultDateDeserializationUsingBuilder": {
        "energy": 105335.33333333333,
        "duration": 3537919.0808080807,
        "dram": 10163.818181818182,
        "iteration": 99,
        "stdev": 21751.91455871637
    },
    "com.google.gson.functional.NamingPolicyTest-testComplexFieldNameStrategy": {
        "energy": 38315.34328358209,
        "duration": 1082469.6865671643,
        "dram": 3229.283582089552,
        "iteration": 67,
        "stdev": 4956.344336369684
    },
    "com.google.gson.functional.TypeVariableTest-testTypeVariablesViaTypeParameter": {
        "energy": 41587.53488372093,
        "duration": 1385865.7906976745,
        "dram": 3689.8372093023254,
        "iteration": 86,
        "stdev": 13596.650354165697
    },
    "com.google.gson.functional.DefaultTypeAdaptersTest-testNullSerialization": {
        "energy": 310316.7474747475,
        "duration": 9791173.191919193,
        "dram": 29191.353535353537,
        "iteration": 99,
        "stdev": 281379.9021863338
    },
    "com.google.gson.functional.TypeHierarchyAdapterTest-testTypeHierarchy": {
        "energy": 222324.0909090909,
        "duration": 6362532.656565657,
        "dram": 19453.575757575756,
        "iteration": 99,
        "stdev": 402614.729925335
    },
    "com.google.gson.DefaultInetAddressTypeAdapterTest-testInetAddressSerializationAndDeserialization": {
        "energy": 197055.48484848486,
        "duration": 5827785.464646464,
        "dram": 18068.878787878788,
        "iteration": 99,
        "stdev": 90604.97955894054
    },
    "com.google.gson.functional.CollectionTest-testWildcardCollectionField": {
        "energy": 45930.88636363636,
        "duration": 1497829.9659090908,
        "dram": 3789.568181818182,
        "iteration": 88,
        "stdev": 16241.206858308266
    },