{
    "com.google.gson.functional.TypeAdapterPrecedenceTest-testStreamingFollowedByNonstreaming": {
        "energy": 36804,
        "duration": 557168.1818181818,
        "dram": 2380.0454545454545,
        "iteration": 22,
        "stdev": 4121.2205568374
    },
    "com.google.gson.functional.StreamingTypeAdaptersTest-testNullSafe": {
        "energy": 36987,
        "duration": 1386031.8510638298,
        "dram": 3583.936170212766,
        "iteration": 94,
        "stdev": 11900.914755308859
    },
    "com.google.gson.functional.CustomDeserializerTest-testDefaultConstructorNotCalledOnObject": {
        "energy": 43030,
        "duration": 2578517.1818181816,
        "dram": 7465.484848484848,
        "iteration": 99,
        "stdev": 91218.2013577027
    },
    "com.google.gson.functional.ReadersWritersTest-testReadWriteTwoObjects": {
        "energy": 36804,
        "duration": 1335883.2068965517,
        "dram": 4087.1206896551726,
        "iteration": 58,
        "stdev": 24100.449848303793
    },
    "com.google.gson.functional.DefaultTypeAdaptersTest-testBitSetDeserialization": {
        "energy": 33692,
        "duration": 903656.8611111111,
        "dram": 3161.027777777778,
        "iteration": 36,
        "stdev": 18869.89418823419
    },
    "com.google.gson.functional.EnumTest-testEnumSubclassAsParameterizedType": {
        "energy": 34118,
        "duration": 987098.5522388059,
        "dram": 3022.776119402985,
        "iteration": 67,
        "stdev": 4869.21848928233
    },
    "com.google.gson.functional.TypeAdapterPrecedenceTest-testStreamingHierarchicalFollowedByNonstreaming": {
        "energy": 36254,
        "duration": 529602.3333333334,
        "dram": 2737.4814814814813,
        "iteration": 27,
        "stdev": 5238.510715701412
    },
    "com.google.gson.JsonParserTest-testReadWriteTwoObjects": {
        "energy": 40710,
        "duration": 4666473.633802817,
        "dram": 13860.957746478873,
        "iteration": 71,
        "stdev": 414513.0692922804
    },
    "com.google.gson.functional.ParameterizedTypesTest-testVariableTypeArrayDeserialization": {
        "energy": 35523,
        "duration": 1346578.5376344086,
        "dram": 3625.5913978494623,
        "iteration": 93,
        "stdev": 10364.496404719152
    },
    "com.google.gson.functional.ObjectTest-testSingletonLists": {
        "energy": 36926,
        "duration": 1285598.4431818181,
        "dram": 3298.431818181818,
        "iteration": 88,
        "stdev": 8927.280898990659
    },
    "com.google.gson.functional.EnumTest-testEnumCaseMapping": {
        "energy": 121948,
        "duration": 3195048.2285714285,
        "dram": 9405.814285714287,
        "iteration": 70,
        "stdev": 54039.76016492536
    },
    "com.google.gson.functional.EnumTest-testEnumSubclass": {
        "energy": 73791,
        "duration": 2824813.4343434344,
        "dram": 8043.292929292929,
        "iteration": 99,
        "stdev": 69654.83396514243
    },
    "com.google.gson.functional.TypeVariableTest-testBasicTypeVariables": {
        "energy": 35156,
        "duration": 909767.3015873015,
        "dram": 2873.253968253968,
        "iteration": 63,
        "stdev": 3840.7224678216376
    },
    "com.google.gson.functional.DefaultTypeAdaptersTest-testOverrideBigIntegerTypeAdapter": {
        "energy": 36621,
        "duration": 754538.95,
        "dram": 2755.575,
        "iteration": 40,
        "stdev": 4409.267682322655
    },
    "com.google.gson.functional.MapAsArrayTypeAdapterTest-testMultipleEnableComplexKeyRegistrationHasNoEffect": {
        "energy": 35034,
        "duration": 1092637.0133333334,
        "dram": 3125.0666666666666,
        "iteration": 75,
        "stdev": 7472.107030092353
    },
    "com.google.gson.functional.CollectionTest-testFieldIsArrayList": {
        "energy": 37659,
        "duration": 1018216.0701754387,
        "dram": 3054.0526315789475,
        "iteration": 57,
        "stdev": 4819.808677392996
    },
    "com.google.gson.functional.TypeVariableTest-testAdvancedTypeVariables": {
        "energy": 70556,
        "duration": 3036196.0606060605,
        "dram": 9068.272727272728,
        "iteration": 99,
        "stdev": 217364.94586203017
    },
    "com.google.gson.functional.EscapingTest-testGsonDoubleDeserialization": {
        "energy": 35401,
        "duration": 803192.911111111,
        "dram": 3117.0444444444443,
        "iteration": 45,
        "stdev": 4512.710898269246
    },
    "com.google.gson.functional.ParameterizedTypesTest-testVariableTypeDeserialization": {
        "energy": 36621,
        "duration": 1342404.2159090908,
        "dram": 3392.568181818182,
        "iteration": 88,
        "stdev": 10438.565145229166
    },
    "com.google.gson.functional.MapAsArrayTypeAdapterTest-testSerializeComplexMapWithTypeAdapter": {
        "energy": 93444,
        "duration": 5723658.292929293,
        "dram": 17540.878787878788,
        "iteration": 99,
        "stdev": 378074.58576023806
    },
    "com.google.gson.functional.ParameterizedTypesTest-testParameterizedTypeGenericArraysDeserialization": {
        "energy": 35522,
        "duration": 1359321.2857142857,
        "dram": 3542.967032967033,
        "iteration": 91,
        "stdev": 12078.013185400241
    },
    "com.google.gson.functional.EscapingTest-testGsonAcceptsEscapedAndNonEscapedJsonDeserialization": {
        "energy": 35401,
        "duration": 1012305.0163934426,
        "dram": 3132.1147540983607,
        "iteration": 61,
        "stdev": 6644.161911365067
    },
    "com.google.gson.functional.DefaultTypeAdaptersTest-testTimestampSerialization": {
        "energy": 35217,
        "duration": 821169.5576923077,
        "dram": 2945.8076923076924,
        "iteration": 52,
        "stdev": 3762.738773606583
    },
    "com.google.gson.functional.DefaultTypeAdaptersTest-testDefaultDateDeserializationUsingBuilder": {
        "energy": 106933,
        "duration": 3632833.393939394,
        "dram": 10683.161616161617,
        "iteration": 99,
        "stdev": 24728.927693243542
    },
    "com.google.gson.functional.NamingPolicyTest-testComplexFieldNameStrategy": {
        "energy": 38757,
        "duration": 1047470.3571428572,
        "dram": 3217.8285714285716,
        "iteration": 70,
        "stdev": 5239.432432437852
    },
    "com.google.gson.functional.EscapingTest-testEscapingObjectFields": {
        "energy": 41320,
        "duration": 1848010.7241379311,
        "dram": 5934.017241379311,
        "iteration": 58,
        "stdev": 57450.15081323751
    },
    "com.google.gson.functional.TypeVariableTest-testTypeVariablesViaTypeParameter": {
        "energy": 36254,
        "duration": 1341838.3295454546,
        "dram": 3495.9204545454545,
        "iteration": 88,
        "stdev": 9665.187336298177
    },
    "com.google.gson.functional.DefaultTypeAdaptersTest-testNullSerialization": {
        "energy": 135192,
        "duration": 9798920.626262626,
        "dram": 29856.050505050505,
        "iteration": 99,
        "stdev": 270496.18898612703
    },
    "com.google.gson.functional.TypeHierarchyAdapterTest-testTypeHierarchy": {
        "energy": 119262,
        "duration": 5231451.707070707,
        "dram": 16072.848484848484,
        "iteration": 99,
        "stdev": 277622.1782872247
    },
    "com.google.gson.DefaultInetAddressTypeAdapterTest-testInetAddressSerializationAndDeserialization": {
        "energy": 186401,
        "duration": 6343836.080808081,
        "dram": 19281.535353535353,
        "iteration": 99,
        "stdev": 95441.56437698864
    },
    "com.google.gson.functional.CollectionTest-testWildcardCollectionField": {
        "energy": 38941,
        "duration": 1492905.7608695652,
        "dram": 3715.108695652174,
        "iteration": 92,
        "stdev": 14337.941981097152
    },
    "com.google.gson.functional.EscapingTest-testEscapingQuotesInStringArray": {
        "energy": 38696,
        "duration": 2607536.463414634,