{
    "com.google.gson.JavaFieldNamingPolicyTest-testFieldNamingPolicy": {
        "energy": 41382,
        "duration": 2475729.25,
        "dram": 7123.4375,
        "iteration": 48,
        "stdev": 69546.78375828097
    },
    "com.google.gson.SerializedNameAnnotationInterceptingNamingPolicyTest-testFieldWithAnnotation": {
        "energy": 117920,
        "duration": 4297603.333333333,
        "dram": 13226.464646464647,
        "iteration": 99,
        "stdev": 84453.71935454135
    },
    "com.google.gson.FieldNamingStrategy2AdapterTest-testSimpleAdapter": {
        "energy": 40832,
        "duration": 2011866.7362637362,
        "dram": 5556.9010989010985,
        "iteration": 91,
        "stdev": 57245.267428424304
    },
    "com.google.gson.VersionExclusionStrategyTest-testClassAndFieldAreAtSameVersion": {
        "energy": 117615,
        "duration": 5068802.75257732,
        "dram": 15496.216494845361,
        "iteration": 97,
        "stdev": 120736.32127401965
    },
    "com.google.gson.ExposeAnnotationExclusionStrategyTest-testSkipNonAnnotatedFields": {
        "energy": 39489,
        "duration": 2095522.9682539683,
        "dram": 5664.619047619048,
        "iteration": 63,
        "stdev": 49448.3366166924
    },
    "com.google.gson.ExposeAnnotationExclusionStrategyTest-testNeverSkipExposedAnnotatedFields": {
        "energy": 37536,
        "duration": 863242.9743589744,
        "dram": 2687.3333333333335,
        "iteration": 39,
        "stdev": 11388.447113145636
    },
    "com.google.gson.ExposeAnnotationExclusionStrategyTest-testSkipExplicitlySkippedFields": {
        "energy": 82031,
        "duration": 3418673.46875,
        "dram": 9849.09375,
        "iteration": 96,
        "stdev": 56455.278186494426
    },
    "com.google.gson.NullExclusionStrategyTest-testNeverSkipsField": {
        "energy": 40344,
        "duration": 2016460.5,
        "dram": 5755.48,
        "iteration": 50,
        "stdev": 58576.42484896462
    },
    "com.google.gson.VersionExclusionStrategyTest-testClassAndFieldAreAheadInVersion": {
        "energy": 37842,
        "duration": 1340797.9523809524,
        "dram": 3952.5238095238096,
        "iteration": 21,
        "stdev": 86673.36402230682
    },
    "com.google.gson.VersionExclusionStrategyTest-testClassAndFieldAreBehindInVersion": {
        "energy": 38207,
        "duration": 628843.1818181818,
        "dram": 2752.6363636363635,
        "iteration": 22,
        "stdev": 4354.5799467223815
    },
    "com.google.gson.ExposeAnnotationExclusionStrategyTest-testDifferentSerializeAndDeserializeField": {
        "energy": 37354,
        "duration": 700223.0416666666,
        "dram": 2474.0833333333335,
        "iteration": 24,
        "stdev": 4440.35094959346
    },
    "com.google.gson.FieldAttributesTest-testNullField": {
        "energy": 39185,
        "duration": 750684.6785714285,
        "dram": 2703.0714285714284,
        "iteration": 28,
        "stdev": 4300.512886474669
    },
    "com.google.gson.InnerClassExclusionStrategyTest-testExcludeInnerClassField": {
        "energy": 37659,
        "duration": 942287.0,
        "dram": 2828.212121212121,
        "iteration": 33,
        "stdev": 24528.175269726904
    },
    "com.google.gson.SerializedNameAnnotationInterceptingNamingPolicyTest-testFieldWithoutAnnotation": {
        "energy": 37110,
        "duration": 648460.3636363636,
        "dram": 1827.590909090909,
        "iteration": 22,
        "stdev": 3984.8762043050174
    },
    "com.google.gson.ExposeAnnotationExclusionStrategyTest-testNeverSkipExplicitlyExposedAnnotatedFields": {
        "energy": 37720,
        "duration": 672599.5384615385,
        "dram": 2459.74358974359,
        "iteration": 39,
        "stdev": 3692.5567882499813
    },
    "com.google.gson.InnerClassExclusionStrategyTest-testIncludeStaticNestedClassField": {
        "energy": 41442,
        "duration": 1601022.2631578948,
        "dram": 4588.421052631579,
        "iteration": 19,
        "stdev": 41188.31411847828
    }
}