{
    "com.google.gson.SerializedNameAnnotationInterceptingNamingPolicyTest-testFieldWithAnnotation": {
        "energy": 118286,
        "duration": 4459727.212121212,
        "dram": 13629.262626262625,
        "iteration": 99,
        "stdev": 84999.47814534824
    },
    "com.google.gson.VersionExclusionStrategyTest-testClassAndFieldAreBehindInVersion": {
        "energy": 37476,
        "duration": 810219.0454545454,
        "dram": 2824.1363636363635,
        "iteration": 22,
        "stdev": 19907.11662959084
    },
    "com.google.gson.FieldNamingStrategy2AdapterTest-testSimpleAdapter": {
        "energy": 40161,
        "duration": 2257622.5301204817,
        "dram": 5919.325301204819,
        "iteration": 83,
        "stdev": 64618.38577578561
    },
    "com.google.gson.VersionExclusionStrategyTest-testClassAndFieldAreAtSameVersion": {
        "energy": 117676,
        "duration": 4454336.4845360825,
        "dram": 13769.092783505155,
        "iteration": 97,
        "stdev": 95958.89930482974
    },
    "com.google.gson.ExposeAnnotationExclusionStrategyTest-testSkipNonAnnotatedFields": {
        "energy": 39551,
        "duration": 1803279.796875,
        "dram": 4855.390625,
        "iteration": 64,
        "stdev": 39879.32437013884
    },
    "com.google.gson.ExposeAnnotationExclusionStrategyTest-testDifferentSerializeAndDeserializeField": {
        "energy": 36804,
        "duration": 763822.875,
        "dram": 2325.59375,
        "iteration": 32,
        "stdev": 3099.074991624265
    },
    "com.google.gson.InnerClassExclusionStrategyTest-testIncludeStaticNestedClassField": {
        "energy": 41077,
        "duration": 1380468.84,
        "dram": 3367.24,
        "iteration": 25,
        "stdev": 29897.71770965804
    },
    "com.google.gson.ExposeAnnotationExclusionStrategyTest-testSkipExplicitlySkippedFields": {
        "energy": 84168,
        "duration": 3361098.897959184,
        "dram": 10234.877551020409,
        "iteration": 98,
        "stdev": 58476.07702030205
    },
    "com.google.gson.JavaFieldNamingPolicyTest-testFieldNamingPolicy": {
        "energy": 39124,
        "duration": 2426363.254901961,
        "dram": 6870.294117647059,
        "iteration": 51,
        "stdev": 70525.54797423231
    },
    "com.google.gson.ExposeAnnotationExclusionStrategyTest-testNeverSkipExposedAnnotatedFields": {
        "energy": 38574,
        "duration": 762637.875,
        "dram": 2432.78125,
        "iteration": 32,
        "stdev": 3724.003554722516
    },
    "com.google.gson.FieldAttributesTest-testNullField": {
        "energy": 38147,
        "duration": 856956.7142857143,
        "dram": 2139.7619047619046,
        "iteration": 21,
        "stdev": 3645.3561848310123
    },
    "com.google.gson.NullExclusionStrategyTest-testNeverSkipsField": {
        "energy": 41443,
        "duration": 2453077.375,
        "dram": 6754.375,
        "iteration": 48,
        "stdev": 64971.9722145741
    },
    "com.google.gson.SerializedNameAnnotationInterceptingNamingPolicyTest-testFieldWithoutAnnotation": {
        "energy": 38391,
        "duration": 606826.6363636364,
        "dram": 2566.181818181818,
        "iteration": 22,
        "stdev": 4287.763423225881
    },
    "com.google.gson.InnerClassExclusionStrategyTest-testExcludeInnerClassField": {
        "energy": 39184,
        "duration": 1547051.92,
        "dram": 4285.76,
        "iteration": 25,
        "stdev": 47323.78471339756
    },
    "com.google.gson.ExposeAnnotationExclusionStrategyTest-testNeverSkipExplicitlyExposedAnnotatedFields": {
        "energy": 38940,
        "duration": 1185587.4137931035,
        "dram": 3776.9655172413795,
        "iteration": 29,
        "stdev": 82528.69810386078
    },
    "com.google.gson.VersionExclusionStrategyTest-testClassAndFieldAreAheadInVersion": {
        "energy": 38635,
        "duration": 575078.3478260869,
        "dram": 2664.8695652173915,
        "iteration": 23,
        "stdev": 3609.62877563893
    }
}