{
    "com.google.gson.functional.JsonAdapterAnnotationOnClassesTest-testJsonAdapterInvoked": {
        "energy": 89417,
        "duration": 10158836.663265307,
        "dram": 33553.489795918365,
        "iteration": 98,
        "stdev": 645954.9666231939
    },
    "com.google.gson.functional.RuntimeTypeAdapterFactoryFunctionalTest-testSubclassesAutomaticallySerialzed": {
        "energy": 260253,
        "duration": 12268740.343434343,
        "dram": 38578.25252525252,
        "iteration": 99,
        "stdev": 242161.4708490758
    },
    "com.google.gson.functional.JsonAdapterAnnotationOnFieldsTest-testClassAnnotationAdapterFactoryTakesPrecedenceOverDefault": {
        "energy": 40344,
        "duration": 6713385.848484849,
        "dram": 22444.838383838385,
        "iteration": 99,
        "stdev": 558474.4609816995
    },
    "com.google.gson.functional.JsonAdapterAnnotationOnClassesTest-testRegisteredDeserializerOverridesJsonAdapter": {
        "energy": 36255,
        "duration": 1411503.5897435897,
        "dram": 3965.230769230769,
        "iteration": 78,
        "stdev": 21202.96449360081
    },
    "com.google.gson.functional.JsonAdapterAnnotationOnFieldsTest-testClassAnnotationAdapterTakesPrecedenceOverDefault": {
        "energy": 37109,
        "duration": 10462811.512195121,
        "dram": 32079.231707317074,
        "iteration": 82,
        "stdev": 676083.186958562
    },
    "com.google.gson.functional.JsonAdapterAnnotationOnClassesTest-testRegisteredSerializerOverridesJsonAdapter": {
        "energy": 66467,
        "duration": 2985584.2577319588,
        "dram": 8368.319587628866,
        "iteration": 97,
        "stdev": 81559.86095129335
    },
    "com.google.gson.functional.JsonAdapterAnnotationOnClassesTest-testIncorrectTypeAdapterFails": {
        "energy": 34912,
        "duration": 1648346.5283018867,
        "dram": 5186.7169811320755,
        "iteration": 53,
        "stdev": 177411.5380634224
    },
    "com.google.gson.functional.JsonAdapterAnnotationOnClassesTest-testJsonAdapterFactoryInvoked": {
        "energy": 34729,
        "duration": 3470458.8085106383,
        "dram": 11221.882978723404,
        "iteration": 94,
        "stdev": 388323.0011145498
    },
    "com.google.gson.functional.JsonAdapterAnnotationOnFieldsTest-testFieldAnnotationTakesPrecedenceOverClassAnnotation": {
        "energy": 33996,
        "duration": 1175572.6865671643,
        "dram": 3218.955223880597,
        "iteration": 67,
        "stdev": 8605.434767645933
    },
    "com.google.gson.functional.JsonAdapterAnnotationOnFieldsTest-testJsonAdapterInvokedOnlyForAnnotatedFields": {
        "energy": 36621,
        "duration": 6092699.119565218,
        "dram": 19417.684782608696,
        "iteration": 92,
        "stdev": 497805.9712554205
    },
    "com.google.gson.functional.JsonAdapterAnnotationOnFieldsTest-testFieldAnnotationTakesPrecedenceOverRegisteredTypeAdapter": {
        "energy": 35461,
        "duration": 2311215.888888889,
        "dram": 6395.181818181818,
        "iteration": 99,
        "stdev": 161178.1946924058
    }
}