{
    "com.google.gson.JsonObjectTest-testSize": {
        "energy": 572753,
        "duration": 16984470.888888888,
        "dram": 49881.333333333336,
        "iteration": 9,
        "stdev": 48680.20038558025
    }
}