{
    "com.google.gson.functional.CustomDeserializerTest-testDefaultConstructorNotCalledOnField": {
        "energy": 36406.666666666664,
        "duration": 871809.8444444444,
        "dram": 2933.8444444444444,
        "iteration": 45,
        "stdev": 3488.140153912015
    },
    "com.google.gson.functional.CustomDeserializerTest-testDefaultConstructorNotCalledOnObject": {
        "energy": 94874.34343434343,
        "duration": 3014173.1414141413,
        "dram": 8642.0,
        "iteration": 99,
        "stdev": 108200.76895273372
    },
    "com.google.gson.JsonParserTest-testReadWriteTwoObjects": {
        "energy": 213010.6626506024,
        "duration": 6258959.301204819,
        "dram": 20030.10843373494,
        "iteration": 83,
        "stdev": 592368.1033576985
    },
    "com.google.gson.functional.ParameterizedTypesTest-testVariableTypeArrayDeserialization": {
        "energy": 36556.1125,
        "duration": 1112266.7375,
        "dram": 3128.2875,
        "iteration": 80,
        "stdev": 3947.9292230033393
    },
    "com.google.gson.functional.ObjectTest-testSingletonLists": {
        "energy": 75454.75757575757,
        "duration": 2321414.878787879,
        "dram": 6452.69696969697,
        "iteration": 99,
        "stdev": 26248.05220828984
    },
    "com.google.gson.functional.TypeHierarchyAdapterTest-testRegisterSuperTypeFirst": {
        "energy": 38499.640625,
        "duration": 976790.390625,
        "dram": 3176.375,
        "iteration": 64,
        "stdev": 5434.557104100077
    },
    "com.google.gson.functional.EnumTest-testEnumSubclass": {
        "energy": 71810.36956521739,
        "duration": 2206638.304347826,
        "dram": 6197.032608695652,
        "iteration": 92,
        "stdev": 24848.502047721013
    },
    "com.google.gson.functional.TypeVariableTest-testBasicTypeVariables": {
        "energy": 36957.16,
        "duration": 1055262.44,
        "dram": 2924.5066666666667,
        "iteration": 75,
        "stdev": 4481.523392895174
    },
    "com.google.gson.functional.EnumTest-testEnumSubclassWithRegisteredTypeAdapter": {
        "energy": 58921.27380952381,
        "duration": 1731156.8452380951,
        "dram": 5000.035714285715,
        "iteration": 84,
        "stdev": 75760.60861803466
    },
    "com.google.gson.functional.MapAsArrayTypeAdapterTest-testMultipleEnableComplexKeyRegistrationHasNoEffect": {
        "energy": 98227.47474747474,
        "duration": 2994751.0606060605,
        "dram": 9178.161616161617,
        "iteration": 99,
        "stdev": 63276.41210766504
    },
    "com.google.gson.functional.CollectionTest-testFieldIsArrayList": {
        "energy": 45248.01190476191,
        "duration": 1336824.5595238095,
        "dram": 3874.2261904761904,
        "iteration": 84,
        "stdev": 16079.401475841281
    },
    "com.google.gson.functional.ArrayTest-testArrayOfObjectsWithoutTypeInfoDeserialization": {
        "energy": 95869.23529411765,
        "duration": 2728843.1764705884,
        "dram": 8697.274509803921,
        "iteration": 51,
        "stdev": 132769.67373282617
    },
    "com.google.gson.functional.TypeVariableTest-testAdvancedTypeVariables": {
        "energy": 234868.22222222222,
        "duration": 7023043.919191919,
        "dram": 21858.868686868685,
        "iteration": 99,
        "stdev": 541348.4683175792
    },
    "com.google.gson.functional.UncategorizedTest-testGsonInstanceReusableForSerializationAndDeserialization": {
        "energy": 40973.96,
        "duration": 944851.5,
        "dram": 3372.82,
        "iteration": 50,
        "stdev": 10347.540809216454
    },
    "com.google.gson.GsonTypeAdapterTest-testTypeAdapterDoesNotAffectNonAdaptedTypes": {
        "energy": 93587.75862068965,
        "duration": 2638840.3448275863,
        "dram": 8265.724137931034,
        "iteration": 29,
        "stdev": 120981.18916838645
    },
    "com.google.gson.functional.DefaultTypeAdaptersTest-testSqlDateSerialization": {
        "energy": 113201.41414141415,
        "duration": 3385668.494949495,
        "dram": 10370.414141414141,
        "iteration": 99,
        "stdev": 22747.41684968949
    },
    "com.google.gson.functional.ArrayTest-testArrayOfPrimitivesWithCustomTypeAdapter": {
        "energy": 98850.81818181818,
        "duration": 3124823.6565656564,
        "dram": 9365.272727272728,
        "iteration": 99,
        "stdev": 68864.62940844815
    },
    "com.google.gson.functional.ParameterizedTypesTest-testVariableTypeDeserialization": {
        "energy": 36943.68253968254,
        "duration": 1062989.888888889,
        "dram": 3082.8253968253966,
        "iteration": 63,
        "stdev": 5755.503248652606
    },
    "com.google.gson.functional.MapAsArrayTypeAdapterTest-testSerializeComplexMapWithTypeAdapter": {
        "energy": 145762.69696969696,
        "duration": 4428999.626262627,
        "dram": 13413.949494949495,
        "iteration": 99,
        "stdev": 289828.4056895991
    },
    "com.google.gson.functional.ArrayTest-testArrayWithoutTypeInfoDeserialization": {
        "energy": 38618.375,
        "duration": 779793.35,
        "dram": 3075.675,
        "iteration": 40,
        "stdev": 3937.2225152225014
    },
    "com.google.gson.functional.ParameterizedTypesTest-testParameterizedTypeGenericArraysDeserialization": {
        "energy": 38818.37804878049,
        "duration": 1270034.2926829269,
        "dram": 3396.9634146341464,
        "iteration": 82,
        "stdev": 9034.820659928957
    },
    "com.google.gson.functional.EscapingTest-testGsonAcceptsEscapedAndNonEscapedJsonDeserialization": {
        "energy": 46570.44705882353,
        "duration": 1448631.7764705883,
        "dram": 4091.423529411765,
        "iteration": 85,
        "stdev": 15825.328391355933
    },
    "com.google.gson.functional.DefaultTypeAdaptersTest-testTimestampSerialization": {
        "energy": 125575.62626262626,
        "duration": 3688631.1919191917,
        "dram": 11236.242424242424,
        "iteration": 99,
        "stdev": 29337.030543027737
    },
    "com.google.gson.functional.DefaultTypeAdaptersTest-testDefaultDateDeserializationUsingBuilder": {
        "energy": 119380.101010101,
        "duration": 3453256.0303030303,
        "dram": 10275.848484848484,
        "iteration": 99,
        "stdev": 24852.669493221285
    },
    "com.google.gson.functional.NamingPolicyTest-testComplexFieldNameStrategy": {
        "energy": 37425.68421052631,
        "duration": 1065830.7631578948,
        "dram": 3181.8026315789475,
        "iteration": 76,
        "stdev": 4947.396309411879
    },
    "com.google.gson.functional.UncategorizedTest-testInvalidJsonDeserializationFails": {
        "energy": 75881.775,
        "duration": 1945224.45,
        "dram": 6681.875,
        "iteration": 40,
        "stdev": 96911.50694615357
    },
    "com.google.gson.functional.TypeVariableTest-testTypeVariablesViaTypeParameter": {
        "energy": 52333.50505050505,
        "duration": 1699405.6262626264,
        "dram": 4633.595959595959,
        "iteration": 99,
        "stdev": 21062.87411411235
    },
    "com.google.gson.functional.TypeHierarchyAdapterTest-testTypeHierarchy": {
        "energy": 250933.9898989899,
        "duration": 7261949.121212121,
        "dram": 22367.151515151516,
        "iteration": 99,
        "stdev": 568750.6680024758
    },
    "com.google.gson.DefaultInetAddressTypeAdapterTest-testInetAddressSerializationAndDeserialization": {
        "energy": 175790.0404040404,
        "duration": 5382219.222222222,
        "dram": 16361.9898989899,
        "iteration": 99,
        "stdev": 97113.01020797848
    },
    "com.google.gson.functional.ReadersWritersTest-testReadWriteTwoStrings": {
        "energy": 42216.94936708861,
        "duration": 1198294.759493671,
        "dram": 3330.6455696202534,
        "iteration": 79,
        "stdev": 10830.130472347466
    },