{
    "com.google.gson.functional.CustomDeserializerTest-testDefaultConstructorNotCalledOnField": {
        "energy": 38940,
        "duration": 877761.716981132,
        "dram": 2856.7735849056603,
        "iteration": 53,
        "stdev": 4258.454359699288
    },
    "com.google.gson.functional.CustomDeserializerTest-testDefaultConstructorNotCalledOnObject": {
        "energy": 47485,
        "duration": 2265541.1530612246,
        "dram": 6365.091836734694,
        "iteration": 98,
        "stdev": 68830.82311573024
    },
    "com.google.gson.functional.StringTest-testEscapingQuotesInStringSerialization": {
        "energy": 39307,
        "duration": 546962.6428571428,
        "dram": 2588.3928571428573,
        "iteration": 28,
        "stdev": 4009.471570607554
    },
    "com.google.gson.functional.ReadersWritersTest-testReadWriteTwoObjects": {
        "energy": 37841,
        "duration": 1110136.5492957747,
        "dram": 3471.1830985915494,
        "iteration": 71,
        "stdev": 7317.707417168649
    },
    "com.google.gson.functional.DefaultTypeAdaptersTest-testBitSetDeserialization": {
        "energy": 37720,
        "duration": 1077943.1290322582,
        "dram": 3033.1774193548385,
        "iteration": 62,
        "stdev": 6950.917742579025
    },
    "com.google.gson.functional.EnumTest-testEnumSubclassAsParameterizedType": {
        "energy": 35461,
        "duration": 953216.9298245613,
        "dram": 3173.315789473684,
        "iteration": 57,
        "stdev": 5970.905109788763
    },
    "com.google.gson.JsonParserTest-testReadWriteTwoObjects": {
        "energy": 40405,
        "duration": 5396480.51948052,
        "dram": 16301.61038961039,
        "iteration": 77,
        "stdev": 499300.75343493087
    },
    "com.google.gson.functional.ParameterizedTypesTest-testVariableTypeArrayDeserialization": {
        "energy": 36377,
        "duration": 1168539.3194444445,
        "dram": 3228.777777777778,
        "iteration": 72,
        "stdev": 9984.458117160171
    },
    "com.google.gson.functional.ObjectTest-testSingletonLists": {
        "energy": 78125,
        "duration": 2270455.1616161615,
        "dram": 6654.333333333333,
        "iteration": 99,
        "stdev": 25525.626075232685
    },
    "com.google.gson.functional.TypeHierarchyAdapterTest-testRegisterSuperTypeFirst": {
        "energy": 37781,
        "duration": 964502.9508196721,
        "dram": 3008.55737704918,
        "iteration": 61,
        "stdev": 6559.0012322154025
    },
    "com.google.gson.functional.EnumTest-testEnumSubclass": {
        "energy": 70679,
        "duration": 2311085.9787234045,
        "dram": 6731.734042553191,
        "iteration": 94,
        "stdev": 62615.2747993486
    },
    "com.google.gson.functional.TypeVariableTest-testBasicTypeVariables": {
        "energy": 37902,
        "duration": 1098144.2615384615,
        "dram": 3347.1692307692306,
        "iteration": 65,
        "stdev": 6931.59341559019
    },
    "com.google.gson.functional.EnumTest-testEnumSubclassWithRegisteredTypeAdapter": {
        "energy": 38880,
        "duration": 1662074.7093023255,
        "dram": 4327.360465116279,
        "iteration": 86,
        "stdev": 31257.053614088316
    },
    "com.google.gson.functional.MapAsArrayTypeAdapterTest-testMultipleEnableComplexKeyRegistrationHasNoEffect": {
        "energy": 81787,
        "duration": 3258951.777777778,
        "dram": 9667.191919191919,
        "iteration": 99,
        "stdev": 63468.98358792518
    },
    "com.google.gson.functional.CollectionTest-testFieldIsArrayList": {
        "energy": 36804,
        "duration": 1358183.511627907,
        "dram": 3885.8372093023254,
        "iteration": 86,
        "stdev": 13228.173571612131
    },
    "com.google.gson.functional.TypeVariableTest-testAdvancedTypeVariables": {
        "energy": 78918,
        "duration": 6938410.686868687,
        "dram": 21839.959595959597,
        "iteration": 99,
        "stdev": 560845.300078437
    },
    "com.google.gson.functional.UncategorizedTest-testGsonInstanceReusableForSerializationAndDeserialization": {
        "energy": 39062,
        "duration": 1166897.0227272727,
        "dram": 3940.0454545454545,
        "iteration": 44,
        "stdev": 12817.868603442774
    },
    "com.google.gson.GsonTypeAdapterTest-testTypeAdapterDoesNotAffectNonAdaptedTypes": {
        "energy": 37597,
        "duration": 1400261.8,
        "dram": 4817.533333333334,
        "iteration": 30,
        "stdev": 82763.85386749459
    },
    "com.google.gson.functional.DefaultTypeAdaptersTest-testSqlDateSerialization": {
        "energy": 109986,
        "duration": 3454032.595959596,
        "dram": 10536.20202020202,
        "iteration": 99,
        "stdev": 26143.037182625307
    },
    "com.google.gson.functional.ArrayTest-testArrayOfPrimitivesWithCustomTypeAdapter": {
        "energy": 72143,
        "duration": 2773663.3131313133,
        "dram": 8250.747474747475,
        "iteration": 99,
        "stdev": 67991.12071087117
    },
    "com.google.gson.functional.MapAsArrayTypeAdapterTest-testSerializeComplexMapWithTypeAdapter": {
        "energy": 104309,
        "duration": 7807785.333333333,
        "dram": 23675.010101010103,
        "iteration": 99,
        "stdev": 549856.8807477787
    },
    "com.google.gson.functional.ParameterizedTypesTest-testParameterizedTypeGenericArraysDeserialization": {
        "energy": 36621,
        "duration": 1249936.3614457832,
        "dram": 3474.1927710843374,
        "iteration": 83,
        "stdev": 13068.775433316714
    },
    "com.google.gson.functional.EscapingTest-testGsonAcceptsEscapedAndNonEscapedJsonDeserialization": {
        "energy": 37903,
        "duration": 1272952.8636363635,
        "dram": 3481.818181818182,
        "iteration": 88,
        "stdev": 12466.326932978161
    },
    "com.google.gson.functional.DefaultTypeAdaptersTest-testTimestampSerialization": {
        "energy": 117859,
        "duration": 3636172.3232323234,
        "dram": 10981.222222222223,
        "iteration": 99,
        "stdev": 25032.21749278845
    },
    "com.google.gson.functional.DefaultTypeAdaptersTest-testDefaultDateDeserializationUsingBuilder": {
        "energy": 112549,
        "duration": 3474149.767676768,
        "dram": 10281.20202020202,
        "iteration": 99,
        "stdev": 25877.49109819555
    },
    "com.google.gson.functional.NamingPolicyTest-testComplexFieldNameStrategy": {
        "energy": 38330,
        "duration": 1135128.7916666667,
        "dram": 3178.3194444444443,
        "iteration": 72,
        "stdev": 6235.382419301208
    },
    "com.google.gson.functional.TypeVariableTest-testTypeVariablesViaTypeParameter": {
        "energy": 40405,
        "duration": 1689841.0416666667,
        "dram": 4710.114583333333,
        "iteration": 96,
        "stdev": 21179.507100516606
    },
    "com.google.gson.functional.TypeHierarchyAdapterTest-testTypeHierarchy": {
        "energy": 92651,
        "duration": 8669237.828282828,
        "dram": 27556.616161616163,
        "iteration": 99,
        "stdev": 646416.6998773849
    },
    "com.google.gson.DefaultInetAddressTypeAdapterTest-testInetAddressSerializationAndDeserialization": {
        "energy": 156738,
        "duration": 5019085.767676768,
        "dram": 15990.40404040404,
        "iteration": 99,
        "stdev": 71248.11335957787
    },
    "com.google.gson.functional.ReadersWritersTest-testReadWriteTwoStrings": {
        "energy": 39916,
        "duration": 1209220.1304347827,
        "dram": 3359.5072463768115,
        "iteration": 69,
        "stdev": 8083.331344935086
    },
    "com.google.gson.functional.CollectionTest-testWildcardCollectionField": {
        "energy": 42664,
        "duration": 1791968.2708333333,
        "dram": 5081.84375,
        "iteration": 96,
        "stdev": 24013.99857949387
    },