{
    "com.google.gson.functional.MapTest-testInterfaceTypeMapWithSerializer": {
        "energy": 77312.26262626263,
        "duration": 2501654.3636363638,
        "dram": 7034.161616161616,
        "iteration": 99,
        "stdev": 23406.7177733429
    },
    "com.google.gson.functional.InheritanceTest-testClassWithBaseArrayFieldSerialization": {
        "energy": 44295.58024691358,
        "duration": 1442201.2098765431,
        "dram": 4139.740740740741,
        "iteration": 81,
        "stdev": 12391.017142422465
    },
    "com.google.gson.functional.ExclusionStrategyFunctionalTest-testExclusionStrategyWithMode": {
        "energy": 76319.09090909091,
        "duration": 2342175.2077922076,
        "dram": 6657.38961038961,
        "iteration": 77,
        "stdev": 198138.32016359552
    },
    "com.google.gson.functional.ParameterizedTypesTest-testParameterizedTypeWithCustomSerializer": {
        "energy": 61466.444444444445,
        "duration": 2162463.98989899,
        "dram": 5764.393939393939,
        "iteration": 99,
        "stdev": 29750.303355799002
    },
    "com.google.gson.functional.InheritanceTest-testBaseSerializedAsSub": {
        "energy": 36515.0,
        "duration": 735767.0789473684,
        "dram": 2138.2105263157896,
        "iteration": 38,
        "stdev": 5073.066372624414
    },
    "com.google.gson.functional.CustomSerializerTest-testSubClassSerializerInvokedForBaseClassFieldsHoldingSubClassInstances": {
        "energy": 113465.23636363636,
        "duration": 3136191.8545454545,
        "dram": 10241.527272727273,
        "iteration": 55,
        "stdev": 330623.4405659578
    },
    "com.google.gson.functional.JsonTreeTest-testJsonTreeToString": {
        "energy": 74057.7311827957,
        "duration": 2350312.5483870967,
        "dram": 6760.05376344086,
        "iteration": 93,
        "stdev": 49603.06125398358
    },
    "com.google.gson.DefaultMapJsonSerializerTest-testNonEmptyMapSerialization": {
        "energy": 52735.94285714286,
        "duration": 1582399.9714285715,
        "dram": 4400.042857142857,
        "iteration": 70,
        "stdev": 48614.44030793605
    },
    "com.google.gson.functional.TypeHierarchyAdapterTest-testTypeHierarchy": {
        "energy": 198397.71717171717,
        "duration": 5979995.707070707,
        "dram": 18747.21212121212,
        "iteration": 99,
        "stdev": 316087.27920275246
    },
    "com.google.gson.functional.JsonTreeTest-testToJsonTreeObjectType": {
        "energy": 57988.30136986302,
        "duration": 1785253.5753424657,
        "dram": 5027.219178082192,
        "iteration": 73,
        "stdev": 66995.19826091095
    },
    "com.google.gson.functional.MoreSpecificTypeSerializationTest-testMapOfSubclassFields": {
        "energy": 50819.555555555555,
        "duration": 1674069.086419753,
        "dram": 4361.086419753086,
        "iteration": 81,
        "stdev": 20075.469002101072
    },
    "com.google.gson.functional.CustomSerializerTest-testBaseClassSerializerInvokedForBaseClassFieldsHoldingSubClassInstances": {
        "energy": 38117.5,
        "duration": 1007859.6296296297,
        "dram": 2947.5185185185187,
        "iteration": 54,
        "stdev": 6936.376462908079
    },
    "com.google.gson.functional.CustomSerializerTest-testSubClassSerializerInvokedForBaseClassFieldsHoldingArrayOfSubClassInstances": {
        "energy": 39792.969696969696,
        "duration": 1189960.5909090908,
        "dram": 3653.742424242424,
        "iteration": 66,
        "stdev": 8326.69214574376
    },
    "com.google.gson.functional.CircularReferenceTest-testSelfReferenceCustomHandlerSerialization": {
        "energy": 538074.0606060605,
        "duration": 13773028.212121213,
        "dram": 43963.666666666664,
        "iteration": 99,
        "stdev": 202850.53574610341
    },
    "com.google.gson.functional.JsonTreeTest-testToJsonTree": {
        "energy": 39882.84126984127,
        "duration": 1129848.0952380951,
        "dram": 3371.253968253968,
        "iteration": 63,
        "stdev": 8150.50860854581
    },
    "com.google.gson.functional.InheritanceTest-testBaseSerializedAsBaseWhenSpecifiedWithExplicitType": {
        "energy": 37773.32,
        "duration": 661555.2,
        "dram": 2956.52,
        "iteration": 25,
        "stdev": 4560.250060862891
    },
    "com.google.gson.functional.CustomSerializerTest-testSerializerReturnsNull": {
        "energy": 37981.52173913043,
        "duration": 931238.0434782609,
        "dram": 2796.1014492753625,
        "iteration": 69,
        "stdev": 5096.84842551903
    },
    "com.google.gson.DefaultMapJsonSerializerTest-testEmptyMapSerialization": {
        "energy": 59407.40277777778,
        "duration": 1909499.7777777778,
        "dram": 5455.263888888889,
        "iteration": 72,
        "stdev": 57794.853626536424
    },
    "com.google.gson.functional.MoreSpecificTypeSerializationTest-testMapOfParameterizedSubclassFields": {
        "energy": 40499.328571428574,
        "duration": 1287658.6285714286,
        "dram": 3226.3,
        "iteration": 70,
        "stdev": 10983.010795537713
    },
    "com.google.gson.functional.CustomSerializerTest-testBaseClassSerializerInvokedForBaseClassFields": {
        "energy": 115031.69863013699,
        "duration": 3468543.0410958906,
        "dram": 10397.109589041096,
        "iteration": 73,
        "stdev": 296154.757159005
    },
    "com.google.gson.functional.InheritanceTest-testClassWithBaseFieldSerialization": {
        "energy": 42535.117647058825,
        "duration": 1422333.3676470588,
        "dram": 3798.235294117647,
        "iteration": 68,
        "stdev": 12701.235814732883
    },
    "com.google.gson.functional.InheritanceTest-testBaseSerializedAsSubWhenSpecifiedWithExplicitType": {
        "energy": 36784.885714285716,
        "duration": 721882.3428571429,
        "dram": 2882.5142857142855,
        "iteration": 35,
        "stdev": 4215.913083757292
    },
    "com.google.gson.functional.InheritanceTest-testClassWithBaseCollectionFieldSerialization": {
        "energy": 48137.45348837209,
        "duration": 1562527.6162790698,
        "dram": 4242.883720930233,
        "iteration": 86,
        "stdev": 20406.236785262703
    },
    "com.google.gson.DefaultMapJsonSerializerTest-testEmptyMapNoTypeSerialization": {
        "energy": 56660.37837837838,
        "duration": 1447407.7567567567,
        "dram": 4118.594594594595,
        "iteration": 37,
        "stdev": 55013.78270272128
    }
}