{
    "com.google.gson.functional.MapTest-testInterfaceTypeMapWithSerializer": {
        "energy": 78491,
        "duration": 2617912.404040404,
        "dram": 7194.909090909091,
        "iteration": 99,
        "stdev": 23437.181332540968
    },
    "com.google.gson.functional.CustomSerializerTest-testSerializerReturnsNull": {
        "energy": 37720,
        "duration": 970475.7741935484,
        "dram": 2996.0806451612902,
        "iteration": 62,
        "stdev": 5252.7459099439475
    },
    "com.google.gson.DefaultMapJsonSerializerTest-testEmptyMapSerialization": {
        "energy": 41442,
        "duration": 1771113.544117647,
        "dram": 5097.308823529412,
        "iteration": 68,
        "stdev": 49916.04298874892
    },
    "com.google.gson.functional.InheritanceTest-testClassWithBaseArrayFieldSerialization": {
        "energy": 41259,
        "duration": 1446602.012195122,
        "dram": 3916.4268292682927,
        "iteration": 82,
        "stdev": 13432.202055826898
    },
    "com.google.gson.functional.ExclusionStrategyFunctionalTest-testExclusionStrategyWithMode": {
        "energy": 38818,
        "duration": 1828955.0,
        "dram": 5202.55421686747,
        "iteration": 83,
        "stdev": 52518.0983742393
    },
    "com.google.gson.functional.ParameterizedTypesTest-testParameterizedTypeWithCustomSerializer": {
        "energy": 42603,
        "duration": 1879856.5454545454,
        "dram": 4953.181818181818,
        "iteration": 99,
        "stdev": 23509.513520305616
    },
    "com.google.gson.functional.CustomSerializerTest-testSubClassSerializerInvokedForBaseClassFieldsHoldingSubClassInstances": {
        "energy": 39307,
        "duration": 5939880.142857143,
        "dram": 19037.571428571428,
        "iteration": 56,
        "stdev": 511978.81287480646
    },
    "com.google.gson.functional.JsonTreeTest-testJsonTreeToString": {
        "energy": 60546,
        "duration": 2478059.2065217393,
        "dram": 7210.0,
        "iteration": 92,
        "stdev": 48962.09314640192
    },
    "com.google.gson.functional.MoreSpecificTypeSerializationTest-testMapOfParameterizedSubclassFields": {
        "energy": 38269,
        "duration": 1211676.9512195121,
        "dram": 3262.243902439024,
        "iteration": 82,
        "stdev": 8690.121984762558
    },
    "com.google.gson.functional.TypeHierarchyAdapterTest-testTypeHierarchy": {
        "energy": 132385,
        "duration": 5341187.01010101,
        "dram": 16346.39393939394,
        "iteration": 99,
        "stdev": 188360.41345917777
    },
    "com.google.gson.DefaultMapJsonSerializerTest-testEmptyMapNoTypeSerialization": {
        "energy": 37964,
        "duration": 1184630.268292683,
        "dram": 3731.731707317073,
        "iteration": 41,
        "stdev": 41844.11054954248
    },
    "com.google.gson.functional.MoreSpecificTypeSerializationTest-testMapOfSubclassFields": {
        "energy": 39368,
        "duration": 1534402.9886363635,
        "dram": 4149.045454545455,
        "iteration": 88,
        "stdev": 21453.21813644738
    },
    "com.google.gson.functional.InheritanceTest-testClassWithBaseCollectionFieldSerialization": {
        "energy": 40893,
        "duration": 1646919.7558139535,
        "dram": 4706.779069767442,
        "iteration": 86,
        "stdev": 21345.18779775155
    },
    "com.google.gson.functional.CustomSerializerTest-testBaseClassSerializerInvokedForBaseClassFieldsHoldingSubClassInstances": {
        "energy": 36255,
        "duration": 1094875.6666666667,
        "dram": 2940.469696969697,
        "iteration": 66,
        "stdev": 4993.773818071
    },
    "com.google.gson.functional.CustomSerializerTest-testBaseClassSerializerInvokedForBaseClassFields": {
        "energy": 47729,
        "duration": 11067604.605263159,
        "dram": 34923.01315789474,
        "iteration": 76,
        "stdev": 633124.1747945942
    },
    "com.google.gson.functional.CustomSerializerTest-testSubClassSerializerInvokedForBaseClassFieldsHoldingArrayOfSubClassInstances": {
        "energy": 38330,
        "duration": 1270746.611111111,
        "dram": 3776.777777777778,
        "iteration": 72,
        "stdev": 12050.668087677754
    },
    "com.google.gson.functional.InheritanceTest-testClassWithBaseFieldSerialization": {
        "energy": 39856,
        "duration": 1307228.6438356165,
        "dram": 3156.8082191780823,
        "iteration": 73,
        "stdev": 10151.92465324355
    },
    "com.google.gson.functional.CircularReferenceTest-testSelfReferenceCustomHandlerSerialization": {
        "energy": 432982,
        "duration": 13552829.424242424,
        "dram": 43202.232323232325,
        "iteration": 99,
        "stdev": 190671.2212100025
    },
    "com.google.gson.functional.JsonTreeTest-testToJsonTree": {
        "energy": 41321,
        "duration": 3376795.8985507246,
        "dram": 9715.927536231884,
        "iteration": 69,
        "stdev": 121464.10683801849
    },
    "com.google.gson.functional.InheritanceTest-testBaseSerializedAsBaseWhenSpecifiedWithExplicitType": {
        "energy": 36865,
        "duration": 686037.0571428571,
        "dram": 2752.2571428571428,
        "iteration": 35,
        "stdev": 4757.78291704385
    },
    "com.google.gson.functional.InheritanceTest-testBaseSerializedAsSubWhenSpecifiedWithExplicitType": {
        "energy": 37170,
        "duration": 705972.3870967742,
        "dram": 2763.967741935484,
        "iteration": 31,
        "stdev": 4455.29522923056
    },
    "com.google.gson.functional.JsonTreeTest-testToJsonTreeObjectType": {
        "energy": 39734,
        "duration": 1457989.3333333333,
        "dram": 4212.04,
        "iteration": 75,
        "stdev": 38442.4509181654
    },
    "com.google.gson.DefaultMapJsonSerializerTest-testNonEmptyMapSerialization": {
        "energy": 38818,
        "duration": 1597172.6307692307,
        "dram": 4663.6461538461535,
        "iteration": 65,
        "stdev": 43004.22315918759
    },
    "com.google.gson.functional.InheritanceTest-testBaseSerializedAsSub": {
        "energy": 37719,
        "duration": 758132.7608695652,
        "dram": 2854.0434782608695,
        "iteration": 46,
        "stdev": 4274.544751680696
    }
}