{
  "com.google.gson.functional.TypeHierarchyAdapterTest#testTypeHierarchy": {
    "dataV1": {
      "energy": 613279.0,
      "instructions": 2.307512E7,
      "durations": 3.0530156E7,
      "cycles": 2.7988108E7,
      "caches": 729709.0,
      "cacheMisses": 5248.0,
      "branches": 4591596.0,
      "branchMisses": 292545.0
    },
    "dataV2": {
      "energy": 572569.0,
      "instructions": 2.3027084E7,
      "durations": 2.8078633E7,
      "cycles": 2.7393197E7,
      "caches": 705811.0,
      "cacheMisses": 5112.0,
      "branches": 4586355.0,
      "branchMisses": 284924.0
    },
    "energy": -40710.0,
    "instructions": -48036.0,
    "durations": -2451523.0,
    "cycles": -594911.0,
    "caches": -23898.0,
    "cacheMisses": -136.0,
    "branches": -5241.0,
    "branchMisses": -7621.0
  },
  "com.google.gson.functional.NullObjectAndFieldTest#testExplicitDeserializationOfNulls": {
    "dataV1": {
      "energy": 1443294.0,
      "instructions": 7.1951486E7,
      "durations": 7.5566901E7,
      "cycles": 8.5639331E7,
      "caches": 2521789.0,
      "cacheMisses": 27076.0,
      "branches": 1.4504884E7,
      "branchMisses": 887203.0
    },
    "dataV2": {
      "energy": 1568539.0,
      "instructions": 7.227346E7,
      "durations": 7.8107648E7,
      "cycles": 8.5349975E7,
      "caches": 2496582.0,
      "cacheMisses": 28848.0,
      "branches": 1.4565859E7,
      "branchMisses": 880682.0
    },
    "energy": 125245.0,
    "instructions": 321974.0,
    "durations": 2540747.0,
    "cycles": -289356.0,
    "caches": -25207.0,
    "cacheMisses": 1772.0,
    "branches": 60975.0,
    "branchMisses": -6521.0
  }
}