{
    "com.google.gson.functional.ParameterizedTypesTest-testParameterizedTypeGenericArraysSerialization": {
        "energy": 34057,
        "duration": 1171615.546511628,
        "dram": 3122.406976744186,
        "iteration": 86,
        "stdev": 5198.573743395577
    },
    "com.google.gson.functional.CollectionTest-testRawCollectionSerialization": {
        "energy": 35706,
        "duration": 797378.84,
        "dram": 2689.22,
        "iteration": 50,
        "stdev": 4071.494319092193
    },
    "com.google.gson.functional.CollectionTest-testNullsInListSerialization": {
        "energy": 35950,
        "duration": 994517.4,
        "dram": 2728.6833333333334,
        "iteration": 60,
        "stdev": 3394.7717177382565
    },
    "com.google.gson.functional.CollectionTest-testCollectionOfBagOfPrimitivesSerialization": {
        "energy": 39306,
        "duration": 2072423.1692307692,
        "dram": 6045.615384615385,
        "iteration": 65,
        "stdev": 49450.071240302634
    },
    "com.google.gson.functional.ParameterizedTypesTest-testVariableTypeFieldsAndGenericArraysSerialization": {
        "energy": 96924,
        "duration": 3171091.1717171716,
        "dram": 8926.050505050505,
        "iteration": 99,
        "stdev": 26353.4666262156
    },
    "com.google.gson.FunctionalWithInternalDependenciesTest-testPrettyPrintListOfPrimitiveArrays": {
        "energy": 37171,
        "duration": 1809845.2033898304,
        "dram": 5443.406779661017,
        "iteration": 59,
        "stdev": 236603.2965214266
    },
    "com.google.gson.functional.ParameterizedTypesTest-testParameterizedTypeGenericArraysDeserialization": {
        "energy": 35278,
        "duration": 1617527.8282828282,
        "dram": 4073.2929292929293,
        "iteration": 99,
        "stdev": 16355.209274747096
    },
    "com.google.gson.functional.ArrayTest-testArrayOfCollectionSerialization": {
        "energy": 40283,
        "duration": 2011372.142857143,
        "dram": 5536.178571428572,
        "iteration": 84,
        "stdev": 42112.20837155179
    },
    "com.google.gson.functional.CustomTypeAdaptersTest-testCustomAdapterInvokedForCollectionElementSerializationWithType": {
        "energy": 37963,
        "duration": 1898846.8764044943,
        "dram": 4826.460674157303,
        "iteration": 89,
        "stdev": 38988.293271431685
    },
    "com.google.gson.FunctionalWithInternalDependenciesTest-testPrettyPrintList": {
        "energy": 112548,
        "duration": 5985166.595959596,
        "dram": 18217.050505050505,
        "iteration": 99,
        "stdev": 309674.48624382465
    },
    "com.google.gson.functional.PrintFormattingTest-testCompactFormattingLeavesNoWhiteSpace": {
        "energy": 38208,
        "duration": 9968434.609756097,
        "dram": 30370.40243902439,
        "iteration": 82,
        "stdev": 714337.0264223317
    },
    "com.google.gson.functional.ParameterizedTypesTest-testVariableTypeFieldsAndGenericArraysDeserialization": {
        "energy": 70068,
        "duration": 2477508.515151515,
        "dram": 6878.69696969697,
        "iteration": 99,
        "stdev": 25166.59587454493
    },
    "com.google.gson.functional.DefaultTypeAdaptersTest-testSetSerialization": {
        "energy": 35705,
        "duration": 930692.6774193548,
        "dram": 2340.935483870968,
        "iteration": 31,
        "stdev": 3456.1203294343873
    },
    "com.google.gson.functional.ObjectTest-testSubInterfacesOfCollectionSerialization": {
        "energy": 83923,
        "duration": 3153688.8282828284,
        "dram": 8950.656565656565,
        "iteration": 99,
        "stdev": 53846.10728003406
    },
    "com.google.gson.functional.CollectionTest-testTopLevelCollectionOfIntegersSerialization": {
        "energy": 40039,
        "duration": 2361602.7236842103,
        "dram": 6831.644736842105,
        "iteration": 76,
        "stdev": 79043.1210093772
    },
    "com.google.gson.functional.ParameterizedTypesTest-testParameterizedTypeWithVariableTypeDeserialization": {
        "energy": 35156,
        "duration": 1517875.4747474748,
        "dram": 3703.161616161616,
        "iteration": 99,
        "stdev": 12777.196902762757
    },
    "com.google.gson.functional.CollectionTest-testLinkedListSerialization": {
        "energy": 38635,
        "duration": 1983560.8101265824,
        "dram": 5467.93670886076,
        "iteration": 79,
        "stdev": 74589.08246708015
    },
    "com.google.gson.functional.ObjectTest-testDirectedAcyclicGraphSerialization": {
        "energy": 41504,
        "duration": 1855907.4375,
        "dram": 5000.975,
        "iteration": 80,
        "stdev": 32173.70122009347
    },
    "com.google.gson.functional.CollectionTest-testQueueSerialization": {
        "energy": 35828,
        "duration": 1026082.9193548387,
        "dram": 2945.516129032258,
        "iteration": 62,
        "stdev": 3679.8183230968016
    },
    "com.google.gson.functional.ObjectTest-testCircularSerialization": {
        "energy": 35339,
        "duration": 786139.7333333333,
        "dram": 2613.4666666666667,
        "iteration": 45,
        "stdev": 3539.8556255695717
    },
    "com.google.gson.functional.CollectionTest-testRawCollectionOfIntegersSerialization": {
        "energy": 33814,
        "duration": 669457.0,
        "dram": 2544.04,
        "iteration": 25,
        "stdev": 3677.1966222110013
    },
    "com.google.gson.functional.CollectionTest-testCollectionOfStringsSerialization": {
        "energy": 37658,
        "duration": 565161.0,
        "dram": 2074.5,
        "iteration": 22,
        "stdev": 2672.124310465086
    },
    "com.google.gson.functional.CustomTypeAdaptersTest-testCustomAdapterInvokedForCollectionElementSerialization": {
        "energy": 35217,
        "duration": 704900.0769230769,
        "dram": 2384.423076923077,
        "iteration": 26,
        "stdev": 3465.163560139797
    }
}