{
    "com.google.gson.functional.ExclusionStrategyFunctionalTest-testExclusionStrategyWithMode": {
        "energy": 654931.969072165,
        "duration": 20049941.24742268,
        "dram": 61167.79381443299,
        "iteration": 97,
        "stdev": 966550.188664228
    },
    "com.google.gson.functional.ExclusionStrategyFunctionalTest-testExclusionStrategyDeserialization": {
        "energy": 1056691.8717948718,
        "duration": 31643116.410256412,
        "dram": 101586.08974358975,
        "iteration": 78,
        "stdev": 1086709.4536146943
    },
    "com.google.gson.functional.ExclusionStrategyFunctionalTest-testExclusionStrategySerialization": {
        "energy": 960777.8,
        "duration": 29497829.65882353,
        "dram": 90894.64705882352,
        "iteration": 85,
        "stdev": 1091407.5484778231
    }
}