{
    "com.google.gson.functional.ExclusionStrategyFunctionalTest-testExclusionStrategyWithMode": {
        "energy": 38208,
        "duration": 23717281.175824177,
        "dram": 74465.52747252748,
        "iteration": 91,
        "stdev": 1054275.3534861007
    },
    "com.google.gson.functional.ExclusionStrategyFunctionalTest-testExclusionStrategyDeserialization": {
        "energy": 136230,
        "duration": 33263104.285714287,
        "dram": 102902.41666666667,
        "iteration": 84,
        "stdev": 1057413.0910624384
    },
    "com.google.gson.functional.ExclusionStrategyFunctionalTest-testExclusionStrategySerialization": {
        "energy": 35339,
        "duration": 24803940.56962025,
        "dram": 76671.12658227848,
        "iteration": 79,
        "stdev": 1057789.3417675006
    }
}