{
    "com.google.gson.internal.LinkedTreeMapTest-testIterationOrder": {
        "energy": 182345.40404040404,
        "duration": 5688096.686868687,
        "dram": 16394.76767676768,
        "iteration": 99,
        "stdev": 29038.465921413175
    }
}