{
    "com.google.gson.internal.LinkedTreeMapTest-testIterationOrder": {
        "energy": 44129,
        "duration": 3304743.4833333334,
        "dram": 8499.9,
        "iteration": 60,
        "stdev": 73497.89854127161
    }
}