{
    "com.google.gson.functional.MapTest-testWriteMapsWithEmptyStringKey": {
        "energy": 44372,
        "duration": 1393077.0,
        "dram": 4001.8888888888887,
        "iteration": 9,
        "stdev": 20012.131878462817
    },
    "com.google.gson.functional.ReadersWritersTest-testReadWriteTwoObjects": {
        "energy": 204833,
        "duration": 4967018.333333333,
        "dram": 16486.555555555555,
        "iteration": 9,
        "stdev": 25143.806829446952
    },
    "com.google.gson.functional.CollectionTest-testRawCollectionSerialization": {
        "energy": 88440,
        "duration": 2406207.0,
        "dram": 7680.777777777777,
        "iteration": 9,
        "stdev": 25892.53881280937
    },
    "com.google.gson.functional.ObjectTest-testNestedSerialization": {
        "energy": 88013,
        "duration": 2059618.2222222222,
        "dram": 6726.666666666667,
        "iteration": 9,
        "stdev": 20750.91826318614
    },
    "com.google.gson.JsonParserTest-testReadWriteTwoObjects": {
        "energy": 605345,
        "duration": 18394415.0,
        "dram": 56159.666666666664,
        "iteration": 9,
        "stdev": 62975.78755559087
    },
    "com.google.gson.stream.JsonWriterTest-testPrettyPrintArray": {
        "energy": 140808,
        "duration": 4311325.666666667,
        "dram": 12183.888888888889,
        "iteration": 9,
        "stdev": 44783.87929397457
    },
    "com.google.gson.functional.JsonTreeTest-testJsonTreeNull": {
        "energy": 164184,
        "duration": 5605589.333333333,
        "dram": 16728.0,
        "iteration": 9,
        "stdev": 22977.080604617964
    },
    "com.google.gson.functional.ObjectTest-testNullFieldsSerialization": {
        "energy": 162170,
        "duration": 4242938.222222222,
        "dram": 12564.666666666666,
        "iteration": 9,
        "stdev": 19702.32267626094
    },
    "com.google.gson.internal.bind.JsonTreeWriterTest-testLenientNansAndInfinities": {
        "energy": 72021,
        "duration": 2639800.222222222,
        "dram": 7459.777777777777,
        "iteration": 9,
        "stdev": 16901.221729526456
    },
    "com.google.gson.functional.TypeVariableTest-testBasicTypeVariables": {
        "energy": 89538,
        "duration": 2392551.111111111,
        "dram": 9392.666666666666,
        "iteration": 9,
        "stdev": 22517.17076552804
    },
    "com.google.gson.OverrideCoreTypeAdaptersTest-testOverridePrimitiveBooleanAdapter": {
        "energy": 46875,
        "duration": 1511224.7777777778,
        "dram": 4926.666666666667,
        "iteration": 9,
        "stdev": 22382.996135459613
    },
    "com.google.gson.functional.ArrayTest-testObjectArrayWithNonPrimitivesSerialization": {
        "energy": 131652,
        "duration": 3604391.888888889,
        "dram": 10400.666666666666,
        "iteration": 9,
        "stdev": 24053.072222858034
    },
    "com.google.gson.functional.PrimitiveTest-testPrimitiveBooleanAutoboxedSerialization": {
        "energy": 45227,
        "duration": 1086907.0,
        "dram": 3895.0,
        "iteration": 7,
        "stdev": 14524.050133682213
    },
    "com.google.gson.functional.TypeVariableTest-testAdvancedTypeVariables": {
        "energy": 323791,
        "duration": 8749203.555555556,
        "dram": 27431.0,
        "iteration": 9,
        "stdev": 22612.15809369643
    },
    "com.google.gson.functional.ObjectTest-testArrayOfObjectsAsFields": {
        "energy": 296875,
        "duration": 8108342.555555556,
        "dram": 24864.444444444445,
        "iteration": 9,
        "stdev": 25080.24937015451
    },
    "com.google.gson.functional.UncategorizedTest-testGsonInstanceReusableForSerializationAndDeserialization": {
        "energy": 82458,
        "duration": 1839365.111111111,
        "dram": 6021.222222222223,
        "iteration": 9,
        "stdev": 20345.536846695562
    },
    "com.google.gson.functional.EscapingTest-testGsonDoubleDeserialization": {
        "energy": 131653,
        "duration": 3358442.222222222,
        "dram": 9545.777777777777,
        "iteration": 9,
        "stdev": 17580.289515025022
    },
    "com.google.gson.functional.CollectionTest-testCollectionOfBagOfPrimitivesSerialization": {
        "energy": 114685,
        "duration": 2767364.3333333335,
        "dram": 8875.777777777777,
        "iteration": 9,
        "stdev": 20332.924302504005
    },
    "com.google.gson.functional.SecurityTest-testNonExecutableJsonSerialization": {
        "energy": 74035,
        "duration": 2139975.6666666665,
        "dram": 5345.0,
        "iteration": 9,
        "stdev": 20703.457185506453
    },
    "com.google.gson.functional.VersioningTest-testVersionedGsonWithUnversionedClassesSerialization": {
        "energy": 89172,
        "duration": 2380266.4444444445,
        "dram": 9090.0,
        "iteration": 9,
        "stdev": 30450.24747208323
    },
    "com.google.gson.functional.UncategorizedTest-testStaticFieldsAreNotSerialized": {
        "energy": 159606,
        "duration": 4233789.888888889,
        "dram": 11814.888888888889,
        "iteration": 9,
        "stdev": 20362.313734379106
    },
    "com.google.gson.functional.MapAsArrayTypeAdapterTest-testSerializeComplexMapWithTypeAdapter": {
        "energy": 525817,
        "duration": 14696789.222222222,
        "dram": 45406.88888888889,
        "iteration": 9,
        "stdev": 32086.929909040133
    },
    "com.google.gson.functional.EscapingTest-testGsonAcceptsEscapedAndNonEscapedJsonDeserialization": {
        "energy": 93749,
        "duration": 2546211.0,
        "dram": 8976.0,
        "iteration": 9,
        "stdev": 20671.97165663787
    },
    "com.google.gson.functional.EscapingTest-testEscapingObjectFields": {
        "energy": 107605,
        "duration": 2769553.5555555555,
        "dram": 8435.444444444445,
        "iteration": 9,
        "stdev": 21179.88014398524
    },
    "com.google.gson.functional.JsonTreeTest-testJsonTreeToString": {
        "energy": 164733,
        "duration": 4583601.555555556,
        "dram": 13462.111111111111,
        "iteration": 9,
        "stdev": 30644.959630670623
    },
    "com.google.gson.functional.ObjectTest-testBagOfPrimitiveWrappersSerialization": {
        "energy": 164489,
        "duration": 3775549.0,
        "dram": 11641.777777777777,
        "iteration": 9,
        "stdev": 23739.56135875667
    },
    "com.google.gson.functional.TypeVariableTest-testTypeVariablesViaTypeParameter": {
        "energy": 328124,
        "duration": 7990784.555555556,
        "dram": 26899.0,
        "iteration": 9,
        "stdev": 54643.34045245101
    },
    "com.google.gson.functional.PrettyPrintingTest-testPrettyPrintArrayOfObjects": {
        "energy": 87341,
        "duration": 2386600.5555555555,
        "dram": 7187.555555555556,
        "iteration": 9,
        "stdev": 17741.43992722569
    },
    "com.google.gson.functional.DefaultTypeAdaptersTest-testNullSerialization": {
        "energy": 1807246,
        "duration": 52078389.333333336,
        "dram": 158083.0,
        "iteration": 9,
        "stdev": 138172.72153797175
    },
    "com.google.gson.OverrideCoreTypeAdaptersTest-testOverrideWrapperBooleanAdapter": {
        "energy": 137878,
        "duration": 4459956.555555556,
        "dram": 12420.0,
        "iteration": 9,
        "stdev": 21279.830954030127
    },
    "com.google.gson.functional.CollectionTest-testWildcardCollectionField": {
        "energy": 657347,
        "duration": 18787829.222222224,
        "dram": 58496.77777777778,
        "iteration": 9,
        "stdev": 53722.70444044177
    },
    "com.google.gson.functional.PrimitiveTest-testPrimitiveBooleanAutoboxedInASingleElementArraySerialization": {
        "energy": 71960,
        "duration": 1658093.4444444445,
        "dram": 4843.444444444444,
        "iteration": 9,
        "stdev": 21668.39989192887
    },