{
    "com.google.gson.functional.MapTest-testWriteMapsWithEmptyStringKey": {
        "energy": 41077,
        "duration": 1595262.3333333333,
        "dram": 3614.1111111111113,
        "iteration": 9,
        "stdev": 2445.915461426344
    },
    "com.google.gson.functional.ReadersWritersTest-testReadWriteTwoObjects": {
        "energy": 169983,
        "duration": 4838115.555555556,
        "dram": 15313.333333333334,
        "iteration": 9,
        "stdev": 15960.858072016734
    },
    "com.google.gson.functional.CollectionTest-testRawCollectionSerialization": {
        "energy": 92224,
        "duration": 2646186.3333333335,
        "dram": 8780.444444444445,
        "iteration": 9,
        "stdev": 17718.6336694202
    },
    "com.google.gson.functional.ObjectTest-testNestedSerialization": {
        "energy": 85082,
        "duration": 2395619.111111111,
        "dram": 7138.222222222223,
        "iteration": 9,
        "stdev": 15293.195807286325
    },
    "com.google.gson.JsonParserTest-testReadWriteTwoObjects": {
        "energy": 608641,
        "duration": 18251851.777777776,
        "dram": 55574.77777777778,
        "iteration": 9,
        "stdev": 18318.28106928522
    },
    "com.google.gson.stream.JsonWriterTest-testPrettyPrintArray": {
        "energy": 116088,
        "duration": 3943314.6666666665,
        "dram": 10993.888888888889,
        "iteration": 9,
        "stdev": 24125.476325880434
    },
    "com.google.gson.functional.JsonTreeTest-testJsonTreeNull": {
        "energy": 180358,
        "duration": 5055731.111111111,
        "dram": 14973.777777777777,
        "iteration": 9,
        "stdev": 18661.126341166753
    },
    "com.google.gson.functional.ObjectTest-testNullFieldsSerialization": {
        "energy": 158081,
        "duration": 4547286.777777778,
        "dram": 12211.111111111111,
        "iteration": 9,
        "stdev": 19457.529682190732
    },
    "com.google.gson.internal.bind.JsonTreeWriterTest-testLenientNansAndInfinities": {
        "energy": 70984,
        "duration": 2631481.5555555555,
        "dram": 7748.666666666667,
        "iteration": 9,
        "stdev": 17895.015776867058
    },
    "com.google.gson.functional.TypeVariableTest-testBasicTypeVariables": {
        "energy": 91308,
        "duration": 2505062.111111111,
        "dram": 8073.444444444444,
        "iteration": 9,
        "stdev": 13271.174558901692
    },
    "com.google.gson.OverrideCoreTypeAdaptersTest-testOverridePrimitiveBooleanAdapter": {
        "energy": 46203,
        "duration": 1502261.888888889,
        "dram": 5008.333333333333,
        "iteration": 9,
        "stdev": 17158.09878385549
    },
    "com.google.gson.functional.ArrayTest-testObjectArrayWithNonPrimitivesSerialization": {
        "energy": 131042,
        "duration": 3580756.5555555555,
        "dram": 11121.222222222223,
        "iteration": 9,
        "stdev": 27959.972301687125
    },
    "com.google.gson.functional.PrimitiveTest-testPrimitiveBooleanAutoboxedSerialization": {
        "energy": 41504,
        "duration": 1259006.142857143,
        "dram": 4021.714285714286,
        "iteration": 7,
        "stdev": 19529.682374085172
    },
    "com.google.gson.functional.TypeVariableTest-testAdvancedTypeVariables": {
        "energy": 328735,
        "duration": 8620411.0,
        "dram": 27081.0,
        "iteration": 9,
        "stdev": 8407.228610759923
    },
    "com.google.gson.functional.ObjectTest-testArrayOfObjectsAsFields": {
        "energy": 282287,
        "duration": 7711720.777777778,
        "dram": 23942.666666666668,
        "iteration": 9,
        "stdev": 27335.411380356676
    },
    "com.google.gson.functional.UncategorizedTest-testGsonInstanceReusableForSerializationAndDeserialization": {
        "energy": 86060,
        "duration": 1995572.5555555555,
        "dram": 5654.222222222223,
        "iteration": 9,
        "stdev": 24661.03286613704
    },
    "com.google.gson.functional.EscapingTest-testGsonDoubleDeserialization": {
        "energy": 130737,
        "duration": 4029326.111111111,
        "dram": 12365.777777777777,
        "iteration": 9,
        "stdev": 58242.83257572939
    },
    "com.google.gson.functional.CollectionTest-testCollectionOfBagOfPrimitivesSerialization": {
        "energy": 112182,
        "duration": 2804301.5555555555,
        "dram": 8529.0,
        "iteration": 9,
        "stdev": 24029.26935640094
    },
    "com.google.gson.functional.SecurityTest-testNonExecutableJsonSerialization": {
        "energy": 75805,
        "duration": 2283355.777777778,
        "dram": 7160.333333333333,
        "iteration": 9,
        "stdev": 21125.49284632195
    },
    "com.google.gson.functional.VersioningTest-testVersionedGsonWithUnversionedClassesSerialization": {
        "energy": 93384,
        "duration": 2524369.222222222,
        "dram": 8670.0,
        "iteration": 9,
        "stdev": 31540.53750686919
    },
    "com.google.gson.functional.UncategorizedTest-testStaticFieldsAreNotSerialized": {
        "energy": 159973,
        "duration": 4061851.222222222,
        "dram": 12234.777777777777,
        "iteration": 9,
        "stdev": 11356.762369010496
    },
    "com.google.gson.functional.MapAsArrayTypeAdapterTest-testSerializeComplexMapWithTypeAdapter": {
        "energy": 499694,
        "duration": 14673264.444444444,
        "dram": 45597.666666666664,
        "iteration": 9,
        "stdev": 68664.22721071319
    },
    "com.google.gson.functional.EscapingTest-testGsonAcceptsEscapedAndNonEscapedJsonDeserialization": {
        "energy": 94299,
        "duration": 2751043.777777778,
        "dram": 8668.222222222223,
        "iteration": 9,
        "stdev": 21037.02113353598
    },
    "com.google.gson.functional.EscapingTest-testEscapingObjectFields": {
        "energy": 110108,
        "duration": 3138190.111111111,
        "dram": 8768.777777777777,
        "iteration": 9,
        "stdev": 26431.927915559496
    },
    "com.google.gson.functional.JsonTreeTest-testJsonTreeToString": {
        "energy": 164062,
        "duration": 4537738.111111111,
        "dram": 13634.0,
        "iteration": 9,
        "stdev": 36124.46548624169
    },
    "com.google.gson.functional.ObjectTest-testBagOfPrimitiveWrappersSerialization": {
        "energy": 125671,
        "duration": 3676219.222222222,
        "dram": 11522.666666666666,
        "iteration": 9,
        "stdev": 18391.48410287144
    },
    "com.google.gson.functional.TypeVariableTest-testTypeVariablesViaTypeParameter": {
        "energy": 345153,
        "duration": 7957835.444444444,
        "dram": 26348.11111111111,
        "iteration": 9,
        "stdev": 36075.44433887008
    },
    "com.google.gson.functional.PrettyPrintingTest-testPrettyPrintArrayOfObjects": {
        "energy": 83373,
        "duration": 2513706.3333333335,
        "dram": 8353.777777777777,
        "iteration": 9,
        "stdev": 16408.780242959205
    },
    "com.google.gson.functional.DefaultTypeAdaptersTest-testNullSerialization": {
        "energy": 1831965,
        "duration": 50295271.0,
        "dram": 158241.0,
        "iteration": 9,
        "stdev": 122669.88722020284
    },
    "com.google.gson.OverrideCoreTypeAdaptersTest-testOverrideWrapperBooleanAdapter": {
        "energy": 147704,
        "duration": 4433789.333333333,
        "dram": 12527.444444444445,
        "iteration": 9,
        "stdev": 19004.120314120835
    },
    "com.google.gson.functional.CollectionTest-testWildcardCollectionField": {
        "energy": 700804,
        "duration": 18518812.555555556,
        "dram": 59469.444444444445,
        "iteration": 9,
        "stdev": 42805.699919289335
    },
    "com.google.gson.functional.PrimitiveTest-testPrimitiveBooleanAutoboxedInASingleElementArraySerialization": {
        "energy": 83068,
        "duration": 1848104.0,
        "dram": 5701.888888888889,
        "iteration": 9,
        "stdev": 27955.938415502314
    },