{
    "com.google.gson.DefaultDateTypeAdapterTest-testParsingDatesFormattedWithUsLocale": {
        "energy": 507201,
        "duration": 14925456.111111112,
        "dram": 44548.333333333336,
        "iteration": 9,
        "stdev": 70810.47584996704
    },
    "com.google.gson.functional.DefaultTypeAdaptersTest-testDateSerializationWithPatternNotOverridenByTypeAdapter": {
        "energy": 603880,
        "duration": 15513205.888888888,
        "dram": 48436.444444444445,
        "iteration": 9,
        "stdev": 68214.4613048517
    },
    "com.google.gson.functional.DefaultTypeAdaptersTest-testDefaultJavaSqlTimestampDeserialization": {
        "energy": 1048764,
        "duration": 24177121.555555556,
        "dram": 81157.88888888889,
        "iteration": 9,
        "stdev": 47882.39063232606
    },
    "com.google.gson.functional.DefaultTypeAdaptersTest-testDateSerializationWithPattern": {
        "energy": 274292,
        "duration": 6721823.111111111,
        "dram": 21238.0,
        "iteration": 9,
        "stdev": 78269.0782635277
    },
    "com.google.gson.DefaultDateTypeAdapterTest-testDateDeserializationISO8601": {
        "energy": 934995,
        "duration": 22805085.555555556,
        "dram": 72018.66666666667,
        "iteration": 9,
        "stdev": 70513.72579072027
    },
    "com.google.gson.DefaultDateTypeAdapterTest-testUnexpectedToken": {
        "energy": 147277,
        "duration": 4078090.3333333335,
        "dram": 12418.555555555555,
        "iteration": 9,
        "stdev": 44529.23036183405
    },
    "com.google.gson.DefaultDateTypeAdapterTest-testFormattingInEnUs": {
        "energy": 435790,
        "duration": 10564291.444444444,
        "dram": 35115.11111111111,
        "iteration": 9,
        "stdev": 61316.23158574362
    },
    "com.google.gson.DefaultDateTypeAdapterTest-testDatePattern": {
        "energy": 281371,
        "duration": 7761924.666666667,
        "dram": 23234.11111111111,
        "iteration": 9,
        "stdev": 27448.597394285563
    },
    "com.google.gson.DefaultDateTypeAdapterTest-testInvalidDatePattern": {
        "energy": 165283,
        "duration": 4538860.777777778,
        "dram": 13525.111111111111,
        "iteration": 9,
        "stdev": 30346.1504012097
    },
    "com.google.gson.functional.DefaultTypeAdaptersTest-testSqlDateSerialization": {
        "energy": 278197,
        "duration": 6849317.222222222,
        "dram": 24201.222222222223,
        "iteration": 9,
        "stdev": 24743.329121698465
    },
    "com.google.gson.functional.DefaultTypeAdaptersTest-testTimestampSerialization": {
        "energy": 297912,
        "duration": 7118071.888888889,
        "dram": 23495.333333333332,
        "iteration": 9,
        "stdev": 41625.47166885104
    },
    "com.google.gson.functional.DefaultTypeAdaptersTest-testDefaultDateDeserializationUsingBuilder": {
        "energy": 594054,
        "duration": 13877813.444444444,
        "dram": 47826.22222222222,
        "iteration": 9,
        "stdev": 37645.64152760172
    },
    "com.google.gson.DefaultDateTypeAdapterTest-testDateSerialization": {
        "energy": 179626,
        "duration": 4527458.888888889,
        "dram": 13473.888888888889,
        "iteration": 9,
        "stdev": 7649.122309047321
    },
    "com.google.gson.functional.DefaultTypeAdaptersTest-testNullSerialization": {
        "energy": 1175534,
        "duration": 31645611.444444444,
        "dram": 99470.77777777778,
        "iteration": 9,
        "stdev": 52495.53460468899
    },
    "com.google.gson.functional.DefaultTypeAdaptersTest-testDateDeserializationWithPattern": {
        "energy": 340148,
        "duration": 9118867.333333334,
        "dram": 28704.333333333332,
        "iteration": 9,
        "stdev": 41393.17275548508
    },
    "com.google.gson.functional.DefaultTypeAdaptersTest-testDateSerializationInCollection": {
        "energy": 645018,
        "duration": 14574674.777777778,
        "dram": 50762.0,
        "iteration": 9,
        "stdev": 90087.71515090784
    },
    "com.google.gson.DefaultDateTypeAdapterTest-testNullValue": {
        "energy": 127929,
        "duration": 3766273.222222222,
        "dram": 11250.555555555555,
        "iteration": 9,
        "stdev": 20049.004918504615
    },
    "com.google.gson.functional.DefaultTypeAdaptersTest-testDefaultDateDeserialization": {
        "energy": 736448,
        "duration": 17578015.111111112,
        "dram": 58830.22222222222,
        "iteration": 9,
        "stdev": 73079.52864204318
    },
    "com.google.gson.DefaultDateTypeAdapterTest-testFormattingInFr": {
        "energy": 2986321,
        "duration": 85119640.33333333,
        "dram": 258396.66666666666,
        "iteration": 9,
        "stdev": 144327.08608197415
    }
}