{
    "com.google.gson.functional.CustomDeserializerTest-testDefaultConstructorNotCalledOnObject": {
        "energy": 59217.545454545456,
        "duration": 1981057.5858585858,
        "dram": 5483.686868686868,
        "iteration": 99,
        "stdev": 47442.79451847963
    },
    "com.google.gson.functional.ReadersWritersTest-testReadWriteTwoObjects": {
        "energy": 42511.83870967742,
        "duration": 1202054.7741935484,
        "dram": 3633.2741935483873,
        "iteration": 62,
        "stdev": 14868.598467688213
    },
    "com.google.gson.functional.MapTest-testInterfaceTypeMapWithSerializer": {
        "energy": 55373.02040816326,
        "duration": 1816831.4897959183,
        "dram": 4918.336734693878,
        "iteration": 98,
        "stdev": 24786.376229522146
    },
    "com.google.gson.functional.CollectionTest-testRawCollectionOfBagOfPrimitivesNotAllowed": {
        "energy": 41226.96153846154,
        "duration": 1087877.4807692308,
        "dram": 3190.9615384615386,
        "iteration": 52,
        "stdev": 11436.635302263609
    },
    "com.google.gson.functional.CustomDeserializerTest-testCustomDeserializerReturnsNullForArrayElementsForArrayField": {
        "energy": 36831.03389830508,
        "duration": 938921.8644067796,
        "dram": 2827.898305084746,
        "iteration": 59,
        "stdev": 4694.455961931259
    },
    "com.google.gson.JsonObjectTest-testAddingBooleanProperties": {
        "energy": 37947.666666666664,
        "duration": 460911.6666666667,
        "dram": 2717.2,
        "iteration": 15,
        "stdev": 2888.491063206224
    },
    "com.google.gson.functional.CustomDeserializerTest-testCustomDeserializerReturnsNull": {
        "energy": 42591.23333333333,
        "duration": 1070053.8166666667,
        "dram": 3635.2833333333333,
        "iteration": 60,
        "stdev": 15677.096825588878
    },
    "com.google.gson.functional.InheritanceTest-testClassWithBaseArrayFieldSerialization": {
        "energy": 38103.42372881356,
        "duration": 1043928.033898305,
        "dram": 3411.728813559322,
        "iteration": 59,
        "stdev": 6109.310283697154
    },
    "com.google.gson.functional.NullObjectAndFieldTest-testCustomTypeAdapterPassesNullDesrialization": {
        "energy": 39068.39215686275,
        "duration": 870346.8431372549,
        "dram": 2985.549019607843,
        "iteration": 51,
        "stdev": 6115.716971991683
    },
    "com.google.gson.functional.MapAsArrayTypeAdapterTest-testMultipleEnableComplexKeyRegistrationHasNoEffect": {
        "energy": 37842.464788732395,
        "duration": 1083063.1690140846,
        "dram": 3212.6901408450703,
        "iteration": 71,
        "stdev": 5091.276374544954
    },
    "com.google.gson.JsonParserTest-testParseString": {
        "energy": 36603.05882352941,
        "duration": 465859.5882352941,
        "dram": 2215.823529411765,
        "iteration": 17,
        "stdev": 3693.053916724465
    },
    "com.google.gson.functional.CustomDeserializerTest-testJsonTypeFieldBasedDeserialization": {
        "energy": 42918.79268292683,
        "duration": 1303914.524390244,
        "dram": 3838.609756097561,
        "iteration": 82,
        "stdev": 14757.025827933217
    },
    "com.google.gson.functional.InheritanceTest-testBaseSerializedAsSub": {
        "energy": 37420.425,
        "duration": 599398.0,
        "dram": 2365.025,
        "iteration": 40,
        "stdev": 5115.703778012856
    },
    "com.google.gson.functional.NullObjectAndFieldTest-testCustomSerializationOfNulls": {
        "energy": 46162.81481481482,
        "duration": 1223113.2592592593,
        "dram": 3394.3703703703704,
        "iteration": 27,
        "stdev": 17602.055887998566
    },
    "com.google.gson.functional.JsonParserTest-testChangingCustomTreeAndDeserializing": {
        "energy": 41297.40425531915,
        "duration": 1054557.085106383,
        "dram": 3487.148936170213,
        "iteration": 47,
        "stdev": 11068.790107938577
    },
    "com.google.gson.JsonParserTest-testParseReader": {
        "energy": 37762.4,
        "duration": 513818.75,
        "dram": 2396.05,
        "iteration": 20,
        "stdev": 3836.9501351985277
    },
    "com.google.gson.JsonObjectTest-testReadPropertyWithEmptyStringName": {
        "energy": 46224.739130434784,
        "duration": 1225891.043478261,
        "dram": 3135.8260869565215,
        "iteration": 23,
        "stdev": 20118.534111647205
    },
    "com.google.gson.functional.MapAsArrayTypeAdapterTest-testSerializeComplexMapWithTypeAdapter": {
        "energy": 104093.71717171717,
        "duration": 3093558.202020202,
        "dram": 9566.09090909091,
        "iteration": 99,
        "stdev": 150034.06028868209
    },
    "com.google.gson.functional.CustomTypeAdaptersTest-testCustomSerializers": {
        "energy": 127257.9827586207,
        "duration": 3426551.724137931,
        "dram": 11390.224137931034,
        "iteration": 58,
        "stdev": 307583.21069251077
    },
    "com.google.gson.functional.CustomTypeAdaptersTest-testCustomTypeAdapterDoesNotAppliesToSubClasses": {
        "energy": 88099.40404040404,
        "duration": 2772259.0303030303,
        "dram": 7956.818181818182,
        "iteration": 99,
        "stdev": 24374.688173470513
    },
    "com.google.gson.functional.UncategorizedTest-testReturningDerivedClassesDuringDeserialization": {
        "energy": 77842.49494949495,
        "duration": 2405621.757575758,
        "dram": 7113.484848484848,
        "iteration": 99,
        "stdev": 35004.47653201341
    },
    "com.google.gson.functional.MoreSpecificTypeSerializationTest-testMapOfParameterizedSubclassFields": {
        "energy": 39288.65517241379,
        "duration": 950726.9655172414,
        "dram": 2983.4310344827586,
        "iteration": 58,
        "stdev": 5951.168530725199
    },
    "com.google.gson.ObjectTypeAdapterTest-testDeserialize": {
        "energy": 52527.21621621621,
        "duration": 1572411.0945945946,
        "dram": 4737.081081081081,
        "iteration": 74,
        "stdev": 31822.811920819397
    },
    "com.google.gson.functional.CustomTypeAdaptersTest-testCustomDeserializers": {
        "energy": 45765.03333333333,
        "duration": 1190586.2333333334,
        "dram": 3873.2166666666667,
        "iteration": 60,
        "stdev": 23339.60054354449
    },
    "com.google.gson.functional.TypeHierarchyAdapterTest-testTypeHierarchy": {
        "energy": 224936.797979798,
        "duration": 6273539.282828283,
        "dram": 20488.11111111111,
        "iteration": 99,
        "stdev": 408318.59084733715
    },
    "com.google.gson.functional.CustomDeserializerTest-testCustomDeserializerReturnsNullForArrayElements": {
        "energy": 37202.1,
        "duration": 846194.98,
        "dram": 3230.76,
        "iteration": 50,
        "stdev": 4411.560700024425
    },
    "com.google.gson.functional.MoreSpecificTypeSerializationTest-testMapOfSubclassFields": {
        "energy": 43592.18461538461,
        "duration": 1284200.8923076922,
        "dram": 3680.876923076923,
        "iteration": 65,
        "stdev": 18597.692323257004
    },
    "com.google.gson.functional.CustomTypeAdaptersTest-testEnsureCustomSerializerNotInvokedForNullValues": {
        "energy": 46667.26,
        "duration": 1114998.18,
        "dram": 3817.36,
        "iteration": 50,
        "stdev": 18397.58928100092
    },
    "com.google.gson.functional.InheritanceTest-testClassWithBaseCollectionFieldSerialization": {
        "energy": 44188.42622950819,
        "duration": 1204132.3934426229,
        "dram": 3786.8524590163934,
        "iteration": 61,
        "stdev": 13493.348585426693
    },
    "com.google.gson.functional.CustomSerializerTest-testBaseClassSerializerInvokedForBaseClassFieldsHoldingSubClassInstances": {
        "energy": 36988.5,
        "duration": 727941.8541666666,
        "dram": 2890.0208333333335,
        "iteration": 48,