{
    "com.google.gson.functional.CustomTypeAdaptersTest-testCustomAdapterInvokedForMapElementDeserialization": {
        "energy": 37659,
        "duration": 1113326.051948052,
        "dram": 3169.6623376623374,
        "iteration": 77,
        "stdev": 7114.045749308797
    },
    "com.google.gson.functional.MapTest-testSerializeMaps": {
        "energy": 63903,
        "duration": 1915508.4747474748,
        "dram": 5472.383838383838,
        "iteration": 99,
        "stdev": 19139.8626217289
    },
    "com.google.gson.functional.PrettyPrintingTest-testEmptyMapField": {
        "energy": 43213,
        "duration": 1482530.4069767443,
        "dram": 4142.3488372093025,
        "iteration": 86,
        "stdev": 22690.989247243575
    },
    "com.google.gson.functional.MapTest-testMapSerializationWithNullValues": {
        "energy": 42053,
        "duration": 2095421.1216216215,
        "dram": 6258.22972972973,
        "iteration": 74,
        "stdev": 35712.1657321186
    },
    "com.google.gson.functional.MapTest-testMapDeserializationWithIntegerKeys": {
        "energy": 34607,
        "duration": 950906.6290322581,
        "dram": 2933.983870967742,
        "iteration": 62,
        "stdev": 3200.4223295385486
    },
    "com.google.gson.DefaultMapJsonSerializerTest-testEmptyMapSerialization": {
        "energy": 42053,
        "duration": 1518559.776119403,
        "dram": 4736.149253731343,
        "iteration": 67,
        "stdev": 59880.35499004675
    },
    "com.google.gson.functional.MapTest-testMapOfMapDeserialization": {
        "energy": 35156,
        "duration": 928048.0634920635,
        "dram": 2948.5873015873017,
        "iteration": 63,
        "stdev": 4729.4812907353235
    },
    "com.google.gson.functional.MapAsArrayTypeAdapterTest-testMultipleEnableComplexKeyRegistrationHasNoEffect": {
        "energy": 43395,
        "duration": 1480665.680851064,
        "dram": 4234.18085106383,
        "iteration": 94,
        "stdev": 15292.703601410183
    },
    "com.google.gson.functional.CustomTypeAdaptersTest-testCustomAdapterInvokedForMapElementSerialization": {
        "energy": 36499,
        "duration": 790958.3469387755,
        "dram": 2992.183673469388,
        "iteration": 49,
        "stdev": 5376.833917798823
    },
    "com.google.gson.functional.MapTest-testMapDeserializationWithNullKey": {
        "energy": 34851,
        "duration": 931144.8548387097,
        "dram": 2772.4032258064517,
        "iteration": 62,
        "stdev": 3527.1352156678913
    },
    "com.google.gson.functional.MapTest-testMapStandardSubclassDeserialization": {
        "energy": 35156,
        "duration": 956782.8387096775,
        "dram": 2820.6290322580644,
        "iteration": 62,
        "stdev": 4515.059775608215
    },
    "com.google.gson.functional.TypeVariableTest-testAdvancedTypeVariables": {
        "energy": 123047,
        "duration": 5948724.444444444,
        "dram": 19000.090909090908,
        "iteration": 99,
        "stdev": 427566.9732414086
    },
    "com.google.gson.functional.MapTest-testReadMapsWithEmptyStringKey": {
        "energy": 37415,
        "duration": 879025.8363636363,
        "dram": 3167.909090909091,
        "iteration": 55,
        "stdev": 4836.323855953963
    },
    "com.google.gson.functional.MapTest-testMapSerializationWithNullValuesSerialized": {
        "energy": 35462,
        "duration": 812121.4318181818,
        "dram": 3054.5,
        "iteration": 44,
        "stdev": 3738.157914674194
    },
    "com.google.gson.functional.MapTest-testMapSubclassDeserialization": {
        "energy": 36926,
        "duration": 1397897.0526315789,
        "dram": 3689.9684210526316,
        "iteration": 95,
        "stdev": 14050.84415100351
    },
    "com.google.gson.functional.MapTest-testParameterizedMapSubclassDeserialization": {
        "energy": 34973,
        "duration": 999469.7413793104,
        "dram": 2979.362068965517,
        "iteration": 58,
        "stdev": 3536.3722086815633
    },
    "com.google.gson.functional.MapAsArrayTypeAdapterTest-testMapWithTypeVariableDeserialization": {
        "energy": 42847,
        "duration": 1431166.0989010988,
        "dram": 3958.120879120879,
        "iteration": 91,
        "stdev": 13327.042329444861
    },
    "com.google.gson.functional.MapTest-testGeneralMapField": {
        "energy": 38879,
        "duration": 1411209.4468085107,
        "dram": 3899.6382978723404,
        "iteration": 94,
        "stdev": 12678.159419198086
    },
    "com.google.gson.functional.MapTest-testMapSerializationWithNullValueButSerializeNulls": {
        "energy": 35339,
        "duration": 1020613.921875,
        "dram": 3005.265625,
        "iteration": 64,
        "stdev": 3947.2112645935213
    },
    "com.google.gson.functional.MapAsArrayTypeAdapterTest-testSerializeComplexMapWithTypeAdapter": {
        "energy": 120361,
        "duration": 8803507.91919192,
        "dram": 28013.242424242424,
        "iteration": 99,
        "stdev": 622534.2879810776
    },
    "com.google.gson.functional.MapTest-testInterfaceTypeMap": {
        "energy": 131957,
        "duration": 4314053.0,
        "dram": 13668.747474747475,
        "iteration": 99,
        "stdev": 43943.94481854914
    },
    "com.google.gson.functional.MapTest-testMapSerializationWithWildcardValues": {
        "energy": 44068,
        "duration": 1749870.7171717172,
        "dram": 4972.747474747474,
        "iteration": 99,
        "stdev": 19278.496920145273
    },
    "com.google.gson.functional.PrettyPrintingTest-testMap": {
        "energy": 38574,
        "duration": 1087288.6603773586,
        "dram": 3073.056603773585,
        "iteration": 53,
        "stdev": 7759.977819880733
    },
    "com.google.gson.functional.MapTest-testMapDeserialization": {
        "energy": 36072,
        "duration": 1161572.5555555555,
        "dram": 3215.7638888888887,
        "iteration": 72,
        "stdev": 5199.620106148514
    },
    "com.google.gson.functional.MoreSpecificTypeSerializationTest-testListOfParameterizedSubclassFields": {
        "energy": 43762,
        "duration": 1414454.5057471264,
        "dram": 4189.241379310345,
        "iteration": 87,
        "stdev": 15554.282279836987
    },
    "com.google.gson.functional.MapTest-testParameterizedMapSubclassSerialization": {
        "energy": 64880,
        "duration": 1917478.191919192,
        "dram": 5458.232323232323,
        "iteration": 99,
        "stdev": 19090.378586279872
    },
    "com.google.gson.functional.MoreSpecificTypeSerializationTest-testMapOfParameterizedSubclassFields": {
        "energy": 41687,
        "duration": 1299406.0340909092,
        "dram": 3764.75,
        "iteration": 88,
        "stdev": 10620.542395386909
    },
    "com.google.gson.functional.MoreSpecificTypeSerializationTest-testListOfSubclassFields": {
        "energy": 45226,
        "duration": 1938842.03125,
        "dram": 5801.760416666667,
        "iteration": 96,
        "stdev": 34524.785563197736
    },
    "com.google.gson.functional.MapTest-testMapSerialization": {
        "energy": 38453,
        "duration": 3686982.5301204817,
        "dram": 10987.4578313253,
        "iteration": 83,
        "stdev": 141539.54987021958
    },
    "com.google.gson.functional.MapTest-testMapDeserializationWithNullValue": {
        "energy": 34851,
        "duration": 980610.2608695652,
        "dram": 2884.144927536232,
        "iteration": 69,
        "stdev": 3592.5299144036812
    },
    "com.google.gson.functional.TypeVariableTest-testTypeVariablesViaTypeParameter": {
        "energy": 82458,
        "duration": 2436441.6666666665,
        "dram": 7369.828282828283,
        "iteration": 99,
        "stdev": 29339.029350562017
    },
    "com.google.gson.functional.MoreSpecificTypeSerializationTest-testMapOfSubclassFields": {
        "energy": 42541,
        "duration": 1399832.4838709678,
        "dram": 3907.7634408602153,
        "iteration": 93,