{
    "com.google.gson.functional.MapTest-testWriteMapsWithEmptyStringKey": {
        "energy": 36194,
        "duration": 611587.0930232558,
        "dram": 2808.0232558139537,
        "iteration": 43,
        "stdev": 4669.590452265327
    },
    "com.google.gson.functional.CustomTypeAdaptersTest-testCustomAdapterInvokedForMapElementDeserialization": {
        "energy": 36987,
        "duration": 1063518.5571428572,
        "dram": 3141.1285714285714,
        "iteration": 70,
        "stdev": 4795.590701501384
    },
    "com.google.gson.functional.MapTest-testSerializeMaps": {
        "energy": 65552,
        "duration": 1800833.7575757576,
        "dram": 5448.444444444444,
        "iteration": 99,
        "stdev": 20013.202639365278
    },
    "com.google.gson.functional.PrettyPrintingTest-testEmptyMapField": {
        "energy": 40955,
        "duration": 1342954.857142857,
        "dram": 3698.8214285714284,
        "iteration": 84,
        "stdev": 13473.863668531136
    },
    "com.google.gson.functional.MapTest-testMapSerializationWithNullValues": {
        "energy": 40284,
        "duration": 1814919.4805194805,
        "dram": 5280.168831168831,
        "iteration": 77,
        "stdev": 33160.57303638666
    },
    "com.google.gson.functional.MapTest-testMapDeserializationWithIntegerKeys": {
        "energy": 36316,
        "duration": 910183.8181818182,
        "dram": 3198.409090909091,
        "iteration": 66,
        "stdev": 3567.565114305799
    },
    "com.google.gson.functional.CustomTypeAdaptersTest-testCustomAdapterInvokedForMapElementSerializationWithType": {
        "energy": 38513,
        "duration": 1121127.3076923077,
        "dram": 3265.9871794871797,
        "iteration": 78,
        "stdev": 5802.773093342006
    },
    "com.google.gson.functional.MapAsArrayTypeAdapterTest-testMultipleEnableComplexKeyRegistrationHasNoEffect": {
        "energy": 44556,
        "duration": 1672794.1958762887,
        "dram": 4268.257731958763,
        "iteration": 97,
        "stdev": 16596.723171194255
    },
    "com.google.gson.functional.MapTest-testMapDeserializationWithNullKey": {
        "energy": 35828,
        "duration": 945073.0689655172,
        "dram": 3053.844827586207,
        "iteration": 58,
        "stdev": 3742.3531272387468
    },
    "com.google.gson.functional.MapTest-testMapStandardSubclassDeserialization": {
        "energy": 35278,
        "duration": 950737.3272727273,
        "dram": 2817.1272727272726,
        "iteration": 55,
        "stdev": 3479.139352585744
    },
    "com.google.gson.functional.TypeVariableTest-testAdvancedTypeVariables": {
        "energy": 127808,
        "duration": 16105988.656565657,
        "dram": 50859.51515151515,
        "iteration": 99,
        "stdev": 883525.7101540088
    },
    "com.google.gson.functional.MapTest-testMapSubclassDeserialization": {
        "energy": 37048,
        "duration": 1336977.5934065934,
        "dram": 3634.164835164835,
        "iteration": 91,
        "stdev": 10402.487061879758
    },
    "com.google.gson.functional.JsonParserTest-testExtraCommasInMaps": {
        "energy": 38269,
        "duration": 1198771.1176470588,
        "dram": 3373.3823529411766,
        "iteration": 68,
        "stdev": 7159.0510357053545
    },
    "com.google.gson.functional.MapTest-testMapSerializationWithIntegerKeys": {
        "energy": 36315,
        "duration": 946877.1803278689,
        "dram": 2972.44262295082,
        "iteration": 61,
        "stdev": 3484.7315037630956
    },
    "com.google.gson.functional.MapAsArrayTypeAdapterTest-testMapWithTypeVariableDeserialization": {
        "energy": 41809,
        "duration": 1545373.5416666667,
        "dram": 4247.833333333333,
        "iteration": 96,
        "stdev": 16092.863881632766
    },
    "com.google.gson.functional.MapTest-testGeneralMapField": {
        "energy": 39367,
        "duration": 1385679.6,
        "dram": 4005.842105263158,
        "iteration": 95,
        "stdev": 11021.361120118305
    },
    "com.google.gson.functional.MapAsArrayTypeAdapterTest-testSerializeComplexMapWithTypeAdapter": {
        "energy": 126953,
        "duration": 14427240.555555556,
        "dram": 45906.14141414141,
        "iteration": 99,
        "stdev": 825444.7506219846
    },
    "com.google.gson.functional.MapTest-testMapSerializationWithWildcardValues": {
        "energy": 41686,
        "duration": 1697858.9494949495,
        "dram": 4763.363636363636,
        "iteration": 99,
        "stdev": 18538.864680802235
    },
    "com.google.gson.functional.PrettyPrintingTest-testMap": {
        "energy": 38146,
        "duration": 1049407.7647058824,
        "dram": 3030.2549019607845,
        "iteration": 51,
        "stdev": 6880.319941563031
    },
    "com.google.gson.functional.MapTest-testMapDeserialization": {
        "energy": 37049,
        "duration": 1114717.5692307693,
        "dram": 3298.646153846154,
        "iteration": 65,
        "stdev": 7509.865558090352
    },
    "com.google.gson.functional.MoreSpecificTypeSerializationTest-testListOfParameterizedSubclassFields": {
        "energy": 39550,
        "duration": 1393949.9361702127,
        "dram": 3812.0851063829787,
        "iteration": 94,
        "stdev": 11540.152440184185
    },
    "com.google.gson.functional.MapTest-testParameterizedMapSubclassSerialization": {
        "energy": 62866,
        "duration": 1963264.6363636365,
        "dram": 5591.090909090909,
        "iteration": 99,
        "stdev": 19512.995212625407
    },
    "com.google.gson.DefaultMapJsonSerializerTest-testNonEmptyMapSerialization": {
        "energy": 39001,
        "duration": 1253145.878787879,
        "dram": 3806.8636363636365,
        "iteration": 66,
        "stdev": 45769.12534521674
    },
    "com.google.gson.functional.MoreSpecificTypeSerializationTest-testMapOfParameterizedSubclassFields": {
        "energy": 41076,
        "duration": 1280463.6344086023,
        "dram": 3698.3763440860216,
        "iteration": 93,
        "stdev": 11828.036296381237
    },
    "com.google.gson.functional.MoreSpecificTypeSerializationTest-testListOfSubclassFields": {
        "energy": 45410,
        "duration": 1833848.868131868,
        "dram": 5118.725274725275,
        "iteration": 91,
        "stdev": 26497.4121754357
    },
    "com.google.gson.functional.MapTest-testMapDeserializationWithNullValue": {
        "energy": 37232,
        "duration": 914949.203125,
        "dram": 3056.203125,
        "iteration": 64,
        "stdev": 3892.5626398650847
    },
    "com.google.gson.functional.TypeVariableTest-testTypeVariablesViaTypeParameter": {
        "energy": 82581,
        "duration": 2545190.5454545454,
        "dram": 7780.858585858586,
        "iteration": 99,
        "stdev": 34453.24882190419
    },
    "com.google.gson.DefaultMapJsonSerializerTest-testEmptyMapNoTypeSerialization": {
        "energy": 38940,
        "duration": 2723855.4,
        "dram": 8735.64,
        "iteration": 25,
        "stdev": 107132.53403985925
    },
    "com.google.gson.functional.MapTest-testMapOfMapSerialization": {
        "energy": 36866,
        "duration": 682080.2258064516,
        "dram": 3000.7419354838707,
        "iteration": 31,
        "stdev": 4562.754924099972
    },
    "com.google.gson.functional.MapAsArrayTypeAdapterTest-testTwoTypesCollapseToOneDeserialize": {
        "energy": 65612,
        "duration": 2011991.7954545454,
        "dram": 6204.5,
        "iteration": 88,
        "stdev": 25916.51315579397
    },
    "com.google.gson.functional.MapTest-testMapSubclassSerialization": {
        "energy": 35523,
        "duration": 730280.6458333334,
        "dram": 3180.5625,
        "iteration": 48,
        "stdev": 4068.256427436083
    },
    "com.google.gson.functional.MapTest-testMapSerializationWithNullKey": {
        "energy": 35827,
        "duration": 966882.75,
        "dram": 2796.8970588235293,
        "iteration": 68,