{
    "com.google.gson.functional.ReadersWritersTest-testReadWriteTwoStrings": {
        "energy": 108256.28571428571,
        "duration": 3555394.6363636362,
        "dram": 9756.584415584415,
        "iteration": 77,
        "stdev": 123486.71886775341
    },
    "com.google.gson.JsonStreamParserTest-testParseTwoStrings": {
        "energy": 172436.11111111112,
        "duration": 4602606.577777778,
        "dram": 14622.022222222222,
        "iteration": 45,
        "stdev": 206081.6046746986
    },
    "com.google.gson.JsonStreamParserTest-testIterator": {
        "energy": 294375.6382978723,
        "duration": 8485326.127659574,
        "dram": 25613.808510638297,
        "iteration": 47,
        "stdev": 211668.9820170772
    }
}