{
    "com.google.gson.functional.ReadersWritersTest-testReadWriteTwoStrings": {
        "energy": 74585,
        "duration": 3765670.135135135,
        "dram": 10949.391891891892,
        "iteration": 74,
        "stdev": 117116.86335069734
    },
    "com.google.gson.JsonStreamParserTest-testIterator": {
        "energy": 422301,
        "duration": 9608616.344262294,
        "dram": 29495.885245901638,
        "iteration": 61,
        "stdev": 221325.62927999787
    },
    "com.google.gson.JsonStreamParserTest-testParseTwoStrings": {
        "energy": 36926,
        "duration": 5032328.6,
        "dram": 15240.885714285714,
        "iteration": 35,
        "stdev": 201538.29460838737
    }
}