{
    "com.google.gson.functional.CustomTypeAdaptersTest-testCustomAdapterInvokedForCollectionElementDeserialization": {
        "energy": 37934.7875,
        "duration": 1157202.2125,
        "dram": 3235.7625,
        "iteration": 80,
        "stdev": 7059.8931024020285
    },
    "com.google.gson.functional.CustomTypeAdaptersTest-testCustomAdapterInvokedForMapElementDeserialization": {
        "energy": 42863.41379310345,
        "duration": 1165381.0344827587,
        "dram": 3431.5689655172414,
        "iteration": 58,
        "stdev": 13022.208152752082
    },
    "com.google.gson.functional.MapTest-testInterfaceTypeMapWithSerializer": {
        "energy": 60016.52525252525,
        "duration": 1959876.9292929294,
        "dram": 5168.727272727273,
        "iteration": 99,
        "stdev": 21328.58526913343
    },
    "com.google.gson.functional.CustomDeserializerTest-testCustomDeserializerReturnsNullForArrayElementsForArrayField": {
        "energy": 38618.29230769231,
        "duration": 959580.0153846154,
        "dram": 3045.2,
        "iteration": 65,
        "stdev": 5023.834918046869
    },
    "com.google.gson.functional.TypeAdapterPrecedenceTest-testSerializeNonstreamingTypeAdapterFollowedByStreamingTypeAdapter": {
        "energy": 141665.31313131313,
        "duration": 3990146.222222222,
        "dram": 12133.636363636364,
        "iteration": 99,
        "stdev": 350900.50891257485
    },
    "com.google.gson.functional.CustomSerializerTest-testSerializerReturnsNull": {
        "energy": 38876.08928571428,
        "duration": 809008.0892857143,
        "dram": 3039.2678571428573,
        "iteration": 56,
        "stdev": 5046.501016534645
    },
    "com.google.gson.functional.CustomTypeAdaptersTest-testCustomAdapterInvokedForMapElementSerializationWithType": {
        "energy": 37923.71428571428,
        "duration": 962998.2,
        "dram": 2957.9285714285716,
        "iteration": 70,
        "stdev": 5207.397847960033
    },
    "com.google.gson.functional.CustomDeserializerTest-testCustomDeserializerReturnsNull": {
        "energy": 44947.16923076923,
        "duration": 1212243.7384615385,
        "dram": 3803.4153846153845,
        "iteration": 65,
        "stdev": 17040.27218866144
    },
    "com.google.gson.functional.CustomTypeAdaptersTest-testCustomNestedSerializers": {
        "energy": 59274.27848101266,
        "duration": 1796479.4936708861,
        "dram": 5180.278481012659,
        "iteration": 79,
        "stdev": 131235.66518984537
    },
    "com.google.gson.functional.NullObjectAndFieldTest-testCustomTypeAdapterPassesNullDesrialization": {
        "energy": 38093.811320754714,
        "duration": 931779.1698113207,
        "dram": 3000.9811320754716,
        "iteration": 53,
        "stdev": 4939.341248020847
    },
    "com.google.gson.functional.StreamingTypeAdaptersTest-testSerializeWithCustomTypeAdapter": {
        "energy": 43201.807692307695,
        "duration": 1359002.4102564103,
        "dram": 3674.2948717948716,
        "iteration": 78,
        "stdev": 11803.323157720535
    },
    "com.google.gson.functional.MapTest-testMapSubclassDeserialization": {
        "energy": 39229.45614035088,
        "duration": 889432.947368421,
        "dram": 2923.9122807017543,
        "iteration": 57,
        "stdev": 4762.3509787254825
    },
    "com.google.gson.functional.ParameterizedTypesTest-testParameterizedTypeWithReaderDeserialization": {
        "energy": 41174.555555555555,
        "duration": 1216306.8641975308,
        "dram": 3369.9876543209875,
        "iteration": 81,
        "stdev": 15718.28500917418
    },
    "com.google.gson.functional.ParameterizedTypesTest-testParameterizedTypeWithCustomSerializer": {
        "energy": 53261.68421052631,
        "duration": 1730141.9263157896,
        "dram": 4778.0,
        "iteration": 95,
        "stdev": 24499.169982186468
    },
    "com.google.gson.functional.CustomDeserializerTest-testJsonTypeFieldBasedDeserialization": {
        "energy": 46196.891304347824,
        "duration": 1510434.9347826086,
        "dram": 4062.4239130434785,
        "iteration": 92,
        "stdev": 14399.904963799107
    },
    "com.google.gson.functional.NullObjectAndFieldTest-testCustomSerializationOfNulls": {
        "energy": 43026.79069767442,
        "duration": 1016415.7209302326,
        "dram": 3577.6744186046512,
        "iteration": 43,
        "stdev": 9262.586344720456
    },
    "com.google.gson.functional.InstanceCreatorTest-testInstanceCreatorReturnsBaseType": {
        "energy": 204981.41025641025,
        "duration": 5833784.628205128,
        "dram": 18385.910256410258,
        "iteration": 78,
        "stdev": 429041.6346071142
    },
    "com.google.gson.functional.CustomTypeAdaptersTest-testCustomSerializers": {
        "energy": 158115.984375,
        "duration": 4609072.640625,
        "dram": 13803.25,
        "iteration": 64,
        "stdev": 325668.12274314865
    },
    "com.google.gson.functional.CustomTypeAdaptersTest-testCustomTypeAdapterDoesNotAppliesToSubClasses": {
        "energy": 88327.48484848485,
        "duration": 2684839.393939394,
        "dram": 8058.676767676768,
        "iteration": 99,
        "stdev": 22041.27046392544
    },
    "com.google.gson.functional.CustomTypeAdaptersTest-testCustomAdapterInvokedForCollectionElementSerialization": {
        "energy": 36979.0,
        "duration": 647411.4594594594,
        "dram": 2876.4054054054054,
        "iteration": 37,
        "stdev": 4970.382197496405
    },
    "com.google.gson.functional.ParameterizedTypesTest-testParameterizedTypeDeserialization": {
        "energy": 58387.64772727273,
        "duration": 2112817.125,
        "dram": 5485.238636363636,
        "iteration": 88,
        "stdev": 53256.42680039995
    },
    "com.google.gson.functional.CustomSerializerTest-testSubClassSerializerInvokedForBaseClassFieldsHoldingSubClassInstances": {
        "energy": 147721.1343283582,
        "duration": 4225503.447761194,
        "dram": 12834.194029850747,
        "iteration": 67,
        "stdev": 341304.8176242452
    },
    "com.google.gson.functional.UncategorizedTest-testReturningDerivedClassesDuringDeserialization": {
        "energy": 74930.07070707071,
        "duration": 2300198.696969697,
        "dram": 6551.020202020202,
        "iteration": 99,
        "stdev": 27126.130895478564
    },
    "com.google.gson.functional.CustomTypeAdaptersTest-testCustomAdapterInvokedForCollectionElementSerializationWithType": {
        "energy": 44788.78571428572,
        "duration": 1453086.6785714286,
        "dram": 3901.654761904762,
        "iteration": 84,
        "stdev": 15772.915241514056
    },
    "com.google.gson.functional.CustomTypeAdaptersTest-testCustomDeserializers": {
        "energy": 51106.896103896106,
        "duration": 1366971.1168831168,
        "dram": 4388.571428571428,
        "iteration": 77,
        "stdev": 29776.222511060172
    },
    "com.google.gson.functional.CustomDeserializerTest-testCustomDeserializerReturnsNullForArrayElements": {
        "energy": 38525.912280701756,
        "duration": 924423.5614035088,
        "dram": 2612.5263157894738,
        "iteration": 57,
        "stdev": 5043.2652270329845
    },
    "com.google.gson.functional.StreamingTypeAdaptersTest-testDeserializeWithCustomTypeAdapter": {
        "energy": 38647.681818181816,
        "duration": 762577.8863636364,
        "dram": 2792.8863636363635,
        "iteration": 44,
        "stdev": 4844.766683437103
    },
    "com.google.gson.functional.CustomTypeAdaptersTest-testCustomByteArrayDeserializerAndInstanceCreator": {
        "energy": 38001.307692307695,
        "duration": 881491.2115384615,
        "dram": 2987.673076923077,
        "iteration": 52,
        "stdev": 4455.879152390699
    },
    "com.google.gson.functional.CustomSerializerTest-testBaseClassSerializerInvokedForBaseClassFields": {
        "energy": 39301.08823529412,
        "duration": 690684.8235294118,