{
    "com.google.gson.functional.TypeAdapterPrecedenceTest-testStreamingFollowedByNonstreaming": {
        "energy": 36865,
        "duration": 702123.2222222222,
        "dram": 2939.8518518518517,
        "iteration": 27,
        "stdev": 4541.185625900894
    },
    "com.google.gson.functional.CustomTypeAdaptersTest-testCustomTypeAdapterAppliesToSubClassesSerializedAsBaseClass": {
        "energy": 37170,
        "duration": 918907.5892857143,
        "dram": 2628.0535714285716,
        "iteration": 56,
        "stdev": 4277.524062682053
    },
    "com.google.gson.functional.MapTest-testInterfaceTypeMapWithSerializer": {
        "energy": 66223,
        "duration": 2036193.4141414142,
        "dram": 5566.585858585859,
        "iteration": 99,
        "stdev": 25020.838107935313
    },
    "com.google.gson.functional.CustomDeserializerTest-testCustomDeserializerReturnsNullForArrayElementsForArrayField": {
        "energy": 37536,
        "duration": 980499.5479452055,
        "dram": 2862.301369863014,
        "iteration": 73,
        "stdev": 4670.6021187046
    },
    "com.google.gson.functional.TypeAdapterPrecedenceTest-testSerializeNonstreamingTypeAdapterFollowedByStreamingTypeAdapter": {
        "energy": 45654,
        "duration": 5980626.070707071,
        "dram": 18255.989898989897,
        "iteration": 99,
        "stdev": 422661.72705065145
    },
    "com.google.gson.functional.CustomTypeAdaptersTest-testCustomAdapterInvokedForMapElementSerializationWithType": {
        "energy": 36987,
        "duration": 949441.45,
        "dram": 2975.4333333333334,
        "iteration": 60,
        "stdev": 5885.8607591979835
    },
    "com.google.gson.functional.CustomDeserializerTest-testCustomDeserializerReturnsNull": {
        "energy": 41931,
        "duration": 1459296.953125,
        "dram": 4370.359375,
        "iteration": 64,
        "stdev": 24460.84711824068
    },
    "com.google.gson.functional.CustomTypeAdaptersTest-testCustomNestedSerializers": {
        "energy": 41137,
        "duration": 1980269.7763157894,
        "dram": 5911.013157894737,
        "iteration": 76,
        "stdev": 189461.2956492196
    },
    "com.google.gson.functional.NullObjectAndFieldTest-testCustomTypeAdapterPassesNullDesrialization": {
        "energy": 38146,
        "duration": 1017010.2295081967,
        "dram": 3230.8688524590166,
        "iteration": 61,
        "stdev": 8204.503448689584
    },
    "com.google.gson.functional.MapTest-testMapSubclassDeserialization": {
        "energy": 38940,
        "duration": 909505.220338983,
        "dram": 3060.677966101695,
        "iteration": 59,
        "stdev": 4788.309188693526
    },
    "com.google.gson.functional.ParameterizedTypesTest-testParameterizedTypeWithCustomSerializer": {
        "energy": 42602,
        "duration": 1787463.142857143,
        "dram": 4734.438775510204,
        "iteration": 98,
        "stdev": 25743.28375865993
    },
    "com.google.gson.functional.CustomDeserializerTest-testJsonTypeFieldBasedDeserialization": {
        "energy": 43091,
        "duration": 1580263.9895833333,
        "dram": 4076.3333333333335,
        "iteration": 96,
        "stdev": 14654.193600048702
    },
    "com.google.gson.functional.MapTest-testCustomSerializerForSpecificMapType": {
        "energy": 38757,
        "duration": 982096.2173913043,
        "dram": 3059.550724637681,
        "iteration": 69,
        "stdev": 4624.780960905922
    },
    "com.google.gson.functional.InstanceCreatorTest-testInstanceCreatorReturnsSubTypeForField": {
        "energy": 40039,
        "duration": 1139786.493150685,
        "dram": 3567.1643835616437,
        "iteration": 73,
        "stdev": 16571.890936020136
    },
    "com.google.gson.functional.CustomTypeAdaptersTest-testCustomTypeAdapterDoesNotAppliesToSubClasses": {
        "energy": 82580,
        "duration": 2680015.6565656564,
        "dram": 8086.131313131313,
        "iteration": 99,
        "stdev": 24648.399950044157
    },
    "com.google.gson.functional.CustomTypeAdaptersTest-testCustomAdapterInvokedForCollectionElementSerialization": {
        "energy": 38330,
        "duration": 681303.925,
        "dram": 2603.675,
        "iteration": 40,
        "stdev": 5438.809439976272
    },
    "com.google.gson.functional.ParameterizedTypesTest-testParameterizedTypeDeserialization": {
        "energy": 41259,
        "duration": 2649905.2282608696,
        "dram": 7367.619565217391,
        "iteration": 92,
        "stdev": 74505.4256657855
    },
    "com.google.gson.functional.CollectionTest-testUserCollectionTypeAdapter": {
        "energy": 42420,
        "duration": 1432065.268292683,
        "dram": 3781.9268292682927,
        "iteration": 82,
        "stdev": 15898.030632660939
    },
    "com.google.gson.functional.UncategorizedTest-testReturningDerivedClassesDuringDeserialization": {
        "energy": 80077,
        "duration": 2258901.525252525,
        "dram": 6784.292929292929,
        "iteration": 99,
        "stdev": 25464.51019167877
    },
    "com.google.gson.functional.CustomTypeAdaptersTest-testCustomAdapterInvokedForCollectionElementSerializationWithType": {
        "energy": 40832,
        "duration": 1480138.2337662338,
        "dram": 4057.4675324675327,
        "iteration": 77,
        "stdev": 17409.216436862458
    },
    "com.google.gson.functional.TypeAdapterPrecedenceTest-testStreamingHierarchicalFollowedByNonstreamingHierarchical": {
        "energy": 39307,
        "duration": 613341.8666666667,
        "dram": 2408.2,
        "iteration": 30,
        "stdev": 4932.886903224115
    },
    "com.google.gson.functional.CustomDeserializerTest-testCustomDeserializerReturnsNullForArrayElements": {
        "energy": 38269,
        "duration": 951149.2592592592,
        "dram": 3044.722222222222,
        "iteration": 54,
        "stdev": 4533.912583159096
    },
    "com.google.gson.functional.InstanceCreatorTest-testInstanceCreatorReturnsSubTypeForTopLevelObject": {
        "energy": 39551,
        "duration": 934324.8392857143,
        "dram": 3361.660714285714,
        "iteration": 56,
        "stdev": 4500.290093824111
    },
    "com.google.gson.functional.CustomTypeAdaptersTest-testCustomByteArrayDeserializerAndInstanceCreator": {
        "energy": 37414,
        "duration": 903459.0172413794,
        "dram": 2906.948275862069,
        "iteration": 58,
        "stdev": 4825.438240988906
    },
    "com.google.gson.functional.CustomSerializerTest-testBaseClassSerializerInvokedForBaseClassFields": {
        "energy": 39124,
        "duration": 677332.3846153846,
        "dram": 2421.5384615384614,
        "iteration": 26,
        "stdev": 4802.182396035462
    },
    "com.google.gson.functional.CustomSerializerTest-testSubClassSerializerInvokedForBaseClassFieldsHoldingArrayOfSubClassInstances": {
        "energy": 39307,
        "duration": 1032507.2741935484,
        "dram": 3175.7419354838707,
        "iteration": 62,
        "stdev": 10309.8084343587
    },
    "com.google.gson.functional.CircularReferenceTest-testSelfReferenceCustomHandlerSerialization": {
        "energy": 405334,
        "duration": 10733776.363636363,
        "dram": 34029.9494949495,
        "iteration": 99,
        "stdev": 134121.770101326
    },
    "com.google.gson.functional.CustomTypeAdaptersTest-testEnsureCustomDeserializerNotInvokedForNullValues": {
        "energy": 36682,
        "duration": 722010.9215686275,
        "dram": 2845.1960784313724,
        "iteration": 51,
        "stdev": 4400.5424836843995
    },
    "com.google.gson.functional.CustomDeserializerTest-testCustomDeserializerReturnsNullForTopLevelObject": {
        "energy": 42785,
        "duration": 1793881.9672131147,
        "dram": 5291.11475409836,
        "iteration": 61,
        "stdev": 32556.21455929005
    },
    "com.google.gson.functional.ParameterizedTypesTest-testParameterizedTypesWithCustomDeserializer": {
        "energy": 39733,