{
    "com.squareup.javapoet.TypeSpecTest-ifElse": {
        "energy": 62995.509765625,
        "duration": 1910878.462890625,
        "dram": 4829.2109375
    },
    "com.squareup.javapoet.TypeSpecTest-indexedElseIf": {
        "energy": 291046.755859375,
        "duration": 9348604.849609375,
        "dram": 28669.771484375
    },
    "com.squareup.javapoet.TypeSpecTest-tryCatch": {
        "energy": 1936957.150390625,
        "duration": 54842779.05859375,
        "dram": 176520.208984375
    },
    "com.squareup.javapoet.TypeSpecTest-elseIf": {
        "energy": 72335.45703125,
        "duration": 1978991.251953125,
        "dram": 6334.962890625
    }
}