{
    "com.squareup.javapoet.TypeSpecTest-ifElse": {
        "energy": 43800.841796875,
        "duration": 1683123.111328125,
        "dram": 4776.072265625
    },
    "com.squareup.javapoet.TypeSpecTest-indexedElseIf": {
        "energy": 1258889.185546875,
        "duration": 37503913.91015625,
        "dram": 119795.125
    },
    "com.squareup.javapoet.TypeSpecTest-tryCatch": {
        "energy": 853941.744140625,
        "duration": 25504191.412109375,
        "dram": 82180.921875
    },
    "com.squareup.javapoet.TypeSpecTest-elseIf": {
        "energy": 64360.853515625,
        "duration": 1989843.50390625,
        "dram": 5974.228515625
    }
}