{
    "com.google.gson.ExposeAnnotationSerializationExclusionStrategyTest-testSkipExplicitlySkippedFields": {
        "energy": 73914.35185185185,
        "duration": 1997713.8148148148,
        "dram": 6130.5,
        "iteration": 54,
        "stdev": 85423.78756640926
    },
    "com.google.gson.functional.ExposeFieldsTest-testNullExposeFieldSerialization": {
        "energy": 209781.1595744681,
        "duration": 6445961.712765957,
        "dram": 19823.436170212764,
        "iteration": 94,
        "stdev": 130387.6671609168
    },
    "com.google.gson.functional.VersioningTest-testVersionedGsonMixingSinceAndUntilDeserialization": {
        "energy": 37523.35051546392,
        "duration": 1345486.6804123712,
        "dram": 3336.0515463917527,
        "iteration": 97,
        "stdev": 9367.418414559454
    },
    "com.google.gson.functional.VersioningTest-testVersionedUntilSerialization": {
        "energy": 361816.0714285714,
        "duration": 10738412.632653061,
        "dram": 33330.23469387755,
        "iteration": 98,
        "stdev": 535474.835650456
    },
    "com.google.gson.ExposeAnnotationDeserializationExclusionStrategyTest-testNeverSkipExplicitlyExposedAnnotatedFields": {
        "energy": 67965.97674418605,
        "duration": 1888458.9069767443,
        "dram": 5415.53488372093,
        "iteration": 43,
        "stdev": 57980.039180894506
    },
    "com.google.gson.VersionExclusionStrategyTest-testClassAndFieldAreBehindInVersion": {
        "energy": 71992.66666666667,
        "duration": 1843370.5666666667,
        "dram": 6278.066666666667,
        "iteration": 30,
        "stdev": 87539.51939527401
    },
    "com.google.gson.functional.VersioningTest-testVersionedClassesDeserialization": {
        "energy": 39196.192307692305,
        "duration": 1230037.1794871795,
        "dram": 3388.5897435897436,
        "iteration": 78,
        "stdev": 14130.684538064663
    },
    "com.google.gson.functional.VersioningTest-testVersionedGsonWithUnversionedClassesSerialization": {
        "energy": 152967.2323232323,
        "duration": 4789796.535353536,
        "dram": 14093.131313131313,
        "iteration": 99,
        "stdev": 195325.34529849506
    },
    "com.google.gson.functional.ExposeFieldsTest-testExposeAnnotationSerialization": {
        "energy": 48188.47727272727,
        "duration": 1097449.9090909092,
        "dram": 3441.159090909091,
        "iteration": 44,
        "stdev": 43323.960519182285
    },
    "com.google.gson.functional.VersioningTest-testVersionedClassesSerialization": {
        "energy": 36875.33734939759,
        "duration": 1150878.2891566264,
        "dram": 3013.4698795180725,
        "iteration": 83,
        "stdev": 3810.4822459153847
    },
    "com.google.gson.VersionExclusionStrategyTest-testClassAndFieldAreAtSameVersion": {
        "energy": 127067.88571428572,
        "duration": 3678430.242857143,
        "dram": 10747.1,
        "iteration": 70,
        "stdev": 118909.93465951363
    },
    "com.google.gson.ExposeAnnotationDeserializationExclusionStrategyTest-testSkipExplicitlySkippedFields": {
        "energy": 75443.04166666667,
        "duration": 2049040.7291666667,
        "dram": 6395.375,
        "iteration": 48,
        "stdev": 82103.7715467846
    },
    "com.google.gson.functional.ExposeFieldsTest-testArrayWithOneNullExposeFieldObjectSerialization": {
        "energy": 55101.666666666664,
        "duration": 1948356.808080808,
        "dram": 5093.656565656565,
        "iteration": 99,
        "stdev": 30715.774166155443
    },
    "com.google.gson.functional.ExclusionStrategyFunctionalTest-testExclusionStrategyDeserialization": {
        "energy": 62750.584615384614,
        "duration": 1932163.0153846154,
        "dram": 5749.246153846154,
        "iteration": 65,
        "stdev": 27489.72998993921
    },
    "com.google.gson.functional.ExposeFieldsTest-testExposeAnnotationDeserialization": {
        "energy": 122222.26262626263,
        "duration": 3858737.1414141413,
        "dram": 11156.454545454546,
        "iteration": 99,
        "stdev": 108985.07115322932
    },
    "com.google.gson.functional.ExclusionStrategyFunctionalTest-testExclusionStrategySerialization": {
        "energy": 235310.8686868687,
        "duration": 7349041.141414141,
        "dram": 21881.929292929293,
        "iteration": 99,
        "stdev": 137170.78703378356
    },
    "com.google.gson.ExposeAnnotationDeserializationExclusionStrategyTest-testNeverSkipExposedAnnotatedFields": {
        "energy": 49311.92682926829,
        "duration": 1141806.9268292682,
        "dram": 3961.6341463414633,
        "iteration": 41,
        "stdev": 47992.52928010737
    },
    "com.google.gson.functional.VersioningTest-testVersionedUntilDeserialization": {
        "energy": 160703.6625,
        "duration": 4801087.25,
        "dram": 14725.7375,
        "iteration": 80,
        "stdev": 121635.57588386137
    },
    "com.google.gson.functional.ExposeFieldsTest-testExposedInterfaceFieldSerialization": {
        "energy": 53517.192307692305,
        "duration": 1508244.5192307692,
        "dram": 4267.711538461538,
        "iteration": 52,
        "stdev": 52526.39872447965
    },
    "com.google.gson.functional.ExposeFieldsTest-testNoExposedFieldDeserialization": {
        "energy": 88087.09523809524,
        "duration": 2661957.793650794,
        "dram": 7919.047619047619,
        "iteration": 63,
        "stdev": 111857.13275533616
    },
    "com.google.gson.functional.ExposeFieldsTest-testNoExposedFieldSerialization": {
        "energy": 35793.03333333333,
        "duration": 636203.5666666667,
        "dram": 2444.866666666667,
        "iteration": 30,
        "stdev": 3408.8090049491216
    },
    "com.google.gson.functional.ExposeFieldsTest-testExposedInterfaceFieldDeserialization": {
        "energy": 44760.96666666667,
        "duration": 1293557.05,
        "dram": 3348.9,
        "iteration": 60,
        "stdev": 49917.518185157736
    },
    "com.google.gson.functional.VersioningTest-testVersionedGsonMixingSinceAndUntilSerialization": {
        "energy": 46714.29473684211,
        "duration": 1613175.252631579,
        "dram": 4246.473684210527,
        "iteration": 95,
        "stdev": 35651.81269382015
    },
    "com.google.gson.ExposeAnnotationDeserializationExclusionStrategyTest-testSkipNonAnnotatedFields": {
        "energy": 44130.61538461538,
        "duration": 1084915.4615384615,
        "dram": 3404.730769230769,
        "iteration": 26,
        "stdev": 20809.705052944228
    },
    "com.google.gson.functional.VersioningTest-testVersionedGsonWithUnversionedClassesDeserialization": {
        "energy": 49701.76315789474,
        "duration": 1601602.1710526317,
        "dram": 4327.460526315789,
        "iteration": 76,
        "stdev": 55092.272676432876
    },
    "com.google.gson.ExposeAnnotationSerializationExclusionStrategyTest-testNeverSkipExplicitlyExposedAnnotatedFields": {
        "energy": 55217.80952380953,
        "duration": 1472204.761904762,
        "dram": 4359.333333333333,
        "iteration": 42,
        "stdev": 50102.27927817736
    },
    "com.google.gson.ExposeAnnotationSerializationExclusionStrategyTest-testNeverSkipExposedAnnotatedFields": {
        "energy": 48042.68421052631,
        "duration": 1201016.3157894737,
        "dram": 3754.1052631578946,
        "iteration": 38,
        "stdev": 41046.45651742814
    },
    "com.google.gson.VersionExclusionStrategyTest-testClassAndFieldAreAheadInVersion": {
        "energy": 36347.76190476191,
        "duration": 530562.1904761905,
        "dram": 1984.6666666666667,
        "iteration": 21,
        "stdev": 3701.1415343912972
    },
    "com.google.gson.ExposeAnnotationSerializationExclusionStrategyTest-testSkipNonAnnotatedFields": {
        "energy": 41365.782608695656,
        "duration": 1064807.4347826086,
        "dram": 3099.217391304348,
        "iteration": 23,
        "stdev": 15852.664675081194
    }
}