{
    "com.google.gson.functional.DefaultTypeAdaptersTest-testDateSerializationWithPatternNotOverridenByTypeAdapter": {
        "energy": 36872.38983050847,
        "duration": 1047412.9322033898,
        "dram": 3045.7457627118642,
        "iteration": 59,
        "stdev": 7875.4972982974095
    },
    "com.google.gson.functional.MapTest-testInterfaceTypeMapWithSerializer": {
        "energy": 75980.57575757576,
        "duration": 2331672.9595959596,
        "dram": 6603.424242424242,
        "iteration": 99,
        "stdev": 28014.694417661744
    },
    "com.google.gson.functional.CustomSerializerTest-testSerializerReturnsNull": {
        "energy": 39350.08888888889,
        "duration": 836872.2666666667,
        "dram": 3201.1111111111113,
        "iteration": 45,
        "stdev": 4180.2566897379365
    },
    "com.google.gson.functional.CustomTypeAdaptersTest-testCustomAdapterInvokedForMapElementSerializationWithType": {
        "energy": 36988.14492753623,
        "duration": 1039147.4347826086,
        "dram": 3105.014492753623,
        "iteration": 69,
        "stdev": 3764.6606955885222
    },
    "com.google.gson.functional.TypeHierarchyAdapterTest-testRegisterSuperTypeFirst": {
        "energy": 38781.47619047619,
        "duration": 1010489.3333333334,
        "dram": 3254.9841269841268,
        "iteration": 63,
        "stdev": 6350.3090009985535
    },
    "com.google.gson.functional.CustomTypeAdaptersTest-testCustomNestedSerializers": {
        "energy": 46054.2962962963,
        "duration": 1389669.6790123456,
        "dram": 3954.320987654321,
        "iteration": 81,
        "stdev": 23574.726451128587
    },
    "com.google.gson.functional.MapAsArrayTypeAdapterTest-testMultipleEnableComplexKeyRegistrationHasNoEffect": {
        "energy": 45089.13483146067,
        "duration": 1362991.8426966292,
        "dram": 3704.303370786517,
        "iteration": 89,
        "stdev": 14833.594036821834
    },
    "com.google.gson.functional.ParameterizedTypesTest-testParameterizedTypeWithCustomSerializer": {
        "energy": 48000.63636363636,
        "duration": 1712156.2727272727,
        "dram": 4444.20202020202,
        "iteration": 99,
        "stdev": 22534.144206521207
    },
    "com.google.gson.functional.PrintFormattingTest-testJsonObjectWithNullValues": {
        "energy": 43087.0,
        "duration": 856485.7575757576,
        "dram": 2870.848484848485,
        "iteration": 33,
        "stdev": 11767.73043178469
    },
    "com.google.gson.functional.NullObjectAndFieldTest-testCustomSerializationOfNulls": {
        "energy": 39128.153846153844,
        "duration": 767546.6153846154,
        "dram": 3061.871794871795,
        "iteration": 39,
        "stdev": 5921.8099084415035
    },
    "com.google.gson.GsonTypeAdapterTest-testTypeAdapterProperlyConvertsTypes": {
        "energy": 45610.65714285714,
        "duration": 1059707.6857142858,
        "dram": 3438.6,
        "iteration": 35,
        "stdev": 31114.235403422525
    },
    "com.google.gson.functional.MapAsArrayTypeAdapterTest-testSerializeComplexMapWithTypeAdapter": {
        "energy": 151480.80808080808,
        "duration": 4448013.606060606,
        "dram": 13583.31313131313,
        "iteration": 99,
        "stdev": 253616.17005225288
    },
    "com.google.gson.functional.CustomTypeAdaptersTest-testCustomSerializers": {
        "energy": 90161.40277777778,
        "duration": 2765569.0694444445,
        "dram": 8190.402777777777,
        "iteration": 72,
        "stdev": 203881.50949473478
    },
    "com.google.gson.functional.DefaultTypeAdaptersTest-testTimestampSerialization": {
        "energy": 36130.0,
        "duration": 911440.3913043478,
        "dram": 2982.5942028985505,
        "iteration": 69,
        "stdev": 3914.0853078467067
    },
    "com.google.gson.functional.CustomTypeAdaptersTest-testCustomTypeAdapterDoesNotAppliesToSubClasses": {
        "energy": 88604.30303030302,
        "duration": 2756879.3636363638,
        "dram": 8087.49494949495,
        "iteration": 99,
        "stdev": 20549.504994138722
    },
    "com.google.gson.functional.CustomTypeAdaptersTest-testCustomAdapterInvokedForCollectionElementSerialization": {
        "energy": 36841.59090909091,
        "duration": 695616.4090909091,
        "dram": 2769.2272727272725,
        "iteration": 44,
        "stdev": 3971.560909757945
    },
    "com.google.gson.functional.CustomSerializerTest-testSubClassSerializerInvokedForBaseClassFieldsHoldingSubClassInstances": {
        "energy": 138495.01204819276,
        "duration": 4049550.0240963856,
        "dram": 12447.277108433735,
        "iteration": 83,
        "stdev": 330078.28613354027
    },
    "com.google.gson.functional.JsonTreeTest-testJsonTreeToString": {
        "energy": 71163.24705882353,
        "duration": 2242828.894117647,
        "dram": 6658.2235294117645,
        "iteration": 85,
        "stdev": 55565.24538888674
    },
    "com.google.gson.GsonTypeAdapterTest-testTypeAdapterThrowsException": {
        "energy": 52365.204545454544,
        "duration": 1465140.6136363635,
        "dram": 4246.090909090909,
        "iteration": 44,
        "stdev": 43676.58612698755
    },
    "com.google.gson.functional.CustomTypeAdaptersTest-testCustomAdapterInvokedForCollectionElementSerializationWithType": {
        "energy": 44225.22352941176,
        "duration": 1353884.2352941176,
        "dram": 3862.0117647058823,
        "iteration": 85,
        "stdev": 14328.790053904
    },
    "com.google.gson.functional.TypeHierarchyAdapterTest-testTypeHierarchy": {
        "energy": 305904.28282828286,
        "duration": 8956471.404040404,
        "dram": 28074.121212121212,
        "iteration": 99,
        "stdev": 492826.17656963324
    },
    "com.google.gson.JsonPrimitiveTest-testEqualsIntegerAndBigInteger": {
        "energy": 37777.833333333336,
        "duration": 928618.9761904762,
        "dram": 2844.0714285714284,
        "iteration": 42,
        "stdev": 4278.328550556624
    },
    "com.google.gson.JsonPrimitiveTest-testValidJsonOnToString": {
        "energy": 68723.45161290323,
        "duration": 1617093.9032258065,
        "dram": 5385.677419354839,
        "iteration": 31,
        "stdev": 58677.66126451756
    },
    "com.google.gson.functional.DefaultTypeAdaptersTest-testDateDeserializationWithPattern": {
        "energy": 36248.5,
        "duration": 1073262.358974359,
        "dram": 3038.2948717948716,
        "iteration": 78,
        "stdev": 5641.114689696327
    },
    "com.google.gson.functional.PrintFormattingTest-testJsonObjectWithNullValuesSerialized": {
        "energy": 38125.739130434784,
        "duration": 584757.1739130435,
        "dram": 2724.695652173913,
        "iteration": 23,
        "stdev": 3953.4106927892167
    },
    "com.google.gson.functional.CustomTypeAdaptersTest-testEnsureCustomSerializerNotInvokedForNullValues": {
        "energy": 43778.03278688525,
        "duration": 1132405.213114754,
        "dram": 3515.4590163934427,
        "iteration": 61,
        "stdev": 10791.878137591711
    },
    "com.google.gson.functional.DefaultTypeAdaptersTest-testDateSerializationInCollection": {
        "energy": 45339.427083333336,
        "duration": 1562514.59375,
        "dram": 4362.135416666667,
        "iteration": 96,
        "stdev": 15316.80790337366
    },
    "com.google.gson.functional.CustomSerializerTest-testSubClassSerializerInvokedForBaseClassFieldsHoldingArrayOfSubClassInstances": {
        "energy": 39595.298507462685,
        "duration": 1064165.2537313432,
        "dram": 3434.5223880597014,
        "iteration": 67,
        "stdev": 6042.903001622041
    },
    "com.google.gson.functional.MapAsArrayTypeAdapterTest-testMapWithTypeVariableSerialization": {
        "energy": 44676.27173913043,
        "duration": 1428257.6195652173,
        "dram": 3898.141304347826,
        "iteration": 92,
        "stdev": 13639.75776042648
    },