{
    "com.google.gson.functional.DefaultTypeAdaptersTest-testDateSerializationWithPatternNotOverridenByTypeAdapter": {
        "energy": 35095,
        "duration": 998701.3275862068,
        "dram": 2945.9655172413795,
        "iteration": 58,
        "stdev": 5370.20989834282
    },
    "com.google.gson.functional.CustomTypeAdaptersTest-testCustomTypeAdapterAppliesToSubClassesSerializedAsBaseClass": {
        "energy": 38269,
        "duration": 921144.0892857143,
        "dram": 2911.375,
        "iteration": 56,
        "stdev": 5061.632832633948
    },
    "com.google.gson.functional.MapTest-testInterfaceTypeMapWithSerializer": {
        "energy": 75561,
        "duration": 2310339.797979798,
        "dram": 6329.79797979798,
        "iteration": 99,
        "stdev": 24423.874816021118
    },
    "com.google.gson.functional.DefaultTypeAdaptersTest-testDateSerializationWithPattern": {
        "energy": 36133,
        "duration": 1359417.2987012987,
        "dram": 3561.103896103896,
        "iteration": 77,
        "stdev": 10676.68987433025
    },
    "com.google.gson.functional.CustomSerializerTest-testSerializerReturnsNull": {
        "energy": 38513,
        "duration": 839794.5576923077,
        "dram": 2772.25,
        "iteration": 52,
        "stdev": 4083.654863342323
    },
    "com.google.gson.functional.CustomTypeAdaptersTest-testCustomAdapterInvokedForMapElementSerializationWithType": {
        "energy": 38025,
        "duration": 1034334.0253164558,
        "dram": 2961.2025316455697,
        "iteration": 79,
        "stdev": 5888.894989667164
    },
    "com.google.gson.functional.CustomTypeAdaptersTest-testCustomNestedSerializers": {
        "energy": 38941,
        "duration": 1434646.6091954024,
        "dram": 4146.241379310345,
        "iteration": 87,
        "stdev": 26654.835565689657
    },
    "com.google.gson.functional.EnumTest-testEnumSubclassWithRegisteredTypeAdapter": {
        "energy": 42908,
        "duration": 1674408.1136363635,
        "dram": 4760.715909090909,
        "iteration": 88,
        "stdev": 29112.350291335257
    },
    "com.google.gson.functional.MapAsArrayTypeAdapterTest-testMultipleEnableComplexKeyRegistrationHasNoEffect": {
        "energy": 40039,
        "duration": 1340240.1046511629,
        "dram": 3747.1279069767443,
        "iteration": 86,
        "stdev": 11181.74273867351
    },
    "com.google.gson.functional.ParameterizedTypesTest-testParameterizedTypeWithCustomSerializer": {
        "energy": 39184,
        "duration": 1527871.0408163266,
        "dram": 3920.6530612244896,
        "iteration": 98,
        "stdev": 18073.42483341726
    },
    "com.google.gson.functional.NullObjectAndFieldTest-testCustomSerializationOfNulls": {
        "energy": 38574,
        "duration": 935035.0256410256,
        "dram": 2895.6153846153848,
        "iteration": 39,
        "stdev": 6779.078970603444
    },
    "com.google.gson.functional.MapAsArrayTypeAdapterTest-testSerializeComplexMapWithTypeAdapter": {
        "energy": 105347,
        "duration": 7016565.7272727275,
        "dram": 22407.565656565657,
        "iteration": 99,
        "stdev": 486668.85572587873
    },
    "com.google.gson.functional.CustomTypeAdaptersTest-testCustomSerializers": {
        "energy": 41381,
        "duration": 3170388.8513513515,
        "dram": 9921.013513513513,
        "iteration": 74,
        "stdev": 252406.24901579975
    },
    "com.google.gson.functional.DefaultTypeAdaptersTest-testTimestampSerialization": {
        "energy": 35400,
        "duration": 912631.0,
        "dram": 2820.5714285714284,
        "iteration": 63,
        "stdev": 3882.120932459519
    },
    "com.google.gson.functional.CustomTypeAdaptersTest-testCustomTypeAdapterDoesNotAppliesToSubClasses": {
        "energy": 80749,
        "duration": 2706219.6565656564,
        "dram": 7944.141414141414,
        "iteration": 99,
        "stdev": 20468.6357384105
    },
    "com.google.gson.functional.CustomTypeAdaptersTest-testCustomAdapterInvokedForCollectionElementSerialization": {
        "energy": 37048,
        "duration": 665998.1071428572,
        "dram": 2221.75,
        "iteration": 28,
        "stdev": 3222.6648601771185
    },
    "com.google.gson.functional.CustomSerializerTest-testSubClassSerializerInvokedForBaseClassFieldsHoldingSubClassInstances": {
        "energy": 47424,
        "duration": 5590877.30952381,
        "dram": 17387.0,
        "iteration": 84,
        "stdev": 462732.85952332255
    },
    "com.google.gson.functional.JsonTreeTest-testJsonTreeToString": {
        "energy": 44006,
        "duration": 2254945.3255813955,
        "dram": 6602.139534883721,
        "iteration": 86,
        "stdev": 49985.6689153091
    },
    "com.google.gson.functional.NullObjectAndFieldTest-testTopLevelNullObjectSerialization": {
        "energy": 41809,
        "duration": 4366848.717391305,
        "dram": 14360.739130434782,
        "iteration": 46,
        "stdev": 288157.7960605057
    },
    "com.google.gson.functional.CustomTypeAdaptersTest-testCustomAdapterInvokedForCollectionElementSerializationWithType": {
        "energy": 39672,
        "duration": 1386611.1538461538,
        "dram": 3700.5641025641025,
        "iteration": 78,
        "stdev": 13716.932046300313
    },
    "com.google.gson.functional.TypeHierarchyAdapterTest-testTypeHierarchy": {
        "energy": 139282,
        "duration": 7419966.05050505,
        "dram": 23901.62626262626,
        "iteration": 99,
        "stdev": 452860.49045164074
    },
    "com.google.gson.JsonPrimitiveTest-testEqualsIntegerAndBigInteger": {
        "energy": 37964,
        "duration": 983187.5454545454,
        "dram": 3184.75,
        "iteration": 44,
        "stdev": 4173.235849069977
    },
    "com.google.gson.functional.CustomTypeAdaptersTest-testCustomByteArraySerializer": {
        "energy": 36804,
        "duration": 904658.4385964912,
        "dram": 3039.8596491228072,
        "iteration": 57,
        "stdev": 4475.941895403814
    },
    "com.google.gson.functional.CustomTypeAdaptersTest-testEnsureCustomSerializerNotInvokedForNullValues": {
        "energy": 40528,
        "duration": 1233259.6923076923,
        "dram": 4062.246153846154,
        "iteration": 65,
        "stdev": 17087.793977410824
    },
    "com.google.gson.functional.DefaultTypeAdaptersTest-testDateSerializationInCollection": {
        "energy": 37964,
        "duration": 1496218.4479166667,
        "dram": 4175.166666666667,
        "iteration": 96,
        "stdev": 15213.430815983236
    },
    "com.google.gson.functional.CustomSerializerTest-testBaseClassSerializerInvokedForBaseClassFieldsHoldingSubClassInstances": {
        "energy": 37719,
        "duration": 913671.051724138,
        "dram": 3223.293103448276,
        "iteration": 58,
        "stdev": 4169.612471406936
    },
    "com.google.gson.functional.CustomSerializerTest-testBaseClassSerializerInvokedForBaseClassFields": {
        "energy": 38818,
        "duration": 759082.7575757576,
        "dram": 2833.242424242424,
        "iteration": 33,
        "stdev": 5332.39272077351
    },
    "com.google.gson.functional.CustomSerializerTest-testSubClassSerializerInvokedForBaseClassFieldsHoldingArrayOfSubClassInstances": {
        "energy": 39062,
        "duration": 1006714.0,
        "dram": 3302.439393939394,
        "iteration": 66,
        "stdev": 8254.292209396222
    },
    "com.google.gson.JsonDeserializerExceptionWrapperTest-testWrappedExceptionPropagation": {
        "energy": 40345,
        "duration": 1264179.0,
        "dram": 4409.818181818182,
        "iteration": 22,
        "stdev": 37495.68601312745
    },
    "com.google.gson.functional.MapAsArrayTypeAdapterTest-testMapWithTypeVariableSerialization": {
        "energy": 40711,
        "duration": 1449549.5056179776,
        "dram": 3970.2696629213483,
        "iteration": 89,
        "stdev": 14867.524262940606
    },