{
    "com.google.gson.functional.CustomDeserializerTest-testDefaultConstructorNotCalledOnObject": {
        "energy": 37353,
        "duration": 1535463.6666666667,
        "dram": 3740.3125,
        "iteration": 48,
        "stdev": 18449.023696209948
    },
    "com.google.gson.functional.MapTest-testInterfaceTypeMapWithSerializer": {
        "energy": 66345,
        "duration": 2099189.5454545454,
        "dram": 5505.111111111111,
        "iteration": 99,
        "stdev": 18240.05468660972
    },
    "com.google.gson.functional.TypeAdapterPrecedenceTest-testStreamingHierarchicalFollowedByNonstreaming": {
        "energy": 38269,
        "duration": 3003007.9318181816,
        "dram": 9265.636363636364,
        "iteration": 44,
        "stdev": 286255.7218931785
    },
    "com.google.gson.functional.MapAsArrayTypeAdapterTest-testMultipleEnableComplexKeyRegistrationHasNoEffect": {
        "energy": 36927,
        "duration": 1364856.8777777778,
        "dram": 3537.8888888888887,
        "iteration": 90,
        "stdev": 9179.19228613294
    },
    "com.google.gson.functional.MapTest-testGeneralMapField": {
        "energy": 34546,
        "duration": 1265055.5505617978,
        "dram": 3136.2134831460676,
        "iteration": 89,
        "stdev": 4748.861737064242
    },
    "com.google.gson.ObjectTypeAdapterTest-testSerializeObject": {
        "energy": 35583,
        "duration": 953825.9090909091,
        "dram": 2796.242424242424,
        "iteration": 33,
        "stdev": 9728.157142839333
    },
    "com.google.gson.functional.MapAsArrayTypeAdapterTest-testSerializeComplexMapWithTypeAdapter": {
        "energy": 123962,
        "duration": 10346878.212121213,
        "dram": 32118.40404040404,
        "iteration": 99,
        "stdev": 549732.3153248436
    },
    "com.google.gson.functional.MapTest-testInterfaceTypeMap": {
        "energy": 114441,
        "duration": 4287123.444444444,
        "dram": 12445.888888888889,
        "iteration": 99,
        "stdev": 70788.05522727483
    },
    "com.google.gson.functional.TypeAdapterPrecedenceTest-testNonstreamingFollowedByNonstreaming": {
        "energy": 37842,
        "duration": 3024234.8024691357,
        "dram": 8959.975308641975,
        "iteration": 81,
        "stdev": 285055.88415336283
    },
    "com.google.gson.functional.MapAsArrayTypeAdapterTest-testMapWithTypeVariableSerialization": {
        "energy": 38330,
        "duration": 1542980.6421052632,
        "dram": 3833.926315789474,
        "iteration": 95,
        "stdev": 15005.339411550969
    },
    "com.google.gson.ObjectTypeAdapterTest-testSerialize": {
        "energy": 119812,
        "duration": 4661916.555555556,
        "dram": 13520.555555555555,
        "iteration": 99,
        "stdev": 73943.16986125836
    },
    "com.google.gson.functional.TypeAdapterPrecedenceTest-testStreamingFollowedByNonstreaming": {
        "energy": 39002,
        "duration": 3017807.411764706,
        "dram": 9607.911764705883,
        "iteration": 34,
        "stdev": 289060.1765489893
    },
    "com.google.gson.functional.CustomDeserializerTest-testDefaultConstructorNotCalledOnField": {
        "energy": 44312,
        "duration": 1754296.9324324324,
        "dram": 4884.851351351352,
        "iteration": 74,
        "stdev": 22591.192322727333
    },
    "com.google.gson.functional.DefaultTypeAdaptersTest-testDateSerializationWithPatternNotOverridenByTypeAdapter": {
        "energy": 32044,
        "duration": 1105189.935483871,
        "dram": 2961.0967741935483,
        "iteration": 62,
        "stdev": 3869.4931924060807
    },
    "com.google.gson.functional.TypeAdapterPrecedenceTest-testNonstreamingHierarchicalFollowedByNonstreaming": {
        "energy": 37598,
        "duration": 675214.09375,
        "dram": 2238.0625,
        "iteration": 32,
        "stdev": 3471.5548602119106
    }
}