{
    "com.google.gson.functional.TypeAdapterPrecedenceTest-testStreamingFollowedByNonstreaming": {
        "energy": 37353,
        "duration": 2257276.294117647,
        "dram": 6459.323529411765,
        "iteration": 34,
        "stdev": 254062.12100297492
    },
    "com.google.gson.functional.CustomDeserializerTest-testDefaultConstructorNotCalledOnField": {
        "energy": 43029,
        "duration": 2030579.5662650603,
        "dram": 5371.0,
        "iteration": 83,
        "stdev": 33834.34247624484
    },
    "com.google.gson.functional.CustomDeserializerTest-testDefaultConstructorNotCalledOnObject": {
        "energy": 36254,
        "duration": 1244108.84,
        "dram": 3615.96,
        "iteration": 50,
        "stdev": 15971.011905186217
    },
    "com.google.gson.functional.DefaultTypeAdaptersTest-testDateSerializationWithPatternNotOverridenByTypeAdapter": {
        "energy": 32532,
        "duration": 1084184.2786885246,
        "dram": 2746.2295081967213,
        "iteration": 61,
        "stdev": 4942.790495814549
    },
    "com.google.gson.functional.MapTest-testInterfaceTypeMapWithSerializer": {
        "energy": 66468,
        "duration": 2114070.626262626,
        "dram": 5723.535353535353,
        "iteration": 99,
        "stdev": 16933.95271681255
    },
    "com.google.gson.functional.TypeAdapterPrecedenceTest-testStreamingHierarchicalFollowedByNonstreaming": {
        "energy": 38024,
        "duration": 1064453.59375,
        "dram": 3186.84375,
        "iteration": 32,
        "stdev": 16493.59044018004
    },
    "com.google.gson.functional.MapAsArrayTypeAdapterTest-testMultipleEnableComplexKeyRegistrationHasNoEffect": {
        "energy": 36926,
        "duration": 1366122.8631578947,
        "dram": 3507.2736842105264,
        "iteration": 95,
        "stdev": 9935.724607568967
    },
    "com.google.gson.functional.MapTest-testGeneralMapField": {
        "energy": 34180,
        "duration": 1266489.1851851852,
        "dram": 3010.3086419753085,
        "iteration": 81,
        "stdev": 6402.54779493467
    },
    "com.google.gson.ObjectTypeAdapterTest-testSerializeObject": {
        "energy": 34423,
        "duration": 1154577.6206896552,
        "dram": 2663.2413793103447,
        "iteration": 29,
        "stdev": 10351.088290793632
    },
    "com.google.gson.functional.MapAsArrayTypeAdapterTest-testSerializeComplexMapWithTypeAdapter": {
        "energy": 116882,
        "duration": 10566271.686868686,
        "dram": 32511.575757575756,
        "iteration": 99,
        "stdev": 539841.6237999386
    },
    "com.google.gson.functional.MapTest-testInterfaceTypeMap": {
        "energy": 101196,
        "duration": 3999362.3232323234,
        "dram": 11443.79797979798,
        "iteration": 99,
        "stdev": 68192.57015983172
    },
    "com.google.gson.functional.TypeAdapterPrecedenceTest-testNonstreamingFollowedByNonstreaming": {
        "energy": 43151,
        "duration": 8325151.73255814,
        "dram": 26210.162790697676,
        "iteration": 86,
        "stdev": 519246.22282028093
    },
    "com.google.gson.functional.MapAsArrayTypeAdapterTest-testMapWithTypeVariableSerialization": {
        "energy": 38025,
        "duration": 1571822.3085106383,
        "dram": 4279.287234042553,
        "iteration": 94,
        "stdev": 16879.738634886304
    },
    "com.google.gson.ObjectTypeAdapterTest-testSerialize": {
        "energy": 113586,
        "duration": 4405211.777777778,
        "dram": 13132.777777777777,
        "iteration": 99,
        "stdev": 70722.69077022624
    },
    "com.google.gson.functional.TypeAdapterPrecedenceTest-testNonstreamingHierarchicalFollowedByNonstreaming": {
        "energy": 35828,
        "duration": 662531.6052631579,
        "dram": 2156.842105263158,
        "iteration": 38,
        "stdev": 3304.0767918854276
    }
}