{
    "com.google.gson.functional.CustomDeserializerTest-testDefaultConstructorNotCalledOnField": {
        "energy": 37378.96363636364,
        "duration": 965970.3090909091,
        "dram": 3218.7454545454543,
        "iteration": 55,
        "stdev": 3874.579742436058
    },
    "com.google.gson.functional.JsonParserTest-testBadTypeForDeserializingCustomTree": {
        "energy": 60356.617647058825,
        "duration": 1377305.6470588236,
        "dram": 4885.264705882353,
        "iteration": 34,
        "stdev": 50477.13823808505
    },
    "com.google.gson.functional.ObjectTest-testDirectedAcyclicGraphDeserialization": {
        "energy": 41589.18666666667,
        "duration": 1259562.8133333332,
        "dram": 3592.2266666666665,
        "iteration": 75,
        "stdev": 16050.008781466615
    },
    "com.google.gson.functional.NullObjectAndFieldTest-testExplicitDeserializationOfNulls": {
        "energy": 42093.875,
        "duration": 1073524.3541666667,
        "dram": 3584.2916666666665,
        "iteration": 48,
        "stdev": 13690.414126048501
    },
    "com.google.gson.functional.ObjectTest-testArrayOfArraysDeserialization": {
        "energy": 50753.61538461538,
        "duration": 1579484.945054945,
        "dram": 4482.8351648351645,
        "iteration": 91,
        "stdev": 21042.22500340278
    },
    "com.google.gson.functional.ParameterizedTypesTest-testVariableTypeArrayDeserialization": {
        "energy": 42359.551020408166,
        "duration": 1427490.5714285714,
        "dram": 3809.1530612244896,
        "iteration": 98,
        "stdev": 14739.239856706292
    },
    "com.google.gson.functional.VersioningTest-testVersionedGsonMixingSinceAndUntilDeserialization": {
        "energy": 38950.828571428574,
        "duration": 1136584.8142857142,
        "dram": 3307.6714285714284,
        "iteration": 70,
        "stdev": 9208.322806758535
    },
    "com.google.gson.functional.ObjectTest-testStringFieldWithNumberValueDeserialization": {
        "energy": 40077.078125,
        "duration": 1206083.546875,
        "dram": 3740.0,
        "iteration": 64,
        "stdev": 14948.223682415295
    },
    "com.google.gson.functional.ObjectTest-testSubInterfacesOfCollectionDeserialization": {
        "energy": 41752.91764705882,
        "duration": 1345829.505882353,
        "dram": 3744.764705882353,
        "iteration": 85,
        "stdev": 17860.185319644403
    },
    "com.google.gson.functional.ObjectTest-testPrivateNoArgConstructorDeserialization": {
        "energy": 35085.27027027027,
        "duration": 631911.5405405406,
        "dram": 2650.189189189189,
        "iteration": 37,
        "stdev": 2554.8664602394947
    },
    "com.google.gson.functional.ParameterizedTypesTest-testParameterizedTypeWithReaderDeserialization": {
        "energy": 37048.927710843374,
        "duration": 1216434.6024096385,
        "dram": 3173.614457831325,
        "iteration": 83,
        "stdev": 7571.827278281226
    },
    "com.google.gson.functional.ParameterizedTypesTest-testDeepParameterizedTypeDeserialization": {
        "energy": 37203.681818181816,
        "duration": 1029410.6060606061,
        "dram": 3073.060606060606,
        "iteration": 66,
        "stdev": 7503.717012575897
    },
    "com.google.gson.functional.ObjectTest-testClassWithTransientFieldsDeserializationTransientFieldsPassedInJsonAreIgnored": {
        "energy": 37025.416666666664,
        "duration": 772405.1458333334,
        "dram": 2925.2083333333335,
        "iteration": 48,
        "stdev": 8884.218116115917
    },
    "com.google.gson.functional.JsonParserTest-testBadFieldTypeForCustomDeserializerCustomTree": {
        "energy": 39475.645833333336,
        "duration": 837926.2291666666,
        "dram": 3188.4375,
        "iteration": 48,
        "stdev": 7462.7797281173525
    },
    "com.google.gson.functional.VersioningTest-testVersionedClassesDeserialization": {
        "energy": 38518.78125,
        "duration": 1008843.0,
        "dram": 3056.28125,
        "iteration": 64,
        "stdev": 7352.463820611322
    },
    "com.google.gson.functional.ObjectTest-testPrimitiveArrayInAnObjectDeserialization": {
        "energy": 36584.166666666664,
        "duration": 872464.0833333334,
        "dram": 3100.25,
        "iteration": 48,
        "stdev": 6373.572318348807
    },
    "com.google.gson.functional.ParameterizedTypesTest-testVariableTypeDeserialization": {
        "energy": 40618.78723404255,
        "duration": 1359961.0106382978,
        "dram": 3585.553191489362,
        "iteration": 94,
        "stdev": 12036.163479964567
    },
    "com.google.gson.functional.ObjectTest-testNullArraysDeserialization": {
        "energy": 37106.59090909091,
        "duration": 904858.2954545454,
        "dram": 2829.159090909091,
        "iteration": 44,
        "stdev": 8534.459838896399
    },
    "com.google.gson.functional.ParameterizedTypesTest-testParameterizedTypeGenericArraysDeserialization": {
        "energy": 46863.427083333336,
        "duration": 1566748.3229166667,
        "dram": 4432.416666666667,
        "iteration": 96,
        "stdev": 19408.323561653902
    },
    "com.google.gson.functional.ParameterizedTypesTest-testParameterizedTypeDeserialization": {
        "energy": 71022.41935483871,
        "duration": 2377283.139784946,
        "dram": 6744.720430107527,
        "iteration": 93,
        "stdev": 99328.45712712065
    },
    "com.google.gson.functional.ConcurrencyTest-testMultiThreadDeserialization": {
        "energy": 363664.9898989899,
        "duration": 9984302.303030303,
        "dram": 32112.858585858587,
        "iteration": 99,
        "stdev": 94041.40965784296
    },
    "com.google.gson.functional.SecurityTest-testNonExecutableJsonDeserialization": {
        "energy": 54671.13333333333,
        "duration": 1349287.6666666667,
        "dram": 4737.933333333333,
        "iteration": 45,
        "stdev": 64226.63096829677
    },
    "com.google.gson.functional.ConcurrencyTest-testSingleThreadDeserialization": {
        "energy": 78605.61616161616,
        "duration": 2498372.5454545454,
        "dram": 7066.464646464647,
        "iteration": 99,
        "stdev": 58394.88670826283
    },
    "com.google.gson.functional.ObjectTest-testArrayOfObjectsDeserialization": {
        "energy": 36714.788732394365,
        "duration": 1118660.014084507,
        "dram": 3135.211267605634,
        "iteration": 71,
        "stdev": 5991.764451065825
    },
    "com.google.gson.functional.CollectionTest-testSetDeserialization": {
        "energy": 38392.90625,
        "duration": 1078859.59375,
        "dram": 3149.90625,
        "iteration": 64,
        "stdev": 6267.859941097196
    },
    "com.google.gson.functional.CollectionTest-testWildcardCollectionField": {
        "energy": 54423.80412371134,
        "duration": 1864256.268041237,
        "dram": 5002.329896907217,
        "iteration": 97,
        "stdev": 22015.314062977373
    },
    "com.google.gson.functional.EscapingTest-testEscapingQuotesInStringArray": {
        "energy": 77156.91071428571,
        "duration": 2129732.8928571427,
        "dram": 7282.839285714285,
        "iteration": 56,
        "stdev": 123154.29034393009
    },
    "com.google.gson.functional.ParameterizedTypesTest-testVariableTypeFieldsAndGenericArraysDeserialization": {
        "energy": 66903.59595959596,
        "duration": 2155700.9494949495,
        "dram": 6119.151515151515,
        "iteration": 99,
        "stdev": 25234.872928860597
    },
    "com.google.gson.functional.ParameterizedTypesTest-testTypesWithMultipleParametersDeserialization": {
        "energy": 49622.168539325845,
        "duration": 1656128.9325842697,
        "dram": 4399.449438202248,
        "iteration": 89,
        "stdev": 17891.24157971518
    },
    "com.google.gson.functional.JsonParserTest-testBadFieldTypeForDeserializingCustomTree": {
        "energy": 38082.2,
        "duration": 899208.76,
        "dram": 2583.62,