{
    "com.google.gson.functional.JsonParserTest-testBadTypeForDeserializingCustomTree": {
        "energy": 69031,
        "duration": 2353229.3086419753,
        "dram": 6975.9876543209875,
        "iteration": 81,
        "stdev": 51456.58372909485
    },
    "com.google.gson.functional.ObjectTest-testDirectedAcyclicGraphDeserialization": {
        "energy": 35400,
        "duration": 1225697.5903614457,
        "dram": 3277.2289156626507,
        "iteration": 83,
        "stdev": 8053.02532895302
    },
    "com.google.gson.functional.EnumTest-testEnumFieldDeserialization": {
        "energy": 38513,
        "duration": 1154766.121212121,
        "dram": 3301.560606060606,
        "iteration": 66,
        "stdev": 13425.322911173638
    },
    "com.google.gson.functional.ObjectTest-testArrayOfArraysDeserialization": {
        "energy": 37719,
        "duration": 1548231.914893617,
        "dram": 4197.212765957447,
        "iteration": 94,
        "stdev": 16207.842294485567
    },
    "com.google.gson.functional.ParameterizedTypesTest-testVariableTypeArrayDeserialization": {
        "energy": 36072,
        "duration": 1419271.2268041237,
        "dram": 3561.041237113402,
        "iteration": 97,
        "stdev": 10466.352167956511
    },
    "com.google.gson.functional.VersioningTest-testVersionedGsonMixingSinceAndUntilDeserialization": {
        "energy": 36194,
        "duration": 1032952.7,
        "dram": 2910.114285714286,
        "iteration": 70,
        "stdev": 3708.794619329486
    },
    "com.google.gson.functional.ObjectTest-testPrivateNoArgConstructorDeserialization": {
        "energy": 35583,
        "duration": 621766.6538461539,
        "dram": 2606.1923076923076,
        "iteration": 26,
        "stdev": 2748.193503744536
    },
    "com.google.gson.functional.ParameterizedTypesTest-testParameterizedTypeWithReaderDeserialization": {
        "energy": 35645,
        "duration": 1254053.4939759036,
        "dram": 3305.987951807229,
        "iteration": 83,
        "stdev": 8360.570725225787
    },
    "com.google.gson.functional.NamingPolicyTest-testGsonWithSerializedNameFieldNamingPolicyDeserialization": {
        "energy": 37719,
        "duration": 991272.3181818182,
        "dram": 3329.7727272727275,
        "iteration": 44,
        "stdev": 7602.305327012588
    },
    "com.google.gson.functional.ParameterizedTypesTest-testDeepParameterizedTypeDeserialization": {
        "energy": 34546,
        "duration": 961954.8873239437,
        "dram": 2980.4225352112676,
        "iteration": 71,
        "stdev": 3396.4541322511072
    },
    "com.google.gson.functional.ObjectTest-testClassWithTransientFieldsDeserializationTransientFieldsPassedInJsonAreIgnored": {
        "energy": 35949,
        "duration": 809917.2608695652,
        "dram": 2990.8260869565215,
        "iteration": 46,
        "stdev": 7691.1299432446995
    },
    "com.google.gson.functional.ArrayTest-testArrayOfPrimitivesWithCustomTypeAdapter": {
        "energy": 37841,
        "duration": 826174.1,
        "dram": 2976.275,
        "iteration": 40,
        "stdev": 4292.692168092187
    },
    "com.google.gson.functional.DefaultTypeAdaptersTest-testUrlNullDeserialization": {
        "energy": 36132,
        "duration": 915588.3265306122,
        "dram": 2951.326530612245,
        "iteration": 49,
        "stdev": 6783.175463067834
    },
    "com.google.gson.functional.ParameterizedTypesTest-testVariableTypeDeserialization": {
        "energy": 35766,
        "duration": 1335449.1684210526,
        "dram": 3539.778947368421,
        "iteration": 95,
        "stdev": 10208.329724298683
    },
    "com.google.gson.functional.ObjectTest-testNullArraysDeserialization": {
        "energy": 34973,
        "duration": 932435.4583333334,
        "dram": 3025.2291666666665,
        "iteration": 48,
        "stdev": 5678.643872366594
    },
    "com.google.gson.functional.NamingPolicyTest-testGsonWithNonDefaultFieldNamingPolicyDeserialiation": {
        "energy": 37537,
        "duration": 2510779.5849056602,
        "dram": 7475.622641509434,
        "iteration": 53,
        "stdev": 83996.33050641709
    },
    "com.google.gson.functional.ParameterizedTypesTest-testParameterizedTypeGenericArraysDeserialization": {
        "energy": 36926,
        "duration": 1469384.9278350514,
        "dram": 3819.0309278350514,
        "iteration": 97,
        "stdev": 13957.889310472447
    },
    "com.google.gson.functional.ParameterizedTypesTest-testParameterizedTypeDeserialization": {
        "energy": 36438,
        "duration": 2486605.4183673467,
        "dram": 6987.091836734694,
        "iteration": 98,
        "stdev": 111363.0369245857
    },
    "com.google.gson.functional.ConcurrencyTest-testMultiThreadDeserialization": {
        "energy": 381408,
        "duration": 10810778.484848484,
        "dram": 33657.767676767675,
        "iteration": 99,
        "stdev": 125960.85067041479
    },
    "com.google.gson.functional.EscapingTest-testEscapingObjectFields": {
        "energy": 39550,
        "duration": 1835940.7681159421,
        "dram": 5498.057971014493,
        "iteration": 69,
        "stdev": 50018.46093640371
    },
    "com.google.gson.functional.SecurityTest-testNonExecutableJsonDeserialization": {
        "energy": 38269,
        "duration": 1257209.4583333333,
        "dram": 4110.25,
        "iteration": 48,
        "stdev": 59367.579101221934
    },
    "com.google.gson.functional.SecurityTest-testJsonWithNonExectuableTokenWithConfiguredGsonDeserialization": {
        "energy": 37598,
        "duration": 1162403.9166666667,
        "dram": 4218.958333333333,
        "iteration": 48,
        "stdev": 65098.49122720583
    },
    "com.google.gson.functional.ConcurrencyTest-testSingleThreadDeserialization": {
        "energy": 71167,
        "duration": 2721884.393939394,
        "dram": 7809.151515151515,
        "iteration": 99,
        "stdev": 69986.95115127589
    },
    "com.google.gson.functional.ExposeFieldsTest-testExposedInterfaceFieldDeserialization": {
        "energy": 38086,
        "duration": 694675.1111111111,
        "dram": 2556.527777777778,
        "iteration": 36,
        "stdev": 6176.118528862746
    },
    "com.google.gson.functional.ObjectTest-testObjectFieldNamesWithoutQuotesDeserialization": {
        "energy": 35461,
        "duration": 739307.1621621621,
        "dram": 2875.2432432432433,
        "iteration": 37,
        "stdev": 2964.0281405741434
    },
    "com.google.gson.functional.ObjectTest-testArrayOfObjectsDeserialization": {
        "energy": 35828,
        "duration": 1163340.0144927537,
        "dram": 3216.072463768116,
        "iteration": 69,
        "stdev": 10089.423414070667
    },
    "com.google.gson.functional.SecurityTest-testJsonWithNonExectuableTokenWithRegularGsonDeserialization": {
        "energy": 38574,
        "duration": 1176115.1363636365,
        "dram": 3818.409090909091,
        "iteration": 44,
        "stdev": 52782.67232012429
    },
    "com.google.gson.functional.CollectionTest-testWildcardCollectionField": {
        "energy": 41931,
        "duration": 1793945.9175257732,
        "dram": 4958.762886597938,
        "iteration": 97,
        "stdev": 21792.38942413759
    },
    "com.google.gson.functional.ParameterizedTypesTest-testVariableTypeFieldsAndGenericArraysDeserialization": {
        "energy": 66406,
        "duration": 2149239.97979798,
        "dram": 5949.545454545455,
        "iteration": 99,
        "stdev": 24166.012662900495
    },
    "com.google.gson.functional.ParameterizedTypesTest-testTypesWithMultipleParametersDeserialization": {
        "energy": 39002,
        "duration": 1665088.3870967743,
        "dram": 4379.709677419355,
        "iteration": 93,
        "stdev": 17088.953516085912
    },
    "com.google.gson.functional.JsonParserTest-testBadFieldTypeForDeserializingCustomTree": {
        "energy": 36132,
        "duration": 938136.7872340425,