{
  "energy": 137360.5,
  "instructions": 7.58385634E8,
  "durations": 3.290586695E8,
  "cycles": 7.30593936E8,
  "caches": 1372972.0,
  "cacheMisses": 137360.5,
  "branches": 1.333991775E8,
  "branchMisses": 1429672.5
}