{
  "com.google.gson.internal.bind.DefaultDateTypeAdapterTest#testParsingDatesFormattedWithSystemLocale": {
    "dataV1": {
      "energy": 56950.0,
      "instructions": 2.12128968E8,
      "durations": 7.9631641E7,
      "cycles": 1.89064092E8,
      "caches": 4251689.0,
      "cacheMisses": 56950.0,
      "branches": 3.72740585E7,
      "branchMisses": 1492750.0
    },
    "dataV2": {
      "energy": 126769.0,
      "instructions": 4.388579065E8,
      "durations": 1.81991281E8,
      "cycles": 4.15554924E8,
      "caches": 4652176.0,
      "cacheMisses": 126769.0,
      "branches": 7.74191355E7,
      "branchMisses": 1927918.5
    },
    "energy": 69819.0,
    "instructions": 2.267289385E8,
    "durations": 1.0235964E8,
    "cycles": 2.26490832E8,
    "caches": 400487.0,
    "cacheMisses": 69819.0,
    "branches": 4.0145077E7,
    "branchMisses": 435168.5
  },
  "com.google.gson.internal.bind.DefaultDateTypeAdapterTest#testUnexpectedToken": {
    "dataV1": {
      "energy": 858.5,
      "instructions": 545062.5,
      "durations": 423816.5,
      "cycles": 958932.0,
      "caches": 23982.5,
      "cacheMisses": 858.5,
      "branches": 103436.0,
      "branchMisses": 13419.5
    },
    "dataV2": {
      "energy": 1396.5,
      "instructions": 1.20535285E7,
      "durations": 5827214.0,
      "cycles": 1.2506352E7,
      "caches": 60734.5,
      "cacheMisses": 1396.5,
      "branches": 2105936.0,
      "branchMisses": 41352.5
    },
    "energy": 538.0,
    "instructions": 1.1508466E7,
    "durations": 5403397.5,
    "cycles": 1.154742E7,
    "caches": 36752.0,
    "cacheMisses": 538.0,
    "branches": 2002500.0,
    "branchMisses": 27933.0
  },
  "com.google.gson.internal.bind.DefaultDateTypeAdapterTest#testNullValue": {
    "dataV1": {
      "energy": 152.0,
      "instructions": 439652.0,
      "durations": 365996.0,
      "cycles": 817068.0,
      "caches": 21004.5,
      "cacheMisses": 152.0,
      "branches": 81313.0,
      "branchMisses": 12287.5
    },
    "dataV2": {
      "energy": 1672.5,
      "instructions": 1.2538564E7,
      "durations": 5751402.0,
      "cycles": 1.2326232E7,
      "caches": 52390.5,
      "cacheMisses": 1672.5,
      "branches": 2191207.5,
      "branchMisses": 39571.0
    },
    "energy": 1520.5,
    "instructions": 1.2098912E7,
    "durations": 5385406.0,
    "cycles": 1.1509164E7,
    "caches": 31386.0,
    "cacheMisses": 1520.5,
    "branches": 2109894.5,
    "branchMisses": 27283.5
  },
  "com.google.gson.internal.bind.DefaultDateTypeAdapterTest#testDateDeserializationISO8601": {
    "dataV1": {
      "energy": 40020.5,
      "instructions": 8.6754343E7,
      "durations": 3.83590545E7,
      "cycles": 9.0592704E7,
      "caches": 1715475.0,
      "cacheMisses": 40020.5,
      "branches": 1.61160235E7,
      "branchMisses": 816420.0
    },
    "dataV2": {
      "energy": 68293.0,
      "instructions": 2.280427515E8,
      "durations": 9.82318815E7,
      "cycles": 2.27300436E8,
      "caches": 1992199.0,
      "cacheMisses": 68293.0,
      "branches": 4.1280573E7,
      "branchMisses": 1122888.0
    },
    "energy": 28272.5,
    "instructions": 1.412884085E8,
    "durations": 5.9872827E7,
    "cycles": 1.36707732E8,
    "caches": 276724.0,
    "cacheMisses": 28272.5,
    "branches": 2.51645495E7,
    "branchMisses": 306468.0
  },
  "com.google.gson.internal.bind.DefaultDateTypeAdapterTest#testFormatUsesDefaultTimezone": {
    "dataV1": {
      "energy": 4246.5,
      "instructions": 5214766.0,
      "durations": 2955464.0,
      "cycles": 6924072.0,
      "caches": 150775.5,
      "cacheMisses": 4246.5,
      "branches": 978074.5,
      "branchMisses": 87412.5
    },
    "dataV2": {
      "energy": 8339.0,
      "instructions": 3.5136383E7,
      "durations": 1.64633325E7,
      "cycles": 3.6426732E7,
      "caches": 211915.5,
      "cacheMisses": 8339.0,
      "branches": 6267817.0,
      "branchMisses": 140358.0
    },
    "energy": 4092.5,
    "instructions": 2.9921617E7,
    "durations": 1.35078685E7,
    "cycles": 2.950266E7,
    "caches": 61140.0,
    "cacheMisses": 4092.5,
    "branches": 5289742.5,
    "branchMisses": 52945.5
  },
  "com.google.gson.functional.StreamingTypeAdaptersTest#testDeserializeNullField": {
    "dataV1": {
      "energy": 57.0,
      "instructions": 84850.0,
      "durations": 101414.0,
      "cycles": 204216.0,
      "caches": 6853.0,
      "cacheMisses": 57.0,
      "branches": 15839.5,
      "branchMisses": 2410.0
    },
    "dataV2": {
      "energy": 1299.0,
      "instructions": 1.66243115E7,
      "durations": 6206657.0,
      "cycles": 1.457244E7,
      "caches": 39665.5,
      "cacheMisses": 1299.0,
      "branches": 2837530.0,
      "branchMisses": 34340.5
    },
    "energy": 1242.0,
    "instructions": 1.65394615E7,
    "durations": 6105243.0,
    "cycles": 1.4368224E7,
    "caches": 32812.5,
    "cacheMisses": 1242.0,
    "branches": 2821690.5,
    "branchMisses": 31930.5
  },
  "com.google.gson.functional.StreamingTypeAdaptersTest#testDeserialize1dArray": {
    "dataV1": {
      "energy": 9492.5,
      "instructions": 1.03691575E7,
      "durations": 4110580.0,
      "cycles": 9713196.0,
      "caches": 219013.0,
      "cacheMisses": 9492.5,
      "branches": 2143321.5,
      "branchMisses": 69062.0
    },
    "dataV2": {
      "energy": 7238.0,
      "instructions": 1.65556925E7,
      "durations": 6577197.5,
      "cycles": 1.54026E7,
      "caches": 179718.0,
      "cacheMisses": 7238.0,
      "branches": 3013905.0,
      "branchMisses": 69163.0
    },
    "energy": -2254.5,
    "instructions": 6186535.0,
    "durations": 2466617.5,
    "cycles": 5689404.0,
    "caches": -39295.0,
    "cacheMisses": -2254.5,
    "branches": 870583.5,
    "branchMisses": 101.0
  },
  "com.google.gson.functional.StreamingTypeAdaptersTest#testDeserialize2dArray": {
    "dataV1": {
      "energy": 461.5,
      "instructions": 404518.0,
      "durations": 309473.0,
      "cycles": 705972.0,
      "caches": 22074.5,
      "cacheMisses": 461.5,
      "branches": 73979.0,
      "branchMisses": 7802.0
    },
    "dataV2": {
      "energy": 1544.5,
      "instructions": 1.49678735E7,
      "durations": 5762260.0,
      "cycles": 1.352586E7,
      "caches": 55309.0,
      "cacheMisses": 1544.5,
      "branches": 2554934.5,
      "branchMisses": 36642.0
    },
    "energy": 1083.0,
    "instructions": 1.45633555E7,
    "durations": 5452787.0,
    "cycles": 1.2819888E7,
    "caches": 33234.5,
    "cacheMisses": 1083.0,
    "branches": 2480955.5,
    "branchMisses": 28840.0
  },
  "com.google.gson.functional.StreamingTypeAdaptersTest#testDeserializeWithCustomTypeAdapter": {
    "dataV1": {
      "energy": 4949.5,
      "instructions": 3232132.5,
      "durations": 2010810.0,
      "cycles": 4725048.0,
      "caches": 159527.5,
      "cacheMisses": 4949.5,
      "branches": 632127.5,
      "branchMisses": 40584.0
    },
    "dataV2": {
      "energy": 4736.0,
      "instructions": 1.4350562E7,
      "durations": 5860768.5,
      "cycles": 1.3731672E7,
      "caches": 157370.0,
      "cacheMisses": 4736.0,
      "branches": 2463871.5,
      "branchMisses": 56955.0
    },
    "energy": -213.5,
    "instructions": 1.11184295E7,
    "durations": 3849958.5,
    "cycles": 9006624.0,
    "caches": -2157.5,
    "cacheMisses": -213.5,
    "branches": 1831744.0,
    "branchMisses": 16371.0
  },
  "com.google.gson.functional.StreamingTypeAdaptersTest#testDeserializeMap": {
    "dataV1": {
      "energy": 1478.0,
      "instructions": 2824574.0,
      "durations": 1350027.5,
      "cycles": 3161340.0,
      "caches": 89965.5,
      "cacheMisses": 1478.0,
      "branches": 607837.0,
      "branchMisses": 31163.0
    },
    "dataV2": {
      "energy": 2844.5,
      "instructions": 1.877058E7,
      "durations": 7447722.5,
      "cycles": 1.7432904E7,
      "caches": 103603.5,
      "cacheMisses": 2844.5,
      "branches": 3281391.5,
      "branchMisses": 56990.5
    },
    "energy": 1366.5,