{
    "com.squareup.javapoet.MethodSpecTest-overrideExtendsOthersWorksWithActualTypeParameters": {
        "energy": 364346.58203125,
        "duration": 9345338.505859375,
        "dram": 33276.8359375
    },
    "com.squareup.javapoet.MethodSpecTest-overrideEverything": {
        "energy": 3148017.666015625,
        "duration": 89005667.81835938,
        "dram": 295670.828125
    },
    "com.squareup.javapoet.MethodSpecTest-overrideDoesNotCopyDefaultModifier": {
        "energy": 339015.4765625,
        "duration": 9041133.576171875,
        "dram": 30735.78515625
    },
    "com.squareup.javapoet.MethodSpecTest-overrideGenerics": {
        "energy": 204528.48828125,
        "duration": 5888777.673828125,
        "dram": 19939.458984375
    },
    "com.squareup.javapoet.MethodSpecTest-overrideDoesNotCopyOverrideAnnotation": {
        "energy": 152502.822265625,
        "duration": 4455284.1171875,
        "dram": 14889.4140625
    },
    "com.squareup.javapoet.MethodSpecTest-equalsAndHashCode": {
        "energy": 526227.384765625,
        "duration": 13002612.001953125,
        "dram": 43437.3515625
    }
}