{
    "com.squareup.javapoet.MethodSpecTest-overrideExtendsOthersWorksWithActualTypeParameters": {
        "energy": 340639.435546875,
        "duration": 8279572.640625,
        "dram": 28970.728515625
    },
    "com.squareup.javapoet.MethodSpecTest-overrideEverything": {
        "energy": 2842473.962890625,
        "duration": 86961390.921875,
        "dram": 282266.958984375
    },
    "com.squareup.javapoet.MethodSpecTest-overrideDoesNotCopyDefaultModifier": {
        "energy": 304543.115234375,
        "duration": 7792824.140625,
        "dram": 26303.224609375
    },
    "com.squareup.javapoet.MethodSpecTest-overrideGenerics": {
        "energy": 174648.212890625,
        "duration": 5582044.873046875,
        "dram": 15964.10546875
    },
    "com.squareup.javapoet.MethodSpecTest-overrideDoesNotCopyOverrideAnnotation": {
        "energy": 135096.775390625,
        "duration": 4447339.396484375,
        "dram": 13614.4375
    },
    "com.squareup.javapoet.MethodSpecTest-equalsAndHashCode": {
        "energy": 482838.505859375,
        "duration": 11894688.69921875,
        "dram": 37435.63671875
    }
}