{
  "com.google.gson.functional.MapTest#testInterfaceTypeMap": {
    "dataV1": {
      "energy": 534423.0,
      "instructions": 2.0969053E7,
      "durations": 2.6984338E7,
      "cycles": 2.5083288E7,
      "caches": 706182.0,
      "cacheMisses": 6235.0,
      "branches": 4032706.0,
      "branchMisses": 252034.0
    },
    "dataV2": {
      "energy": 635741.0,
      "instructions": 2.1526665E7,
      "durations": 3.2572722E7,
      "cycles": 2.5928795E7,
      "caches": 769531.0,
      "cacheMisses": 8197.0,
      "branches": 4065674.0,
      "branchMisses": 247505.0
    },
    "energy": 101318.0,
    "instructions": 557612.0,
    "durations": 5588384.0,
    "cycles": 845507.0,
    "caches": 63349.0,
    "cacheMisses": 1962.0,
    "branches": 32968.0,
    "branchMisses": -4529.0
  },
  "com.google.gson.functional.CollectionTest#testCollectionOfBagOfPrimitivesSerialization": {
    "dataV1": {
      "energy": 615294.0,
      "instructions": 2.2339218E7,
      "durations": 3.3156418E7,
      "cycles": 2.8440524E7,
      "caches": 773380.0,
      "cacheMisses": 19477.0,
      "branches": 4313211.0,
      "branchMisses": 282148.0
    },
    "dataV2": {
      "energy": 739805.0,
      "instructions": 2.2624523E7,
      "durations": 3.8883114E7,
      "cycles": 2.7995412E7,
      "caches": 737199.0,
      "cacheMisses": 20589.0,
      "branches": 4356999.0,
      "branchMisses": 275558.0
    },
    "energy": 124511.0,
    "instructions": 285305.0,
    "durations": 5726696.0,
    "cycles": -445112.0,
    "caches": -36181.0,
    "cacheMisses": 1112.0,
    "branches": 43788.0,
    "branchMisses": -6590.0
  }
}