{
  "energy": 432730.0,
  "instructions": 6.113338E7,
  "durations": 6320970.0,
  "cycles": 2.742749E7,
  "caches": 776880.0,
  "cacheMisses": 18380.0,
  "branches": 1.034239E7,
  "branchMisses": -87550.0
}