{
  "com.google.gson.functional.MapTest#testMapStandardSubclassDeserialization": {
    "dataV1": {
      "energy": 145019.0,
      "instructions": 1.0465179E7,
      "durations": 9695423.0,
      "cycles": 1.3990783E7,
      "caches": 1834446.0,
      "cacheMisses": 199719.0,
      "branches": 3956141.0,
      "branchMisses": 94918.0
    },
    "dataV2": {
      "energy": 165954.0,
      "instructions": 1.3074119E7,
      "durations": 1.2242011E7,
      "cycles": 1.6122895E7,
      "caches": 1703678.0,
      "cacheMisses": 340658.0,
      "branches": 4105639.0,
      "branchMisses": 99853.0
    },
    "energy": 20935.0,
    "instructions": 2608940.0,
    "durations": 2546588.0,
    "cycles": 2132112.0,
    "caches": -130768.0,
    "cacheMisses": 140939.0,
    "branches": 149498.0,
    "branchMisses": 4935.0
  },
  "com.google.gson.functional.InheritanceTest#testSubInterfacesOfCollectionDeserialization": {
    "dataV1": {
      "energy": 73914.0,
      "instructions": 4231217.0,
      "durations": 5693977.0,
      "cycles": 1.3237965E7,
      "caches": 1154051.0,
      "cacheMisses": 159124.0,
      "branches": 2021069.0,
      "branchMisses": 0.0
    },
    "dataV2": {
      "energy": 73059.0,
      "instructions": 2636651.0,
      "durations": 5695543.0,
      "cycles": 1.2731123E7,
      "caches": 1142909.0,
      "cacheMisses": 155881.0,
      "branches": 2029084.0,
      "branchMisses": 3690.0
    },
    "energy": -855.0,
    "instructions": -1594566.0,
    "durations": 1566.0,
    "cycles": -506842.0,
    "caches": -11142.0,
    "cacheMisses": -3243.0,
    "branches": 8015.0,
    "branchMisses": 3690.0
  },
  "com.google.gson.functional.CustomSerializerTest#testBaseClassSerializerInvokedForBaseClassFields": {
    "dataV1": {
      "energy": 111267.0,
      "instructions": 8043444.0,
      "durations": 8865412.0,
      "cycles": 1.1250579E7,
      "caches": 1914787.0,
      "cacheMisses": 162516.0,
      "branches": 2993352.0,
      "branchMisses": 76218.0
    },
    "dataV2": {
      "energy": 138732.0,
      "instructions": 8867577.0,
      "durations": 8782979.0,
      "cycles": 1.658773E7,
      "caches": 1964015.0,
      "cacheMisses": 190836.0,
      "branches": 2969415.0,
      "branchMisses": 31161.0
    },
    "energy": 27465.0,
    "instructions": 824133.0,
    "durations": -82433.0,
    "cycles": 5337151.0,
    "caches": 49228.0,
    "cacheMisses": 28320.0,
    "branches": -23937.0,
    "branchMisses": -45057.0
  },
  "com.google.gson.functional.ReadersWritersTest#testReadWriteTwoObjects": {
    "dataV1": {
      "energy": 131958.0,
      "instructions": 9790084.0,
      "durations": 9370405.0,
      "cycles": 1.7087228E7,
      "caches": 1818084.0,
      "cacheMisses": 210571.0,
      "branches": 3690812.0,
      "branchMisses": 51320.0
    },
    "dataV2": {
      "energy": 142700.0,
      "instructions": 1.147218E7,
      "durations": 1.066056E7,
      "cycles": 1.5593024E7,
      "caches": 1856199.0,
      "cacheMisses": 248477.0,
      "branches": 3819344.0,
      "branchMisses": 74964.0
    },
    "energy": 10742.0,
    "instructions": 1682096.0,
    "durations": 1290155.0,
    "cycles": -1494204.0,
    "caches": 38115.0,
    "cacheMisses": 37906.0,
    "branches": 128532.0,
    "branchMisses": 23644.0
  }
}