{
  "com.google.gson.functional.CustomTypeAdaptersTest#testCustomAdapterInvokedForCollectionElementSerializationWithType": {
    "dataV1": {
      "energy": 624388.0,
      "instructions": 5.3936109E7,
      "durations": 4.0471329E7,
      "cycles": 7.8792848E7,
      "caches": 5990375.0,
      "cacheMisses": 1019798.0,
      "branches": 1.1843872E7,
      "branchMisses": 521501.0
    },
    "dataV2": {
      "energy": 648070.0,
      "instructions": 5.9529956E7,
      "durations": 4.1710406E7,
      "cycles": 7.8366133E7,
      "caches": 6175515.0,
      "cacheMisses": 824716.0,
      "branches": 1.2864538E7,
      "branchMisses": 506077.0
    },
    "energy": 23682.0,
    "instructions": 5593847.0,
    "durations": 1239077.0,
    "cycles": -426715.0,
    "caches": 185140.0,
    "cacheMisses": -195082.0,
    "branches": 1020666.0,
    "branchMisses": -15424.0
  }
}