{
    "com.google.gson.DefaultDateTypeAdapterTest-testParsingDatesFormattedWithUsLocale": {
        "energy": 1558650,
        "duration": 37778199.666666664,
        "dram": 127731.33333333333,
        "iteration": 9,
        "stdev": 75352.90082023844
    },
    "com.google.gson.functional.DefaultTypeAdaptersTest-testDateSerializationWithPatternNotOverridenByTypeAdapter": {
        "energy": 429747,
        "duration": 11079801.888888888,
        "dram": 38523.555555555555,
        "iteration": 9,
        "stdev": 55185.557719075674
    },
    "com.google.gson.functional.DefaultTypeAdaptersTest-testDateSerializationWithPattern": {
        "energy": 224060,
        "duration": 5369168.111111111,
        "dram": 18400.666666666668,
        "iteration": 9,
        "stdev": 25562.857704098733
    },
    "com.google.gson.DefaultDateTypeAdapterTest-testDateDeserializationISO8601": {
        "energy": 779845,
        "duration": 19518717.666666668,
        "dram": 70589.22222222222,
        "iteration": 9,
        "stdev": 101243.91046379037
    },
    "com.google.gson.DefaultDateTypeAdapterTest-testFormattingInEnUs": {
        "energy": 286804,
        "duration": 7603607.444444444,
        "dram": 25671.666666666668,
        "iteration": 9,
        "stdev": 35072.415173448855
    },
    "com.google.gson.DefaultDateTypeAdapterTest-testFormatUsesDefaultTimezone": {
        "energy": 583677,
        "duration": 14362515.111111112,
        "dram": 50513.666666666664,
        "iteration": 9,
        "stdev": 38042.62512491825
    },
    "com.google.gson.DefaultDateTypeAdapterTest-testDatePattern": {
        "energy": 232116,
        "duration": 5790066.222222222,
        "dram": 19470.11111111111,
        "iteration": 9,
        "stdev": 28283.371907697565
    },
    "com.google.gson.functional.DefaultTypeAdaptersTest-testSqlDateSerialization": {
        "energy": 210754,
        "duration": 5387639.0,
        "dram": 18387.222222222223,
        "iteration": 9,
        "stdev": 19049.778424556316
    },
    "com.google.gson.functional.DefaultTypeAdaptersTest-testTimestampSerialization": {
        "energy": 249145,
        "duration": 6836915.222222222,
        "dram": 22606.444444444445,
        "iteration": 9,
        "stdev": 65278.6689539168
    },
    "com.google.gson.DefaultDateTypeAdapterTest-testDateSerialization": {
        "energy": 170471,
        "duration": 4069652.888888889,
        "dram": 14183.222222222223,
        "iteration": 9,
        "stdev": 25220.344460204306
    },
    "com.google.gson.functional.DefaultTypeAdaptersTest-testDateDeserializationWithPattern": {
        "energy": 296203,
        "duration": 7233429.111111111,
        "dram": 25049.555555555555,
        "iteration": 9,
        "stdev": 30395.065367446703
    },
    "com.google.gson.functional.DefaultTypeAdaptersTest-testDateSerializationInCollection": {
        "energy": 457336,
        "duration": 11538163.222222222,
        "dram": 40390.22222222222,
        "iteration": 9,
        "stdev": 39975.5810430367
    },
    "com.google.gson.DefaultDateTypeAdapterTest-testParsingDatesFormattedWithSystemLocale": {
        "energy": 4465565,
        "duration": 118173734.77777778,
        "dram": 398140.22222222225,
        "iteration": 9,
        "stdev": 319120.9900485712
    },
    "com.google.gson.DefaultDateTypeAdapterTest-testFormattingInFr": {
        "energy": 3512992,
        "duration": 100957510.44444445,
        "dram": 320473.8888888889,
        "iteration": 9,
        "stdev": 355386.46308838093
    }
}