{
    "com.google.gson.functional.DefaultTypeAdaptersTest-testDateSerializationWithPatternNotOverridenByTypeAdapter": {
        "energy": 2173396,
        "duration": 56002804.55555555,
        "dram": 184718.77777777778,
        "iteration": 9,
        "stdev": 190348.7598050834
    },
    "com.google.gson.functional.DefaultTypeAdaptersTest-testDateSerializationWithPattern": {
        "energy": 572447,
        "duration": 14668026.222222222,
        "dram": 47846.444444444445,
        "iteration": 9,
        "stdev": 73236.64951375096
    },
    "com.google.gson.DefaultDateTypeAdapterTest-testDateDeserializationISO8601": {
        "energy": 4629261,
        "duration": 109890196.44444445,
        "dram": 366632.22222222225,
        "iteration": 9,
        "stdev": 291170.647874497
    },
    "com.google.gson.DefaultDateTypeAdapterTest-testFormattingInEnUs": {
        "energy": 1612056,
        "duration": 40644308.777777776,
        "dram": 136151.44444444444,
        "iteration": 9,
        "stdev": 74983.15254331024
    },
    "com.google.gson.DefaultDateTypeAdapterTest-testFormatUsesDefaultTimezone": {
        "energy": 4215504,
        "duration": 90475572.0,
        "dram": 313401.8888888889,
        "iteration": 9,
        "stdev": 612184.834627219
    },
    "com.google.gson.DefaultDateTypeAdapterTest-testDatePattern": {
        "energy": 1302121,
        "duration": 29234744.333333332,
        "dram": 98917.77777777778,
        "iteration": 9,
        "stdev": 207534.71206975606
    },
    "com.google.gson.functional.DefaultTypeAdaptersTest-testSqlDateSerialization": {
        "energy": 671507,
        "duration": 18376471.666666668,
        "dram": 55505.22222222222,
        "iteration": 9,
        "stdev": 27871.502171285112
    },
    "com.google.gson.functional.DefaultTypeAdaptersTest-testTimestampSerialization": {
        "energy": 659117,
        "duration": 18384436.444444444,
        "dram": 57949.444444444445,
        "iteration": 9,
        "stdev": 42070.149319945005
    },
    "com.google.gson.DefaultDateTypeAdapterTest-testDateSerialization": {
        "energy": 547301,
        "duration": 13716802.888888888,
        "dram": 44693.0,
        "iteration": 9,
        "stdev": 76331.50780495416
    },
    "com.google.gson.functional.DefaultTypeAdaptersTest-testDateDeserializationWithPattern": {
        "energy": 1195920,
        "duration": 31844670.666666668,
        "dram": 103069.44444444444,
        "iteration": 9,
        "stdev": 160783.10228793736
    },
    "com.google.gson.functional.DefaultTypeAdaptersTest-testDateSerializationInCollection": {
        "energy": 2437982,
        "duration": 58993516.333333336,
        "dram": 195107.22222222222,
        "iteration": 9,
        "stdev": 88253.83007251944
    },
    "com.google.gson.DefaultDateTypeAdapterTest-testFormattingInFr": {
        "energy": 6841902,
        "duration": 173622452.0,
        "dram": 556459.2222222222,
        "iteration": 9,
        "stdev": 168362.14686476762
    }
}