{
    "com.google.gson.functional.DefaultTypeAdaptersTest-testDateSerializationWithPatternNotOverridenByTypeAdapter": {
        "energy": 619871,
        "duration": 14292639.0,
        "dram": 46981.22222222222,
        "iteration": 9,
        "stdev": 37066.53434362206
    },
    "com.google.gson.functional.DefaultTypeAdaptersTest-testDateSerializationWithPattern": {
        "energy": 284545,
        "duration": 7069258.222222222,
        "dram": 23407.222222222223,
        "iteration": 9,
        "stdev": 41433.14964590849
    },
    "com.google.gson.DefaultDateTypeAdapterTest-testDateDeserializationISO8601": {
        "energy": 1737423,
        "duration": 39988550.55555555,
        "dram": 141370.55555555556,
        "iteration": 9,
        "stdev": 226414.80352880564
    },
    "com.google.gson.DefaultDateTypeAdapterTest-testFormattingInEnUs": {
        "energy": 510436,
        "duration": 11587765.0,
        "dram": 40638.555555555555,
        "iteration": 9,
        "stdev": 36111.151599977304
    },
    "com.google.gson.DefaultDateTypeAdapterTest-testFormatUsesDefaultTimezone": {
        "energy": 661681,
        "duration": 18892191.333333332,
        "dram": 58532.444444444445,
        "iteration": 9,
        "stdev": 219393.40121011666
    },
    "com.google.gson.DefaultDateTypeAdapterTest-testDatePattern": {
        "energy": 324523,
        "duration": 10178669.888888888,
        "dram": 32516.11111111111,
        "iteration": 9,
        "stdev": 171809.89940305793
    },
    "com.google.gson.functional.DefaultTypeAdaptersTest-testSqlDateSerialization": {
        "energy": 319823,
        "duration": 7679644.666666667,
        "dram": 26999.333333333332,
        "iteration": 9,
        "stdev": 55130.35677799606
    },
    "com.google.gson.functional.DefaultTypeAdaptersTest-testTimestampSerialization": {
        "energy": 329284,
        "duration": 7775698.888888889,
        "dram": 25394.555555555555,
        "iteration": 9,
        "stdev": 17640.68366512022
    },
    "com.google.gson.DefaultDateTypeAdapterTest-testDateSerialization": {
        "energy": 233337,
        "duration": 5746169.444444444,
        "dram": 16156.777777777777,
        "iteration": 9,
        "stdev": 33226.27025728101
    },
    "com.google.gson.functional.DefaultTypeAdaptersTest-testDateDeserializationWithPattern": {
        "energy": 498412,
        "duration": 11261260.888888888,
        "dram": 36643.444444444445,
        "iteration": 9,
        "stdev": 44631.92056514411
    },
    "com.google.gson.functional.DefaultTypeAdaptersTest-testDateSerializationInCollection": {
        "energy": 637633,
        "duration": 14263220.888888888,
        "dram": 49179.333333333336,
        "iteration": 9,
        "stdev": 27727.857083526025
    },
    "com.google.gson.DefaultDateTypeAdapterTest-testFormattingInFr": {
        "energy": 3045463,
        "duration": 88917506.77777778,
        "dram": 276916.3333333333,
        "iteration": 9,
        "stdev": 282478.49485243787
    }
}