{
    "com.google.gson.DefaultDateTypeAdapterTest-testParsingDatesFormattedWithUsLocale": {
        "energy": 1487179,
        "duration": 36345916.222222224,
        "dram": 125468.55555555556,
        "iteration": 9,
        "stdev": 54253.49862030291
    },
    "com.google.gson.functional.DefaultTypeAdaptersTest-testDateSerializationWithPatternNotOverridenByTypeAdapter": {
        "energy": 413024,
        "duration": 10843769.888888888,
        "dram": 35190.0,
        "iteration": 9,
        "stdev": 36579.56270857564
    },
    "com.google.gson.functional.DefaultTypeAdaptersTest-testDateSerializationWithPattern": {
        "energy": 221068,
        "duration": 7823154.777777778,
        "dram": 19378.222222222223,
        "iteration": 9,
        "stdev": 42653.87027494807
    },
    "com.google.gson.DefaultDateTypeAdapterTest-testDateDeserializationISO8601": {
        "energy": 776732,
        "duration": 18273402.555555556,
        "dram": 66367.88888888889,
        "iteration": 9,
        "stdev": 45381.42112455218
    },
    "com.google.gson.DefaultDateTypeAdapterTest-testFormattingInEnUs": {
        "energy": 288085,
        "duration": 7409612.666666667,
        "dram": 24950.666666666668,
        "iteration": 9,
        "stdev": 14545.73478530543
    },
    "com.google.gson.DefaultDateTypeAdapterTest-testFormatUsesDefaultTimezone": {
        "energy": 571959,
        "duration": 14426399.0,
        "dram": 48281.555555555555,
        "iteration": 9,
        "stdev": 37003.60743008046
    },
    "com.google.gson.DefaultDateTypeAdapterTest-testDatePattern": {
        "energy": 230102,
        "duration": 5817833.444444444,
        "dram": 19205.0,
        "iteration": 9,
        "stdev": 21919.654883738982
    },
    "com.google.gson.functional.DefaultTypeAdaptersTest-testSqlDateSerialization": {
        "energy": 205321,
        "duration": 5566314.0,
        "dram": 17938.222222222223,
        "iteration": 9,
        "stdev": 39912.13838043215
    },
    "com.google.gson.functional.DefaultTypeAdaptersTest-testTimestampSerialization": {
        "energy": 261535,
        "duration": 7123499.0,
        "dram": 23245.88888888889,
        "iteration": 9,
        "stdev": 72317.11792284498
    },
    "com.google.gson.DefaultDateTypeAdapterTest-testDateSerialization": {
        "energy": 170043,
        "duration": 4083957.5555555555,
        "dram": 14341.333333333334,
        "iteration": 9,
        "stdev": 24405.197620867166
    },
    "com.google.gson.functional.DefaultTypeAdaptersTest-testDateDeserializationWithPattern": {
        "energy": 274169,
        "duration": 7253252.666666667,
        "dram": 23422.666666666668,
        "iteration": 9,
        "stdev": 26693.180905233196
    },
    "com.google.gson.functional.DefaultTypeAdaptersTest-testDateSerializationInCollection": {
        "energy": 421935,
        "duration": 11420770.888888888,
        "dram": 39883.555555555555,
        "iteration": 9,
        "stdev": 34666.27340517682
    },
    "com.google.gson.DefaultDateTypeAdapterTest-testParsingDatesFormattedWithSystemLocale": {
        "energy": 4488575,
        "duration": 120744988.8888889,
        "dram": 396115.44444444444,
        "iteration": 9,
        "stdev": 128061.23670078052
    },
    "com.google.gson.DefaultDateTypeAdapterTest-testFormattingInFr": {
        "energy": 3437552,
        "duration": 100041285.66666667,
        "dram": 331617.3333333333,
        "iteration": 9,
        "stdev": 307495.0159834975
    }
}