{
    "com.google.gson.functional.DefaultTypeAdaptersTest-testDateSerializationWithPatternNotOverridenByTypeAdapter": {
        "energy": 632688,
        "duration": 14198286.888888888,
        "dram": 45340.666666666664,
        "iteration": 9,
        "stdev": 36266.54348665083
    },
    "com.google.gson.functional.DefaultTypeAdaptersTest-testDateSerializationWithPattern": {
        "energy": 325560,
        "duration": 7016982.777777778,
        "dram": 24247.11111111111,
        "iteration": 9,
        "stdev": 49494.994519086926
    },
    "com.google.gson.DefaultDateTypeAdapterTest-testDateDeserializationISO8601": {
        "energy": 1726009,
        "duration": 38265772.0,
        "dram": 134028.0,
        "iteration": 9,
        "stdev": 135147.70843163042
    },
    "com.google.gson.DefaultDateTypeAdapterTest-testFormattingInEnUs": {
        "energy": 508422,
        "duration": 12172911.555555556,
        "dram": 41602.555555555555,
        "iteration": 9,
        "stdev": 73726.55735307191
    },
    "com.google.gson.DefaultDateTypeAdapterTest-testFormatUsesDefaultTimezone": {
        "energy": 656065,
        "duration": 17503601.777777776,
        "dram": 56956.77777777778,
        "iteration": 9,
        "stdev": 155346.99640585584
    },
    "com.google.gson.DefaultDateTypeAdapterTest-testDatePattern": {
        "energy": 325622,
        "duration": 7656750.222222222,
        "dram": 24993.555555555555,
        "iteration": 9,
        "stdev": 35999.40948726936
    },
    "com.google.gson.functional.DefaultTypeAdaptersTest-testSqlDateSerialization": {
        "energy": 313781,
        "duration": 7342832.222222222,
        "dram": 24679.0,
        "iteration": 9,
        "stdev": 24522.409076466778
    },
    "com.google.gson.functional.DefaultTypeAdaptersTest-testTimestampSerialization": {
        "energy": 319213,
        "duration": 7509142.444444444,
        "dram": 24719.777777777777,
        "iteration": 9,
        "stdev": 26291.71330558756
    },
    "com.google.gson.DefaultDateTypeAdapterTest-testDateSerialization": {
        "energy": 228576,
        "duration": 5636126.222222222,
        "dram": 17987.88888888889,
        "iteration": 9,
        "stdev": 41339.253409672696
    },
    "com.google.gson.functional.DefaultTypeAdaptersTest-testDateDeserializationWithPattern": {
        "energy": 489623,
        "duration": 11016286.666666666,
        "dram": 36201.444444444445,
        "iteration": 9,
        "stdev": 50528.08406943999
    },
    "com.google.gson.functional.DefaultTypeAdaptersTest-testDateSerializationInCollection": {
        "energy": 644041,
        "duration": 14108496.888888888,
        "dram": 47384.0,
        "iteration": 9,
        "stdev": 45319.636398953306
    },
    "com.google.gson.DefaultDateTypeAdapterTest-testFormattingInFr": {
        "energy": 2914727,
        "duration": 84267615.66666667,
        "dram": 256642.22222222222,
        "iteration": 9,
        "stdev": 53185.41695234759
    }
}