{
    "com.google.gson.DefaultDateTypeAdapterTest-testParsingDatesFormattedWithUsLocale": {
        "energy": 6683638,
        "duration": 330436657.8888889,
        "dram": 403034.3333333333,
        "iteration": 9,
        "stdev": 1001568.0459164587
    },
    "com.google.gson.functional.DefaultTypeAdaptersTest-testDateSerializationWithPatternNotOverridenByTypeAdapter": {
        "energy": 3089836,
        "duration": 153996378.55555555,
        "dram": 184024.77777777778,
        "iteration": 9,
        "stdev": 339424.7851512727
    },
    "com.google.gson.functional.DefaultTypeAdaptersTest-testDateSerializationWithPattern": {
        "energy": 1320615,
        "duration": 64291715.666666664,
        "dram": 76785.55555555556,
        "iteration": 9,
        "stdev": 58907.89278375371
    },
    "com.google.gson.DefaultDateTypeAdapterTest-testDateDeserializationISO8601": {
        "energy": 6347946,
        "duration": 299657228.3333333,
        "dram": 394094.0,
        "iteration": 9,
        "stdev": 679240.7495117864
    },
    "com.google.gson.DefaultDateTypeAdapterTest-testFormattingInEnUs": {
        "energy": 1821772,
        "duration": 86799815.1111111,
        "dram": 101098.77777777778,
        "iteration": 9,
        "stdev": 89378.48863370002
    },
    "com.google.gson.DefaultDateTypeAdapterTest-testFormatUsesDefaultTimezone": {
        "energy": 3526358,
        "duration": 170458251.66666666,
        "dram": 207119.44444444444,
        "iteration": 9,
        "stdev": 451486.347731606
    },
    "com.google.gson.DefaultDateTypeAdapterTest-testDatePattern": {
        "energy": 1490841,
        "duration": 73072433.66666667,
        "dram": 87085.88888888889,
        "iteration": 9,
        "stdev": 101247.70080108571
    },
    "com.google.gson.functional.DefaultTypeAdaptersTest-testSqlDateSerialization": {
        "energy": 1339657,
        "duration": 65816277.44444445,
        "dram": 77698.22222222222,
        "iteration": 9,
        "stdev": 90170.17599208979
    },
    "com.google.gson.functional.DefaultTypeAdaptersTest-testTimestampSerialization": {
        "energy": 1407162,
        "duration": 66853489.44444445,
        "dram": 83111.22222222222,
        "iteration": 9,
        "stdev": 88498.93804259274
    },
    "com.google.gson.DefaultDateTypeAdapterTest-testDateSerialization": {
        "energy": 856321,
        "duration": 39625094.88888889,
        "dram": 45981.666666666664,
        "iteration": 9,
        "stdev": 77439.89223875907
    },
    "com.google.gson.functional.DefaultTypeAdaptersTest-testDateDeserializationWithPattern": {
        "energy": 1761104,
        "duration": 91991422.22222222,
        "dram": 109816.44444444444,
        "iteration": 9,
        "stdev": 273936.1437916364
    },
    "com.google.gson.functional.DefaultTypeAdaptersTest-testDateSerializationInCollection": {
        "energy": 3015739,
        "duration": 162667667.7777778,
        "dram": 191686.66666666666,
        "iteration": 9,
        "stdev": 703403.1500214502
    },
    "com.google.gson.DefaultDateTypeAdapterTest-testParsingDatesFormattedWithSystemLocale": {
        "energy": 17998245,
        "duration": 917388475.8888888,
        "dram": 1095694.111111111,
        "iteration": 9,
        "stdev": 1818301.5742503249
    },
    "com.google.gson.DefaultDateTypeAdapterTest-testFormattingInFr": {
        "energy": 12498930,
        "duration": 641536433.4444444,
        "dram": 751850.6666666666,
        "iteration": 9,
        "stdev": 1331119.268647458
    }
}