{
    "com.google.gson.DefaultDateTypeAdapterTest-testParsingDatesFormattedWithUsLocale": {
        "energy": 4324880,
        "duration": 115595986.53535354,
        "dram": 403883.54545454547,
        "iteration": 99,
        "stdev": 317048.40566242405
    },
    "com.google.gson.functional.DefaultTypeAdaptersTest-testDateSerializationWithPatternNotOverridenByTypeAdapter": {
        "energy": 1885677,
        "duration": 47663222.1010101,
        "dram": 151596.75757575757,
        "iteration": 99,
        "stdev": 95254.14296887365
    },
    "com.google.gson.functional.DefaultTypeAdaptersTest-testDateSerializationWithPattern": {
        "energy": 473937,
        "duration": 12982985.777777778,
        "dram": 42180.09090909091,
        "iteration": 99,
        "stdev": 72907.98491251328
    },
    "com.google.gson.DefaultDateTypeAdapterTest-testDateDeserializationISO8601": {
        "energy": 3535086,
        "duration": 92589951.0,
        "dram": 338199.22222222225,
        "iteration": 99,
        "stdev": 282162.8939168213
    },
    "com.google.gson.DefaultDateTypeAdapterTest-testFormattingInEnUs": {
        "energy": 830992,
        "duration": 20556831.2020202,
        "dram": 70864.9898989899,
        "iteration": 99,
        "stdev": 86235.41996045441
    },
    "com.google.gson.DefaultDateTypeAdapterTest-testFormatUsesDefaultTimezone": {
        "energy": 1861079,
        "duration": 46831411.252525255,
        "dram": 150395.9090909091,
        "iteration": 99,
        "stdev": 116081.51084879314
    },
    "com.google.gson.DefaultDateTypeAdapterTest-testDatePattern": {
        "energy": 736571,
        "duration": 17250766.373737372,
        "dram": 55615.47474747475,
        "iteration": 99,
        "stdev": 85785.30018828306
    },
    "com.google.gson.functional.DefaultTypeAdaptersTest-testSqlDateSerialization": {
        "energy": 648619,
        "duration": 16157325.888888888,
        "dram": 55202.555555555555,
        "iteration": 99,
        "stdev": 88040.9422412868
    },
    "com.google.gson.functional.DefaultTypeAdaptersTest-testTimestampSerialization": {
        "energy": 645201,
        "duration": 16617012.212121213,
        "dram": 54263.30303030303,
        "iteration": 99,
        "stdev": 90031.6245949069
    },
    "com.google.gson.DefaultDateTypeAdapterTest-testDateSerialization": {
        "energy": 331237,
        "duration": 9262666.585858585,
        "dram": 31351.60606060606,
        "iteration": 99,
        "stdev": 88562.33781711438
    },
    "com.google.gson.functional.DefaultTypeAdaptersTest-testDateDeserializationWithPattern": {
        "energy": 939512,
        "duration": 23732478.07070707,
        "dram": 76317.62626262626,
        "iteration": 99,
        "stdev": 80189.64961871738
    },
    "com.google.gson.functional.DefaultTypeAdaptersTest-testDateSerializationInCollection": {
        "energy": 2049189,
        "duration": 54552641.47474747,
        "dram": 173122.46464646465,
        "iteration": 99,
        "stdev": 89032.4950620616
    },
    "com.google.gson.DefaultDateTypeAdapterTest-testParsingDatesFormattedWithSystemLocale": {
        "energy": 10107518,
        "duration": 257275007.3030303,
        "dram": 850232.3434343435,
        "iteration": 99,
        "stdev": 407645.7878479298
    },
    "com.google.gson.DefaultDateTypeAdapterTest-testFormattingInFr": {
        "energy": 6448043,
        "duration": 183996119.41414142,
        "dram": 566040.505050505,
        "iteration": 99,
        "stdev": 396597.08160394686
    }
}