{
    "com.google.gson.DefaultDateTypeAdapterTest-testParsingDatesFormattedWithUsLocale": {
        "energy": 6199996,
        "duration": 299567841.969697,
        "dram": 356467.48484848486,
        "iteration": 99,
        "stdev": 553952.5885999672
    },
    "com.google.gson.functional.DefaultTypeAdaptersTest-testDateSerializationWithPatternNotOverridenByTypeAdapter": {
        "energy": 2992363,
        "duration": 147172748.85858586,
        "dram": 161781.40404040404,
        "iteration": 99,
        "stdev": 285408.88746195013
    },
    "com.google.gson.functional.DefaultTypeAdaptersTest-testDateSerializationWithPattern": {
        "energy": 1236386,
        "duration": 60145486.78787879,
        "dram": 69009.9494949495,
        "iteration": 99,
        "stdev": 85933.13384223073
    },
    "com.google.gson.DefaultDateTypeAdapterTest-testDateDeserializationISO8601": {
        "energy": 5705735,
        "duration": 274545401.8181818,
        "dram": 355508.28282828286,
        "iteration": 99,
        "stdev": 539941.1975100746
    },
    "com.google.gson.DefaultDateTypeAdapterTest-testFormattingInEnUs": {
        "energy": 1806270,
        "duration": 86536816.14141414,
        "dram": 98693.43434343435,
        "iteration": 99,
        "stdev": 96447.65645879127
    },
    "com.google.gson.DefaultDateTypeAdapterTest-testFormatUsesDefaultTimezone": {
        "energy": 3158927,
        "duration": 152828270.33333334,
        "dram": 170327.94949494948,
        "iteration": 99,
        "stdev": 291433.29443951626
    },
    "com.google.gson.DefaultDateTypeAdapterTest-testDatePattern": {
        "energy": 1510006,
        "duration": 72884291.3030303,
        "dram": 81457.35353535354,
        "iteration": 99,
        "stdev": 115835.23446529488
    },
    "com.google.gson.functional.DefaultTypeAdaptersTest-testSqlDateSerialization": {
        "energy": 1341061,
        "duration": 65322446.02020202,
        "dram": 74271.40404040404,
        "iteration": 99,
        "stdev": 104990.16800980397
    },
    "com.google.gson.functional.DefaultTypeAdaptersTest-testTimestampSerialization": {
        "energy": 1383359,
        "duration": 66315994.222222224,
        "dram": 78103.45454545454,
        "iteration": 99,
        "stdev": 89527.46300877439
    },
    "com.google.gson.DefaultDateTypeAdapterTest-testDateSerialization": {
        "energy": 817747,
        "duration": 39637893.646464646,
        "dram": 45054.61616161616,
        "iteration": 99,
        "stdev": 83353.3108631174
    },
    "com.google.gson.functional.DefaultTypeAdaptersTest-testDateDeserializationWithPattern": {
        "energy": 1784053,
        "duration": 88139840.92929293,
        "dram": 99791.52525252526,
        "iteration": 99,
        "stdev": 161349.25035615196
    },
    "com.google.gson.functional.DefaultTypeAdaptersTest-testDateSerializationInCollection": {
        "energy": 3009697,
        "duration": 150893973.57575756,
        "dram": 166877.34343434343,
        "iteration": 99,
        "stdev": 403398.48473683884
    },
    "com.google.gson.DefaultDateTypeAdapterTest-testParsingDatesFormattedWithSystemLocale": {
        "energy": 18080520,
        "duration": 883637465.5151515,
        "dram": 1015873.1111111111,
        "iteration": 99,
        "stdev": 1412778.7142174665
    },
    "com.google.gson.DefaultDateTypeAdapterTest-testFormattingInFr": {
        "energy": 12596526,
        "duration": 629283156.2727273,
        "dram": 709245.6565656565,
        "iteration": 99,
        "stdev": 1253979.7651763235
    }
}