{
    "com.google.gson.DefaultDateTypeAdapterTest-testParsingDatesFormattedWithUsLocale": {
        "energy": 24163024,
        "duration": 1152326544.6666667,
        "dram": 1645225.888888889,
        "iteration": 9,
        "stdev": 741592.6435623053
    },
    "com.google.gson.functional.DefaultTypeAdaptersTest-testDateSerializationWithPatternNotOverridenByTypeAdapter": {
        "energy": 23119753,
        "duration": 1094047724.8888888,
        "dram": 1488837.7777777778,
        "iteration": 9,
        "stdev": 1083268.5941597722
    },
    "com.google.gson.functional.DefaultTypeAdaptersTest-testDateSerializationWithPattern": {
        "energy": 6090317,
        "duration": 279619684.3333333,
        "dram": 358463.6666666667,
        "iteration": 9,
        "stdev": 910074.5046560138
    },
    "com.google.gson.DefaultDateTypeAdapterTest-testDateDeserializationISO8601": {
        "energy": 19653636,
        "duration": 936954370.5555556,
        "dram": 1353808.6666666667,
        "iteration": 9,
        "stdev": 1511443.8558948105
    },
    "com.google.gson.DefaultDateTypeAdapterTest-testFormattingInEnUs": {
        "energy": 5769821,
        "duration": 294066296.3333333,
        "dram": 420403.22222222225,
        "iteration": 9,
        "stdev": 834883.2353207126
    },
    "com.google.gson.DefaultDateTypeAdapterTest-testFormatUsesDefaultTimezone": {
        "energy": 13327053,
        "duration": 648914946.7777778,
        "dram": 867130.8888888889,
        "iteration": 9,
        "stdev": 680865.9757598098
    },
    "com.google.gson.DefaultDateTypeAdapterTest-testDatePattern": {
        "energy": 7062665,
        "duration": 339087556.6666667,
        "dram": 434511.3333333333,
        "iteration": 9,
        "stdev": 389829.9490586398
    },
    "com.google.gson.functional.DefaultTypeAdaptersTest-testSqlDateSerialization": {
        "energy": 6461653,
        "duration": 309177163.3333333,
        "dram": 439805.3333333333,
        "iteration": 9,
        "stdev": 781503.8626202972
    },
    "com.google.gson.functional.DefaultTypeAdaptersTest-testTimestampSerialization": {
        "energy": 5992050,
        "duration": 311700159.5555556,
        "dram": 415428.8888888889,
        "iteration": 9,
        "stdev": 1288382.3002211766
    },
    "com.google.gson.DefaultDateTypeAdapterTest-testDateSerialization": {
        "energy": 3771048,
        "duration": 193086795.8888889,
        "dram": 242274.0,
        "iteration": 9,
        "stdev": 446795.86099290923
    },
    "com.google.gson.functional.DefaultTypeAdaptersTest-testDateDeserializationWithPattern": {
        "energy": 8731484,
        "duration": 426949155.8888889,
        "dram": 556552.7777777778,
        "iteration": 9,
        "stdev": 831344.922115965
    },
    "com.google.gson.functional.DefaultTypeAdaptersTest-testDateSerializationInCollection": {
        "energy": 21939580,
        "duration": 1064436527.2222222,
        "dram": 1348101.6666666667,
        "iteration": 9,
        "stdev": 625381.7597693607
    },
    "com.google.gson.DefaultDateTypeAdapterTest-testParsingDatesFormattedWithSystemLocale": {
        "energy": 49874873,
        "duration": 2388254233.888889,
        "dram": 3083774.6666666665,
        "iteration": 9,
        "stdev": 1287543.4070168922
    },
    "com.google.gson.DefaultDateTypeAdapterTest-testFormattingInFr": {
        "energy": 31681254,
        "duration": 1535758476.8888888,
        "dram": 1809486.7777777778,
        "iteration": 9,
        "stdev": 1621145.5944326667
    }
}