{
    "com.google.gson.DefaultDateTypeAdapterTest-testParsingDatesFormattedWithUsLocale": {
        "energy": 6288070,
        "duration": 302523603.5959596,
        "dram": 356834.77777777775,
        "iteration": 99,
        "stdev": 510540.88132478856
    },
    "com.google.gson.functional.DefaultTypeAdaptersTest-testDateSerializationWithPatternNotOverridenByTypeAdapter": {
        "energy": 2989311,
        "duration": 146605915.58585858,
        "dram": 161292.35353535353,
        "iteration": 99,
        "stdev": 283625.02451856574
    },
    "com.google.gson.functional.DefaultTypeAdaptersTest-testDateSerializationWithPattern": {
        "energy": 1234433,
        "duration": 58923267.333333336,
        "dram": 67567.93939393939,
        "iteration": 99,
        "stdev": 103055.33398191015
    },
    "com.google.gson.DefaultDateTypeAdapterTest-testDateDeserializationISO8601": {
        "energy": 5681321,
        "duration": 274675037.45454544,
        "dram": 350160.2626262626,
        "iteration": 99,
        "stdev": 508297.63088677457
    },
    "com.google.gson.DefaultDateTypeAdapterTest-testFormattingInEnUs": {
        "energy": 1826778,
        "duration": 87545018.27272727,
        "dram": 98618.90909090909,
        "iteration": 99,
        "stdev": 104575.84557766993
    },
    "com.google.gson.DefaultDateTypeAdapterTest-testFormatUsesDefaultTimezone": {
        "energy": 3120048,
        "duration": 153224756.0909091,
        "dram": 170976.74747474748,
        "iteration": 99,
        "stdev": 348950.54399268125
    },
    "com.google.gson.DefaultDateTypeAdapterTest-testDatePattern": {
        "energy": 1489071,
        "duration": 72204340.05050506,
        "dram": 80610.81818181818,
        "iteration": 99,
        "stdev": 109548.77204016487
    },
    "com.google.gson.functional.DefaultTypeAdaptersTest-testSqlDateSerialization": {
        "energy": 1319576,
        "duration": 64087981.959595956,
        "dram": 72322.77777777778,
        "iteration": 99,
        "stdev": 119605.51067707047
    },
    "com.google.gson.functional.DefaultTypeAdaptersTest-testTimestampSerialization": {
        "energy": 1364377,
        "duration": 65258034.535353534,
        "dram": 75274.9191919192,
        "iteration": 99,
        "stdev": 119464.17419990643
    },
    "com.google.gson.DefaultDateTypeAdapterTest-testDateSerialization": {
        "energy": 837706,
        "duration": 40195427.696969695,
        "dram": 44813.121212121216,
        "iteration": 99,
        "stdev": 87142.10389611489
    },
    "com.google.gson.functional.DefaultTypeAdaptersTest-testDateDeserializationWithPattern": {
        "energy": 1740840,
        "duration": 87350724.3030303,
        "dram": 99064.41414141415,
        "iteration": 99,
        "stdev": 176321.15152365615
    },
    "com.google.gson.functional.DefaultTypeAdaptersTest-testDateSerializationInCollection": {
        "energy": 2972587,
        "duration": 149330892.91919193,
        "dram": 165121.9393939394,
        "iteration": 99,
        "stdev": 380379.0427799716
    },
    "com.google.gson.DefaultDateTypeAdapterTest-testParsingDatesFormattedWithSystemLocale": {
        "energy": 17983474,
        "duration": 884368874.5050505,
        "dram": 1010728.3737373737,
        "iteration": 99,
        "stdev": 1587657.7660489373
    },
    "com.google.gson.DefaultDateTypeAdapterTest-testFormattingInFr": {
        "energy": 12733305,
        "duration": 628022712.7676767,
        "dram": 704715.8282828283,
        "iteration": 99,
        "stdev": 1160280.6609570212
    }
}