{
    "com.google.gson.DefaultDateTypeAdapterTest-testParsingDatesFormattedWithUsLocale": {
        "energy": 6113204,
        "duration": 293487301.0,
        "dram": 349977.22222222225,
        "iteration": 9,
        "stdev": 398423.8249313331
    },
    "com.google.gson.functional.DefaultTypeAdaptersTest-testDateSerializationWithPatternNotOverridenByTypeAdapter": {
        "energy": 2931450,
        "duration": 140585023.2222222,
        "dram": 156403.44444444444,
        "iteration": 9,
        "stdev": 87914.11949857586
    },
    "com.google.gson.functional.DefaultTypeAdaptersTest-testDateSerializationWithPattern": {
        "energy": 1231137,
        "duration": 60548856.222222224,
        "dram": 71525.66666666667,
        "iteration": 9,
        "stdev": 85164.62346117636
    },
    "com.google.gson.DefaultDateTypeAdapterTest-testDateDeserializationISO8601": {
        "energy": 5843064,
        "duration": 277918695.6666667,
        "dram": 363672.22222222225,
        "iteration": 9,
        "stdev": 311710.50954375067
    },
    "com.google.gson.DefaultDateTypeAdapterTest-testFormattingInEnUs": {
        "energy": 1839595,
        "duration": 86721862.66666667,
        "dram": 99579.22222222222,
        "iteration": 9,
        "stdev": 73176.79151223216
    },
    "com.google.gson.DefaultDateTypeAdapterTest-testFormatUsesDefaultTimezone": {
        "energy": 3040093,
        "duration": 147441129.44444445,
        "dram": 164996.88888888888,
        "iteration": 9,
        "stdev": 197909.25632393084
    },
    "com.google.gson.DefaultDateTypeAdapterTest-testDatePattern": {
        "energy": 1529354,
        "duration": 74569615.77777778,
        "dram": 83735.22222222222,
        "iteration": 9,
        "stdev": 68327.2644231829
    },
    "com.google.gson.functional.DefaultTypeAdaptersTest-testSqlDateSerialization": {
        "energy": 1341305,
        "duration": 64714990.44444445,
        "dram": 75230.11111111111,
        "iteration": 9,
        "stdev": 63072.19137319777
    },
    "com.google.gson.functional.DefaultTypeAdaptersTest-testTimestampSerialization": {
        "energy": 1374752,
        "duration": 65295503.777777776,
        "dram": 78827.22222222222,
        "iteration": 9,
        "stdev": 48940.059755673465
    },
    "com.google.gson.DefaultDateTypeAdapterTest-testDateSerialization": {
        "energy": 816771,
        "duration": 37746332.333333336,
        "dram": 43884.0,
        "iteration": 9,
        "stdev": 100321.24102964632
    },
    "com.google.gson.functional.DefaultTypeAdaptersTest-testDateDeserializationWithPattern": {
        "energy": 1696285,
        "duration": 83766653.55555555,
        "dram": 96153.55555555556,
        "iteration": 9,
        "stdev": 52367.329307875785
    },
    "com.google.gson.functional.DefaultTypeAdaptersTest-testDateSerializationInCollection": {
        "energy": 2969414,
        "duration": 141698665.44444445,
        "dram": 158856.66666666666,
        "iteration": 9,
        "stdev": 69094.35427133566
    },
    "com.google.gson.DefaultDateTypeAdapterTest-testParsingDatesFormattedWithSystemLocale": {
        "energy": 17927078,
        "duration": 858190005.6666666,
        "dram": 991625.4444444445,
        "iteration": 9,
        "stdev": 332266.72674524604
    },
    "com.google.gson.DefaultDateTypeAdapterTest-testFormattingInFr": {
        "energy": 12579741,
        "duration": 631714894.7777778,
        "dram": 724329.2222222222,
        "iteration": 9,
        "stdev": 1347688.4059593063
    }
}