{
    "com.google.gson.functional.ReadersWritersTest-testReadWriteTwoObjects": {
        "energy": 45411.32978723404,
        "duration": 1581217.2872340425,
        "dram": 4012.7872340425533,
        "iteration": 94,
        "stdev": 21335.472856947374
    },
    "com.google.gson.JsonParserTest-testReadWriteTwoObjects": {
        "energy": 238564.4255319149,
        "duration": 7411949.893617021,
        "dram": 22123.489361702126,
        "iteration": 94,
        "stdev": 628893.186476532
    },
    "com.google.gson.functional.ParameterizedTypesTest-testVariableTypeArrayDeserialization": {
        "energy": 46006.79797979798,
        "duration": 1684057.6464646466,
        "dram": 4206.838383838384,
        "iteration": 99,
        "stdev": 18895.557737780968
    },
    "com.google.gson.functional.ArrayTest-testArrayOfPrimitivesWithCustomTypeAdapter": {
        "energy": 38781.95238095238,
        "duration": 967809.0238095238,
        "dram": 2834.190476190476,
        "iteration": 42,
        "stdev": 4131.664272953345
    },
    "com.google.gson.functional.ParameterizedTypesTest-testVariableTypeDeserialization": {
        "energy": 41177.71717171717,
        "duration": 1566716.3434343433,
        "dram": 4042.626262626263,
        "iteration": 99,
        "stdev": 13963.37451981484
    },
    "com.google.gson.functional.ParameterizedTypesTest-testParameterizedTypeGenericArraysDeserialization": {
        "energy": 52439.57575757576,
        "duration": 1766730.6262626264,
        "dram": 4785.363636363636,
        "iteration": 99,
        "stdev": 18797.951356835605
    },
    "com.google.gson.functional.EscapingTest-testGsonAcceptsEscapedAndNonEscapedJsonDeserialization": {
        "energy": 58547.31313131313,
        "duration": 1861856.616161616,
        "dram": 4865.242424242424,
        "iteration": 99,
        "stdev": 21570.543990202517
    },
    "com.google.gson.functional.EscapingTest-testEscapingObjectFields": {
        "energy": 83883.10714285714,
        "duration": 2742652.119047619,
        "dram": 7364.821428571428,
        "iteration": 84,
        "stdev": 97118.18084990913
    },
    "com.google.gson.functional.CollectionTest-testWildcardCollectionField": {
        "energy": 73227.19191919192,
        "duration": 2377350.8282828284,
        "dram": 6657.79797979798,
        "iteration": 99,
        "stdev": 23900.33508309829
    },
    "com.google.gson.functional.ParameterizedTypesTest-testVariableTypeFieldsAndGenericArraysDeserialization": {
        "energy": 90151.17171717172,
        "duration": 2952724.0505050505,
        "dram": 7923.969696969697,
        "iteration": 99,
        "stdev": 51770.525061976485
    },
    "com.google.gson.functional.ParameterizedTypesTest-testParameterizedTypeWithVariableTypeDeserialization": {
        "energy": 43232.454545454544,
        "duration": 1610435.9191919193,
        "dram": 4004.060606060606,
        "iteration": 99,
        "stdev": 16007.083233427424
    },
    "com.google.gson.MixedStreamTest-testWriteMixedStreamed": {
        "energy": 427041.5833333333,
        "duration": 12529283.069444444,
        "dram": 39205.84722222222,
        "iteration": 72,
        "stdev": 836087.8275986844
    },
    "com.google.gson.stream.JsonWriterTest-testPrettyPrintArray": {
        "energy": 38384.52631578947,
        "duration": 765050.1052631579,
        "dram": 2978.684210526316,
        "iteration": 19,
        "stdev": 4064.5652110121987
    },
    "com.google.gson.stream.JsonWriterTest-testPrettyPrintObject": {
        "energy": 44693.307692307695,
        "duration": 1089553.0256410257,
        "dram": 3220.0,
        "iteration": 39,
        "stdev": 18397.045187989166
    },
    "com.google.gson.GsonTypeAdapterTest-testTypeAdapterProperlyConvertsTypes": {
        "energy": 42617.24324324324,
        "duration": 846108.9459459459,
        "dram": 2260.2432432432433,
        "iteration": 37,
        "stdev": 10227.988099448217
    },
    "com.google.gson.functional.PrimitiveTest-testOverridingDefaultPrimitiveSerialization": {
        "energy": 47259.86538461538,
        "duration": 1241555.8076923077,
        "dram": 3688.7884615384614,
        "iteration": 52,
        "stdev": 20550.13366607179
    }
}