{
    "com.google.gson.functional.ReadersWritersTest-testReadWriteTwoObjects": {
        "energy": 39612,
        "duration": 1530046.182795699,
        "dram": 3992.3548387096776,
        "iteration": 93,
        "stdev": 15439.076871789435
    },
    "com.google.gson.JsonParserTest-testReadWriteTwoObjects": {
        "energy": 44067,
        "duration": 6093202.62886598,
        "dram": 18176.22680412371,
        "iteration": 97,
        "stdev": 554641.2850130388
    },
    "com.google.gson.functional.ParameterizedTypesTest-testVariableTypeArrayDeserialization": {
        "energy": 35217,
        "duration": 1686264.1818181819,
        "dram": 3993.090909090909,
        "iteration": 99,
        "stdev": 15719.468391305556
    },
    "com.google.gson.functional.ArrayTest-testArrayOfPrimitivesWithCustomTypeAdapter": {
        "energy": 38452,
        "duration": 1079831.5961538462,
        "dram": 2931.9615384615386,
        "iteration": 52,
        "stdev": 8770.441564943172
    },
    "com.google.gson.GsonTypeAdapterTest-testTypeAdapterProperlyConvertsTypes": {
        "energy": 38818,
        "duration": 780898.282051282,
        "dram": 2412.3333333333335,
        "iteration": 39,
        "stdev": 7007.993956186095
    },
    "com.google.gson.functional.ParameterizedTypesTest-testVariableTypeDeserialization": {
        "energy": 37598,
        "duration": 1650200.505050505,
        "dram": 4130.222222222223,
        "iteration": 99,
        "stdev": 22070.46365346664
    },
    "com.google.gson.functional.ParameterizedTypesTest-testParameterizedTypeGenericArraysDeserialization": {
        "energy": 37293,
        "duration": 1744640.8484848484,
        "dram": 4279.656565656565,
        "iteration": 99,
        "stdev": 17714.737472990266
    },
    "com.google.gson.functional.EscapingTest-testGsonAcceptsEscapedAndNonEscapedJsonDeserialization": {
        "energy": 44434,
        "duration": 1928733.9090909092,
        "dram": 5173.252525252526,
        "iteration": 99,
        "stdev": 22195.176555848142
    },
    "com.google.gson.functional.EscapingTest-testEscapingObjectFields": {
        "energy": 42542,
        "duration": 2559719.811111111,
        "dram": 7340.388888888889,
        "iteration": 90,
        "stdev": 83128.30493419254
    },
    "com.google.gson.functional.CollectionTest-testWildcardCollectionField": {
        "energy": 75196,
        "duration": 2323203.383838384,
        "dram": 6365.434343434344,
        "iteration": 99,
        "stdev": 24222.550386080395
    },
    "com.google.gson.stream.JsonWriterTest-testPrettyPrintObject": {
        "energy": 41565,
        "duration": 1022768.3142857143,
        "dram": 2835.3714285714286,
        "iteration": 35,
        "stdev": 10317.011262522707
    },
    "com.google.gson.functional.ParameterizedTypesTest-testVariableTypeFieldsAndGenericArraysDeserialization": {
        "energy": 79345,
        "duration": 2963362.8585858587,
        "dram": 8127.252525252526,
        "iteration": 99,
        "stdev": 45637.15414454789
    },
    "com.google.gson.functional.ParameterizedTypesTest-testParameterizedTypeWithVariableTypeDeserialization": {
        "energy": 36560,
        "duration": 1643635.8484848484,
        "dram": 4319.050505050505,
        "iteration": 99,
        "stdev": 20558.477121061034
    },
    "com.google.gson.MixedStreamTest-testWriteMixedStreamed": {
        "energy": 40466,
        "duration": 9595617.219178082,
        "dram": 29874.602739726026,
        "iteration": 73,
        "stdev": 742793.7867463809
    },
    "com.google.gson.functional.PrimitiveTest-testOverridingDefaultPrimitiveSerialization": {
        "energy": 39490,
        "duration": 1336889.7959183673,
        "dram": 3810.816326530612,
        "iteration": 49,
        "stdev": 21110.55549163375
    },
    "com.google.gson.stream.JsonWriterTest-testPrettyPrintArray": {
        "energy": 40893,
        "duration": 591342.7857142857,
        "dram": 2406.3571428571427,
        "iteration": 28,
        "stdev": 4137.763059644076
    }
}