{
    "com.google.gson.functional.StreamingTypeAdaptersTest-testNullSafe": {
        "energy": 37170,
        "duration": 1417135.0689655172,
        "dram": 3644.5632183908046,
        "iteration": 87,
        "stdev": 10404.546207937348
    },
    "com.google.gson.functional.CustomDeserializerTest-testDefaultConstructorNotCalledOnObject": {
        "energy": 42358,
        "duration": 2122099.393939394,
        "dram": 5817.878787878788,
        "iteration": 99,
        "stdev": 65671.17841233774
    },
    "com.google.gson.functional.ReadersWritersTest-testReadWriteTwoObjects": {
        "energy": 40344,
        "duration": 1456850.4,
        "dram": 4470.738461538462,
        "iteration": 65,
        "stdev": 26520.20195985467
    },
    "com.google.gson.functional.EnumTest-testEnumSubclassAsParameterizedType": {
        "energy": 35400,
        "duration": 1077103.9428571428,
        "dram": 3210.885714285714,
        "iteration": 70,
        "stdev": 6369.388565791917
    },
    "com.google.gson.functional.DelegateTypeAdapterTest-testDelegateInvokedOnStrings": {
        "energy": 36011,
        "duration": 676538.875,
        "dram": 2847.25,
        "iteration": 32,
        "stdev": 5573.492429291979
    },
    "com.google.gson.functional.TypeAdapterPrecedenceTest-testSerializeNonstreamingTypeAdapterFollowedByStreamingTypeAdapter": {
        "energy": 38024,
        "duration": 564172.3333333334,
        "dram": 2539.740740740741,
        "iteration": 27,
        "stdev": 4499.60869659758
    },
    "com.google.gson.JsonParserTest-testReadWriteTwoObjects": {
        "energy": 43457,
        "duration": 5616735.131578947,
        "dram": 17985.763157894737,
        "iteration": 76,
        "stdev": 458380.0727344844
    },
    "com.google.gson.functional.ObjectTest-testSingletonLists": {
        "energy": 38574,
        "duration": 1279355.3604651163,
        "dram": 3391.406976744186,
        "iteration": 86,
        "stdev": 12024.256934704987
    },
    "com.google.gson.functional.EnumTest-testEnumCaseMapping": {
        "energy": 124756,
        "duration": 3108990.1818181816,
        "dram": 9740.376623376624,
        "iteration": 77,
        "stdev": 59047.49185203544
    },
    "com.google.gson.functional.EnumTest-testEnumSubclass": {
        "energy": 78064,
        "duration": 2644123.2708333335,
        "dram": 7327.770833333333,
        "iteration": 96,
        "stdev": 29067.97900091238
    },
    "com.google.gson.functional.EnumTest-testEnumSubclassWithRegisteredTypeAdapter": {
        "energy": 37720,
        "duration": 1537022.9767441861,
        "dram": 4421.3488372093025,
        "iteration": 86,
        "stdev": 23804.7973373586
    },
    "com.google.gson.functional.MapAsArrayTypeAdapterTest-testMultipleEnableComplexKeyRegistrationHasNoEffect": {
        "energy": 36255,
        "duration": 1143335.4736842106,
        "dram": 3229.7368421052633,
        "iteration": 76,
        "stdev": 6320.04129892227
    },
    "com.google.gson.functional.CollectionTest-testFieldIsArrayList": {
        "energy": 37658,
        "duration": 1003418.5797101449,
        "dram": 3237.5652173913045,
        "iteration": 69,
        "stdev": 5625.149420013615
    },
    "com.google.gson.functional.TypeVariableTest-testAdvancedTypeVariables": {
        "energy": 71472,
        "duration": 5791283.686868687,
        "dram": 18615.424242424244,
        "iteration": 99,
        "stdev": 454943.60026792187
    },
    "com.google.gson.functional.EscapingTest-testGsonDoubleDeserialization": {
        "energy": 35645,
        "duration": 741712.6511627907,
        "dram": 2814.3255813953488,
        "iteration": 43,
        "stdev": 4153.777336103033
    },
    "com.google.gson.functional.ParameterizedTypesTest-testVariableTypeDeserialization": {
        "energy": 36926,
        "duration": 1400175.8804347827,
        "dram": 3761.717391304348,
        "iteration": 92,
        "stdev": 19257.086033543812
    },
    "com.google.gson.functional.MapAsArrayTypeAdapterTest-testSerializeComplexMapWithTypeAdapter": {
        "energy": 91552,
        "duration": 4635825.767676768,
        "dram": 14463.060606060606,
        "iteration": 99,
        "stdev": 313479.5888573006
    },
    "com.google.gson.functional.EscapingTest-testGsonAcceptsEscapedAndNonEscapedJsonDeserialization": {
        "energy": 36621,
        "duration": 1009944.8181818182,
        "dram": 3220.9545454545455,
        "iteration": 66,
        "stdev": 4643.650417451226
    },
    "com.google.gson.functional.DefaultTypeAdaptersTest-testTimestampSerialization": {
        "energy": 34790,
        "duration": 813348.9423076923,
        "dram": 2716.903846153846,
        "iteration": 52,
        "stdev": 3577.9507259825655
    },
    "com.google.gson.functional.DefaultTypeAdaptersTest-testDefaultDateDeserializationUsingBuilder": {
        "energy": 107178,
        "duration": 3678325.01010101,
        "dram": 11091.353535353535,
        "iteration": 99,
        "stdev": 29414.952243035437
    },
    "com.google.gson.functional.TypeAdapterPrecedenceTest-testNonstreamingHierarchicalFollowedByNonstreaming": {
        "energy": 35035,
        "duration": 530118.380952381,
        "dram": 2588.5714285714284,
        "iteration": 21,
        "stdev": 5192.876141970877
    },
    "com.google.gson.functional.TypeVariableTest-testTypeVariablesViaTypeParameter": {
        "energy": 37170,
        "duration": 1386795.8210526316,
        "dram": 3870.357894736842,
        "iteration": 95,
        "stdev": 13253.423674016902
    },
    "com.google.gson.functional.DefaultTypeAdaptersTest-testOverrideBigDecimalTypeAdapter": {
        "energy": 34485,
        "duration": 582456.4090909091,
        "dram": 2658.0,
        "iteration": 22,
        "stdev": 3957.607732828274
    },
    "com.google.gson.functional.TypeHierarchyAdapterTest-testTypeHierarchy": {
        "energy": 126587,
        "duration": 5399095.343434343,
        "dram": 16477.696969696968,
        "iteration": 99,
        "stdev": 284998.9746402601
    },
    "com.google.gson.OverrideCoreTypeAdaptersTest-testOverrideWrapperBooleanAdapter": {
        "energy": 39062,
        "duration": 7067657.7894736845,
        "dram": 22190.28947368421,
        "iteration": 38,
        "stdev": 507144.7548505856
    },
    "com.google.gson.DefaultInetAddressTypeAdapterTest-testInetAddressSerializationAndDeserialization": {
        "energy": 176758,
        "duration": 5761512.424242424,
        "dram": 18248.555555555555,
        "iteration": 99,
        "stdev": 70548.29463403516
    },
    "com.google.gson.functional.ReadersWritersTest-testReadWriteTwoStrings": {
        "energy": 40893,
        "duration": 1438891.5952380951,
        "dram": 4123.321428571428,
        "iteration": 84,
        "stdev": 14808.767215802065
    },
    "com.google.gson.functional.TypeAdapterPrecedenceTest-testNonstreamingFollowedByNonstreaming": {
        "energy": 40039,
        "duration": 2787045.6195652173,
        "dram": 8047.717391304348,
        "iteration": 92,
        "stdev": 258299.39838670148
    },
    "com.google.gson.functional.ParameterizedTypesTest-testVariableTypeFieldsAndGenericArraysDeserialization": {
        "energy": 37902,
        "duration": 1608750.081632653,
        "dram": 4075.7755102040815,
        "iteration": 98,
        "stdev": 16538.1192313557
    },
    "com.google.gson.functional.DefaultTypeAdaptersTest-testDateSerializationInCollection": {
        "energy": 36011,
        "duration": 1370615.559139785,
        "dram": 3761.559139784946,
        "iteration": 93,
        "stdev": 11779.307517157658
    },
    "com.google.gson.functional.TypeAdapterPrecedenceTest-testStreamingFollowedByStreaming": {
        "energy": 37537,
        "duration": 839397.6444444444,
        "dram": 3052.088888888889,
        "iteration": 45,
        "stdev": 4420.883401692248
    },