{
    "com.google.gson.functional.StreamingTypeAdaptersTest-testNullSafe": {
        "energy": 37964,
        "duration": 1411916.8510638298,
        "dram": 3644.478723404255,
        "iteration": 94,
        "stdev": 12703.983137783
    },
    "com.google.gson.functional.CustomDeserializerTest-testDefaultConstructorNotCalledOnField": {
        "energy": 35461,
        "duration": 812355.306122449,
        "dram": 3202.4285714285716,
        "iteration": 49,
        "stdev": 5105.51405435995
    },
    "com.google.gson.functional.CustomDeserializerTest-testDefaultConstructorNotCalledOnObject": {
        "energy": 42175,
        "duration": 2148000.242424242,
        "dram": 6184.0,
        "iteration": 99,
        "stdev": 54923.73975244072
    },
    "com.google.gson.functional.DelegateTypeAdapterTest-testDelegateInvokedOnStrings": {
        "energy": 39673,
        "duration": 678621.4,
        "dram": 2400.633333333333,
        "iteration": 30,
        "stdev": 4901.244830652719
    },
    "com.google.gson.JsonParserTest-testReadWriteTwoObjects": {
        "energy": 42969,
        "duration": 5279380.9375,
        "dram": 17528.2625,
        "iteration": 80,
        "stdev": 457215.525483919
    },
    "com.google.gson.functional.StringTest-testSingleQuoteInStringSerialization": {
        "energy": 37964,
        "duration": 595839.04,
        "dram": 2580.76,
        "iteration": 25,
        "stdev": 4688.212870593656
    },
    "com.google.gson.functional.ParameterizedTypesTest-testVariableTypeArrayDeserialization": {
        "energy": 36194,
        "duration": 1344031.6451612904,
        "dram": 3446.935483870968,
        "iteration": 93,
        "stdev": 11444.58907072697
    },
    "com.google.gson.functional.ObjectTest-testSingletonLists": {
        "energy": 37414,
        "duration": 1266335.731707317,
        "dram": 3335.0975609756097,
        "iteration": 82,
        "stdev": 8519.334013763786
    },
    "com.google.gson.functional.EnumTest-testEnumCaseMapping": {
        "energy": 119262,
        "duration": 3124663.4109589043,
        "dram": 9674.835616438357,
        "iteration": 73,
        "stdev": 52512.057916572994
    },
    "com.google.gson.functional.TypeHierarchyAdapterTest-testRegisterSuperTypeFirst": {
        "energy": 36072,
        "duration": 806139.2888888889,
        "dram": 3256.2444444444445,
        "iteration": 45,
        "stdev": 4395.807588550204
    },
    "com.google.gson.functional.EnumTest-testEnumSubclass": {
        "energy": 78796,
        "duration": 2644404.1666666665,
        "dram": 7440.708333333333,
        "iteration": 96,
        "stdev": 28478.87141860337
    },
    "com.google.gson.functional.TypeVariableTest-testBasicTypeVariables": {
        "energy": 35400,
        "duration": 990766.1475409836,
        "dram": 3330.590163934426,
        "iteration": 61,
        "stdev": 7406.828936523422
    },
    "com.google.gson.functional.EnumTest-testEnumSubclassWithRegisteredTypeAdapter": {
        "energy": 39062,
        "duration": 1653317.5180722892,
        "dram": 4599.44578313253,
        "iteration": 83,
        "stdev": 38390.66954303545
    },
    "com.google.gson.functional.MapAsArrayTypeAdapterTest-testMultipleEnableComplexKeyRegistrationHasNoEffect": {
        "energy": 36011,
        "duration": 1117639.3684210526,
        "dram": 3282.8947368421054,
        "iteration": 76,
        "stdev": 7204.7384688914735
    },
    "com.google.gson.functional.CollectionTest-testFieldIsArrayList": {
        "energy": 37659,
        "duration": 1039091.4923076923,
        "dram": 3041.5846153846155,
        "iteration": 65,
        "stdev": 4755.12124174228
    },
    "com.google.gson.functional.TypeVariableTest-testAdvancedTypeVariables": {
        "energy": 72875,
        "duration": 5784713.707070707,
        "dram": 17226.282828282827,
        "iteration": 99,
        "stdev": 412628.98674826085
    },
    "com.google.gson.functional.UncategorizedTest-testGsonInstanceReusableForSerializationAndDeserialization": {
        "energy": 38147,
        "duration": 996224.7692307692,
        "dram": 3474.5641025641025,
        "iteration": 39,
        "stdev": 9143.963807367876
    },
    "com.google.gson.functional.PrimitiveTest-testQuotedStringSerializationAndDeserialization": {
        "energy": 37963,
        "duration": 574902.7368421053,
        "dram": 2786.8947368421054,
        "iteration": 19,
        "stdev": 5164.918007839121
    },
    "com.google.gson.functional.EscapingTest-testGsonDoubleDeserialization": {
        "energy": 36560,
        "duration": 804955.175,
        "dram": 2787.7,
        "iteration": 40,
        "stdev": 5041.388472187003
    },
    "com.google.gson.functional.ParameterizedTypesTest-testVariableTypeDeserialization": {
        "energy": 36133,
        "duration": 1356634.2795698924,
        "dram": 3701.6236559139784,
        "iteration": 93,
        "stdev": 11519.155225955896
    },
    "com.google.gson.functional.MapAsArrayTypeAdapterTest-testSerializeComplexMapWithTypeAdapter": {
        "energy": 109375,
        "duration": 4386645.94949495,
        "dram": 13492.10101010101,
        "iteration": 99,
        "stdev": 265937.7926821873
    },
    "com.google.gson.functional.ParameterizedTypesTest-testParameterizedTypeGenericArraysDeserialization": {
        "energy": 35827,
        "duration": 1369701.305263158,
        "dram": 3511.315789473684,
        "iteration": 95,
        "stdev": 9697.916946646035
    },
    "com.google.gson.functional.DefaultTypeAdaptersTest-testTimestampSerialization": {
        "energy": 36194,
        "duration": 827038.5,
        "dram": 2968.1041666666665,
        "iteration": 48,
        "stdev": 3649.524219787557
    },
    "com.google.gson.functional.DefaultTypeAdaptersTest-testDefaultDateDeserializationUsingBuilder": {
        "energy": 112731,
        "duration": 3665348.02020202,
        "dram": 11073.0,
        "iteration": 99,
        "stdev": 23378.93809936223
    },
    "com.google.gson.functional.NamingPolicyTest-testComplexFieldNameStrategy": {
        "energy": 36011,
        "duration": 1122112.9848484849,
        "dram": 3184.7272727272725,
        "iteration": 66,
        "stdev": 5130.386464646688
    },
    "com.google.gson.functional.EscapingTest-testEscapingObjectFields": {
        "energy": 39490,
        "duration": 1719490.5833333333,
        "dram": 5730.9,
        "iteration": 60,
        "stdev": 53558.64863180881
    },
    "com.google.gson.functional.TypeAdapterPrecedenceTest-testNonstreamingHierarchicalFollowedByNonstreaming": {
        "energy": 36072,
        "duration": 522883.5,
        "dram": 1653.9,
        "iteration": 20,
        "stdev": 4890.787462157807
    },
    "com.google.gson.functional.TypeVariableTest-testTypeVariablesViaTypeParameter": {
        "energy": 37170,
        "duration": 1463717.6631578947,
        "dram": 3979.305263157895,
        "iteration": 95,
        "stdev": 14331.879344537172
    },
    "com.google.gson.functional.TypeAdapterPrecedenceTest-testStreamingHierarchicalFollowedByNonstreamingHierarchical": {
        "energy": 37231,
        "duration": 512926.6538461539,
        "dram": 2567.5384615384614,
        "iteration": 26,
        "stdev": 5106.936552057951
    },
    "com.google.gson.functional.TypeHierarchyAdapterTest-testTypeHierarchy": {
        "energy": 119018,
        "duration": 6141066.474747474,
        "dram": 18908.141414141413,
        "iteration": 99,
        "stdev": 362887.8560311045
    },
    "com.google.gson.DefaultInetAddressTypeAdapterTest-testInetAddressSerializationAndDeserialization": {
        "energy": 182373,
        "duration": 5998903.6161616165,
        "dram": 18511.11111111111,
        "iteration": 99,
        "stdev": 80555.2581241854
    },
    "com.google.gson.functional.ReadersWritersTest-testReadWriteTwoStrings": {
        "energy": 38940,
        "duration": 1306094.4320987654,
        "dram": 3725.098765432099,