{
    "org.apache.commons.io.input.CharSequenceInputStreamTest-testSingleByteRead_RequiredCharsets": {
        "energy": 37453.3661183581,
        "duration": 1056515.9092579158,
        "dram": 3325.1448976729407
    },
    "org.apache.commons.io.input.CharSequenceInputStreamTest-testIO_356_B10_D13_S0_UTF8": {
        "energy": 85356.89050179182,
        "duration": 2281790.611109771,
        "dram": 9545.54419384204
    },
    "org.apache.commons.io.input.CharSequenceInputStreamTest-testIO_356_Loop_UTF8": {
        "energy": 119226.82945810085,
        "duration": 3447892.902831671,
        "dram": 11424.155868688524
    },
    "org.apache.commons.io.input.CharSequenceInputStreamTest-testIO_356_Loop_UTF16": {
        "energy": 59907.22105422719,
        "duration": 1682112.9911240372,
        "dram": 5947.456594969094
    },
    "org.apache.commons.io.input.CharSequenceInputStreamTest-testIO_356_B10_D10_S0_UTF8": {
        "energy": 475027.6348904122,
        "duration": 11330593.266452484,
        "dram": 39157.91018180252
    },
    "org.apache.commons.io.input.CharSequenceInputStreamTest-testMarkSupported": {
        "energy": 33875.77742731571,
        "duration": 548727.1957432032,
        "dram": 2794.2383239269257
    },
    "org.apache.commons.io.input.CharSequenceInputStreamTest-testMarkReset_USASCII": {
        "energy": 35870.772092960775,
        "duration": 480121.78389885277,
        "dram": 2937.130466617644
    },
    "org.apache.commons.io.input.CharSequenceInputStreamTest-testBufferedRead_AvailableCharset": {
        "energy": 470198.8817528384,
        "duration": 13814668.294571407,
        "dram": 45194.81369708508
    },
    "org.apache.commons.io.input.CharSequenceInputStreamTest-testAvailable": {
        "energy": 3987019.65800767,
        "duration": 120782445.04443437,
        "dram": 338447.4234178625
    },
    "org.apache.commons.io.input.CharSequenceInputStreamTest-testLargeBufferedRead_UTF8": {
        "energy": 161054.53808830792,
        "duration": 5842474.269961301,
        "dram": 17422.655034517644
    },
    "org.apache.commons.io.input.CharSequenceInputStreamTest-testLargeSingleByteRead_RequiredCharsets": {
        "energy": 1368281.1205682638,
        "duration": 39459861.23484284,
        "dram": 130129.75052109957
    },
    "org.apache.commons.io.input.CharSequenceInputStreamTest-testLargeBufferedRead_RequiredCharsets": {
        "energy": 1190344.9557608252,
        "duration": 40228354.82578151,
        "dram": 99741.47994050758
    },
    "org.apache.commons.io.input.CharSequenceInputStreamTest-testIO_356_B10_D10_S1_UTF8": {
        "energy": 38436.85673928384,
        "duration": 1302677.4197940687,
        "dram": 4040.277715172735
    },
    "org.apache.commons.io.input.CharSequenceInputStreamTest-testIO_356_B10_D20_S0_UTF8": {
        "energy": 36072.294205628335,
        "duration": 533617.8109500483,
        "dram": 3266.134887777269
    },
    "org.apache.commons.io.input.CharSequenceInputStreamTest-testLargeSingleByteRead_UTF8": {
        "energy": 125825.72929171531,
        "duration": 4231053.273000262,
        "dram": 12722.770807901015
    },
    "org.apache.commons.io.input.CharSequenceInputStreamTest-testBufferedRead_RequiredCharset": {
        "energy": 35312.20594504184,
        "duration": 1468925.493040142,
        "dram": 3188.154735726695
    },
    "org.apache.commons.io.input.CharSequenceInputStreamTest-testBufferedRead_UTF8": {
        "energy": 37680.69069075836,
        "duration": 687257.1723684627,
        "dram": 3171.0368423640903
    },
    "org.apache.commons.io.input.CharSequenceInputStreamTest-testSingleByteRead_UTF16": {
        "energy": 37920.69018892209,
        "duration": 591806.2667022889,
        "dram": 2981.2661120018165
    },
    "org.apache.commons.io.input.CharSequenceInputStreamTest-testCharsetMismatchInfiniteLoop_RequiredCharsets": {
        "energy": 41253.75500509032,
        "duration": 768273.0004964999,
        "dram": 3337.7645558958134
    },
    "org.apache.commons.io.input.CharSequenceInputStreamTest-testReadZero_EmptyString": {
        "energy": 37937.37093711668,
        "duration": 488754.6042617522,
        "dram": 2342.104521785397
    },
    "org.apache.commons.io.input.CharSequenceInputStreamTest-testIO_356_B10_D13_S1_UTF8": {
        "energy": 33362.61901652318,
        "duration": 855689.4824419783,
        "dram": 1626.9111399396788
    },
    "org.apache.commons.io.input.CharSequenceInputStreamTest-testReadZero_RequiredCharsets": {
        "energy": 36014.94134985884,
        "duration": 698772.5469091586,
        "dram": 3193.3071751349535
    },
    "org.apache.commons.io.input.CharSequenceInputStreamTest-testSkip_UTF8": {
        "energy": 32535.471365130463,
        "duration": 794278.5726924008,
        "dram": 3160.3912506537163
    },
    "org.apache.commons.io.input.CharSequenceInputStreamTest-testIO_356_B10_D10_S2_UTF8": {
        "energy": 48430.921277731926,
        "duration": 1654262.8836076874,
        "dram": 5535.775014424791
    },
    "org.apache.commons.io.input.CharSequenceInputStreamTest-testSkip_USASCII": {
        "energy": 34252.097137250006,
        "duration": 673997.403596621,
        "dram": 1755.0375592820346
    },
    "org.apache.commons.io.input.CharSequenceInputStreamTest-testIO_356_B10_D10_S0_UTF16": {
        "energy": 34479.58180658263,
        "duration": 667835.2176856326,
        "dram": 3209.279744931031
    },
    "org.apache.commons.io.input.CharSequenceInputStreamTest-testSingleByteRead_UTF8": {
        "energy": 36313.451474841684,
        "duration": 571000.4901938103,
        "dram": 3201.232189860195
    },
    "org.apache.commons.io.input.CharSequenceInputStreamTest-testMarkReset_UTF8": {
        "energy": 36549.97330853343,
        "duration": 626754.1309463382,
        "dram": 2306.531179010868
    }
}