{
    "org.apache.commons.io.input.CharSequenceInputStreamTest-testSingleByteRead_RequiredCharsets": {
        "energy": 35862.005225991044,
        "duration": 952457.08497317,
        "dram": 4031.4121561985207
    },
    "org.apache.commons.io.input.CharSequenceInputStreamTest-testIO_356_B10_D13_S0_UTF8": {
        "energy": 50261.32863026847,
        "duration": 1826735.3357554474,
        "dram": 7625.404308402292
    },
    "org.apache.commons.io.input.CharSequenceInputStreamTest-testIO_356_Loop_UTF8": {
        "energy": 114550.46182500168,
        "duration": 3100891.7597097745,
        "dram": 10933.044192555002
    },
    "org.apache.commons.io.input.CharSequenceInputStreamTest-testIO_356_Loop_UTF16": {
        "energy": 48560.95704651965,
        "duration": 1730960.0219625398,
        "dram": 5074.11232036927
    },
    "org.apache.commons.io.input.CharSequenceInputStreamTest-testIO_356_B10_D10_S0_UTF8": {
        "energy": 388864.1700691525,
        "duration": 12038584.404525034,
        "dram": 37805.60752923848
    },
    "org.apache.commons.io.input.CharSequenceInputStreamTest-testBufferedRead_RequiredCharset": {
        "energy": 34837.8241863469,
        "duration": 815851.0630861275,
        "dram": 3415.6632862768975
    },
    "org.apache.commons.io.input.CharSequenceInputStreamTest-testReadZero_RequiredCharsets": {
        "energy": 36589.08752248591,
        "duration": 1018054.9082365292,
        "dram": 2585.6135236316136
    },
    "org.apache.commons.io.input.CharSequenceInputStreamTest-testMarkSupported": {
        "energy": 35959.09846317768,
        "duration": 543912.3135520443,
        "dram": 605.6522576063871
    },
    "org.apache.commons.io.input.CharSequenceInputStreamTest-testBufferedRead_AvailableCharset": {
        "energy": 463888.19427085656,
        "duration": 12748706.996516854,
        "dram": 50751.289962596944
    },
    "org.apache.commons.io.input.CharSequenceInputStreamTest-testAvailable": {
        "energy": 3783530.3310137345,
        "duration": 111557279.0552083,
        "dram": 369067.72767263756
    },
    "org.apache.commons.io.input.CharSequenceInputStreamTest-testLargeBufferedRead_UTF8": {
        "energy": 145483.0268055841,
        "duration": 4494182.162129359,
        "dram": 15142.11001541304
    },
    "org.apache.commons.io.input.CharSequenceInputStreamTest-testBufferedRead_UTF8": {
        "energy": 40312.04182294055,
        "duration": 562917.8929350686,
        "dram": 3688.0371120828786
    },
    "org.apache.commons.io.input.CharSequenceInputStreamTest-testLargeSingleByteRead_RequiredCharsets": {
        "energy": 1361136.81044488,
        "duration": 38395788.095891565,
        "dram": 132463.52813440276
    },
    "org.apache.commons.io.input.CharSequenceInputStreamTest-testLargeBufferedRead_RequiredCharsets": {
        "energy": 1116651.4046347467,
        "duration": 36691169.45692282,
        "dram": 110317.54566600642
    },
    "org.apache.commons.io.input.CharSequenceInputStreamTest-testIO_356_B10_D10_S1_UTF8": {
        "energy": 35785.97242237608,
        "duration": 1208297.4264384555,
        "dram": 3984.5207837709445
    },
    "org.apache.commons.io.input.CharSequenceInputStreamTest-testSingleByteRead_UTF16": {
        "energy": 35110.07727701035,
        "duration": 635236.5514033732,
        "dram": 3311.611056309881
    },
    "org.apache.commons.io.input.CharSequenceInputStreamTest-testMarkReset_UTF8": {
        "energy": 31618.86203655062,
        "duration": 631776.0049694383,
        "dram": 491.86378018182586
    },
    "org.apache.commons.io.input.CharSequenceInputStreamTest-testReadZero_EmptyString": {
        "energy": 38267.453254648484,
        "duration": 488035.4375659996,
        "dram": 2355.475769319106
    },
    "org.apache.commons.io.input.CharSequenceInputStreamTest-testLargeSingleByteRead_UTF8": {
        "energy": 110015.86626260047,
        "duration": 3704097.5365002975,
        "dram": 11073.23895069453
    },
    "org.apache.commons.io.input.CharSequenceInputStreamTest-testSkip_UTF8": {
        "energy": 33919.74844597646,
        "duration": 843321.8322788929,
        "dram": 2827.0202438242904
    },
    "org.apache.commons.io.input.CharSequenceInputStreamTest-testIO_356_B10_D10_S0_UTF16": {
        "energy": 39051.898074981735,
        "duration": 866306.4424500295,
        "dram": 3060.3880754093625
    },
    "org.apache.commons.io.input.CharSequenceInputStreamTest-testSingleByteRead_UTF8": {
        "energy": 34666.63779105374,
        "duration": 553879.3356968181,
        "dram": 3496.32541488728
    },
    "org.apache.commons.io.input.CharSequenceInputStreamTest-testIO_356_B10_D13_S1_UTF8": {
        "energy": 33123.04921112396,
        "duration": 560775.3413252309,
        "dram": 3091.4398223906755
    },
    "org.apache.commons.io.input.CharSequenceInputStreamTest-testMarkReset_USASCII": {
        "energy": 34727.35203740859,
        "duration": 530065.9894945419,
        "dram": 2437.187515171274
    },
    "org.apache.commons.io.input.CharSequenceInputStreamTest-testIO_356_B10_D10_S2_UTF8": {
        "energy": 37071.778690198924,
        "duration": 1272373.6477046998,
        "dram": 5060.214667648754
    },
    "org.apache.commons.io.input.CharSequenceInputStreamTest-testSkip_USASCII": {
        "energy": 34509.11578474159,
        "duration": 652293.9045503542,
        "dram": 3216.1182573410915
    },
    "org.apache.commons.io.input.CharSequenceInputStreamTest-testCharsetMismatchInfiniteLoop_RequiredCharsets": {
        "energy": 35255.16292651312,
        "duration": 621995.5271499375,
        "dram": 3258.329558947081
    },
    "org.apache.commons.io.input.CharSequenceInputStreamTest-testIO_356_B10_D20_S0_UTF8": {
        "energy": 35976.329654335976,
        "duration": 476525.184007287,
        "dram": 3552.652076601982
    }
}