{
  "com.google.gson.functional.MapTest#testSortedMap": {
    "dataV1": {
      "energy": 528930.0,
      "instructions": 2.2880206E7,
      "durations": 2.7971626E7,
      "cycles": 2.5662786E7,
      "caches": 667118.0,
      "cacheMisses": 9404.0,
      "branches": 4702494.0,
      "branchMisses": 252190.0
    },
    "dataV2": {
      "energy": 494262.0,
      "instructions": 2.2881934E7,
      "durations": 2.8170574E7,
      "cycles": 2.5586426E7,
      "caches": 663614.0,
      "cacheMisses": 9434.0,
      "branches": 4701978.0,
      "branchMisses": 251176.0
    },
    "energy": -34668.0,
    "instructions": 1728.0,
    "durations": 198948.0,
    "cycles": -76360.0,
    "caches": -3504.0,
    "cacheMisses": 30.0,
    "branches": -516.0,
    "branchMisses": -1014.0
  }
}