{
    "com.google.gson.functional.StreamingTypeAdaptersTest-testFromJsonTree": {
        "energy": 42861.0,
        "duration": 1216827.6578947369,
        "dram": 3583.0263157894738,
        "iteration": 38,
        "stdev": 14716.856649148247
    },
    "com.google.gson.internal.bind.JsonTreeWriterTest-testNestedArray": {
        "energy": 178163.6,
        "duration": 4732989.6,
        "dram": 15566.8,
        "iteration": 25,
        "stdev": 335053.1987129208
    },
    "com.google.gson.JsonArrayTest-testSet": {
        "energy": 48151.0,
        "duration": 1307407.8181818181,
        "dram": 3463.090909090909,
        "iteration": 44,
        "stdev": 20788.30381488591
    },
    "com.google.gson.internal.bind.JsonElementReaderTest-testStrings": {
        "energy": 37750.0,
        "duration": 555211.0384615385,
        "dram": 2476.8076923076924,
        "iteration": 26,
        "stdev": 4475.161483979356
    },
    "com.google.gson.functional.InheritanceTest-testClassWithBaseArrayFieldSerialization": {
        "energy": 39509.42253521127,
        "duration": 1268964.028169014,
        "dram": 3261.7464788732395,
        "iteration": 71,
        "stdev": 8311.983627357795
    },
    "com.google.gson.functional.DefaultTypeAdaptersTest-testJsonArraySerialization": {
        "energy": 35953.58064516129,
        "duration": 613926.0645161291,
        "dram": 2391.7096774193546,
        "iteration": 31,
        "stdev": 3765.3619607030155
    },
    "com.google.gson.internal.bind.JsonElementReaderTest-testNumbersFromStrings": {
        "energy": 37746.52,
        "duration": 639695.12,
        "dram": 2680.56,
        "iteration": 25,
        "stdev": 4619.684864749976
    },
    "com.google.gson.functional.DefaultTypeAdaptersTest-testJsonArrayDeserialization": {
        "energy": 35438.57142857143,
        "duration": 783782.7142857143,
        "dram": 2808.6,
        "iteration": 35,
        "stdev": 3431.0846788543986
    },
    "com.google.gson.internal.bind.JsonElementReaderTest-testBooleans": {
        "energy": 38599.379310344826,
        "duration": 604219.6551724138,
        "dram": 2178.4137931034484,
        "iteration": 29,
        "stdev": 3997.7326885657467
    },
    "com.google.gson.internal.bind.JsonElementReaderTest-testEarlyClose": {
        "energy": 36911.619047619046,
        "duration": 547764.0952380953,
        "dram": 1516.1904761904761,
        "iteration": 21,
        "stdev": 3705.5395401272826
    },
    "com.google.gson.JsonObjectTest-testDeepCopy": {
        "energy": 38995.0,
        "duration": 698965.1034482758,
        "dram": 2610.4827586206898,
        "iteration": 29,
        "stdev": 4918.445857704689
    },
    "com.google.gson.internal.bind.JsonElementReaderTest-testStringsFromNumbers": {
        "energy": 37255.7,
        "duration": 553229.15,
        "dram": 2728.0,
        "iteration": 20,
        "stdev": 4378.714686982928
    },
    "com.google.gson.functional.TypeHierarchyAdapterTest-testTypeHierarchy": {
        "energy": 273731.54545454547,
        "duration": 7909083.666666667,
        "dram": 25637.838383838385,
        "iteration": 99,
        "stdev": 447465.8350534557
    },
    "com.google.gson.functional.InheritanceTest-testClassWithBaseCollectionFieldSerialization": {
        "energy": 49875.12987012987,
        "duration": 1552789.3896103897,
        "dram": 4272.1558441558445,
        "iteration": 77,
        "stdev": 22775.10321892053
    },
    "com.google.gson.functional.JsonParserTest-testBadFieldTypeForDeserializingCustomTree": {
        "energy": 38646.542372881355,
        "duration": 992397.4406779661,
        "dram": 3191.677966101695,
        "iteration": 59,
        "stdev": 5189.664674585944
    },
    "com.google.gson.functional.CustomSerializerTest-testSubClassSerializerInvokedForBaseClassFieldsHoldingArrayOfSubClassInstances": {
        "energy": 39365.681818181816,
        "duration": 1158651.0757575757,
        "dram": 3343.469696969697,
        "iteration": 66,
        "stdev": 8208.469877638197
    },
    "com.google.gson.internal.bind.JsonElementReaderTest-testStrictNansAndInfinities": {
        "energy": 62518.41860465116,
        "duration": 1482389.3255813953,
        "dram": 5085.697674418605,
        "iteration": 43,
        "stdev": 142370.68401482108
    },
    "com.google.gson.JsonParserTest-testParseUnquotedStringArrayFails": {
        "energy": 38954.38461538462,
        "duration": 892774.8461538461,
        "dram": 2278.5,
        "iteration": 26,
        "stdev": 3642.4302229410087
    },
    "com.google.gson.internal.bind.JsonElementReaderTest-testNestedArrays": {
        "energy": 39099.833333333336,
        "duration": 578570.3888888889,
        "dram": 2379.8888888888887,
        "iteration": 18,
        "stdev": 4164.88500908355
    },
    "com.google.gson.functional.MapTest-testCustomSerializerForSpecificMapType": {
        "energy": 45658.907692307694,
        "duration": 1446491.646153846,
        "dram": 3976.876923076923,
        "iteration": 65,
        "stdev": 16703.127439746197
    },
    "com.google.gson.functional.JsonParserTest-testBadFieldTypeForCustomDeserializerCustomTree": {
        "energy": 37788.0,
        "duration": 759467.1428571428,
        "dram": 3069.4285714285716,
        "iteration": 42,
        "stdev": 3243.1175477573165
    },
    "com.google.gson.internal.bind.JsonElementReaderTest-testWrongType": {
        "energy": 37038.63157894737,
        "duration": 754153.1315789474,
        "dram": 3160.9736842105262,
        "iteration": 38,
        "stdev": 3711.5951062429995
    },
    "com.google.gson.JsonParserTest-testParseInvalidJson": {
        "energy": 35596.21052631579,
        "duration": 591216.1578947369,
        "dram": 2308.0526315789475,
        "iteration": 19,
        "stdev": 4835.031089857561
    },
    "com.google.gson.internal.bind.JsonElementReaderTest-testNumbers": {
        "energy": 101991.67857142857,
        "duration": 2659770.1428571427,
        "dram": 8384.535714285714,
        "iteration": 28,
        "stdev": 214620.80034098242
    },
    "com.google.gson.internal.bind.JsonTreeWriterTest-testWriteAfterClose": {
        "energy": 37831.666666666664,
        "duration": 568987.7777777778,
        "dram": 2276.277777777778,
        "iteration": 18,
        "stdev": 3610.217337255782
    },
    "com.google.gson.JsonArrayTest-testEqualsNonEmptyArray": {
        "energy": 54441.096774193546,
        "duration": 1430246.2580645161,
        "dram": 4858.387096774193,
        "iteration": 31,
        "stdev": 23268.94016377784
    },
    "com.google.gson.functional.JsonParserTest-testBadTypeForDeserializingCustomTree": {
        "energy": 38354.72340425532,
        "duration": 872647.7659574468,
        "dram": 3142.425531914894,
        "iteration": 47,
        "stdev": 4813.152272246871
    },
    "com.google.gson.JsonArrayTest-testRemove": {
        "energy": 38401.166666666664,
        "duration": 563324.8888888889,
        "dram": 2629.0,
        "iteration": 18,
        "stdev": 3629.9954124550136
    },
    "com.google.gson.internal.bind.JsonElementReaderTest-testLenientNansAndInfinities": {
        "energy": 84578.89743589744,
        "duration": 2034756.923076923,
        "dram": 6531.0,
        "iteration": 39,
        "stdev": 174936.05485621348
    },
    "com.google.gson.internal.bind.JsonElementReaderTest-testNulls": {
        "energy": 37862.0,
        "duration": 616788.9047619047,
        "dram": 2829.0,
        "iteration": 21,
        "stdev": 3493.9418726595623
    },
    "com.google.gson.JsonParserTest-testParseMixedArray": {
        "energy": 45041.8125,
        "duration": 1116135.1875,
        "dram": 3224.96875,
        "iteration": 32,
        "stdev": 14654.69376479235
    },
    "com.google.gson.internal.bind.JsonTreeWriterTest-testArray": {
        "energy": 39398.230769230766,
        "duration": 717539.7307692308,
        "dram": 2436.730769230769,