{
    "com.google.gson.functional.StreamingTypeAdaptersTest-testFromJsonTree": {
        "energy": 61390.643826851185,
        "duration": 2863175.6950655202,
        "dram": 7005.261068550965,
        "iteration": 40
    },
    "com.google.gson.internal.bind.JsonElementReaderTest-testLenientNansAndInfinities": {
        "energy": 49725.761583833024,
        "duration": 1005190.1090348223,
        "dram": 4356.071840371937,
        "iteration": 30
    },
    "com.google.gson.internal.bind.JsonElementReaderTest-testSkipValue": {
        "energy": 35962.515637397766,
        "duration": 520582.7257528305,
        "dram": 2070.743511199951,
        "iteration": 20
    },
    "com.google.gson.functional.MapTest-testCustomSerializerForSpecificMapType": {
        "energy": 35272.70528478015,
        "duration": 966674.3475857066,
        "dram": 3381.060582075942,
        "iteration": 70
    },
    "com.google.gson.functional.JsonParserTest-testBadFieldTypeForCustomDeserializerCustomTree": {
        "energy": 37528.99174433934,
        "duration": 701163.7516730637,
        "dram": 2807.9872638182555,
        "iteration": 41
    },
    "com.google.gson.JsonParserTest-testParseInvalidJson": {
        "energy": 39410.50500488281,
        "duration": 519075.39556884766,
        "dram": 842.1100463867188,
        "iteration": 14
    },
    "com.google.gson.functional.TypeHierarchyAdapterTest-testTypeHierarchy": {
        "energy": 124721.03289124146,
        "duration": 4053466.805960154,
        "dram": 11701.800903617599,
        "iteration": 99
    },
    "com.google.gson.functional.InheritanceTest-testClassWithBaseCollectionFieldSerialization": {
        "energy": 45666.94113732818,
        "duration": 1200501.8496825323,
        "dram": 4046.417368235516,
        "iteration": 77
    },
    "com.google.gson.functional.JsonParserTest-testBadFieldTypeForDeserializingCustomTree": {
        "energy": 36928.16661062083,
        "duration": 1145312.6479639478,
        "dram": 3518.519032575589,
        "iteration": 60
    },
    "com.google.gson.functional.JsonParserTest-testBadTypeForDeserializingCustomTree": {
        "energy": 34020.12388469862,
        "duration": 1268235.340771205,
        "dram": 3086.291988919462,
        "iteration": 42
    },
    "com.google.gson.internal.bind.JsonElementReaderTest-testStrictNansAndInfinities": {
        "energy": 45172.0232856567,
        "duration": 755013.9157747853,
        "dram": 3017.810568089946,
        "iteration": 34
    },
    "com.google.gson.JsonArrayTest-testSet": {
        "energy": 37147.15108495951,
        "duration": 1660429.4586584866,
        "dram": 2586.5338437259197,
        "iteration": 26
    },
    "com.google.gson.internal.bind.JsonElementReaderTest-testNestedArrays": {
        "energy": 39694.33467257023,
        "duration": 535580.0442587137,
        "dram": 3401.6688398122787,
        "iteration": 24
    },
    "com.google.gson.functional.InheritanceTest-testClassWithBaseArrayFieldSerialization": {
        "energy": 31592.490334610826,
        "duration": 1254340.976688032,
        "dram": 3285.8291389605347,
        "iteration": 69
    },
    "com.google.gson.internal.bind.JsonElementReaderTest-testEarlyClose": {
        "energy": 38631.621420025826,
        "duration": 498327.5802576542,
        "dram": 1557.2957273721695,
        "iteration": 24
    },
    "com.google.gson.internal.bind.JsonElementReaderTest-testNumbers": {
        "energy": 34349.16618804075,
        "duration": 688915.3604520652,
        "dram": 3040.2444102223963,
        "iteration": 30
    },
    "com.google.gson.functional.CustomSerializerTest-testSubClassSerializerInvokedForBaseClassFieldsHoldingArrayOfSubClassInstances": {
        "energy": 42622.76407744415,
        "duration": 831926.4147660848,
        "dram": 3598.410479839043,
        "iteration": 54
    },
    "com.google.gson.JsonParserTest-testParseMixedArray": {
        "energy": 40147.07022585953,
        "duration": 540903.6965821534,
        "dram": 1586.8952668418642,
        "iteration": 33
    },
    "com.google.gson.JsonArrayTest-testRemove": {
        "energy": 35211.326581954956,
        "duration": 624816.9319927692,
        "dram": 2012.0767073631287,
        "iteration": 23
    },
    "com.google.gson.functional.DefaultTypeAdaptersTest-testJsonArraySerialization": {
        "energy": 33676.70995044708,
        "duration": 603778.1351385117,
        "dram": 3242.9746742248535,
        "iteration": 21
    },
    "com.google.gson.JsonArrayTest-testEqualsNonEmptyArray": {
        "energy": 46565.8258539401,
        "duration": 924566.8178930059,
        "dram": 3288.579084087163,
        "iteration": 30
    },
    "com.google.gson.JsonParserTest-testParseUnquotedStringArrayFails": {
        "energy": 37460.03464418987,
        "duration": 679738.5535280127,
        "dram": 2951.2215047128266,
        "iteration": 35
    },
    "com.google.gson.internal.bind.JsonElementReaderTest-testNulls": {
        "energy": 40295.350605010986,
        "duration": 669714.7417984009,
        "dram": 3390.2105827331543,
        "iteration": 20
    },
    "com.google.gson.internal.bind.JsonElementReaderTest-testBooleans": {
        "energy": 34555.07885932922,
        "duration": 597389.7427134514,
        "dram": 768.855863571167,
        "iteration": 22
    },
    "com.google.gson.JsonArrayTest-testDeepCopy": {
        "energy": 36336.23806428909,
        "duration": 572398.9121294022,
        "dram": 1671.0919489860535,
        "iteration": 22
    },
    "com.google.gson.JsonObjectTest-testDeepCopy": {
        "energy": 36178.85099029541,
        "duration": 627646.6048736572,
        "dram": 2574.5218505859375,
        "iteration": 18
    },
    "com.google.gson.internal.bind.JsonTreeWriterTest-testWriteAfterClose": {
        "energy": 42086.372961997986,
        "duration": 587434.973405838,
        "dram": 1301.307819366455,
        "iteration": 22
    },
    "com.google.gson.internal.bind.JsonElementReaderTest-testStrings": {
        "energy": 38315.638624191284,
        "duration": 536703.0025596619,
        "dram": 1257.9335174560547,
        "iteration": 20
    },
    "com.google.gson.internal.bind.JsonTreeWriterTest-testLenientNansAndInfinities": {
        "energy": 38385.22155570984,
        "duration": 598992.7916755676,
        "dram": 2113.753255844116,
        "iteration": 20
    },
    "com.google.gson.functional.DefaultTypeAdaptersTest-testJsonArrayDeserialization": {
        "energy": 35502.95723078924,
        "duration": 640056.0607792942,
        "dram": 3085.9168031180743,
        "iteration": 35
    },
    "com.google.gson.internal.bind.JsonElementReaderTest-testNumbersFromStrings": {
        "energy": 34916.559839844704,
        "duration": 1315005.6326971054,
        "dram": 3197.458299458027,
        "iteration": 25
    },
    "com.google.gson.internal.bind.JsonElementReaderTest-testWrongType": {
        "energy": 37822.02655120974,
        "duration": 710032.9806588631,
        "dram": 3213.0066009092843,
        "iteration": 34
    },
    "com.google.gson.internal.bind.JsonElementReaderTest-testStringsFromNumbers": {
        "energy": 42480.62872314453,
        "duration": 487875.19065856934,
        "dram": 3833.5731506347656,
        "iteration": 17
    },
    "com.google.gson.internal.bind.JsonElementReaderTest-testArray": {
        "energy": 46186.60246402025,
        "duration": 722302.2841572762,
        "dram": 2143.686284184456,
        "iteration": 25
    },
    "com.google.gson.internal.bind.JsonTreeWriterTest-testArray": {
        "energy": 373880.9235349223,
        "duration": 12105552.786633298,
        "dram": 37876.56737704575,
        "iteration": 28
    },
    "com.google.gson.internal.bind.JsonTreeWriterTest-testNestedArray": {
        "energy": 68643.09192478657,
        "duration": 1400275.4460412264,
        "dram": 6561.193097949028,
        "iteration": 24
    }
}