{
    "com.google.gson.functional.JsonParserTest-testBadTypeForDeserializingCustomTree": {
        "energy": 38025,
        "duration": 989052.8333333334,
        "dram": 2990.6666666666665,
        "iteration": 42,
        "stdev": 4861.420029704841
    },
    "com.google.gson.internal.bind.JsonElementReaderTest-testStrictNansAndInfinities": {
        "energy": 38635,
        "duration": 2353108.705882353,
        "dram": 7732.823529411765,
        "iteration": 34,
        "stdev": 162956.91288279445
    },
    "com.google.gson.JsonArrayTest-testSet": {
        "energy": 39978,
        "duration": 1217635.8076923077,
        "dram": 3820.346153846154,
        "iteration": 26,
        "stdev": 20900.374103167793
    },
    "com.google.gson.internal.bind.JsonElementReaderTest-testNestedArrays": {
        "energy": 38391,
        "duration": 540500.1666666666,
        "dram": 2395.6666666666665,
        "iteration": 24,
        "stdev": 3539.5758217989746
    },
    "com.google.gson.functional.InheritanceTest-testClassWithBaseArrayFieldSerialization": {
        "energy": 38940,
        "duration": 1275076.7246376812,
        "dram": 3479.985507246377,
        "iteration": 69,
        "stdev": 8808.838391931418
    },
    "com.google.gson.internal.bind.JsonElementReaderTest-testEarlyClose": {
        "energy": 35034,
        "duration": 527090.875,
        "dram": 2425.7916666666665,
        "iteration": 24,
        "stdev": 3550.637935394693
    },
    "com.google.gson.JsonParserTest-testParseInvalidJson": {
        "energy": 36072,
        "duration": 525263.3571428572,
        "dram": 2638.285714285714,
        "iteration": 14,
        "stdev": 4222.312515623617
    },
    "com.google.gson.internal.bind.JsonElementReaderTest-testNumbers": {
        "energy": 37171,
        "duration": 2563284.6666666665,
        "dram": 9846.0,
        "iteration": 30,
        "stdev": 270552.79927071946
    },
    "com.google.gson.functional.TypeHierarchyAdapterTest-testTypeHierarchy": {
        "energy": 136780,
        "duration": 8019789.323232323,
        "dram": 24924.81818181818,
        "iteration": 99,
        "stdev": 460630.7843939646
    },
    "com.google.gson.functional.InheritanceTest-testClassWithBaseCollectionFieldSerialization": {
        "energy": 40466,
        "duration": 1440277.3246753246,
        "dram": 4208.025974025974,
        "iteration": 77,
        "stdev": 16657.259114389526
    },
    "com.google.gson.functional.CustomSerializerTest-testSubClassSerializerInvokedForBaseClassFieldsHoldingArrayOfSubClassInstances": {
        "energy": 39490,
        "duration": 957884.6296296297,
        "dram": 3009.037037037037,
        "iteration": 54,
        "stdev": 4004.7910508250206
    },
    "com.google.gson.JsonParserTest-testParseMixedArray": {
        "energy": 40954,
        "duration": 964585.7878787878,
        "dram": 3207.909090909091,
        "iteration": 33,
        "stdev": 12566.91796337731
    },
    "com.google.gson.JsonArrayTest-testRemove": {
        "energy": 37231,
        "duration": 549723.8695652174,
        "dram": 2061.608695652174,
        "iteration": 23,
        "stdev": 3759.1292002331293
    },
    "com.google.gson.internal.bind.JsonElementReaderTest-testSkipValue": {
        "energy": 37353,
        "duration": 564213.3,
        "dram": 1840.6,
        "iteration": 20,
        "stdev": 3532.1526071221783
    },
    "com.google.gson.functional.DefaultTypeAdaptersTest-testJsonArraySerialization": {
        "energy": 35705,
        "duration": 591341.5238095238,
        "dram": 2571.9523809523807,
        "iteration": 21,
        "stdev": 3454.3443225035767
    },
    "com.google.gson.functional.MapTest-testCustomSerializerForSpecificMapType": {
        "energy": 38208,
        "duration": 1327356.0428571429,
        "dram": 3768.7714285714287,
        "iteration": 70,
        "stdev": 11098.940088612617
    },
    "com.google.gson.functional.JsonParserTest-testBadFieldTypeForCustomDeserializerCustomTree": {
        "energy": 35644,
        "duration": 839803.3902439025,
        "dram": 2814.5365853658536,
        "iteration": 41,
        "stdev": 4115.904627543489
    },
    "com.google.gson.JsonArrayTest-testEqualsNonEmptyArray": {
        "energy": 42481,
        "duration": 1174914.4666666666,
        "dram": 4023.4333333333334,
        "iteration": 30,
        "stdev": 20942.398737940428
    },
    "com.google.gson.functional.JsonParserTest-testBadFieldTypeForDeserializingCustomTree": {
        "energy": 38207,
        "duration": 1072825.4166666667,
        "dram": 3169.5666666666666,
        "iteration": 60,
        "stdev": 9985.339437548208
    },
    "com.google.gson.JsonParserTest-testParseUnquotedStringArrayFails": {
        "energy": 37842,
        "duration": 721857.8285714285,
        "dram": 2548.1428571428573,
        "iteration": 35,
        "stdev": 4092.169784815276
    },
    "com.google.gson.internal.bind.JsonElementReaderTest-testNulls": {
        "energy": 37353,
        "duration": 639080.3,
        "dram": 2477.05,
        "iteration": 20,
        "stdev": 3353.8283438482654
    },
    "com.google.gson.functional.StreamingTypeAdaptersTest-testFromJsonTree": {
        "energy": 41137,
        "duration": 1586349.9,
        "dram": 4219.0,
        "iteration": 40,
        "stdev": 20265.033534329523
    },
    "com.google.gson.internal.bind.JsonElementReaderTest-testBooleans": {
        "energy": 37963,
        "duration": 546592.3636363636,
        "dram": 2332.5454545454545,
        "iteration": 22,
        "stdev": 4787.04395061545
    },
    "com.google.gson.JsonArrayTest-testDeepCopy": {
        "energy": 36987,
        "duration": 527475.0454545454,
        "dram": 2454.909090909091,
        "iteration": 22,
        "stdev": 4172.228584034918
    },
    "com.google.gson.JsonObjectTest-testDeepCopy": {
        "energy": 36865,
        "duration": 867932.2777777778,
        "dram": 2909.5555555555557,
        "iteration": 18,
        "stdev": 4720.531961548401
    },
    "com.google.gson.internal.bind.JsonTreeWriterTest-testWriteAfterClose": {
        "energy": 38879,
        "duration": 624514.3636363636,
        "dram": 2603.181818181818,
        "iteration": 22,
        "stdev": 3848.7466426108467
    },
    "com.google.gson.internal.bind.JsonElementReaderTest-testStrings": {
        "energy": 38513,
        "duration": 521480.1,
        "dram": 1552.95,
        "iteration": 20,
        "stdev": 3529.481875573241
    },
    "com.google.gson.internal.bind.JsonTreeWriterTest-testLenientNansAndInfinities": {
        "energy": 38207,
        "duration": 836898.5,
        "dram": 2125.3,
        "iteration": 20,
        "stdev": 8781.657094620581
    },
    "com.google.gson.functional.DefaultTypeAdaptersTest-testJsonArrayDeserialization": {
        "energy": 34484,
        "duration": 701543.4285714285,
        "dram": 2518.0285714285715,
        "iteration": 35,
        "stdev": 3920.9449625292714
    },
    "com.google.gson.internal.bind.JsonElementReaderTest-testNumbersFromStrings": {
        "energy": 36316,
        "duration": 779369.08,
        "dram": 2675.2,
        "iteration": 25,
        "stdev": 3557.432092732059
    },
    "com.google.gson.internal.bind.JsonElementReaderTest-testWrongType": {
        "energy": 36193,
        "duration": 758335.2352941176,
        "dram": 2648.294117647059,
        "iteration": 34,
        "stdev": 5519.704228009494
    },
    "com.google.gson.internal.bind.JsonElementReaderTest-testStringsFromNumbers": {
        "energy": 38025,
        "duration": 487981.4117647059,
        "dram": 2609.235294117647,
        "iteration": 17,
        "stdev": 4501.8213192341855
    },
    "com.google.gson.internal.bind.JsonElementReaderTest-testLenientNansAndInfinities": {
        "energy": 42907,
        "duration": 3634890.966666667,
        "dram": 12335.333333333334,
        "iteration": 30,
        "stdev": 294895.25398890744
    },