{
    "com.google.gson.DefaultInetAddressTypeAdapterTest-testInetAddressSerializationAndDeserialization": {
        "energy": 568476.9090909091,
        "duration": 18416075.737373736,
        "dram": 53473.92929292929,
        "iteration": 99,
        "stdev": 76358.05309544691
    }
}