{
    "com.google.gson.functional.NamingPolicyTest-testDeprecatedNamingStrategy": {
        "energy": 30457,
        "duration": 1723128.8265306123,
        "dram": 3858.285714285714,
        "iteration": 98,
        "stdev": 25197.344947697675
    }
}