{
    "com.google.gson.functional.NamingPolicyTest-testDeprecatedNamingStrategy": {
        "energy": 30762,
        "duration": 2203996.452631579,
        "dram": 5167.2947368421055,
        "iteration": 95,
        "stdev": 145299.10151074128
    }
}