{
    "com.google.gson.functional.CustomTypeAdaptersTest-testCustomAdapterInvokedForMapElementDeserialization": {
        "energy": 36528.555555555555,
        "duration": 1246728.9166666667,
        "dram": 2963.4861111111113,
        "iteration": 72,
        "stdev": 5336.8781550039175
    },
    "com.google.gson.functional.MapTest-testMapDeserializationWithIntegerKeys": {
        "energy": 37032.45161290323,
        "duration": 988384.3225806452,
        "dram": 2843.3225806451615,
        "iteration": 62,
        "stdev": 6681.072068881923
    },
    "com.google.gson.functional.MapTest-testMapOfMapDeserialization": {
        "energy": 36660.85507246377,
        "duration": 994960.5507246377,
        "dram": 2995.0434782608695,
        "iteration": 69,
        "stdev": 8404.019563255175
    },
    "com.google.gson.functional.MapTest-testMapDeserializationWithNullKey": {
        "energy": 35512.35820895522,
        "duration": 976521.4776119404,
        "dram": 2849.597014925373,
        "iteration": 67,
        "stdev": 3655.414571916826
    },
    "com.google.gson.functional.TypeVariableTest-testAdvancedTypeVariables": {
        "energy": 244332.48453608248,
        "duration": 7151626.680412371,
        "dram": 21789.381443298967,
        "iteration": 97,
        "stdev": 486386.7082827046
    },
    "com.google.gson.functional.MapTest-testMapSubclassDeserialization": {
        "energy": 40835.62337662338,
        "duration": 1165904.5714285714,
        "dram": 3119.961038961039,
        "iteration": 77,
        "stdev": 10787.309646228265
    },
    "com.google.gson.functional.JsonParserTest-testExtraCommasInMaps": {
        "energy": 39533.85526315789,
        "duration": 1341252.3421052631,
        "dram": 3323.4868421052633,
        "iteration": 76,
        "stdev": 9242.897232760248
    },
    "com.google.gson.functional.MapTest-testStringKeyDeserialization": {
        "energy": 36046.12903225807,
        "duration": 879313.6129032258,
        "dram": 2763.467741935484,
        "iteration": 62,
        "stdev": 4658.352853308916
    },
    "com.google.gson.functional.MapTest-testParameterizedMapSubclassDeserialization": {
        "energy": 36045.04838709677,
        "duration": 999742.4032258064,
        "dram": 2749.5967741935483,
        "iteration": 62,
        "stdev": 4394.925080749456
    },
    "com.google.gson.functional.DefaultTypeAdaptersTest-testPropertiesDeserialization": {
        "energy": 36358.11538461538,
        "duration": 661027.3076923077,
        "dram": 2310.269230769231,
        "iteration": 26,
        "stdev": 4701.954170889793
    },
    "com.google.gson.functional.MapAsArrayTypeAdapterTest-testSerializeComplexMapWithTypeAdapter": {
        "energy": 376321.49494949495,
        "duration": 11053665.575757576,
        "dram": 33394.030303030304,
        "iteration": 99,
        "stdev": 587491.1859000181
    },
    "com.google.gson.functional.MapTest-testMapDeserialization": {
        "energy": 48775.671428571426,
        "duration": 1655124.8857142858,
        "dram": 4305.414285714286,
        "iteration": 70,
        "stdev": 30849.827147337663
    },
    "com.google.gson.functional.TypeVariableTest-testTypeVariablesViaTypeParameter": {
        "energy": 57711.12244897959,
        "duration": 1916433.918367347,
        "dram": 5040.857142857143,
        "iteration": 98,
        "stdev": 27533.00295610569
    },
    "com.google.gson.functional.MapTest-testBooleanKeyDeserialization": {
        "energy": 36253.75,
        "duration": 902472.1785714285,
        "dram": 3135.6785714285716,
        "iteration": 56,
        "stdev": 4780.212130118136
    },
    "com.google.gson.functional.MapTest-testMapDeserializationWithWildcardValues": {
        "energy": 34604.0,
        "duration": 963783.9393939395,
        "dram": 3021.0,
        "iteration": 66,
        "stdev": 4067.763297246319
    },
    "com.google.gson.functional.MapTest-testMapDeserializationWithDuplicateKeys": {
        "energy": 36836.29090909091,
        "duration": 896453.4363636364,
        "dram": 2888.927272727273,
        "iteration": 55,
        "stdev": 4546.547472024448
    },
    "com.google.gson.functional.MapTest-testReadMapsWithEmptyStringKey": {
        "energy": 36426.553846153845,
        "duration": 925793.723076923,
        "dram": 2872.876923076923,
        "iteration": 65,
        "stdev": 3774.8622472299744
    },
    "com.google.gson.functional.MapTest-testMapDeserializationWithNullValue": {
        "energy": 37418.01960784314,
        "duration": 1009670.0196078431,
        "dram": 2512.8823529411766,
        "iteration": 51,
        "stdev": 6306.733194598518
    },
    "com.google.gson.functional.MapTest-testNumberKeyDeserialization": {
        "energy": 35956.94827586207,
        "duration": 941019.551724138,
        "dram": 3069.9655172413795,
        "iteration": 58,
        "stdev": 4117.912801669336
    },
    "com.google.gson.functional.MapTest-testComplexKeysDeserialization": {
        "energy": 35115.8064516129,
        "duration": 1052519.822580645,
        "dram": 3024.048387096774,
        "iteration": 62,
        "stdev": 4293.979374166209
    },
    "com.google.gson.functional.MapTest-testMapDeserializationEmpty": {
        "energy": 37353.39705882353,
        "duration": 1024005.3529411765,
        "dram": 2983.279411764706,
        "iteration": 68,
        "stdev": 6091.142646450099
    },
    "com.google.gson.functional.StreamingTypeAdaptersTest-testDeserializeMap": {
        "energy": 38865.066666666666,
        "duration": 841510.3,
        "dram": 2539.766666666667,
        "iteration": 30,
        "stdev": 4713.1068799913955
    },
    "com.google.gson.functional.MapTest-testMapStandardSubclassDeserialization": {
        "energy": 35632.56140350877,
        "duration": 1011299.0701754387,
        "dram": 2954.1754385964914,
        "iteration": 57,
        "stdev": 4247.724885438081
    }
}