{
    "com.google.gson.functional.NullObjectAndFieldTest-testPrintPrintingObjectWithNulls": {
        "energy": 63110,
        "duration": 1995785.511627907,
        "dram": 4821.953488372093,
        "iteration": 86,
        "stdev": 18604.041891916873
    },
    "com.google.gson.functional.NullObjectAndFieldTest-testPrintPrintingArraysWithNulls": {
        "energy": 35462,
        "duration": 1365446.0232558139,
        "dram": 3530.046511627907,
        "iteration": 86,
        "stdev": 11642.351644907849
    },
    "com.google.gson.functional.PrettyPrintingTest-testPrettyPrintArrayOfObjects": {
        "energy": 39062,
        "duration": 2832484.387755102,
        "dram": 7863.84693877551,
        "iteration": 98,
        "stdev": 78627.13196929143
    },
    "com.google.gson.functional.PrettyPrintingTest-testPrettyPrintList": {
        "energy": 189514,
        "duration": 6514166.515151516,
        "dram": 19524.050505050505,
        "iteration": 99,
        "stdev": 83837.1985878796
    },
    "com.google.gson.functional.PrettyPrintingTest-testPrettyPrintListOfPrimitiveArrays": {
        "energy": 34179,
        "duration": 1114795.1014492754,
        "dram": 3106.159420289855,
        "iteration": 69,
        "stdev": 6649.421405185154
    },
    "com.google.gson.functional.PrettyPrintingTest-testPrettyPrintArrayOfPrimitives": {
        "energy": 39673,
        "duration": 3826315.407407407,
        "dram": 10607.407407407407,
        "iteration": 54,
        "stdev": 94520.72689406981
    },
    "com.google.gson.functional.PrettyPrintingTest-testMultipleArrays": {
        "energy": 35950,
        "duration": 1665067.0909090908,
        "dram": 5067.818181818182,
        "iteration": 44,
        "stdev": 52688.963336908404
    },
    "com.google.gson.functional.PrettyPrintingTest-testMap": {
        "energy": 35644,
        "duration": 1425699.5714285714,
        "dram": 4415.178571428572,
        "iteration": 28,
        "stdev": 49386.138744650474
    },
    "com.google.gson.functional.PrettyPrintingTest-testPrettyPrintArrayOfPrimitiveArrays": {
        "energy": 35705,
        "duration": 1254906.6829268292,
        "dram": 3716.048780487805,
        "iteration": 41,
        "stdev": 49603.00840852982
    }
}