{
    "com.google.gson.functional.PrettyPrintingTest-testPrettyPrintArrayOfPrimitiveArrays": {
        "energy": 34729,
        "duration": 1010844.0,
        "dram": 2833.8032786885246,
        "iteration": 61,
        "stdev": 5846.5125187660515
    },
    "com.google.gson.functional.PrettyPrintingTest-testPrettyPrintListOfPrimitiveArrays": {
        "energy": 36194,
        "duration": 1451226.393939394,
        "dram": 3703.2727272727275,
        "iteration": 66,
        "stdev": 39912.44782673457
    },
    "com.google.gson.functional.NullObjectAndFieldTest-testPrintPrintingObjectWithNulls": {
        "energy": 38147,
        "duration": 2420093.8780487804,
        "dram": 6367.390243902439,
        "iteration": 82,
        "stdev": 157776.63339023673
    },
    "com.google.gson.functional.NullObjectAndFieldTest-testPrintPrintingArraysWithNulls": {
        "energy": 34546,
        "duration": 1320406.7605633803,
        "dram": 3414.7323943661972,
        "iteration": 71,
        "stdev": 11006.436304245835
    },
    "com.google.gson.functional.PrettyPrintingTest-testPrettyPrintArrayOfObjects": {
        "energy": 38025,
        "duration": 2708967.4545454546,
        "dram": 7331.010101010101,
        "iteration": 99,
        "stdev": 69219.92901481065
    },
    "com.google.gson.functional.PrettyPrintingTest-testPrettyPrintList": {
        "energy": 162292,
        "duration": 5979533.707070707,
        "dram": 17592.090909090908,
        "iteration": 99,
        "stdev": 67018.10721674716
    },
    "com.google.gson.functional.PrettyPrintingTest-testPrettyPrintArrayOfPrimitives": {
        "energy": 176086,
        "duration": 4439749.020833333,
        "dram": 12056.708333333334,
        "iteration": 48,
        "stdev": 87875.09278159121
    },
    "com.google.gson.functional.PrettyPrintingTest-testMultipleArrays": {
        "energy": 36987,
        "duration": 1686593.6923076923,
        "dram": 5268.25641025641,
        "iteration": 39,
        "stdev": 60676.349751391506
    },
    "com.google.gson.functional.PrettyPrintingTest-testMap": {
        "energy": 36254,
        "duration": 1559749.142857143,
        "dram": 5173.085714285714,
        "iteration": 35,
        "stdev": 54765.14880361824
    }
}