{
    "com.google.gson.functional.UncategorizedTest-testInvalidJsonDeserializationFails": {
        "energy": 186915.92424242425,
        "duration": 5729415.393939394,
        "dram": 16872.424242424244,
        "iteration": 66,
        "stdev": 230838.80670255137
    },
    "com.google.gson.functional.ObjectTest-testEmptyStringDeserialization": {
        "energy": 34942.541666666664,
        "duration": 751635.375,
        "dram": 2529.5833333333335,
        "iteration": 24,
        "stdev": 4908.549794144623
    },
    "com.google.gson.functional.ArrayTest-testInvalidArrayDeserialization": {
        "energy": 40424.97297297297,
        "duration": 1044716.6756756756,
        "dram": 3180.4054054054054,
        "iteration": 37,
        "stdev": 29494.866929034142
    },
    "com.google.gson.JsonParserTest-testParseEmptyWhitespaceInput": {
        "energy": 37242.78125,
        "duration": 919689.96875,
        "dram": 2311.65625,
        "iteration": 32,
        "stdev": 4721.664786746136
    }
}