{
    "com.google.gson.functional.ArrayTest-testInvalidArrayDeserialization": {
        "energy": 41769.78571428572,
        "duration": 1031346.0476190476,
        "dram": 2881.190476190476,
        "iteration": 42,
        "stdev": 43660.19014559281
    },
    "com.google.gson.functional.ObjectTest-testEmptyStringDeserialization": {
        "energy": 36063.958333333336,
        "duration": 729541.2083333334,
        "dram": 2506.0833333333335,
        "iteration": 24,
        "stdev": 4514.8828840399865
    },
    "com.google.gson.functional.UncategorizedTest-testInvalidJsonDeserializationFails": {
        "energy": 279114.2745098039,
        "duration": 8585826.901960785,
        "dram": 25352.725490196077,
        "iteration": 51,
        "stdev": 255285.1971693756
    },
    "com.google.gson.JsonParserTest-testParseEmptyWhitespaceInput": {
        "energy": 38612.833333333336,
        "duration": 862983.5,
        "dram": 2285.4,
        "iteration": 30,
        "stdev": 4411.3063150903
    }
}