{
    "com.google.gson.functional.StreamingTypeAdaptersTest-testNullSafe": {
        "energy": 40039,
        "duration": 1621062.175257732,
        "dram": 3932.144329896907,
        "iteration": 97,
        "stdev": 14920.432697276254
    },
    "com.google.gson.functional.ReadersWritersTest-testReadWriteTwoObjects": {
        "energy": 39306,
        "duration": 1470606.746031746,
        "dram": 4287.666666666667,
        "iteration": 63,
        "stdev": 19845.596933495413
    },
    "com.google.gson.functional.ParameterizedTypesTest-testVariableTypeArrayDeserialization": {
        "energy": 38391,
        "duration": 1447478.8969072164,
        "dram": 3630.4845360824743,
        "iteration": 97,
        "stdev": 16650.256376504756
    },
    "com.google.gson.functional.TypeVariableTest-testBasicTypeVariables": {
        "energy": 36437,
        "duration": 1021718.7384615385,
        "dram": 3016.246153846154,
        "iteration": 65,
        "stdev": 4432.267259687955
    },
    "com.google.gson.functional.MapAsArrayTypeAdapterTest-testMultipleEnableComplexKeyRegistrationHasNoEffect": {
        "energy": 37841,
        "duration": 1176289.8823529412,
        "dram": 3121.752941176471,
        "iteration": 85,
        "stdev": 7470.214879934013
    },
    "com.google.gson.functional.CollectionTest-testFieldIsArrayList": {
        "energy": 38940,
        "duration": 1027905.0972222222,
        "dram": 2892.75,
        "iteration": 72,
        "stdev": 4355.408365125614
    },
    "com.google.gson.functional.TypeVariableTest-testAdvancedTypeVariables": {
        "energy": 79285,
        "duration": 7757192.04040404,
        "dram": 25312.676767676767,
        "iteration": 99,
        "stdev": 545548.876931785
    },
    "com.google.gson.GsonTypeAdapterTest-testTypeAdapterProperlyConvertsTypes": {
        "energy": 36743,
        "duration": 795586.36,
        "dram": 2488.4,
        "iteration": 25,
        "stdev": 4883.044162651
    },
    "com.google.gson.functional.ParameterizedTypesTest-testVariableTypeDeserialization": {
        "energy": 39063,
        "duration": 1448542.2736842106,
        "dram": 3912.5684210526315,
        "iteration": 95,
        "stdev": 14240.951505941257
    },
    "com.google.gson.functional.MapAsArrayTypeAdapterTest-testSerializeComplexMapWithTypeAdapter": {
        "energy": 107117,
        "duration": 6363810.444444444,
        "dram": 20058.91919191919,
        "iteration": 99,
        "stdev": 430478.82103820884
    },
    "com.google.gson.functional.ParameterizedTypesTest-testParameterizedTypeGenericArraysDeserialization": {
        "energy": 37598,
        "duration": 1486192.7171717172,
        "dram": 3740.939393939394,
        "iteration": 99,
        "stdev": 13791.667765905835
    },
    "com.google.gson.functional.EscapingTest-testGsonAcceptsEscapedAndNonEscapedJsonDeserialization": {
        "energy": 37963,
        "duration": 1076824.3823529412,
        "dram": 3135.3529411764707,
        "iteration": 68,
        "stdev": 4993.809281860754
    },
    "com.google.gson.functional.CustomTypeAdaptersTest-testRegisterHierarchyAdapterForDate": {
        "energy": 38146,
        "duration": 1228479.873015873,
        "dram": 3324.7301587301586,
        "iteration": 63,
        "stdev": 11278.742879161682
    },
    "com.google.gson.functional.TypeVariableTest-testTypeVariablesViaTypeParameter": {
        "energy": 39795,
        "duration": 1519955.4193548388,
        "dram": 4054.0752688172042,
        "iteration": 93,
        "stdev": 14595.198126648042
    },
    "com.google.gson.functional.TypeHierarchyAdapterTest-testTypeHierarchy": {
        "energy": 137390,
        "duration": 7631087.626262627,
        "dram": 23139.60606060606,
        "iteration": 99,
        "stdev": 430786.68123470806
    },
    "com.google.gson.functional.CollectionTest-testWildcardCollectionField": {
        "energy": 41016,
        "duration": 1511958.4395604397,
        "dram": 3989.879120879121,
        "iteration": 91,
        "stdev": 14246.143085149753
    },
    "com.google.gson.functional.TypeAdapterPrecedenceTest-testNonstreamingFollowedByNonstreaming": {
        "energy": 40772,
        "duration": 6257598.858585859,
        "dram": 20131.39393939394,
        "iteration": 99,
        "stdev": 508830.46044847544
    },
    "com.google.gson.functional.ParameterizedTypesTest-testVariableTypeFieldsAndGenericArraysDeserialization": {
        "energy": 41382,
        "duration": 2006844.878787879,
        "dram": 5481.373737373738,
        "iteration": 99,
        "stdev": 71875.07713307314
    },
    "com.google.gson.functional.ParameterizedTypesTest-testParameterizedTypeWithVariableTypeDeserialization": {
        "energy": 37353,
        "duration": 1440006.8673469387,
        "dram": 3840.418367346939,
        "iteration": 98,
        "stdev": 17843.990196878425
    },
    "com.google.gson.functional.DelegateTypeAdapterTest-testDelegateInvoked": {
        "energy": 77942,
        "duration": 3571467.051020408,
        "dram": 10810.19387755102,
        "iteration": 98,
        "stdev": 140761.2480768738
    },
    "com.google.gson.functional.DefaultTypeAdaptersTest-testBitSetDeserialization": {
        "energy": 35217,
        "duration": 759065.1794871795,
        "dram": 2660.948717948718,
        "iteration": 39,
        "stdev": 3690.1065395872074
    },
    "com.google.gson.JsonParserTest-testReadWriteTwoObjects": {
        "energy": 43090,
        "duration": 6803584.043478261,
        "dram": 22204.27536231884,
        "iteration": 69,
        "stdev": 530884.9861211737
    },
    "com.google.gson.OverrideCoreTypeAdaptersTest-testOverridePrimitiveBooleanAdapter": {
        "energy": 38513,
        "duration": 610826.0370370371,
        "dram": 2587.925925925926,
        "iteration": 27,
        "stdev": 5144.6020136922825
    },
    "com.google.gson.functional.EscapingTest-testGsonDoubleDeserialization": {
        "energy": 36805,
        "duration": 771173.6585365854,
        "dram": 2697.756097560976,
        "iteration": 41,
        "stdev": 3713.1049913755455
    },
    "com.google.gson.functional.NamingPolicyTest-testComplexFieldNameStrategy": {
        "energy": 37598,
        "duration": 1115127.3943661973,
        "dram": 3000.211267605634,
        "iteration": 71,
        "stdev": 5732.394848530968
    },
    "com.google.gson.functional.EscapingTest-testEscapingObjectFields": {
        "energy": 42175,
        "duration": 1793460.4107142857,
        "dram": 5082.357142857143,
        "iteration": 56,
        "stdev": 43714.99602807228
    },
    "com.google.gson.OverrideCoreTypeAdaptersTest-testOverrideWrapperBooleanAdapter": {
        "energy": 41320,
        "duration": 6169807.461538462,
        "dram": 20037.923076923078,
        "iteration": 39,
        "stdev": 502608.1194320001
    },
    "com.google.gson.functional.TypeAdapterPrecedenceTest-testStreamingFollowedByStreaming": {
        "energy": 37659,
        "duration": 913808.2222222222,
        "dram": 2906.0222222222224,
        "iteration": 45,
        "stdev": 4266.680892105915
    },
    "com.google.gson.JsonParserTest-testParseMixedArray": {
        "energy": 38208,
        "duration": 595284.2068965518,
        "dram": 2310.1724137931033,
        "iteration": 29,
        "stdev": 3610.7283559420916
    },
    "com.google.gson.functional.TypeAdapterPrecedenceTest-testSerializeNonstreamingTypeAdapterFollowedByStreamingTypeAdapter": {
        "energy": 37049,
        "duration": 614428.7916666666,
        "dram": 2205.75,
        "iteration": 24,
        "stdev": 4352.322288796586
    },
    "com.google.gson.GsonTypeAdapterTest-testTypeAdapterThrowsException": {
        "energy": 37231,
        "duration": 1101532.5142857144,
        "dram": 3257.714285714286,
        "iteration": 35,
        "stdev": 46088.53794419465
    },