{
    "com.google.gson.functional.TypeAdapterPrecedenceTest-testStreamingFollowedByNonstreaming": {
        "energy": 36438,
        "duration": 702086.64,
        "dram": 2665.8,
        "iteration": 25,
        "stdev": 7649.453109445144
    },
    "com.google.gson.functional.StreamingTypeAdaptersTest-testNullSafe": {
        "energy": 39612,
        "duration": 1572252.1649484537,
        "dram": 4096.7525773195875,
        "iteration": 97,
        "stdev": 14081.114965743987
    },
    "com.google.gson.functional.ReadersWritersTest-testReadWriteTwoObjects": {
        "energy": 40649,
        "duration": 1375503.462686567,
        "dram": 4101.55223880597,
        "iteration": 67,
        "stdev": 17045.44370313535
    },
    "com.google.gson.functional.TypeAdapterPrecedenceTest-testSerializeNonstreamingTypeAdapterFollowedByStreamingTypeAdapter": {
        "energy": 37659,
        "duration": 599115.2222222222,
        "dram": 2350.5925925925926,
        "iteration": 27,
        "stdev": 4703.289651942413
    },
    "com.google.gson.JsonParserTest-testReadWriteTwoObjects": {
        "energy": 42908,
        "duration": 6868136.197674419,
        "dram": 22082.337209302324,
        "iteration": 86,
        "stdev": 542359.2769226778
    },
    "com.google.gson.functional.ParameterizedTypesTest-testVariableTypeArrayDeserialization": {
        "energy": 39429,
        "duration": 1522991.9680851065,
        "dram": 3793.276595744681,
        "iteration": 94,
        "stdev": 15271.135375370659
    },
    "com.google.gson.OverrideCoreTypeAdaptersTest-testOverridePrimitiveBooleanAdapter": {
        "energy": 40649,
        "duration": 603590.0,
        "dram": 2909.4074074074074,
        "iteration": 27,
        "stdev": 4139.337177147806
    },
    "com.google.gson.functional.TypeVariableTest-testAdvancedTypeVariables": {
        "energy": 79772,
        "duration": 5853202.595959596,
        "dram": 18373.31313131313,
        "iteration": 99,
        "stdev": 454204.25368069764
    },
    "com.google.gson.GsonTypeAdapterTest-testTypeAdapterProperlyConvertsTypes": {
        "energy": 38330,
        "duration": 618846.8965517242,
        "dram": 2718.655172413793,
        "iteration": 29,
        "stdev": 4785.80718146075
    },
    "com.google.gson.functional.ParameterizedTypesTest-testVariableTypeDeserialization": {
        "energy": 37902,
        "duration": 1483537.4897959183,
        "dram": 3759.8367346938776,
        "iteration": 98,
        "stdev": 12221.661555718523
    },
    "com.google.gson.functional.MapAsArrayTypeAdapterTest-testSerializeComplexMapWithTypeAdapter": {
        "energy": 115966,
        "duration": 6427507.777777778,
        "dram": 20733.535353535353,
        "iteration": 99,
        "stdev": 455099.6493274013
    },
    "com.google.gson.functional.ParameterizedTypesTest-testParameterizedTypeGenericArraysDeserialization": {
        "energy": 37353,
        "duration": 1490261.6842105263,
        "dram": 3804.3894736842103,
        "iteration": 95,
        "stdev": 13419.438045526667
    },
    "com.google.gson.functional.EscapingTest-testGsonAcceptsEscapedAndNonEscapedJsonDeserialization": {
        "energy": 37964,
        "duration": 1151835.3636363635,
        "dram": 3470.4242424242425,
        "iteration": 66,
        "stdev": 10418.720089572751
    },
    "com.google.gson.functional.NamingPolicyTest-testComplexFieldNameStrategy": {
        "energy": 37781,
        "duration": 1156352.445945946,
        "dram": 3269.472972972973,
        "iteration": 74,
        "stdev": 6243.8489925073045
    },
    "com.google.gson.functional.CustomTypeAdaptersTest-testRegisterHierarchyAdapterForDate": {
        "energy": 36926,
        "duration": 1271450.7101449275,
        "dram": 3272.246376811594,
        "iteration": 69,
        "stdev": 8972.5620910669
    },
    "com.google.gson.functional.TypeVariableTest-testTypeVariablesViaTypeParameter": {
        "energy": 39795,
        "duration": 1510596.414893617,
        "dram": 4178.797872340426,
        "iteration": 94,
        "stdev": 15399.743782004318
    },
    "com.google.gson.functional.TypeHierarchyAdapterTest-testTypeHierarchy": {
        "energy": 133728,
        "duration": 7425826.353535353,
        "dram": 23875.10101010101,
        "iteration": 99,
        "stdev": 444906.78968878515
    },
    "com.google.gson.functional.CollectionTest-testWildcardCollectionField": {
        "energy": 41138,
        "duration": 1643421.2173913044,
        "dram": 4132.173913043478,
        "iteration": 92,
        "stdev": 15688.148639193385
    },
    "com.google.gson.functional.TypeAdapterPrecedenceTest-testNonstreamingFollowedByNonstreaming": {
        "energy": 42176,
        "duration": 3952099.3020833335,
        "dram": 12638.552083333334,
        "iteration": 96,
        "stdev": 379278.8215478813
    },
    "com.google.gson.functional.ParameterizedTypesTest-testVariableTypeFieldsAndGenericArraysDeserialization": {
        "energy": 42175,
        "duration": 1901372.7575757576,
        "dram": 4943.232323232323,
        "iteration": 99,
        "stdev": 30200.54098467043
    },
    "com.google.gson.functional.ParameterizedTypesTest-testParameterizedTypeWithVariableTypeDeserialization": {
        "energy": 37354,
        "duration": 1442351.9791666667,
        "dram": 3724.6145833333335,
        "iteration": 96,
        "stdev": 12945.51038043625
    },
    "com.google.gson.functional.DelegateTypeAdapterTest-testDelegateInvoked": {
        "energy": 78369,
        "duration": 3362400.0606060605,
        "dram": 10281.666666666666,
        "iteration": 99,
        "stdev": 145883.66211504818
    },
    "com.google.gson.functional.MapAsArrayTypeAdapterTest-testMultipleEnableComplexKeyRegistrationHasNoEffect": {
        "energy": 38208,
        "duration": 1219434.7368421052,
        "dram": 3405.0526315789475,
        "iteration": 76,
        "stdev": 8402.398248775462
    },
    "com.google.gson.functional.CollectionTest-testFieldIsArrayList": {
        "energy": 39001,
        "duration": 1065733.3698630137,
        "dram": 2981.849315068493,
        "iteration": 73,
        "stdev": 4716.115865062352
    },
    "com.google.gson.functional.UncategorizedTest-testGsonInstanceReusableForSerializationAndDeserialization": {
        "energy": 37841,
        "duration": 946602.0,
        "dram": 3170.8636363636365,
        "iteration": 44,
        "stdev": 4641.780875012546
    },
    "com.google.gson.functional.EscapingTest-testGsonDoubleDeserialization": {
        "energy": 37903,
        "duration": 871286.3725490196,
        "dram": 2722.176470588235,
        "iteration": 51,
        "stdev": 10640.426677103644
    },
    "com.google.gson.OverrideCoreTypeAdaptersTest-testOverrideWrapperBooleanAdapter": {
        "energy": 39002,
        "duration": 8048486.52631579,
        "dram": 25780.86842105263,
        "iteration": 38,
        "stdev": 557212.7493583421
    },
    "com.google.gson.functional.TypeAdapterPrecedenceTest-testStreamingFollowedByNonstreamingHierarchical": {
        "energy": 38268,
        "duration": 565683.1935483871,
        "dram": 2798.3870967741937,
        "iteration": 31,
        "stdev": 4889.430535714727
    },
    "com.google.gson.functional.DefaultTypeAdaptersTest-testBitSetDeserialization": {
        "energy": 35218,
        "duration": 762876.6666666666,
        "dram": 2436.974358974359,
        "iteration": 39,
        "stdev": 4157.311693956812
    },
    "com.google.gson.functional.TypeAdapterPrecedenceTest-testStreamingHierarchicalFollowedByNonstreaming": {
        "energy": 38696,
        "duration": 599944.8695652174,
        "dram": 1885.2173913043478,
        "iteration": 23,
        "stdev": 4220.815165984697
    },
    "com.google.gson.functional.EscapingTest-testEscapingObjectFields": {
        "energy": 41077,
        "duration": 1908815.9259259258,
        "dram": 5773.7962962962965,
        "iteration": 54,