{
    "com.google.gson.functional.JsonTreeTest-testToJsonTreeObjectType": {
        "energy": 186218,
        "duration": 5110252.19047619,
        "dram": 14837.666666666666,
        "iteration": 84,
        "stdev": 129342.56366410019
    },
    "com.google.gson.functional.JsonTreeTest-testToJsonTree": {
        "energy": 189269,
        "duration": 5870203.038961039,
        "dram": 17275.974025974025,
        "iteration": 77,
        "stdev": 116588.15240692328
    },
    "com.google.gson.JsonObjectTest-testAddingAndRemovingObjectProperties": {
        "energy": 86609,
        "duration": 2919920.1025641025,
        "dram": 6489.48717948718,
        "iteration": 39,
        "stdev": 58852.1232040213
    }
}