{
    "com.google.gson.functional.StringTest-testSingleQuoteInStringSerialization": {
        "energy": 77085.35820895522,
        "duration": 3141167.7164179105,
        "dram": 7700.0298507462685,
        "iteration": 67,
        "stdev": 27902.59002138578
    },
    "com.google.gson.functional.EscapingTest-testGsonAcceptsEscapedAndNonEscapedJsonDeserialization": {
        "energy": 144060.45454545456,
        "duration": 4794615.424242424,
        "dram": 14658.282828282829,
        "iteration": 99,
        "stdev": 171223.20112537808
    },
    "com.google.gson.functional.EscapingTest-testEscapingObjectFields": {
        "energy": 176747.48387096773,
        "duration": 5930896.623655914,
        "dram": 17316.483870967742,
        "iteration": 93,
        "stdev": 128918.38313141179
    }
}