{
    "com.google.gson.functional.StringTest-testSingleQuoteInStringSerialization": {
        "energy": 88134,
        "duration": 3017155.878787879,
        "dram": 7120.772727272727,
        "iteration": 66,
        "stdev": 31956.897228988488
    },
    "com.google.gson.functional.EscapingTest-testGsonAcceptsEscapedAndNonEscapedJsonDeserialization": {
        "energy": 42175,
        "duration": 4867260.555555556,
        "dram": 14613.646464646465,
        "iteration": 99,
        "stdev": 165262.28469290625
    },
    "com.google.gson.functional.EscapingTest-testEscapingObjectFields": {
        "energy": 189392,
        "duration": 6176573.494505495,
        "dram": 18565.46153846154,
        "iteration": 91,
        "stdev": 146212.0110688623
    }
}