{
    "com.google.gson.DefaultDateTypeAdapterTest-testParsingDatesFormattedWithUsLocale": {
        "energy": 597391.9940246528,
        "duration": 17781059.438481398,
        "dram": 56414.58185881373,
        "iteration": 99
    },
    "com.google.gson.functional.DefaultTypeAdaptersTest-testDateSerializationWithPatternNotOverridenByTypeAdapter": {
        "energy": 35749.2570473375,
        "duration": 900431.0502240167,
        "dram": 3250.0110824589665,
        "iteration": 64
    },
    "com.google.gson.functional.DefaultTypeAdaptersTest-testDefaultJavaSqlTimestampDeserialization": {
        "energy": 36328.689820467356,
        "duration": 1164188.3636767198,
        "dram": 3333.345846248348,
        "iteration": 89
    },
    "com.google.gson.functional.DefaultTypeAdaptersTest-testDateSerializationWithPattern": {
        "energy": 49411.31637604809,
        "duration": 1654883.6330272073,
        "dram": 5052.310383472696,
        "iteration": 82
    },
    "com.google.gson.functional.DefaultTypeAdaptersTest-testDefaultJavaSqlTimestampSerialization": {
        "energy": 35953.15337888058,
        "duration": 1198437.6741568642,
        "dram": 3301.4015508633393,
        "iteration": 68
    },
    "com.google.gson.DefaultDateTypeAdapterTest-testFormattingInEnUs": {
        "energy": 83572.08699399288,
        "duration": 2764809.6890958133,
        "dram": 8009.296118695784,
        "iteration": 99
    },
    "com.google.gson.DefaultDateTypeAdapterTest-testFormatUsesDefaultTimezone": {
        "energy": 594410.1471254509,
        "duration": 16712453.17636796,
        "dram": 57369.36521491936,
        "iteration": 99
    },
    "com.google.gson.DefaultDateTypeAdapterTest-testDatePattern": {
        "energy": 32657.444031622057,
        "duration": 930837.9771615227,
        "dram": 1531.0905934467605,
        "iteration": 60
    },
    "com.google.gson.functional.DefaultTypeAdaptersTest-testSqlDateSerialization": {
        "energy": 35424.330230629566,
        "duration": 824193.2008625076,
        "dram": 3238.859980338987,
        "iteration": 54
    },
    "com.google.gson.functional.ObjectTest-testDateAsMapObjectField": {
        "energy": 51727.461309267695,
        "duration": 2101088.062379144,
        "dram": 4706.68318846577,
        "iteration": 99
    },
    "com.google.gson.functional.DefaultTypeAdaptersTest-testDefaultDateDeserializationUsingBuilder": {
        "energy": 58959.56650126183,
        "duration": 2006830.9900865431,
        "dram": 6135.753358307869,
        "iteration": 96
    },
    "com.google.gson.functional.DefaultTypeAdaptersTest-testNullSerialization": {
        "energy": 314549.61802160915,
        "duration": 10342647.141835352,
        "dram": 30719.820058831465,
        "iteration": 99
    },
    "com.google.gson.functional.DefaultTypeAdaptersTest-testDateDeserializationWithPattern": {
        "energy": 36062.52860797215,
        "duration": 1116382.8078454128,
        "dram": 3358.426884171935,
        "iteration": 63
    },
    "com.google.gson.functional.DefaultTypeAdaptersTest-testDateSerializationInCollection": {
        "energy": 43168.50570612336,
        "duration": 1572469.178453075,
        "dram": 3446.2959816429548,
        "iteration": 99
    },
    "com.google.gson.DefaultDateTypeAdapterTest-testParsingDatesFormattedWithSystemLocale": {
        "energy": 306361.1715334659,
        "duration": 9991942.323090693,
        "dram": 30043.335440851413,
        "iteration": 99
    },
    "com.google.gson.DefaultDateTypeAdapterTest-testFormattingInFr": {
        "energy": 140410.80186898983,
        "duration": 4523722.531900559,
        "dram": 13649.433815706368,
        "iteration": 99
    },
    "com.google.gson.functional.DefaultTypeAdaptersTest-testDefaultDateSerialization": {
        "energy": 29806.835365016348,
        "duration": 1079202.6873736416,
        "dram": 2816.1924475576725,
        "iteration": 72
    },
    "com.google.gson.functional.DefaultTypeAdaptersTest-testDefaultDateDeserialization": {
        "energy": 42512.38308895771,
        "duration": 1602221.2801612602,
        "dram": 3735.895733718353,
        "iteration": 97
    },
    "com.google.gson.functional.DefaultTypeAdaptersTest-testTimestampSerialization": {
        "energy": 38760.47099827175,
        "duration": 916165.729929861,
        "dram": 2354.093401246017,
        "iteration": 55
    },
    "com.google.gson.DefaultDateTypeAdapterTest-testDateSerialization": {
        "energy": 33799.557154328984,
        "duration": 870555.9752198262,
        "dram": 1433.6305810616766,
        "iteration": 58
    },
    "com.google.gson.functional.DefaultTypeAdaptersTest-testDefaultDateSerializationUsingBuilder": {
        "energy": 34076.387315363696,
        "duration": 912652.4071633683,
        "dram": 3379.459924181131,
        "iteration": 59
    }
}