{
    "com.google.gson.DefaultDateTypeAdapterTest-testParsingDatesFormattedWithUsLocale": {
        "energy": 426452,
        "duration": 20174868.727272727,
        "dram": 68184.30303030302,
        "iteration": 99,
        "stdev": 494258.0861822755
    },
    "com.google.gson.functional.DefaultTypeAdaptersTest-testDateSerializationWithPatternNotOverridenByTypeAdapter": {
        "energy": 35095,
        "duration": 932739.640625,
        "dram": 3017.921875,
        "iteration": 64,
        "stdev": 3501.4863645992696
    },
    "com.google.gson.functional.DefaultTypeAdaptersTest-testDefaultJavaSqlTimestampDeserialization": {
        "energy": 35034,
        "duration": 1256881.6404494382,
        "dram": 3384.191011235955,
        "iteration": 89,
        "stdev": 6233.206016917555
    },
    "com.google.gson.functional.DefaultTypeAdaptersTest-testDateSerializationWithPattern": {
        "energy": 39673,
        "duration": 1696685.6585365853,
        "dram": 4769.4390243902435,
        "iteration": 82,
        "stdev": 16462.225738757057
    },
    "com.google.gson.functional.DefaultTypeAdaptersTest-testDefaultJavaSqlTimestampSerialization": {
        "energy": 34546,
        "duration": 1070462.7647058824,
        "dram": 3234.514705882353,
        "iteration": 68,
        "stdev": 3840.8617802755753
    },
    "com.google.gson.DefaultDateTypeAdapterTest-testFormattingInEnUs": {
        "energy": 73669,
        "duration": 2698585.4444444445,
        "dram": 8081.474747474747,
        "iteration": 99,
        "stdev": 32838.86308666628
    },
    "com.google.gson.DefaultDateTypeAdapterTest-testFormatUsesDefaultTimezone": {
        "energy": 66589,
        "duration": 2806528.777777778,
        "dram": 8239.414141414141,
        "iteration": 99,
        "stdev": 148036.35075119507
    },
    "com.google.gson.functional.DefaultTypeAdaptersTest-testSqlDateSerialization": {
        "energy": 35401,
        "duration": 856140.0185185185,
        "dram": 3147.037037037037,
        "iteration": 54,
        "stdev": 3420.658469939644
    },
    "com.google.gson.functional.ObjectTest-testDateAsMapObjectField": {
        "energy": 65308,
        "duration": 5200656.5050505055,
        "dram": 15297.979797979799,
        "iteration": 99,
        "stdev": 171305.89403816158
    },
    "com.google.gson.functional.DefaultTypeAdaptersTest-testDefaultDateDeserializationUsingBuilder": {
        "energy": 93566,
        "duration": 2843520.90625,
        "dram": 8527.802083333334,
        "iteration": 96,
        "stdev": 48684.777349551616
    },
    "com.google.gson.functional.DefaultTypeAdaptersTest-testNullSerialization": {
        "energy": 153625,
        "duration": 12862356.545454545,
        "dram": 39808.47474747475,
        "iteration": 99,
        "stdev": 403260.5047971066
    },
    "com.google.gson.functional.DefaultTypeAdaptersTest-testDateDeserializationWithPattern": {
        "energy": 35584,
        "duration": 988006.7142857143,
        "dram": 3251.6825396825398,
        "iteration": 63,
        "stdev": 3185.193516407041
    },
    "com.google.gson.functional.DefaultTypeAdaptersTest-testDateSerializationInCollection": {
        "energy": 40283,
        "duration": 1812932.6262626264,
        "dram": 5026.10101010101,
        "iteration": 99,
        "stdev": 19080.164082784424
    },
    "com.google.gson.functional.DefaultTypeAdaptersTest-testDefaultDateSerialization": {
        "energy": 35340,
        "duration": 2591758.527777778,
        "dram": 7694.625,
        "iteration": 72,
        "stdev": 133083.6779835399
    },
    "com.google.gson.DefaultDateTypeAdapterTest-testParsingDatesFormattedWithSystemLocale": {
        "energy": 364135,
        "duration": 11676548.464646464,
        "dram": 38503.89898989899,
        "iteration": 99,
        "stdev": 224248.07033273645
    },
    "com.google.gson.functional.DefaultTypeAdaptersTest-testDefaultDateDeserialization": {
        "energy": 59997,
        "duration": 2237786.432989691,
        "dram": 6755.2474226804125,
        "iteration": 97,
        "stdev": 33457.78142873272
    },
    "com.google.gson.DefaultDateTypeAdapterTest-testFormattingInFr": {
        "energy": 116028,
        "duration": 3854792.222222222,
        "dram": 11890.40404040404,
        "iteration": 99,
        "stdev": 66081.57477887305
    },
    "com.google.gson.DefaultDateTypeAdapterTest-testDatePattern": {
        "energy": 35583,
        "duration": 925622.2166666667,
        "dram": 3125.366666666667,
        "iteration": 60,
        "stdev": 3484.6954520206405
    },
    "com.google.gson.functional.DefaultTypeAdaptersTest-testTimestampSerialization": {
        "energy": 34240,
        "duration": 916183.6909090909,
        "dram": 2864.9636363636364,
        "iteration": 55,
        "stdev": 2976.608628224381
    },
    "com.google.gson.DefaultDateTypeAdapterTest-testDateSerialization": {
        "energy": 35889,
        "duration": 944542.1724137932,
        "dram": 3273.948275862069,
        "iteration": 58,
        "stdev": 3599.3584147621564
    },
    "com.google.gson.functional.DefaultTypeAdaptersTest-testDefaultDateSerializationUsingBuilder": {
        "energy": 34119,
        "duration": 893846.2542372881,
        "dram": 3217.423728813559,
        "iteration": 59,
        "stdev": 3301.6458410023647
    }
}