{
    "com.google.gson.DefaultDateTypeAdapterTest-testParsingDatesFormattedWithUsLocale": {
        "energy": 395568,
        "duration": 16509677.181818182,
        "dram": 54712.90909090909,
        "iteration": 99,
        "stdev": 380942.1324173043
    },
    "com.google.gson.functional.DefaultTypeAdaptersTest-testDefaultJavaSqlTimestampDeserialization": {
        "energy": 34058,
        "duration": 1233188.3058823529,
        "dram": 3322.9176470588236,
        "iteration": 85,
        "stdev": 5014.541030873256
    },
    "com.google.gson.functional.DefaultTypeAdaptersTest-testDateSerializationWithPattern": {
        "energy": 40039,
        "duration": 1656566.1604938272,
        "dram": 4737.802469135802,
        "iteration": 81,
        "stdev": 16730.83092973721
    },
    "com.google.gson.DefaultDateTypeAdapterTest-testFormattingInEnUs": {
        "energy": 67322,
        "duration": 2079242.4444444445,
        "dram": 6096.131313131313,
        "iteration": 99,
        "stdev": 28743.817441642248
    },
    "com.google.gson.DefaultDateTypeAdapterTest-testFormatUsesDefaultTimezone": {
        "energy": 65002,
        "duration": 2596984.1818181816,
        "dram": 7684.141414141414,
        "iteration": 99,
        "stdev": 154988.85452953287
    },
    "com.google.gson.functional.DefaultTypeAdaptersTest-testSqlDateSerialization": {
        "energy": 33875,
        "duration": 835980.4166666666,
        "dram": 3095.3958333333335,
        "iteration": 48,
        "stdev": 2523.0635973420563
    },
    "com.google.gson.functional.ObjectTest-testDateAsMapObjectField": {
        "energy": 68054,
        "duration": 6965878.03030303,
        "dram": 20162.91919191919,
        "iteration": 99,
        "stdev": 204067.092853111
    },
    "com.google.gson.functional.DefaultTypeAdaptersTest-testDefaultDateDeserializationUsingBuilder": {
        "energy": 92041,
        "duration": 2875310.1134020616,
        "dram": 8546.237113402061,
        "iteration": 97,
        "stdev": 43496.61843252559
    },
    "com.google.gson.functional.DefaultTypeAdaptersTest-testNullSerialization": {
        "energy": 137756,
        "duration": 10448184.121212121,
        "dram": 32018.272727272728,
        "iteration": 99,
        "stdev": 355320.46351941663
    },
    "com.google.gson.functional.DefaultTypeAdaptersTest-testDefaultDateSerialization": {
        "energy": 37232,
        "duration": 3880888.9166666665,
        "dram": 11953.611111111111,
        "iteration": 72,
        "stdev": 162432.2958365463
    },
    "com.google.gson.DefaultDateTypeAdapterTest-testParsingDatesFormattedWithSystemLocale": {
        "energy": 345153,
        "duration": 11403074.262626262,
        "dram": 37864.79797979798,
        "iteration": 99,
        "stdev": 245984.95841267693
    },
    "com.google.gson.functional.DefaultTypeAdaptersTest-testDefaultDateDeserialization": {
        "energy": 67627,
        "duration": 2290474.90625,
        "dram": 6861.645833333333,
        "iteration": 96,
        "stdev": 32008.10690505453
    },
    "com.google.gson.DefaultDateTypeAdapterTest-testFormattingInFr": {
        "energy": 112792,
        "duration": 3538310.0707070706,
        "dram": 10850.666666666666,
        "iteration": 99,
        "stdev": 57613.5351502592
    },
    "com.google.gson.functional.DefaultTypeAdaptersTest-testDefaultJavaSqlTimestampSerialization": {
        "energy": 35217,
        "duration": 967725.0961538461,
        "dram": 2855.25,
        "iteration": 52,
        "stdev": 4220.51064746552
    },
    "com.google.gson.functional.DefaultTypeAdaptersTest-testTimestampSerialization": {
        "energy": 33325,
        "duration": 880086.9811320754,
        "dram": 3026.7169811320755,
        "iteration": 53,
        "stdev": 3611.4203837719097
    },
    "com.google.gson.DefaultDateTypeAdapterTest-testDateSerialization": {
        "energy": 35278,
        "duration": 874288.775510204,
        "dram": 2964.122448979592,
        "iteration": 49,
        "stdev": 3379.833109917627
    },
    "com.google.gson.functional.DefaultTypeAdaptersTest-testDateSerializationInCollection": {
        "energy": 37110,
        "duration": 1762755.6701030927,
        "dram": 5113.288659793814,
        "iteration": 97,
        "stdev": 18201.01153876698
    },
    "com.google.gson.functional.DefaultTypeAdaptersTest-testDateSerializationWithPatternNotOverridenByTypeAdapter": {
        "energy": 34790,
        "duration": 835562.4081632653,
        "dram": 3022.816326530612,
        "iteration": 49,
        "stdev": 2986.5360517671284
    },
    "com.google.gson.functional.DefaultTypeAdaptersTest-testDateDeserializationWithPattern": {
        "energy": 33997,
        "duration": 909170.5,
        "dram": 3213.8548387096776,
        "iteration": 62,
        "stdev": 3008.5578749614765
    },
    "com.google.gson.functional.DefaultTypeAdaptersTest-testDefaultDateSerializationUsingBuilder": {
        "energy": 33752,
        "duration": 859567.0769230769,
        "dram": 2786.871794871795,
        "iteration": 39,
        "stdev": 3771.8384450759286
    },
    "com.google.gson.DefaultDateTypeAdapterTest-testDatePattern": {
        "energy": 35522,
        "duration": 2290809.6304347827,
        "dram": 7501.717391304348,
        "iteration": 46,
        "stdev": 198657.98373153384
    }
}