{
    "com.google.gson.functional.NamingPolicyTest-testGsonWithLowerCaseDashPolicyDeserialiation": {
        "energy": 1359231.506659336,
        "duration": 37897384.154173374,
        "dram": 127014.62052774406,
        "iteration": 95
    },
    "com.google.gson.functional.NamingPolicyTest-testGsonWithLowerCaseDashPolicySerialization": {
        "energy": 799814.1627435697,
        "duration": 25511128.120864235,
        "dram": 73060.753512439,
        "iteration": 63
    },
    "com.google.gson.functional.NamingPolicyTest-testGsonWithLowerCaseUnderscorePolicyDeserialiation": {
        "energy": 45448.7418712377,
        "duration": 1140438.2567112488,
        "dram": 4382.539974390888,
        "iteration": 56
    },
    "com.google.gson.functional.NamingPolicyTest-testGsonWithLowerCaseUnderscorePolicySerialization": {
        "energy": 35675.596740475616,
        "duration": 1193353.6050100657,
        "dram": 3587.7700490622274,
        "iteration": 55
    }
}