{
    "com.google.gson.functional.NamingPolicyTest-testGsonWithLowerCaseDashPolicyDeserialiation": {
        "energy": 1347272.7857142857,
        "duration": 38114328.63095238,
        "dram": 127245.45238095238,
        "iteration": 84,
        "stdev": 305706.0315910832
    },
    "com.google.gson.functional.NamingPolicyTest-testGsonWithLowerCaseUnderscorePolicySerialization": {
        "energy": 34674.392857142855,
        "duration": 1069315.9464285714,
        "dram": 2969.6071428571427,
        "iteration": 56,
        "stdev": 3019.058354133498
    },
    "com.google.gson.functional.NamingPolicyTest-testGsonWithLowerCaseDashPolicySerialization": {
        "energy": 388668.1212121212,
        "duration": 10992307.378787879,
        "dram": 37885.63636363636,
        "iteration": 66,
        "stdev": 663493.8397381016
    },
    "com.google.gson.functional.NamingPolicyTest-testGsonWithLowerCaseUnderscorePolicyDeserialiation": {
        "energy": 37292.36,
        "duration": 951761.48,
        "dram": 3225.54,
        "iteration": 50,
        "stdev": 14265.586680904504
    }
}