{
    "com.google.gson.functional.NamingPolicyTest-testGsonWithLowerCaseDashPolicyDeserialiation": {
        "energy": 1446408,
        "duration": 38657932.53684211,
        "dram": 133360.2,
        "iteration": 95,
        "stdev": 342213.1641681889
    },
    "com.google.gson.functional.NamingPolicyTest-testGsonWithLowerCaseDashPolicySerialization": {
        "energy": 33264,
        "duration": 5226422.26984127,
        "dram": 16635.95238095238,
        "iteration": 63,
        "stdev": 449638.99413578684
    },
    "com.google.gson.functional.NamingPolicyTest-testGsonWithLowerCaseUnderscorePolicyDeserialiation": {
        "energy": 33264,
        "duration": 960388.5178571428,
        "dram": 3212.5714285714284,
        "iteration": 56,
        "stdev": 9167.332397470613
    },
    "com.google.gson.functional.NamingPolicyTest-testGsonWithLowerCaseUnderscorePolicySerialization": {
        "energy": 34790,
        "duration": 1103181.5636363637,
        "dram": 3422.7272727272725,
        "iteration": 55,
        "stdev": 4344.793927951431
    }
}