{
    "com.google.gson.internal.bind.JsonElementReaderTest-testSkipValue": {
        "energy": 213778.7142857143,
        "duration": 6614840.516483516,
        "dram": 18662.67032967033,
        "iteration": 91,
        "stdev": 280023.5454069354
    },
    "com.google.gson.functional.ExclusionStrategyFunctionalTest-testExclusionStrategyWithMode": {
        "energy": 43492.72727272727,
        "duration": 1624441.9090909092,
        "dram": 4127.69696969697,
        "iteration": 99,
        "stdev": 14777.894961437381
    },
    "com.google.gson.functional.CustomDeserializerTest-testJsonTypeFieldBasedDeserialization": {
        "energy": 115174.29292929293,
        "duration": 3849977.8181818184,
        "dram": 10488.787878787878,
        "iteration": 99,
        "stdev": 64017.674280213636
    },
    "com.google.gson.internal.bind.JsonTreeReaderTest-testSkipValue_filledJsonObject": {
        "energy": 40007.32142857143,
        "duration": 1174330.3035714286,
        "dram": 3301.1785714285716,
        "iteration": 56,
        "stdev": 17547.32504248678
    },
    "com.google.gson.functional.ExclusionStrategyFunctionalTest-testExclusionStrategyDeserialization": {
        "energy": 326067.44444444444,
        "duration": 10102398.787878787,
        "dram": 29358.323232323233,
        "iteration": 99,
        "stdev": 434163.5393452243
    },
    "com.google.gson.functional.JsonParserTest-testBadFieldTypeForDeserializingCustomTree": {
        "energy": 97273.19191919192,
        "duration": 3247821.8080808083,
        "dram": 8918.131313131313,
        "iteration": 99,
        "stdev": 65561.37332990029
    },
    "com.google.gson.internal.bind.JsonTreeReaderTest-testSkipValue_emptyJsonObject": {
        "energy": 89374.63414634146,
        "duration": 2954128.8536585364,
        "dram": 7524.682926829269,
        "iteration": 41,
        "stdev": 58215.01000967986
    }
}