{
    "com.google.gson.functional.ExclusionStrategyFunctionalTest-testExclusionStrategyWithMode": {
        "energy": 45202.15341107493,
        "duration": 1690877.5691520795,
        "dram": 4024.2444233386086,
        "iteration": 99
    },
    "com.google.gson.functional.CustomDeserializerTest-testJsonTypeFieldBasedDeserialization": {
        "energy": 80596.59971546773,
        "duration": 2467275.852362381,
        "dram": 7334.753687017802,
        "iteration": 99
    },
    "com.google.gson.internal.bind.JsonTreeReaderTest-testSkipValue_emptyJsonObject": {
        "energy": 94384.47355577876,
        "duration": 3159017.2835495076,
        "dram": 8273.56756430799,
        "iteration": 41
    },
    "com.google.gson.functional.ExclusionStrategyFunctionalTest-testExclusionStrategyDeserialization": {
        "energy": 351261.7852413772,
        "duration": 10735428.898257924,
        "dram": 31009.395995869017,
        "iteration": 99
    },
    "com.google.gson.functional.JsonParserTest-testBadFieldTypeForDeserializingCustomTree": {
        "energy": 121789.19099402321,
        "duration": 4997144.674642169,
        "dram": 13893.980714068091,
        "iteration": 99
    },
    "com.google.gson.internal.bind.JsonElementReaderTest-testSkipValue": {
        "energy": 182075.941419242,
        "duration": 5756317.152434194,
        "dram": 16093.179577171968,
        "iteration": 91
    },
    "com.google.gson.internal.bind.JsonTreeReaderTest-testSkipValue_filledJsonObject": {
        "energy": 37641.86407658153,
        "duration": 994761.3090341494,
        "dram": 3163.9840661246135,
        "iteration": 56
    }
}