{
    "com.google.gson.internal.bind.JsonElementReaderTest-testSkipValue": {
        "energy": 39734,
        "duration": 6476840.397590362,
        "dram": 18611.024096385543,
        "iteration": 83,
        "stdev": 280107.4082360504
    },
    "com.google.gson.functional.ExclusionStrategyFunctionalTest-testExclusionStrategyWithMode": {
        "energy": 36560,
        "duration": 1581470.4646464647,
        "dram": 3711.151515151515,
        "iteration": 99,
        "stdev": 15026.968345666639
    },
    "com.google.gson.functional.CustomDeserializerTest-testJsonTypeFieldBasedDeserialization": {
        "energy": 75378,
        "duration": 3633071.5555555555,
        "dram": 9663.0101010101,
        "iteration": 99,
        "stdev": 65545.47624252495
    },
    "com.google.gson.functional.ExclusionStrategyFunctionalTest-testExclusionStrategyDeserialization": {
        "energy": 113220,
        "duration": 13588580.313131314,
        "dram": 40060.50505050505,
        "iteration": 99,
        "stdev": 503883.0380764133
    },
    "com.google.gson.functional.JsonParserTest-testBadFieldTypeForDeserializingCustomTree": {
        "energy": 75500,
        "duration": 3874727.303030303,
        "dram": 10030.151515151516,
        "iteration": 99,
        "stdev": 76551.88130583138
    }
}