{
    "org.apache.commons.io.FileUtilsTestCase-testIterateFiles": {
        "energy": 109763.15620911923,
        "duration": 3680583.689074125,
        "dram": 10708.60492553769,
        "iteration": 99
    },
    "org.apache.commons.io.FileUtilsTestCase-testListFiles": {
        "energy": 84952.54896236729,
        "duration": 2586415.400313509,
        "dram": 7685.481243503656,
        "iteration": 99
    },
    "org.apache.commons.io.FileUtilsTestCase-testIterateFilesAndDirs": {
        "energy": 74478.01930165262,
        "duration": 3088443.1987832626,
        "dram": 9164.124001974953,
        "iteration": 99
    },
    "org.apache.commons.io.FileUtilsTestCase-testListFilesWithDirs": {
        "energy": 478717.8853036134,
        "duration": 13317070.898900468,
        "dram": 42511.196921883355,
        "iteration": 99
    },
    "org.apache.commons.io.FileUtilsListFilesTestCase-testListFiles": {
        "energy": 502905.5699115395,
        "duration": 16561647.54805864,
        "dram": 53315.62576224018,
        "iteration": 99
    }
}