{
    "org.apache.commons.io.FileUtilsTestCase-testIterateFiles": {
        "energy": 178872.74672482364,
        "duration": 4754103.848838034,
        "dram": 16606.99888957118,
        "iteration": 99
    },
    "org.apache.commons.io.FileUtilsTestCase-testListFiles": {
        "energy": 110641.79159666353,
        "duration": 3371281.1306147203,
        "dram": 11053.343297400694,
        "iteration": 99
    },
    "org.apache.commons.io.FileUtilsTestCase-testIterateFilesAndDirs": {
        "energy": 150131.38135900637,
        "duration": 4436843.683973078,
        "dram": 12793.315357349658,
        "iteration": 99
    },
    "org.apache.commons.io.FileUtilsTestCase-testListFilesWithDirs": {
        "energy": 501277.1434375253,
        "duration": 14083314.564078184,
        "dram": 45458.98545868091,
        "iteration": 99
    },
    "org.apache.commons.io.FileUtilsListFilesTestCase-testListFiles": {
        "energy": 524106.97158115753,
        "duration": 16762674.185985073,
        "dram": 53094.135593130144,
        "iteration": 99
    }
}