{
    "com.google.gson.stream.JsonWriterTest-testNonFiniteDoubles": {
        "energy": 48757.14641979328,
        "duration": 1510938.0159405144,
        "dram": 3203.682810324186,
        "iteration": 37
    },
    "com.google.gson.stream.JsonWriterTest-testDoubles": {
        "energy": 39446.95864343089,
        "duration": 980026.2242135282,
        "dram": 3074.937640085068,
        "iteration": 63
    },
    "com.google.gson.stream.JsonWriterTest-testTopLevelValueTypes": {
        "energy": 172171.09338762608,
        "duration": 5592524.732024472,
        "dram": 15364.121338505829,
        "iteration": 76
    },
    "com.google.gson.stream.JsonWriterTest-testPrettyPrintObject": {
        "energy": 99312.48290650282,
        "duration": 3158542.5530247972,
        "dram": 9228.774293015593,
        "iteration": 40
    },
    "com.google.gson.stream.JsonWriterTest-testPrettyPrintArray": {
        "energy": 37066.24727702141,
        "duration": 581557.7795174122,
        "dram": 2865.1776230335236,
        "iteration": 23
    }
}