{
    "com.google.gson.stream.JsonWriterTest-testNonFiniteDoubles": {
        "energy": 64060.39897053939,
        "duration": 2211231.1846272307,
        "dram": 5764.179947369081,
        "iteration": 39
    },
    "com.google.gson.stream.JsonWriterTest-testTopLevelValueTypes": {
        "energy": 77317.83789288875,
        "duration": 2283022.201922166,
        "dram": 5291.125464996763,
        "iteration": 77
    },
    "com.google.gson.stream.JsonWriterTest-testPrettyPrintObject": {
        "energy": 101920.59895777021,
        "duration": 3795359.9281713907,
        "dram": 9142.291965183782,
        "iteration": 47
    },
    "com.google.gson.stream.JsonWriterTest-testDoubles": {
        "energy": 35232.12716855888,
        "duration": 1522734.3248499308,
        "dram": 2742.5427394479884,
        "iteration": 64
    },
    "com.google.gson.stream.JsonWriterTest-testPrettyPrintArray": {
        "energy": 35158.5943479538,
        "duration": 667915.7019386292,
        "dram": 2452.3021087646484,
        "iteration": 22
    }
}