{
  "com.google.gson.functional.JsonAdapterSerializerDeserializerTest#testJsonSerializerDeserializerBasedJsonAdapterOnFields": {
    "dataV1": {
      "energy": 2740410.0,
      "instructions": 1.04423623E8,
      "durations": 1.35254017E8,
      "cycles": 1.20991507E8,
      "caches": 3518613.0,
      "cacheMisses": 37635.0,
      "branches": 2.0563589E7,
      "branchMisses": 1227955.0
    },
    "dataV2": {
      "energy": 2650628.0,
      "instructions": 1.04579956E8,
      "durations": 1.32259667E8,
      "cycles": 1.20815984E8,
      "caches": 3507834.0,
      "cacheMisses": 37720.0,
      "branches": 2.0590837E7,
      "branchMisses": 1216529.0
    },
    "energy": -89782.0,
    "instructions": 156333.0,
    "durations": -2994350.0,
    "cycles": -175523.0,
    "caches": -10779.0,
    "cacheMisses": 85.0,
    "branches": 27248.0,
    "branchMisses": -11426.0
  },
  "com.google.gson.functional.TypeHierarchyAdapterTest#testTypeHierarchy": {
    "dataV1": {
      "energy": 409545.0,
      "instructions": 1.7103002E7,
      "durations": 2.0536048E7,
      "cycles": 2.0164088E7,
      "caches": 511982.0,
      "cacheMisses": 3895.0,
      "branches": 3415906.0,
      "branchMisses": 202586.0
    },
    "dataV2": {
      "energy": 327392.0,
      "instructions": 1.6846079E7,
      "durations": 1.9009517E7,
      "cycles": 1.9783303E7,
      "caches": 510384.0,
      "cacheMisses": 3760.0,
      "branches": 3367587.0,
      "branchMisses": 195417.0
    },
    "energy": -82153.0,
    "instructions": -256923.0,
    "durations": -1526531.0,
    "cycles": -380785.0,
    "caches": -1598.0,
    "cacheMisses": -135.0,
    "branches": -48319.0,
    "branchMisses": -7169.0
  }
}