{
    "com.google.gson.internal.LinkedHashTreeMapTest-testDoubleCapacity": {
        "energy": 75884.64864864865,
        "duration": 2370860.878378378,
        "dram": 7044.986486486487,
        "iteration": 74,
        "stdev": 56876.238643460805
    }
}