{
    "com.google.gson.functional.StreamingTypeAdaptersTest-testDeserializeMap": {
        "energy": 35340,
        "duration": 886622.8695652174,
        "dram": 2615.2391304347825,
        "iteration": 46,
        "stdev": 12101.859676413342
    },
    "com.google.gson.functional.StreamingTypeAdaptersTest-testDeserialize2dArray": {
        "energy": 34790,
        "duration": 891602.8245614035,
        "dram": 2992.1754385964914,
        "iteration": 57,
        "stdev": 2903.696686451038
    },
    "com.google.gson.functional.StreamingTypeAdaptersTest-testDeserialize": {
        "energy": 36559,
        "duration": 2212836.425531915,
        "dram": 5820.212765957447,
        "iteration": 47,
        "stdev": 43966.42592941562
    },
    "com.google.gson.functional.StreamingTypeAdaptersTest-testDeserializeNullField": {
        "energy": 44617,
        "duration": 2586958.7924528304,
        "dram": 6543.301886792453,
        "iteration": 53,
        "stdev": 39967.45828211017
    },
    "com.google.gson.ObjectTypeAdapterTest-testDeserialize": {
        "energy": 116638,
        "duration": 3530029.7263157894,
        "dram": 9083.494736842105,
        "iteration": 95,
        "stdev": 56031.930666580534
    },
    "com.google.gson.functional.StreamingTypeAdaptersTest-testDeserializeWithCustomTypeAdapter": {
        "energy": 63111,
        "duration": 2087909.2444444445,
        "dram": 5990.977777777778,
        "iteration": 90,
        "stdev": 24404.97544830197
    },
    "com.google.gson.functional.StreamingTypeAdaptersTest-testDeserialize1dArray": {
        "energy": 33996,
        "duration": 942554.088888889,
        "dram": 2585.6444444444446,
        "iteration": 45,
        "stdev": 6709.453517368489
    },
    "com.google.gson.functional.StreamingTypeAdaptersTest-testDeserializeNullObject": {
        "energy": 36132,
        "duration": 1158899.8214285714,
        "dram": 3901.6785714285716,
        "iteration": 28,
        "stdev": 26789.903387926555
    }
}