{
    "com.google.gson.functional.EnumTest-testEnumSubclassAsParameterizedType": {
        "energy": 38421.4756097561,
        "duration": 1370633.9390243902,
        "dram": 3565.256097560976,
        "iteration": 82,
        "stdev": 12242.315338985563
    },
    "com.google.gson.functional.EnumTest-testEnumSubclass": {
        "energy": 81211.37634408602,
        "duration": 2545820.0430107526,
        "dram": 7653.118279569892,
        "iteration": 93,
        "stdev": 41376.106455507696
    },
    "com.google.gson.functional.EnumTest-testClassWithEnumFieldSerialization": {
        "energy": 59935.54285714286,
        "duration": 2020185.8714285714,
        "dram": 5907.942857142857,
        "iteration": 70,
        "stdev": 30821.390813471324
    },
    "com.google.gson.functional.EnumTest-testCollectionOfEnumsDeserialization": {
        "energy": 168947.35353535353,
        "duration": 5612869.787878788,
        "dram": 15856.31313131313,
        "iteration": 99,
        "stdev": 134316.51300914426
    },
    "com.google.gson.functional.EnumTest-testClassWithEnumFieldDeserialization": {
        "energy": 58286.545454545456,
        "duration": 1990873.7424242424,
        "dram": 5674.106060606061,
        "iteration": 66,
        "stdev": 28521.00543150068
    },
    "com.google.gson.functional.DefaultTypeAdaptersTest-testNullSerialization": {
        "energy": 405054.75757575757,
        "duration": 12943438.555555556,
        "dram": 39427.444444444445,
        "iteration": 99,
        "stdev": 263347.8547764063
    },
    "com.google.gson.functional.EnumTest-testCollectionOfEnumsSerialization": {
        "energy": 35447.62686567164,
        "duration": 1077426.208955224,
        "dram": 3346.776119402985,
        "iteration": 67,
        "stdev": 5431.467828425254
    },
    "com.google.gson.functional.EnumTest-testTopLevelEnumDeserialization": {
        "energy": 41412.269230769234,
        "duration": 1052152.6923076923,
        "dram": 3552.0,
        "iteration": 26,
        "stdev": 30799.7590407129
    },
    "com.google.gson.functional.EnumTest-testTopLevelEnumSerialization": {
        "energy": 40234.64705882353,
        "duration": 856694.4117647059,
        "dram": 2743.176470588235,
        "iteration": 34,
        "stdev": 29392.815392523426
    }
}