{
    "com.google.gson.functional.EnumTest-testClassWithEnumFieldSerialization": {
        "energy": 61157,
        "duration": 1937755.775,
        "dram": 5476.775,
        "iteration": 80,
        "stdev": 27710.769197089692
    },
    "com.google.gson.functional.EnumTest-testCollectionOfEnumsDeserialization": {
        "energy": 230346,
        "duration": 6319652.051546392,
        "dram": 17966.927835051545,
        "iteration": 97,
        "stdev": 138350.28648785572
    },
    "com.google.gson.functional.EnumTest-testTopLevelEnumSerialization": {
        "energy": 35217,
        "duration": 1348905.0487804879,
        "dram": 4098.804878048781,
        "iteration": 41,
        "stdev": 44086.010325822666
    },
    "com.google.gson.functional.EnumTest-testCollectionOfEnumsSerialization": {
        "energy": 35278,
        "duration": 1347263.4078947369,
        "dram": 3673.7236842105262,
        "iteration": 76,
        "stdev": 30873.81726175639
    },
    "com.google.gson.functional.EnumTest-testTopLevelEnumDeserialization": {
        "energy": 35644,
        "duration": 1075903.8684210526,
        "dram": 3583.842105263158,
        "iteration": 38,
        "stdev": 32313.235448501237
    },
    "com.google.gson.functional.EnumTest-testClassWithEnumFieldDeserialization": {
        "energy": 40954,
        "duration": 1834460.9710144927,
        "dram": 5471.63768115942,
        "iteration": 69,
        "stdev": 25164.65908238415
    }
}