{
    "com.google.gson.functional.PrimitiveTest-testSmallValueForBigIntegerDeserialization": {
        "energy": 36743,
        "duration": 498381.0740740741,
        "dram": 2566.962962962963,
        "iteration": 27,
        "stdev": 3612.4475593423676
    },
    "com.google.gson.functional.ObjectTest-testArrayOfArraysDeserialization": {
        "energy": 38574,
        "duration": 1566510.8387096773,
        "dram": 4361.311827956989,
        "iteration": 93,
        "stdev": 17710.572174901645
    },
    "com.google.gson.functional.ParameterizedTypesTest-testVariableTypeArrayDeserialization": {
        "energy": 36377,
        "duration": 1455113.852631579,
        "dram": 4009.642105263158,
        "iteration": 95,
        "stdev": 14479.274291000105
    },
    "com.google.gson.functional.PrimitiveTest-testDoubleAsStringRepresentationDeserialization": {
        "energy": 37598,
        "duration": 1233507.2575757576,
        "dram": 3328.0,
        "iteration": 66,
        "stdev": 13706.642855675811
    },
    "com.google.gson.functional.ObjectTest-testSubInterfacesOfCollectionDeserialization": {
        "energy": 35278,
        "duration": 1267209.1780821919,
        "dram": 3391.3424657534247,
        "iteration": 73,
        "stdev": 11673.045069581123
    },
    "com.google.gson.GsonTypeAdapterTest-testDefaultTypeAdapterThrowsParseException": {
        "energy": 38269,
        "duration": 1339117.0327868853,
        "dram": 3887.967213114754,
        "iteration": 61,
        "stdev": 30470.295683175693
    },
    "com.google.gson.functional.ParameterizedTypesTest-testParameterizedTypeWithReaderDeserialization": {
        "energy": 35950,
        "duration": 1189179.7922077922,
        "dram": 3047.896103896104,
        "iteration": 77,
        "stdev": 5888.845719457501
    },
    "com.google.gson.functional.PrimitiveTest-testReallyLongValuesDeserialization": {
        "energy": 36743,
        "duration": 517585.35714285716,
        "dram": 2323.964285714286,
        "iteration": 28,
        "stdev": 3450.9967629893927
    },
    "com.google.gson.functional.PrimitiveTest-testPrimitiveDoubleAutoboxedDeserialization": {
        "energy": 36255,
        "duration": 887554.7222222222,
        "dram": 2787.6481481481483,
        "iteration": 54,
        "stdev": 3578.696295138707
    },
    "com.google.gson.functional.PrimitiveTest-testBigDecimalNoFractAsStringRepresentationDeserialization": {
        "energy": 34973,
        "duration": 518820.28,
        "dram": 2715.44,
        "iteration": 25,
        "stdev": 3136.911575164336
    },
    "com.google.gson.functional.ArrayTest-testTopLevelArrayOfIntsDeserialization": {
        "energy": 39734,
        "duration": 1536121.7413793104,
        "dram": 4526.6551724137935,
        "iteration": 58,
        "stdev": 50427.573516952696
    },
    "com.google.gson.functional.MapTest-testParameterizedMapSubclassDeserialization": {
        "energy": 37842,
        "duration": 1264559.5647058825,
        "dram": 3231.3529411764707,
        "iteration": 85,
        "stdev": 8866.283197429699
    },
    "com.google.gson.functional.DefaultTypeAdaptersTest-testBigIntegerFieldDeserialization": {
        "energy": 36316,
        "duration": 726261.9166666666,
        "dram": 2640.472222222222,
        "iteration": 36,
        "stdev": 4656.679816105271
    },
    "com.google.gson.GsonTypeAdapterTest-testTypeAdapterProperlyConvertsTypes": {
        "energy": 36743,
        "duration": 696907.9230769231,
        "dram": 2809.269230769231,
        "iteration": 26,
        "stdev": 3550.7164615796264
    },
    "com.google.gson.functional.VersioningTest-testVersionedClassesDeserialization": {
        "energy": 38025,
        "duration": 1813129.1025641025,
        "dram": 4923.666666666667,
        "iteration": 78,
        "stdev": 63819.70878765397
    },
    "com.google.gson.functional.ParameterizedTypesTest-testVariableTypeDeserialization": {
        "energy": 35706,
        "duration": 1329488.5670103093,
        "dram": 3499.4329896907216,
        "iteration": 97,
        "stdev": 11547.915539879337
    },
    "com.google.gson.functional.CustomTypeAdaptersTest-testCustomNestedDeserializers": {
        "energy": 35828,
        "duration": 1015347.1060606061,
        "dram": 2824.651515151515,
        "iteration": 66,
        "stdev": 5949.783158170305
    },
    "com.google.gson.functional.ParameterizedTypesTest-testParameterizedTypeGenericArraysDeserialization": {
        "energy": 36072,
        "duration": 1508099.1649484537,
        "dram": 3805.618556701031,
        "iteration": 97,
        "stdev": 13356.986111109305
    },
    "com.google.gson.functional.ParameterizedTypesTest-testParameterizedTypeDeserialization": {
        "energy": 37720,
        "duration": 2083307.3608247424,
        "dram": 5781.329896907217,
        "iteration": 97,
        "stdev": 63297.242814091725
    },
    "com.google.gson.functional.ConcurrencyTest-testMultiThreadDeserialization": {
        "energy": 368591,
        "duration": 10627631.515151516,
        "dram": 33610.51515151515,
        "iteration": 99,
        "stdev": 103921.95498452349
    },
    "com.google.gson.functional.EscapingTest-testEscapingObjectFields": {
        "energy": 40161,
        "duration": 2049728.705882353,
        "dram": 6034.455882352941,
        "iteration": 68,
        "stdev": 64924.02672363481
    },
    "com.google.gson.functional.MapTest-testMapDeserialization": {
        "energy": 38147,
        "duration": 1556508.7352941176,
        "dram": 4704.058823529412,
        "iteration": 68,
        "stdev": 46220.86765206056
    },
    "com.google.gson.GsonTypeAdapterTest-testTypeAdapterThrowsException": {
        "energy": 39063,
        "duration": 766612.8205128205,
        "dram": 3081.230769230769,
        "iteration": 39,
        "stdev": 4216.558596739409
    },
    "com.google.gson.functional.ConcurrencyTest-testSingleThreadDeserialization": {
        "energy": 65735,
        "duration": 2434352.8080808083,
        "dram": 6645.131313131313,
        "iteration": 99,
        "stdev": 58742.17864670679
    },
    "com.google.gson.functional.ObjectTest-testArrayOfObjectsDeserialization": {
        "energy": 36254,
        "duration": 1128881.0533333332,
        "dram": 3269.5466666666666,
        "iteration": 75,
        "stdev": 11199.246142931031
    },
    "com.google.gson.functional.ParameterizedTypesTest-testVariableTypeFieldsAndGenericArraysDeserialization": {
        "energy": 68481,
        "duration": 2158746.121212121,
        "dram": 6177.030303030303,
        "iteration": 99,
        "stdev": 23978.790646185353
    },
    "com.google.gson.functional.ParameterizedTypesTest-testTypesWithMultipleParametersDeserialization": {
        "energy": 35706,
        "duration": 1415957.4352941175,
        "dram": 3703.3411764705884,
        "iteration": 85,
        "stdev": 14498.357910283192
    },
    "com.google.gson.functional.PrimitiveTest-testBigDecimalAsStringRepresentationDeserialization": {
        "energy": 36377,
        "duration": 586267.0555555555,
        "dram": 2705.6666666666665,
        "iteration": 18,
        "stdev": 3829.301630636461
    },
    "com.google.gson.functional.VersioningTest-testIgnoreLaterVersionClassDeserialization": {
        "energy": 37659,
        "duration": 693375.7692307692,
        "dram": 2604.5897435897436,
        "iteration": 39,
        "stdev": 3340.7324920096435
    },
    "com.google.gson.functional.PrimitiveTest-testBadValueForBigIntegerDeserialization": {
        "energy": 36621,
        "duration": 652512.28125,
        "dram": 2837.25,
        "iteration": 32,
        "stdev": 4390.365010095971
    },
    "com.google.gson.functional.ObjectTest-testNestedDeserialization": {
        "energy": 35705,
        "duration": 976932.4912280702,
        "dram": 3140.561403508772,
        "iteration": 57,
        "stdev": 5162.767380120598
    },