{
    "com.google.gson.functional.ObjectTest-testArrayOfArraysDeserialization": {
        "energy": 43884,
        "duration": 1586650.0,
        "dram": 4695.922222222222,
        "iteration": 90,
        "stdev": 18201.70287901114
    },
    "com.google.gson.functional.ParameterizedTypesTest-testVariableTypeArrayDeserialization": {
        "energy": 34729,
        "duration": 1474227.2842105264,
        "dram": 3695.2526315789473,
        "iteration": 95,
        "stdev": 13795.075694322144
    },
    "com.google.gson.functional.PrimitiveTest-testDoubleAsStringRepresentationDeserialization": {
        "energy": 35888,
        "duration": 836662.8,
        "dram": 2978.02,
        "iteration": 50,
        "stdev": 3690.5634108629006
    },
    "com.google.gson.functional.PrimitiveTest-testPrimitiveDoubleAutoboxedInASingleElementArrayDeserialization": {
        "energy": 35827,
        "duration": 688755.9117647059,
        "dram": 2899.823529411765,
        "iteration": 34,
        "stdev": 4728.903007461586
    },
    "com.google.gson.functional.ObjectTest-testSubInterfacesOfCollectionDeserialization": {
        "energy": 36072,
        "duration": 1293013.2191780822,
        "dram": 3746.1917808219177,
        "iteration": 73,
        "stdev": 13376.138879515112
    },
    "com.google.gson.functional.ExposeFieldsTest-testNoExposedFieldDeserialization": {
        "energy": 37232,
        "duration": 981955.7916666666,
        "dram": 3294.6041666666665,
        "iteration": 48,
        "stdev": 34186.218917794926
    },
    "com.google.gson.GsonTypeAdapterTest-testDefaultTypeAdapterThrowsParseException": {
        "energy": 36316,
        "duration": 847548.2093023256,
        "dram": 3176.7441860465115,
        "iteration": 43,
        "stdev": 7708.388059716372
    },
    "com.google.gson.functional.ParameterizedTypesTest-testParameterizedTypeWithReaderDeserialization": {
        "energy": 36011,
        "duration": 1227880.5256410257,
        "dram": 3212.397435897436,
        "iteration": 78,
        "stdev": 8375.920849656906
    },
    "com.google.gson.functional.ArrayTest-testTopLevelArrayOfIntsDeserialization": {
        "energy": 40222,
        "duration": 1559763.9649122807,
        "dram": 4643.473684210527,
        "iteration": 57,
        "stdev": 47727.057659212405
    },
    "com.google.gson.functional.MapTest-testParameterizedMapSubclassDeserialization": {
        "energy": 36804,
        "duration": 1300846.8023255814,
        "dram": 3389.732558139535,
        "iteration": 86,
        "stdev": 8550.069728350398
    },
    "com.google.gson.functional.ArrayTest-testArrayOfPrimitivesWithCustomTypeAdapter": {
        "energy": 37536,
        "duration": 850055.7234042553,
        "dram": 3228.021276595745,
        "iteration": 47,
        "stdev": 5584.973410210376
    },
    "com.google.gson.functional.VersioningTest-testVersionedClassesDeserialization": {
        "energy": 38207,
        "duration": 1705560.935897436,
        "dram": 5092.179487179487,
        "iteration": 78,
        "stdev": 59629.83083305561
    },
    "com.google.gson.functional.ParameterizedTypesTest-testVariableTypeDeserialization": {
        "energy": 34119,
        "duration": 1359124.1489361702,
        "dram": 3414.3617021276596,
        "iteration": 94,
        "stdev": 11637.212813401484
    },
    "com.google.gson.functional.ReadersWritersTest-testReaderForDeserialization": {
        "energy": 39245,
        "duration": 2020417.25,
        "dram": 5586.875,
        "iteration": 40,
        "stdev": 66374.03049227913
    },
    "com.google.gson.functional.ParameterizedTypesTest-testParameterizedTypeGenericArraysDeserialization": {
        "energy": 35706,
        "duration": 1500656.5408163266,
        "dram": 3853.1020408163267,
        "iteration": 98,
        "stdev": 15693.194789031479
    },
    "com.google.gson.functional.ParameterizedTypesTest-testParameterizedTypeDeserialization": {
        "energy": 38696,
        "duration": 3147830.3157894737,
        "dram": 8870.78947368421,
        "iteration": 95,
        "stdev": 113523.3517500918
    },
    "com.google.gson.functional.ConcurrencyTest-testMultiThreadDeserialization": {
        "energy": 365111,
        "duration": 10448728.696969697,
        "dram": 33067.020202020205,
        "iteration": 99,
        "stdev": 104102.4649317216
    },
    "com.google.gson.functional.EscapingTest-testEscapingObjectFields": {
        "energy": 39612,
        "duration": 1506125.2352941176,
        "dram": 4515.544117647059,
        "iteration": 68,
        "stdev": 42754.99057062972
    },
    "com.google.gson.functional.ConcurrencyTest-testSingleThreadDeserialization": {
        "energy": 69457,
        "duration": 2296523.673469388,
        "dram": 6485.4795918367345,
        "iteration": 98,
        "stdev": 61605.807369054804
    },
    "com.google.gson.functional.PrimitiveTest-testBigDecimalDeserialization": {
        "energy": 37353,
        "duration": 511093.2083333333,
        "dram": 2397.5833333333335,
        "iteration": 24,
        "stdev": 3533.598896270235
    },
    "com.google.gson.functional.ExposeFieldsTest-testExposeAnnotationDeserialization": {
        "energy": 39123,
        "duration": 2076719.0980392157,
        "dram": 6712.235294117647,
        "iteration": 51,
        "stdev": 72358.67687289904
    },
    "com.google.gson.functional.ParameterizedTypesTest-testVariableTypeFieldsAndGenericArraysDeserialization": {
        "energy": 68421,
        "duration": 2289845.6868686867,
        "dram": 6411.313131313132,
        "iteration": 99,
        "stdev": 24551.66886309077
    },
    "com.google.gson.functional.ParameterizedTypesTest-testTypesWithMultipleParametersDeserialization": {
        "energy": 38269,
        "duration": 1556596.6304347827,
        "dram": 4028.695652173913,
        "iteration": 92,
        "stdev": 19142.796531704287
    },
    "com.google.gson.functional.VersioningTest-testIgnoreLaterVersionClassDeserialization": {
        "energy": 36682,
        "duration": 747315.9523809524,
        "dram": 2531.4285714285716,
        "iteration": 42,
        "stdev": 3030.9245972803574
    },
    "com.google.gson.functional.PrimitiveTest-testBadValueForBigIntegerDeserialization": {
        "energy": 35034,
        "duration": 651639.0,
        "dram": 3053.967741935484,
        "iteration": 31,
        "stdev": 4659.350822753113
    },
    "com.google.gson.functional.CollectionTest-testTopLevelListOfIntegerCollectionsDeserialization": {
        "energy": 36621,
        "duration": 1029764.2777777778,
        "dram": 3058.0416666666665,
        "iteration": 72,
        "stdev": 3468.874167586343
    },
    "com.google.gson.functional.ObjectTest-testNestedDeserialization": {
        "energy": 36316,
        "duration": 900928.5081967213,
        "dram": 2708.688524590164,
        "iteration": 61,
        "stdev": 3149.739655315093
    },
    "com.google.gson.functional.DefaultTypeAdaptersTest-testBigDecimalFieldDeserialization": {
        "energy": 37536,
        "duration": 780589.8048780488,
        "dram": 2350.9024390243903,
        "iteration": 41,
        "stdev": 3581.0800198081156
    },
    "com.google.gson.functional.ObjectTest-testBagOfPrimitiveWrappersDeserialization": {
        "energy": 36072,
        "duration": 673270.8333333334,
        "dram": 2571.3888888888887,
        "iteration": 36,
        "stdev": 3983.015290553621
    },
    "com.google.gson.functional.ParameterizedTypesTest-testParameterizedTypeWithVariableTypeDeserialization": {
        "energy": 34973,
        "duration": 1396777.3265306123,
        "dram": 3624.1530612244896,
        "iteration": 98,
        "stdev": 13363.396027673527
    },
    "com.google.gson.functional.ArrayTest-testArrayOfCollectionDeserialization": {
        "energy": 37964,
        "duration": 1062896.0298507463,
        "dram": 3021.8507462686566,
        "iteration": 67,
        "stdev": 4711.751883533858
    },