{
    "com.google.gson.JsonArrayTest-testDeepCopy": {
        "energy": 507689,
        "duration": 16139009.777777778,
        "dram": 47346.555555555555,
        "iteration": 9,
        "stdev": 84947.16324346041
    }
}