{
    "com.google.gson.JsonArrayTest-testDeepCopy": {
        "energy": 517821,
        "duration": 15591159.444444444,
        "dram": 44341.0,
        "iteration": 9,
        "stdev": 37353.25720571826
    }
}