{
    "com.google.gson.JsonObjectTest-testSize": {
        "energy": 92250.22661181958,
        "duration": 3403769.7801670516,
        "dram": 8145.361400672955,
        "iteration": 99
    }
}