{
    "com.google.gson.functional.StreamingTypeAdaptersTest-testFromJsonTree": {
        "energy": 49302.413430778564,
        "duration": 1611817.2979182454,
        "dram": 4149.198110907451,
        "iteration": 98
    },
    "com.google.gson.functional.JsonParserTest-testBadTypeForDeserializingCustomTree": {
        "energy": 37727.384625126215,
        "duration": 884927.779415654,
        "dram": 3400.448706878422,
        "iteration": 51
    },
    "com.google.gson.functional.ReadersWritersTest-testReadWriteTwoObjects": {
        "energy": 42757.7228175942,
        "duration": 1464949.970889768,
        "dram": 3452.69999764335,
        "iteration": 90
    },
    "com.google.gson.functional.RuntimeTypeAdapterFactoryFunctionalTest-testSubclassesAutomaticallySerialzed": {
        "energy": 402214.96278743324,
        "duration": 11295339.24314678,
        "dram": 33787.389913372186,
        "iteration": 99
    },
    "com.google.gson.internal.bind.JsonElementReaderTest-testArray": {
        "energy": 36856.53371708095,
        "duration": 620245.7182355635,
        "dram": 2116.573129761964,
        "iteration": 28
    },
    "com.google.gson.JsonParserTest-testReadWriteTwoObjects": {
        "energy": 80668.1719830118,
        "duration": 2045555.6485693431,
        "dram": 5623.555804625519,
        "iteration": 90
    },
    "com.google.gson.functional.PrimitiveTest-testPrimitiveClassLiteral": {
        "energy": 56957.351273189306,
        "duration": 2353721.1492488836,
        "dram": 4328.291546973163,
        "iteration": 45
    },
    "com.google.gson.functional.ExclusionStrategyFunctionalTest-testExclusionStrategyWithMode": {
        "energy": 53530.278937279974,
        "duration": 2683263.6440331996,
        "dram": 3204.2850392423247,
        "iteration": 79
    },
    "com.google.gson.internal.bind.JsonElementReaderTest-testNumbersFromStrings": {
        "energy": 35468.52597476868,
        "duration": 765412.3770185488,
        "dram": 3152.063759344863,
        "iteration": 32
    },
    "com.google.gson.functional.CustomDeserializerTest-testJsonTypeFieldBasedDeserialization": {
        "energy": 123132.08784176371,
        "duration": 3379694.4557179436,
        "dram": 10493.502466793772,
        "iteration": 99
    },
    "com.google.gson.internal.bind.JsonElementReaderTest-testEarlyClose": {
        "energy": 34074.9087382257,
        "duration": 569327.433394596,
        "dram": 2975.192575722933,
        "iteration": 26
    },
    "com.google.gson.functional.JsonParserTest-testChangingCustomTreeAndDeserializing": {
        "energy": 43618.82806101169,
        "duration": 833111.1208741968,
        "dram": 3350.195844275229,
        "iteration": 53
    },
    "com.google.gson.internal.bind.JsonElementReaderTest-testEmptyObject": {
        "energy": 37283.336975097656,
        "duration": 507693.77478027344,
        "dram": 2834.302276611328,
        "iteration": 15
    },
    "com.google.gson.functional.TypeHierarchyAdapterTest-testTypeHierarchy": {
        "energy": 470294.76136504626,
        "duration": 13645004.61538676,
        "dram": 41152.559477076116,
        "iteration": 99
    },
    "com.google.gson.functional.ReadersWritersTest-testReadWriteTwoStrings": {
        "energy": 42196.9921009646,
        "duration": 1116805.6105910933,
        "dram": 3128.3102833734374,
        "iteration": 67
    },
    "com.google.gson.functional.ExclusionStrategyFunctionalTest-testExclusionStrategyDeserialization": {
        "energy": 177133.64153313433,
        "duration": 5040846.289459037,
        "dram": 15566.924415170728,
        "iteration": 99
    },
    "com.google.gson.functional.MapTest-testMapNamePromotionWithJsonElementReader": {
        "energy": 61735.019530402926,
        "duration": 1866752.3395913288,
        "dram": 4301.6029069213855,
        "iteration": 97
    },
    "com.google.gson.functional.JsonParserTest-testBadFieldTypeForDeserializingCustomTree": {
        "energy": 41918.659066466134,
        "duration": 1090196.9313727873,
        "dram": 3016.576255464487,
        "iteration": 83
    },
    "com.google.gson.functional.JsonParserTest-testDeserializingCustomTree": {
        "energy": 39449.75719113959,
        "duration": 696287.0545464568,
        "dram": 3309.576463999849,
        "iteration": 53
    },
    "com.google.gson.internal.bind.JsonElementReaderTest-testLenientNansAndInfinities": {
        "energy": 37220.560755670245,
        "duration": 1213102.5453228892,
        "dram": 3212.5096529172115,
        "iteration": 39
    },
    "com.google.gson.internal.bind.JsonElementReaderTest-testObject": {
        "energy": 36667.85113216075,
        "duration": 615702.2662547873,
        "dram": 394.1321348330821,
        "iteration": 35
    },
    "com.google.gson.internal.bind.JsonElementReaderTest-testNestedArrays": {
        "energy": 45195.22862672806,
        "duration": 922392.9294216633,
        "dram": 2256.582357406616,
        "iteration": 23
    },
    "com.google.gson.functional.JsonParserTest-testBadFieldTypeForCustomDeserializerCustomTree": {
        "energy": 41525.89377374663,
        "duration": 680799.4638264206,
        "dram": 3409.982716738018,
        "iteration": 45
    },
    "com.google.gson.internal.bind.JsonElementReaderTest-testNumbers": {
        "energy": 56184.73243827,
        "duration": 1468869.0956270546,
        "dram": 4831.1787947155535,
        "iteration": 29
    },
    "com.google.gson.internal.bind.JsonElementReaderTest-testStringsFromNumbers": {
        "energy": 36407.61387363076,
        "duration": 570714.7583688162,
        "dram": 3217.556695200503,
        "iteration": 29
    },
    "com.google.gson.internal.bind.JsonElementReaderTest-testStrictNansAndInfinities": {
        "energy": 36452.25962134975,
        "duration": 651133.5540095125,
        "dram": 3151.7857024804716,
        "iteration": 46
    },
    "com.google.gson.internal.bind.JsonElementReaderTest-testEmptyArray": {
        "energy": 38790.229248046875,
        "duration": 565728.8041381836,
        "dram": 800.6332397460938,
        "iteration": 15
    },
    "com.google.gson.internal.bind.JsonElementReaderTest-testStrings": {
        "energy": 38698.81579616666,
        "duration": 617057.8174619079,
        "dram": 2099.9084527790546,
        "iteration": 26
    },
    "com.google.gson.internal.bind.JsonElementReaderTest-testBooleans": {
        "energy": 39527.90415239334,
        "duration": 717361.7026925087,
        "dram": 795.7938179969788,
        "iteration": 22
    },
    "com.google.gson.internal.bind.JsonElementReaderTest-testWrongType": {
        "energy": 36008.66899575322,
        "duration": 700145.0683115801,
        "dram": 3137.7043359355175,
        "iteration": 46
    },
    "com.google.gson.internal.bind.JsonElementReaderTest-testSkipValue": {
        "energy": 38496.35131546855,
        "duration": 560023.0008639991,
        "dram": 2821.4572523236275,
        "iteration": 26
    },
    "com.google.gson.internal.bind.JsonElementReaderTest-testNestedObjects": {
        "energy": 36261.9288870506,
        "duration": 549019.6447462887,
        "dram": 2827.3056631200016,
        "iteration": 30
    },
    "com.google.gson.internal.bind.JsonElementReaderTest-testNulls": {
        "energy": 57175.864265441895,
        "duration": 1297066.2204265594,
        "dram": 5278.9728355407715,
        "iteration": 20
    }
}