{
    "com.google.gson.functional.JsonParserTest-testBadTypeForDeserializingCustomTree": {
        "energy": 37981.58536585366,
        "duration": 812203.268292683,
        "dram": 2790.487804878049,
        "iteration": 41,
        "stdev": 4696.3648629167965
    },
    "com.google.gson.functional.ReadersWritersTest-testReadWriteTwoObjects": {
        "energy": 47964.45945945946,
        "duration": 1470010.3648648649,
        "dram": 4033.7972972972975,
        "iteration": 74,
        "stdev": 20684.342400609545
    },
    "com.google.gson.internal.bind.JsonElementReaderTest-testStrictNansAndInfinities": {
        "energy": 38893.12903225807,
        "duration": 729987.0322580645,
        "dram": 2884.1935483870966,
        "iteration": 31,
        "stdev": 7237.500199975196
    },
    "com.google.gson.functional.RuntimeTypeAdapterFactoryFunctionalTest-testSubclassesAutomaticallySerialzed": {
        "energy": 241110.44444444444,
        "duration": 6858943.232323232,
        "dram": 21232.060606060608,
        "iteration": 99,
        "stdev": 158797.58696320865
    },
    "com.google.gson.internal.bind.JsonElementReaderTest-testArray": {
        "energy": 37270.13636363636,
        "duration": 676360.4090909091,
        "dram": 2523.818181818182,
        "iteration": 22,
        "stdev": 4086.681675610249
    },
    "com.google.gson.JsonParserTest-testReadWriteTwoObjects": {
        "energy": 94807.96385542168,
        "duration": 2950153.2409638553,
        "dram": 8287.77108433735,
        "iteration": 83,
        "stdev": 277646.99821715825
    },
    "com.google.gson.internal.bind.JsonElementReaderTest-testSkipValue": {
        "energy": 38818.28571428572,
        "duration": 596720.25,
        "dram": 1913.142857142857,
        "iteration": 28,
        "stdev": 4130.780675586144
    },
    "com.google.gson.functional.CustomDeserializerTest-testJsonTypeFieldBasedDeserialization": {
        "energy": 62459.757575757576,
        "duration": 2104743.474747475,
        "dram": 5281.464646464647,
        "iteration": 99,
        "stdev": 24649.546025729636
    },
    "com.google.gson.internal.bind.JsonElementReaderTest-testNumbers": {
        "energy": 59976.379310344826,
        "duration": 1593662.7586206896,
        "dram": 4743.103448275862,
        "iteration": 29,
        "stdev": 117482.49734921307
    },
    "com.google.gson.functional.JsonParserTest-testChangingCustomTreeAndDeserializing": {
        "energy": 38400.649122807015,
        "duration": 1087558.49122807,
        "dram": 3135.438596491228,
        "iteration": 57,
        "stdev": 8391.707070739287
    },
    "com.google.gson.functional.TypeHierarchyAdapterTest-testTypeHierarchy": {
        "energy": 249390.88888888888,
        "duration": 7201153.555555556,
        "dram": 22110.171717171717,
        "iteration": 99,
        "stdev": 411176.8223024557
    },
    "com.google.gson.functional.MapTest-testMapNamePromotionWithJsonElementReader": {
        "energy": 37877.338461538464,
        "duration": 1365485.4,
        "dram": 3059.6153846153848,
        "iteration": 65,
        "stdev": 7868.832571562947
    },
    "com.google.gson.functional.JsonParserTest-testBadFieldTypeForDeserializingCustomTree": {
        "energy": 38501.46031746032,
        "duration": 1154803.0317460317,
        "dram": 3130.4603174603176,
        "iteration": 63,
        "stdev": 7562.415751230357
    },
    "com.google.gson.functional.JsonParserTest-testDeserializingCustomTree": {
        "energy": 63483.01818181818,
        "duration": 2029104.1818181819,
        "dram": 5767.8,
        "iteration": 55,
        "stdev": 49780.32494195816
    },
    "com.google.gson.functional.StreamingTypeAdaptersTest-testFromJsonTree": {
        "energy": 46982.36956521739,
        "duration": 1413123.4782608696,
        "dram": 3715.195652173913,
        "iteration": 46,
        "stdev": 28984.321917471098
    },
    "com.google.gson.internal.bind.JsonElementReaderTest-testNestedObjects": {
        "energy": 50710.757575757576,
        "duration": 1165477.878787879,
        "dram": 4406.0,
        "iteration": 33,
        "stdev": 22167.737643798046
    },
    "com.google.gson.functional.PrimitiveTest-testPrimitiveClassLiteral": {
        "energy": 36963.743589743586,
        "duration": 942612.5128205129,
        "dram": 2696.7948717948716,
        "iteration": 39,
        "stdev": 5386.500065895739
    },
    "com.google.gson.internal.bind.JsonElementReaderTest-testNulls": {
        "energy": 36227.44827586207,
        "duration": 573939.4137931034,
        "dram": 1933.103448275862,
        "iteration": 29,
        "stdev": 2978.3047548633863
    },
    "com.google.gson.functional.JsonParserTest-testBadFieldTypeForCustomDeserializerCustomTree": {
        "energy": 37868.09090909091,
        "duration": 769614.5909090909,
        "dram": 2659.3863636363635,
        "iteration": 44,
        "stdev": 4303.07518905313
    },
    "com.google.gson.internal.bind.JsonElementReaderTest-testWrongType": {
        "energy": 36680.40540540541,
        "duration": 844671.5135135135,
        "dram": 2998.3783783783783,
        "iteration": 37,
        "stdev": 4441.751878996099
    },
    "com.google.gson.internal.bind.JsonElementReaderTest-testEmptyObject": {
        "energy": 37495.958333333336,
        "duration": 494475.5,
        "dram": 1675.375,
        "iteration": 24,
        "stdev": 4548.127806024206
    },
    "com.google.gson.functional.ReadersWritersTest-testReadWriteTwoStrings": {
        "energy": 41934.166666666664,
        "duration": 1282613.9743589743,
        "dram": 3338.923076923077,
        "iteration": 78,
        "stdev": 9175.016644177827
    },
    "com.google.gson.functional.ExclusionStrategyFunctionalTest-testExclusionStrategyDeserialization": {
        "energy": 54698.91891891892,
        "duration": 1667637.1081081082,
        "dram": 4564.0,
        "iteration": 37,
        "stdev": 27149.12234147441
    },
    "com.google.gson.internal.bind.JsonElementReaderTest-testEmptyArray": {
        "energy": 36843.8,
        "duration": 573799.6,
        "dram": 2070.75,
        "iteration": 20,
        "stdev": 4407.002026321295
    },
    "com.google.gson.internal.bind.JsonElementReaderTest-testEarlyClose": {
        "energy": 35384.21052631579,
        "duration": 576725.7894736842,
        "dram": 2674.2631578947367,
        "iteration": 19,
        "stdev": 3351.3739614317706
    },
    "com.google.gson.internal.bind.JsonElementReaderTest-testLenientNansAndInfinities": {
        "energy": 92689.0,
        "duration": 2463871.714285714,
        "dram": 8223.809523809523,
        "iteration": 42,
        "stdev": 197864.88993935808
    },
    "com.google.gson.internal.bind.JsonElementReaderTest-testStrings": {
        "energy": 88944.34615384616,
        "duration": 2216296.3076923075,
        "dram": 6892.692307692308,
        "iteration": 26,
        "stdev": 177705.52556448383
    },
    "com.google.gson.functional.ExclusionStrategyFunctionalTest-testExclusionStrategyWithMode": {
        "energy": 38585.53125,
        "duration": 1000222.375,
        "dram": 3179.296875,
        "iteration": 64,
        "stdev": 5521.997178808899
    },
    "com.google.gson.internal.bind.JsonElementReaderTest-testBooleans": {
        "energy": 96654.5,
        "duration": 2308205.3636363638,
        "dram": 7297.318181818182,
        "iteration": 22,
        "stdev": 183956.39315430413
    },
    "com.google.gson.internal.bind.JsonElementReaderTest-testObject": {
        "energy": 39362.68,
        "duration": 755018.64,
        "dram": 2497.64,
        "iteration": 25,
        "stdev": 8971.947782817286
    },
    "com.google.gson.internal.bind.JsonElementReaderTest-testNumbersFromStrings": {
        "energy": 37693.57142857143,
        "duration": 644993.1904761905,
        "dram": 2227.0476190476193,
        "iteration": 21,
        "stdev": 4239.265789659118
    },