{
    "com.google.gson.functional.StreamingTypeAdaptersTest-testFromJsonTree": {
        "energy": 44982,
        "duration": 3295184.7040816327,
        "dram": 9006.102040816326,
        "iteration": 98,
        "stdev": 77396.85739101493
    },
    "com.google.gson.functional.JsonParserTest-testBadTypeForDeserializingCustomTree": {
        "energy": 39551,
        "duration": 870555.3529411765,
        "dram": 3131.9803921568628,
        "iteration": 51,
        "stdev": 3873.799050867919
    },
    "com.google.gson.internal.bind.JsonElementReaderTest-testLenientNansAndInfinities": {
        "energy": 37232,
        "duration": 1727371.4615384615,
        "dram": 4708.871794871795,
        "iteration": 39,
        "stdev": 106480.43251512837
    },
    "com.google.gson.functional.ReadersWritersTest-testReadWriteTwoObjects": {
        "energy": 42480,
        "duration": 1971124.1333333333,
        "dram": 5051.366666666667,
        "iteration": 90,
        "stdev": 34181.44453969503
    },
    "com.google.gson.functional.RuntimeTypeAdapterFactoryFunctionalTest-testSubclassesAutomaticallySerialzed": {
        "energy": 340880,
        "duration": 9564236.97979798,
        "dram": 29201.434343434343,
        "iteration": 99,
        "stdev": 141263.32497780563
    },
    "com.google.gson.internal.bind.JsonElementReaderTest-testArray": {
        "energy": 37902,
        "duration": 690335.75,
        "dram": 2522.3571428571427,
        "iteration": 28,
        "stdev": 2690.988998405757
    },
    "com.google.gson.internal.bind.JsonElementReaderTest-testObject": {
        "energy": 38757,
        "duration": 1888195.4,
        "dram": 4604.885714285714,
        "iteration": 35,
        "stdev": 103747.96820128035
    },
    "com.google.gson.JsonParserTest-testReadWriteTwoObjects": {
        "energy": 45105,
        "duration": 6381179.233333333,
        "dram": 17995.455555555556,
        "iteration": 90,
        "stdev": 384451.99399921927
    },
    "com.google.gson.internal.bind.JsonElementReaderTest-testNestedArrays": {
        "energy": 37170,
        "duration": 3890488.695652174,
        "dram": 11726.434782608696,
        "iteration": 23,
        "stdev": 238982.8289701473
    },
    "com.google.gson.functional.CustomDeserializerTest-testJsonTypeFieldBasedDeserialization": {
        "energy": 69946,
        "duration": 3006914.292929293,
        "dram": 7045.989898989899,
        "iteration": 99,
        "stdev": 55456.919738173696
    },
    "com.google.gson.internal.bind.JsonElementReaderTest-testEarlyClose": {
        "energy": 35644,
        "duration": 721753.6538461539,
        "dram": 3157.1923076923076,
        "iteration": 26,
        "stdev": 25455.12993487716
    },
    "com.google.gson.functional.JsonParserTest-testBadFieldTypeForCustomDeserializerCustomTree": {
        "energy": 40406,
        "duration": 786057.4,
        "dram": 2837.7555555555555,
        "iteration": 45,
        "stdev": 3974.078651573077
    },
    "com.google.gson.internal.bind.JsonElementReaderTest-testNumbers": {
        "energy": 37658,
        "duration": 2328896.206896552,
        "dram": 7050.689655172414,
        "iteration": 29,
        "stdev": 149031.21908658204
    },
    "com.google.gson.internal.bind.JsonElementReaderTest-testStringsFromNumbers": {
        "energy": 36682,
        "duration": 571584.5172413794,
        "dram": 1936.2413793103449,
        "iteration": 29,
        "stdev": 3528.582187910195
    },
    "com.google.gson.functional.TypeHierarchyAdapterTest-testTypeHierarchy": {
        "energy": 172180,
        "duration": 8400706.848484848,
        "dram": 25291.79797979798,
        "iteration": 99,
        "stdev": 357835.52458709513
    },
    "com.google.gson.functional.ExclusionStrategyFunctionalTest-testExclusionStrategyDeserialization": {
        "energy": 98877,
        "duration": 5260295.818181818,
        "dram": 15268.454545454546,
        "iteration": 99,
        "stdev": 274687.72676496144
    },
    "com.google.gson.functional.MapTest-testMapNamePromotionWithJsonElementReader": {
        "energy": 71411,
        "duration": 3022166.9793814435,
        "dram": 7628.81443298969,
        "iteration": 97,
        "stdev": 64390.07085980117
    },
    "com.google.gson.internal.bind.JsonElementReaderTest-testStrictNansAndInfinities": {
        "energy": 37353,
        "duration": 727968.9782608695,
        "dram": 2773.913043478261,
        "iteration": 46,
        "stdev": 6457.553389691667
    },
    "com.google.gson.internal.bind.JsonElementReaderTest-testEmptyArray": {
        "energy": 38024,
        "duration": 780767.7333333333,
        "dram": 3055.9333333333334,
        "iteration": 15,
        "stdev": 18988.03415136315
    },
    "com.google.gson.internal.bind.JsonElementReaderTest-testStrings": {
        "energy": 38452,
        "duration": 1192407.8461538462,
        "dram": 4011.5,
        "iteration": 26,
        "stdev": 100102.3770030081
    },
    "com.google.gson.functional.ExclusionStrategyFunctionalTest-testExclusionStrategyWithMode": {
        "energy": 39673,
        "duration": 1517716.6075949366,
        "dram": 3450.3797468354433,
        "iteration": 79,
        "stdev": 12510.89794426825
    },
    "com.google.gson.functional.ReadersWritersTest-testReadWriteTwoStrings": {
        "energy": 40284,
        "duration": 1761268.134328358,
        "dram": 4406.582089552238,
        "iteration": 67,
        "stdev": 44200.13419412652
    },
    "com.google.gson.functional.PrimitiveTest-testPrimitiveClassLiteral": {
        "energy": 42541,
        "duration": 2019773.111111111,
        "dram": 3836.2,
        "iteration": 45,
        "stdev": 25976.77906438749
    },
    "com.google.gson.internal.bind.JsonElementReaderTest-testNumbersFromStrings": {
        "energy": 36438,
        "duration": 748269.09375,
        "dram": 2360.5,
        "iteration": 32,
        "stdev": 2426.942422568145
    },
    "com.google.gson.internal.bind.JsonElementReaderTest-testEmptyObject": {
        "energy": 37842,
        "duration": 529587.8,
        "dram": 1955.2666666666667,
        "iteration": 15,
        "stdev": 3121.503352909015
    },
    "com.google.gson.functional.JsonParserTest-testBadFieldTypeForDeserializingCustomTree": {
        "energy": 39551,
        "duration": 1252087.5060240964,
        "dram": 3121.2048192771085,
        "iteration": 83,
        "stdev": 5670.745808121032
    },
    "com.google.gson.internal.bind.JsonElementReaderTest-testBooleans": {
        "energy": 37903,
        "duration": 1518766.2727272727,
        "dram": 4175.5,
        "iteration": 22,
        "stdev": 114372.48943624967
    },
    "com.google.gson.internal.bind.JsonElementReaderTest-testWrongType": {
        "energy": 37293,
        "duration": 794459.0217391305,
        "dram": 2922.021739130435,
        "iteration": 46,
        "stdev": 3734.1687388403225
    },
    "com.google.gson.functional.JsonParserTest-testChangingCustomTreeAndDeserializing": {
        "energy": 40771,
        "duration": 1555006.0377358492,
        "dram": 3301.3207547169814,
        "iteration": 53,
        "stdev": 11981.976088381916
    },
    "com.google.gson.internal.bind.JsonElementReaderTest-testSkipValue": {
        "energy": 37719,
        "duration": 594694.0384615385,
        "dram": 1846.0384615384614,
        "iteration": 26,
        "stdev": 2957.410490975201
    },
    "com.google.gson.functional.JsonParserTest-testDeserializingCustomTree": {
        "energy": 40771,
        "duration": 1815815.0,
        "dram": 5219.056603773585,
        "iteration": 53,
        "stdev": 62284.766910509315
    },
    "com.google.gson.internal.bind.JsonElementReaderTest-testNestedObjects": {
        "energy": 37720,
        "duration": 657851.9666666667,
        "dram": 2442.866666666667,
        "iteration": 30,
        "stdev": 7362.943611310176
    },