{
    "com.google.gson.functional.PrimitiveTest-testDeserializeJsonObjectAsNumber": {
        "energy": 38688.96,
        "duration": 633113.24,
        "dram": 2578.48,
        "iteration": 25,
        "stdev": 3787.3989753391443
    },
    "com.google.gson.functional.PrimitiveTest-testDeserializeJsonArrayAsNumber": {
        "energy": 37830.18518518518,
        "duration": 737846.1111111111,
        "dram": 2287.185185185185,
        "iteration": 27,
        "stdev": 4207.693571058694
    },
    "com.google.gson.functional.PrimitiveTest-testNumberSerialization": {
        "energy": 35817.69387755102,
        "duration": 1214271.2448979593,
        "dram": 3046.0408163265306,
        "iteration": 49,
        "stdev": 9676.385181026806
    },
    "com.google.gson.functional.PrimitiveTest-testNumberDeserialization": {
        "energy": 46509.53947368421,
        "duration": 1546797.25,
        "dram": 4347.460526315789,
        "iteration": 76,
        "stdev": 15581.569154850518
    }
}