{
    "com.google.gson.functional.CustomDeserializerTest-testDefaultConstructorNotCalledOnObject": {
        "energy": 75155.09090909091,
        "duration": 2426570.0505050505,
        "dram": 7011.282828282829,
        "iteration": 99,
        "stdev": 74229.73476630899
    },
    "com.google.gson.functional.StringTest-testEscapingQuotesInStringSerialization": {
        "energy": 38048.42307692308,
        "duration": 575828.9615384615,
        "dram": 2274.346153846154,
        "iteration": 26,
        "stdev": 3599.116656295167
    },
    "com.google.gson.functional.ReadersWritersTest-testReadWriteTwoObjects": {
        "energy": 39318.52112676056,
        "duration": 1194092.7605633803,
        "dram": 3255.718309859155,
        "iteration": 71,
        "stdev": 9220.440791545636
    },
    "com.google.gson.functional.DefaultTypeAdaptersTest-testBitSetDeserialization": {
        "energy": 37262.86363636364,
        "duration": 1103399.9848484849,
        "dram": 3055.1666666666665,
        "iteration": 66,
        "stdev": 4029.091727433321
    },
    "com.google.gson.functional.EnumTest-testEnumSubclassAsParameterizedType": {
        "energy": 37619.24193548387,
        "duration": 980473.9677419355,
        "dram": 3059.032258064516,
        "iteration": 62,
        "stdev": 5699.210750920051
    },
    "com.google.gson.JsonParserTest-testReadWriteTwoObjects": {
        "energy": 200339.55813953487,
        "duration": 6175667.674418605,
        "dram": 18560.093023255813,
        "iteration": 86,
        "stdev": 554630.6078738376
    },
    "com.google.gson.functional.StringTest-testSingleQuoteInStringSerialization": {
        "energy": 65080.880952380954,
        "duration": 1829293.380952381,
        "dram": 5606.357142857143,
        "iteration": 42,
        "stdev": 36050.946745511865
    },
    "com.google.gson.functional.ParameterizedTypesTest-testVariableTypeArrayDeserialization": {
        "energy": 37579.653333333335,
        "duration": 1177240.16,
        "dram": 3129.1466666666665,
        "iteration": 75,
        "stdev": 5347.706816928376
    },
    "com.google.gson.functional.ObjectTest-testSingletonLists": {
        "energy": 75174.76767676767,
        "duration": 2367120.5757575757,
        "dram": 6651.646464646465,
        "iteration": 99,
        "stdev": 34726.536258336804
    },
    "com.google.gson.functional.TypeHierarchyAdapterTest-testRegisterSuperTypeFirst": {
        "energy": 38424.14705882353,
        "duration": 1031708.8676470588,
        "dram": 3080.205882352941,
        "iteration": 68,
        "stdev": 5424.671156378448
    },
    "com.google.gson.functional.EnumTest-testEnumSubclass": {
        "energy": 82023.13978494624,
        "duration": 2587602.129032258,
        "dram": 7349.344086021505,
        "iteration": 93,
        "stdev": 69938.38352921366
    },
    "com.google.gson.functional.TypeVariableTest-testBasicTypeVariables": {
        "energy": 37844.16438356164,
        "duration": 1083549.7397260275,
        "dram": 3249.013698630137,
        "iteration": 73,
        "stdev": 6577.6591143835385
    },
    "com.google.gson.functional.EnumTest-testEnumSubclassWithRegisteredTypeAdapter": {
        "energy": 47617.11827956989,
        "duration": 1479351.6344086023,
        "dram": 4152.4731182795695,
        "iteration": 93,
        "stdev": 24974.012890327114
    },
    "com.google.gson.functional.MapAsArrayTypeAdapterTest-testMultipleEnableComplexKeyRegistrationHasNoEffect": {
        "energy": 104906.82828282828,
        "duration": 3249706.474747475,
        "dram": 9817.454545454546,
        "iteration": 99,
        "stdev": 70731.9199230504
    },
    "com.google.gson.functional.CollectionTest-testFieldIsArrayList": {
        "energy": 44050.232558139534,
        "duration": 1374917.2325581396,
        "dram": 3951.0116279069766,
        "iteration": 86,
        "stdev": 14481.98131654966
    },
    "com.google.gson.functional.TypeVariableTest-testAdvancedTypeVariables": {
        "energy": 194153.63636363635,
        "duration": 5721789.141414141,
        "dram": 17738.41414141414,
        "iteration": 99,
        "stdev": 483573.8142933623
    },
    "com.google.gson.functional.UncategorizedTest-testGsonInstanceReusableForSerializationAndDeserialization": {
        "energy": 41246.625,
        "duration": 1026847.125,
        "dram": 3087.8214285714284,
        "iteration": 56,
        "stdev": 10777.325732697362
    },
    "com.google.gson.functional.PrimitiveTest-testQuotedStringSerializationAndDeserialization": {
        "energy": 39077.75,
        "duration": 605125.7083333334,
        "dram": 2126.7083333333335,
        "iteration": 24,
        "stdev": 3479.5801500803705
    },
    "com.google.gson.functional.DefaultTypeAdaptersTest-testSqlDateSerialization": {
        "energy": 116899.92929292929,
        "duration": 3476910.1919191917,
        "dram": 10446.060606060606,
        "iteration": 99,
        "stdev": 23886.884160856815
    },
    "com.google.gson.functional.EscapingTest-testGsonDoubleDeserialization": {
        "energy": 36207.0,
        "duration": 895601.3260869565,
        "dram": 2718.021739130435,
        "iteration": 46,
        "stdev": 4406.501076719536
    },
    "com.google.gson.functional.ArrayTest-testArrayOfPrimitivesWithCustomTypeAdapter": {
        "energy": 82553.9191919192,
        "duration": 2621020.8585858587,
        "dram": 7721.070707070707,
        "iteration": 99,
        "stdev": 57501.49444235845
    },
    "com.google.gson.functional.ParameterizedTypesTest-testVariableTypeDeserialization": {
        "energy": 35262.24615384615,
        "duration": 1084901.4307692307,
        "dram": 2810.492307692308,
        "iteration": 65,
        "stdev": 3457.1904868672204
    },
    "com.google.gson.functional.MapAsArrayTypeAdapterTest-testSerializeComplexMapWithTypeAdapter": {
        "energy": 224323.37373737374,
        "duration": 6617818.353535353,
        "dram": 20523.464646464647,
        "iteration": 99,
        "stdev": 524523.0515150486
    },
    "com.google.gson.functional.ParameterizedTypesTest-testParameterizedTypeGenericArraysDeserialization": {
        "energy": 39157.70786516854,
        "duration": 1273644.6516853932,
        "dram": 3358.7977528089887,
        "iteration": 89,
        "stdev": 10479.205161343758
    },
    "com.google.gson.functional.EscapingTest-testGsonAcceptsEscapedAndNonEscapedJsonDeserialization": {
        "energy": 45262.71951219512,
        "duration": 1388563.4268292682,
        "dram": 3874.817073170732,
        "iteration": 82,
        "stdev": 15619.412396644393
    },
    "com.google.gson.functional.DefaultTypeAdaptersTest-testTimestampSerialization": {
        "energy": 128659.93939393939,
        "duration": 3712597.202020202,
        "dram": 11213.888888888889,
        "iteration": 99,
        "stdev": 25646.515453870532
    },
    "com.google.gson.functional.DefaultTypeAdaptersTest-testDefaultDateDeserializationUsingBuilder": {
        "energy": 118611.9797979798,
        "duration": 3549409.9494949495,
        "dram": 10515.747474747475,
        "iteration": 99,
        "stdev": 27066.425916222848
    },
    "com.google.gson.GsonTypeAdapterTest-testTypeAdapterThrowsException": {
        "energy": 38891.194444444445,
        "duration": 828137.8611111111,
        "dram": 3043.8333333333335,
        "iteration": 36,
        "stdev": 6560.6166834945425
    },
    "com.google.gson.functional.UncategorizedTest-testInvalidJsonDeserializationFails": {
        "energy": 83570.53333333334,
        "duration": 2312925.5555555555,
        "dram": 7148.888888888889,
        "iteration": 45,
        "stdev": 121640.95630330362
    },
    "com.google.gson.functional.TypeVariableTest-testTypeVariablesViaTypeParameter": {
        "energy": 51966.8125,
        "duration": 1717467.1041666667,
        "dram": 4680.510416666667,
        "iteration": 96,
        "stdev": 21387.61498620585
    },