{
    "com.google.gson.functional.ReadersWritersTest-testReadWriteTwoObjects": {
        "energy": 356506,
        "duration": 9599545.111111112,
        "dram": 28558.222222222223,
        "iteration": 9,
        "stdev": 25361.687908738386
    },
    "com.google.gson.JsonObjectTest-testAddingBooleanProperties": {
        "energy": 182556,
        "duration": 5350450.555555556,
        "dram": 16306.222222222223,
        "iteration": 9,
        "stdev": 21572.78535620033
    },
    "com.google.gson.JsonParserTest-testReadWriteTwoObjects": {
        "energy": 566954,
        "duration": 15752422.111111112,
        "dram": 48771.444444444445,
        "iteration": 9,
        "stdev": 32341.788750091662
    },
    "com.google.gson.stream.JsonReaderPathTest-path": {
        "energy": 326476,
        "duration": 9092307.333333334,
        "dram": 27659.0,
        "iteration": 9,
        "stdev": 39023.264789603476
    },
    "com.google.gson.internal.bind.JsonElementReaderTest-testBooleans": {
        "energy": 1207455,
        "duration": 33895534.666666664,
        "dram": 102329.88888888889,
        "iteration": 9,
        "stdev": 81172.86030958565
    },
    "com.google.gson.functional.JsonArrayTest-testBooleanPrimitiveAddition": {
        "energy": 112914,
        "duration": 3203124.222222222,
        "dram": 8744.888888888889,
        "iteration": 9,
        "stdev": 16742.55291166792
    },
    "com.google.gson.JsonObjectTest-testReadPropertyWithEmptyStringName": {
        "energy": 119079,
        "duration": 3551820.777777778,
        "dram": 10924.111111111111,
        "iteration": 9,
        "stdev": 15998.569137408647
    },
    "com.google.gson.functional.JsonTreeTest-testJsonTreeToString": {
        "energy": 473753,
        "duration": 12759486.0,
        "dram": 38238.11111111111,
        "iteration": 9,
        "stdev": 17808.942720990097
    },
    "com.google.gson.JsonObjectTest-testWritePropertyWithEmptyStringName": {
        "energy": 116210,
        "duration": 3360782.111111111,
        "dram": 9754.333333333334,
        "iteration": 9,
        "stdev": 19907.842157251114
    },
    "com.google.gson.functional.DefaultTypeAdaptersTest-testJsonPrimitiveSerialization": {
        "energy": 350951,
        "duration": 9996656.888888888,
        "dram": 29527.222222222223,
        "iteration": 9,
        "stdev": 29881.818782961953
    },
    "com.google.gson.functional.JsonArrayTest-testSameAddition": {
        "energy": 119995,
        "duration": 3693901.5555555555,
        "dram": 10001.333333333334,
        "iteration": 9,
        "stdev": 17220.81802447546
    },
    "com.google.gson.JsonPrimitiveTest-testBoolean": {
        "energy": 119201,
        "duration": 4010901.6666666665,
        "dram": 11517.555555555555,
        "iteration": 9,
        "stdev": 26787.268868477408
    }
}