{
    "com.google.gson.functional.ParameterizedTypesTest-testParameterizedTypeGenericArraysSerialization": {
        "energy": 41442,
        "duration": 1408743.9239130435,
        "dram": 3722.728260869565,
        "iteration": 92,
        "stdev": 15242.7854243079
    },
    "com.google.gson.functional.CollectionTest-testNullsInListDeserialization": {
        "energy": 38880,
        "duration": 846951.1111111111,
        "dram": 2689.4222222222224,
        "iteration": 45,
        "stdev": 5329.691931152086
    },
    "com.google.gson.functional.ObjectTest-testEmptyCollectionInAnObjectDeserialization": {
        "energy": 40405,
        "duration": 1446892.0740740742,
        "dram": 4056.740740740741,
        "iteration": 81,
        "stdev": 19540.079751368314
    },
    "com.google.gson.functional.CollectionTest-testRawCollectionSerialization": {
        "energy": 38758,
        "duration": 978447.6875,
        "dram": 3135.78125,
        "iteration": 64,
        "stdev": 6606.792599801141
    },
    "com.google.gson.functional.InheritanceTest-testSubInterfacesOfCollectionSerialization": {
        "energy": 74218,
        "duration": 2364615.897959184,
        "dram": 7320.775510204082,
        "iteration": 98,
        "stdev": 52447.35498310237
    },
    "com.google.gson.functional.ParameterizedTypesTest-testVariableTypeArrayDeserialization": {
        "energy": 63965,
        "duration": 1923545.383838384,
        "dram": 5410.020202020202,
        "iteration": 99,
        "stdev": 27252.616476167233
    },
    "com.google.gson.functional.ObjectTest-testSingletonLists": {
        "energy": 109070,
        "duration": 2999104.212121212,
        "dram": 9146.979797979799,
        "iteration": 99,
        "stdev": 42852.848116822955
    },
    "com.google.gson.functional.JsonParserTest-testExtraCommasInArrays": {
        "energy": 42847,
        "duration": 1311662.2051282052,
        "dram": 3703.25641025641,
        "iteration": 78,
        "stdev": 18643.237106191245
    },
    "com.google.gson.functional.EnumTest-testEnumSubclass": {
        "energy": 87890,
        "duration": 2829214.350515464,
        "dram": 8738.814432989691,
        "iteration": 97,
        "stdev": 50513.77423967937
    },
    "com.google.gson.functional.EnumTest-testEnumSubclassWithRegisteredTypeAdapter": {
        "energy": 42419,
        "duration": 1484712.3295454546,
        "dram": 4430.863636363636,
        "iteration": 88,
        "stdev": 24700.459397599865
    },
    "com.google.gson.functional.CollectionTest-testFieldIsArrayList": {
        "energy": 40039,
        "duration": 1090946.4057971016,
        "dram": 3326.550724637681,
        "iteration": 69,
        "stdev": 8956.830689479399
    },
    "com.google.gson.functional.PrettyPrintingTest-testPrettyPrintListOfPrimitiveArrays": {
        "energy": 42175,
        "duration": 962446.2115384615,
        "dram": 3264.5,
        "iteration": 52,
        "stdev": 6308.7837351945755
    },
    "com.google.gson.functional.CollectionTest-testNullsInListSerialization": {
        "energy": 39551,
        "duration": 844048.4545454546,
        "dram": 2780.7454545454543,
        "iteration": 55,
        "stdev": 4971.708570609744
    },
    "com.google.gson.functional.TypeVariableTest-testAdvancedTypeVariables": {
        "energy": 85144,
        "duration": 5549619.212121212,
        "dram": 16859.868686868685,
        "iteration": 99,
        "stdev": 492190.16246121697
    },
    "com.google.gson.functional.NullObjectAndFieldTest-testExplicitSerializationOfNullCollectionMembers": {
        "energy": 39184,
        "duration": 820581.96,
        "dram": 3025.44,
        "iteration": 50,
        "stdev": 5030.987100957426
    },
    "com.google.gson.functional.CollectionTest-testWildcardPrimitiveCollectionSerilaization": {
        "energy": 41259,
        "duration": 1411392.4567901234,
        "dram": 4164.333333333333,
        "iteration": 81,
        "stdev": 16920.06881335539
    },
    "com.google.gson.functional.CollectionTest-testWildcardPrimitiveCollectionDeserilaization": {
        "energy": 38574,
        "duration": 839633.2115384615,
        "dram": 3051.173076923077,
        "iteration": 52,
        "stdev": 4850.077757070517
    },
    "com.google.gson.functional.EnumTest-testCollectionOfEnumsDeserialization": {
        "energy": 40832,
        "duration": 1031978.9523809524,
        "dram": 3161.2380952380954,
        "iteration": 63,
        "stdev": 6429.576830413567
    },
    "com.google.gson.functional.ParameterizedTypesTest-testVariableTypeDeserialization": {
        "energy": 49987,
        "duration": 1921048.7878787878,
        "dram": 5371.989898989899,
        "iteration": 99,
        "stdev": 23962.417235512763
    },
    "com.google.gson.functional.UncategorizedTest-testTrailingWhitespace": {
        "energy": 41565,
        "duration": 1359267.5,
        "dram": 3712.1206896551726,
        "iteration": 58,
        "stdev": 15091.706434966303
    },
    "com.google.gson.functional.ParameterizedTypesTest-testVariableTypeFieldsAndGenericArraysSerialization": {
        "energy": 94482,
        "duration": 2899018.0404040404,
        "dram": 8866.929292929293,
        "iteration": 99,
        "stdev": 40305.828617230785
    },
    "com.google.gson.functional.CollectionTest-testTopLevelCollectionOfIntegersDeserialization": {
        "energy": 40345,
        "duration": 1053119.1666666667,
        "dram": 3343.4358974358975,
        "iteration": 78,
        "stdev": 5765.336131134406
    },
    "com.google.gson.CommentsTest-testParseComments": {
        "energy": 44311,
        "duration": 5769585.31884058,
        "dram": 17463.014492753624,
        "iteration": 69,
        "stdev": 537292.6481559173
    },
    "com.google.gson.functional.ParameterizedTypesTest-testParameterizedTypeGenericArraysDeserialization": {
        "energy": 65369,
        "duration": 1860786.696969697,
        "dram": 5233.545454545455,
        "iteration": 99,
        "stdev": 23748.585959629898
    },
    "com.google.gson.functional.CollectionTest-testLinkedListDeserialization": {
        "energy": 39245,
        "duration": 851543.8076923077,
        "dram": 3152.3076923076924,
        "iteration": 52,
        "stdev": 5352.539237866398
    },
    "com.google.gson.functional.MoreSpecificTypeSerializationTest-testListOfParameterizedSubclassFields": {
        "energy": 39795,
        "duration": 1138779.9733333334,
        "dram": 3381.0666666666666,
        "iteration": 75,
        "stdev": 8514.242397447284
    },
    "com.google.gson.functional.NullObjectAndFieldTest-testPrintPrintingObjectWithNulls": {
        "energy": 39978,
        "duration": 1050834.3943661973,
        "dram": 3458.718309859155,
        "iteration": 71,
        "stdev": 7698.349617622712
    },
    "com.google.gson.functional.ArrayTest-testArrayOfCollectionSerialization": {
        "energy": 44861,
        "duration": 1595752.8470588236,
        "dram": 4545.588235294118,
        "iteration": 85,
        "stdev": 23080.066045583844
    },
    "com.google.gson.functional.InheritanceTest-testSubInterfacesOfCollectionDeserialization": {
        "energy": 41321,
        "duration": 1118822.6883116884,
        "dram": 3453.4935064935066,
        "iteration": 77,
        "stdev": 10780.094426917773
    },
    "com.google.gson.functional.MoreSpecificTypeSerializationTest-testMapOfParameterizedSubclassFields": {
        "energy": 40039,
        "duration": 1017631.2666666667,
        "dram": 3070.116666666667,
        "iteration": 60,
        "stdev": 9725.413256800739
    },
    "com.google.gson.functional.MoreSpecificTypeSerializationTest-testListOfSubclassFields": {
        "energy": 42053,
        "duration": 1394719.060240964,
        "dram": 3943.879518072289,
        "iteration": 83,
        "stdev": 18753.297830277876
    },