{
    "com.squareup.javapoet.TypeSpecTest-initializersToBuilder": {
        "energy": 2585561.94921875,
        "duration": 75048379.92382812,
        "dram": 241287.833984375
    }
}