{
    "com.squareup.javapoet.TypeSpecTest-initializersToBuilder": {
        "energy": 2186162.984375,
        "duration": 64047927.232421875,
        "dram": 204294.81640625
    }
}