{
  "energy": 613928.5911330049,
  "instructions": 2959207.79310345,
  "durations": 2.2763511014778327E7,
  "cycles": 1944009.3940886708,
  "caches": -12895.507389162507,
  "cacheMisses": 2026.6206896551728,
  "branches": 529754.5123152708,
  "branchMisses": 17284.99014778326
}