{
  "com.google.gson.functional.ObjectTest#testAnonymousLocalClassesCustomSerialization": {
    "energy": 192005.30049261084,
    "instructions": 4129981.2216748768,
    "durations": 1.051041469950739E7,
    "cycles": 2922176.472906404,
    "caches": 24808.906403940888,
    "cacheMisses": 2345.2610837438424,
    "branches": 748759.921182266,
    "branchMisses": 24521.635467980297
  },
  "com.google.gson.functional.CustomTypeAdaptersTest#testRegisterHierarchyAdapterForDate": {
    "energy": 29248.039408866993,
    "instructions": 755199.5615763547,
    "durations": 381392.18226600986,
    "cycles": 799965.0541871921,
    "caches": 18831.3842364532,
    "cacheMisses": 1535.7241379310344,
    "branches": 157136.04433497536,
    "branchMisses": 5610.300492610837
  },
  "com.google.gson.functional.ExclusionStrategyFunctionalTest#testExcludeTopLevelClassDeserializationDoesNotImpactSerialization": {
    "energy": -4004.4187192118234,
    "instructions": 69184.118226601,
    "durations": -317359.7438423646,
    "cycles": -15274.699507389165,
    "caches": -5632.408866995075,
    "cacheMisses": -223.9852216748769,
    "branches": 8374.862068965518,
    "branchMisses": 136.576354679803
  },
  "com.google.gson.functional.ObjectTest#testJsonObjectSerialization": {
    "energy": 49342.94581280788,
    "instructions": -31598.866995073888,
    "durations": 582082.4827586206,
    "cycles": -63350.61083743842,
    "caches": 3407.339901477832,
    "cacheMisses": -7.773399014778324,
    "branches": -7840.768472906403,
    "branchMisses": -209.88177339901475
  },
  "com.google.gson.functional.VersioningTest#testVersionedUntilDeserialization": {
    "energy": 0.0,
    "instructions": -81110.07881773397,
    "durations": 42507.37931034482,
    "cycles": -126189.842364532,
    "caches": -7717.152709359605,
    "cacheMisses": -302.96551724137925,
    "branches": -13093.379310344826,
    "branchMisses": -622.8669950738915
  },
  "com.google.gson.functional.ObjectTest#testInnerClassDeserialization": {
    "energy": 312502.58128078823,
    "instructions": 258594.52216748774,
    "durations": 1.4257417891625619E7,
    "cycles": 881953.064039409,
    "caches": 36866.285714285725,
    "cacheMisses": 625.6157635467981,
    "branches": 22256.90640394089,
    "branchMisses": 9419.270935960592
  },
  "com.google.gson.functional.InstanceCreatorTest#testInstanceCreatorReturnsBaseType": {
    "energy": 75918.2660098522,
    "instructions": -1792549.1133004923,
    "durations": 2224615.5763546797,
    "cycles": -1146231.4581280786,
    "caches": -8264.748768472906,
    "cacheMisses": -1076.3743842364531,
    "branches": -321995.8916256157,
    "branchMisses": -8244.049261083743
  },
  "com.google.gson.functional.ExclusionStrategyFunctionalTest#testExclusionStrategySerialization": {
    "energy": 124247.92610837443,
    "instructions": 98690.96059113304,
    "durations": 215979.17733990157,
    "cycles": 415186.5960591135,
    "caches": 19660.128078817743,
    "cacheMisses": 54.04433497536948,
    "branches": 12418.187192118232,
    "branchMisses": 3717.0492610837455
  },
  "com.google.gson.functional.TypeAdapterPrecedenceTest#testSerializeNonstreamingTypeAdapterFollowedByStreamingTypeAdapter": {
    "energy": -22093.92118226601,
    "instructions": -300.7389162561576,
    "durations": -4134.8866995073895,
    "cycles": 3460.137931034483,
    "caches": 260.2758620689655,
    "cacheMisses": -24.059113300492612,
    "branches": 33.90147783251231,
    "branchMisses": 28.43349753694581
  },
  "com.google.gson.functional.ObjectTest#testStringFieldWithNumberValueDeserialization": {
    "energy": -143238.1280788177,
    "instructions": -446883.79310344823,
    "durations": -5129403.743842363,
    "cycles": -1727685.3201970442,
    "caches": -95115.51724137929,
    "cacheMisses": -898.8669950738915,
    "branches": -76295.27093596058,
    "branchMisses": -17071.47783251231
  }
}