{
    "com.google.gson.functional.CustomTypeAdaptersTest-testCustomAdapterInvokedForCollectionElementDeserialization": {
        "energy": 38275.08571428571,
        "duration": 1069912.7857142857,
        "dram": 3134.157142857143,
        "iteration": 70,
        "stdev": 7192.0210009681805
    },
    "com.google.gson.functional.StreamingTypeAdaptersTest-testNullSafe": {
        "energy": 46458.38461538462,
        "duration": 1378191.2197802197,
        "dram": 3826.0,
        "iteration": 91,
        "stdev": 17056.6433506283
    },
    "com.google.gson.functional.CustomTypeAdaptersTest-testCustomTypeAdapterAppliesToSubClassesSerializedAsBaseClass": {
        "energy": 37344.9,
        "duration": 894444.76,
        "dram": 2860.78,
        "iteration": 50,
        "stdev": 4297.4853682124385
    },
    "com.google.gson.functional.CustomTypeAdaptersTest-testCustomAdapterInvokedForMapElementDeserialization": {
        "energy": 36559.0625,
        "duration": 922266.75,
        "dram": 3168.359375,
        "iteration": 64,
        "stdev": 5444.838409777994
    },
    "com.google.gson.functional.MapTest-testInterfaceTypeMapWithSerializer": {
        "energy": 61658.242424242424,
        "duration": 2022878.5555555555,
        "dram": 5459.606060606061,
        "iteration": 99,
        "stdev": 37596.631193671434
    },
    "com.google.gson.functional.TypeAdapterPrecedenceTest-testStreamingHierarchicalFollowedByNonstreaming": {
        "energy": 37834.27272727273,
        "duration": 593394.3636363636,
        "dram": 2701.181818181818,
        "iteration": 33,
        "stdev": 4099.327943978928
    },
    "com.google.gson.functional.TypeAdapterPrecedenceTest-testSerializeNonstreamingTypeAdapterFollowedByStreamingTypeAdapter": {
        "energy": 38359.04347826087,
        "duration": 619034.1739130435,
        "dram": 2120.1304347826085,
        "iteration": 23,
        "stdev": 4170.092340529694
    },
    "com.google.gson.functional.CustomSerializerTest-testSerializerReturnsNull": {
        "energy": 37594.2,
        "duration": 874780.509090909,
        "dram": 3080.109090909091,
        "iteration": 55,
        "stdev": 4739.242906165115
    },
    "com.google.gson.functional.CustomTypeAdaptersTest-testCustomAdapterInvokedForMapElementSerializationWithType": {
        "energy": 36423.609375,
        "duration": 1000521.828125,
        "dram": 3105.859375,
        "iteration": 64,
        "stdev": 4213.164820006109
    },
    "com.google.gson.functional.StreamingTypeAdaptersTest-testSerializeWithCustomTypeAdapter": {
        "energy": 41731.32467532468,
        "duration": 1256961.3766233767,
        "dram": 3529.064935064935,
        "iteration": 77,
        "stdev": 9608.58242776786
    },
    "com.google.gson.functional.MapTest-testMapSubclassDeserialization": {
        "energy": 44218.59154929577,
        "duration": 1221180.4225352113,
        "dram": 3428.887323943662,
        "iteration": 71,
        "stdev": 16863.194069974368
    },
    "com.google.gson.functional.ParameterizedTypesTest-testParameterizedTypeWithReaderDeserialization": {
        "energy": 37807.356164383564,
        "duration": 1070508.8767123288,
        "dram": 3071.328767123288,
        "iteration": 73,
        "stdev": 5128.585634741118
    },
    "com.google.gson.functional.ParameterizedTypesTest-testParameterizedTypeWithCustomSerializer": {
        "energy": 54686.063829787236,
        "duration": 1700950.2340425532,
        "dram": 4713.54255319149,
        "iteration": 94,
        "stdev": 36761.23484885876
    },
    "com.google.gson.functional.CustomDeserializerTest-testJsonTypeFieldBasedDeserialization": {
        "energy": 53546.58888888889,
        "duration": 1720952.9333333333,
        "dram": 4934.233333333334,
        "iteration": 90,
        "stdev": 22796.473620518314
    },
    "com.google.gson.functional.InstanceCreatorTest-testInstanceCreatorReturnsSubTypeForField": {
        "energy": 48370.34285714286,
        "duration": 1310049.9571428571,
        "dram": 4242.914285714286,
        "iteration": 70,
        "stdev": 23417.72646515316
    },
    "com.google.gson.functional.CustomTypeAdaptersTest-testCustomSerializers": {
        "energy": 223091.02631578947,
        "duration": 6459432.986842105,
        "dram": 20054.63157894737,
        "iteration": 76,
        "stdev": 461169.2234911964
    },
    "com.google.gson.functional.CustomTypeAdaptersTest-testCustomNestedDeserializers": {
        "energy": 37647.65671641791,
        "duration": 1010784.2537313433,
        "dram": 2919.1194029850744,
        "iteration": 67,
        "stdev": 5906.8996983473035
    },
    "com.google.gson.functional.CustomTypeAdaptersTest-testCustomTypeAdapterDoesNotAppliesToSubClasses": {
        "energy": 93828.69696969698,
        "duration": 2810028.737373737,
        "dram": 8149.181818181818,
        "iteration": 99,
        "stdev": 26826.46047101857
    },
    "com.google.gson.functional.CustomTypeAdaptersTest-testCustomAdapterInvokedForCollectionElementSerialization": {
        "energy": 37715.90909090909,
        "duration": 627294.1515151515,
        "dram": 2797.969696969697,
        "iteration": 33,
        "stdev": 4364.6506636817985
    },
    "com.google.gson.functional.CustomSerializerTest-testSubClassSerializerInvokedForBaseClassFieldsHoldingSubClassInstances": {
        "energy": 279643.73170731706,
        "duration": 7991227.109756097,
        "dram": 25774.170731707316,
        "iteration": 82,
        "stdev": 604469.0140388292
    },
    "com.google.gson.functional.CollectionTest-testUserCollectionTypeAdapter": {
        "energy": 45474.225,
        "duration": 1419548.775,
        "dram": 3497.8125,
        "iteration": 80,
        "stdev": 16295.84239535885
    },
    "com.google.gson.functional.UncategorizedTest-testReturningDerivedClassesDuringDeserialization": {
        "energy": 84175.28282828283,
        "duration": 2617993.3333333335,
        "dram": 7732.111111111111,
        "iteration": 99,
        "stdev": 36123.54020706892
    },
    "com.google.gson.functional.CustomTypeAdaptersTest-testCustomAdapterInvokedForCollectionElementSerializationWithType": {
        "energy": 49586.97647058823,
        "duration": 1479018.4117647058,
        "dram": 4293.964705882353,
        "iteration": 85,
        "stdev": 23803.774851889484
    },
    "com.google.gson.functional.CustomTypeAdaptersTest-testCustomDeserializers": {
        "energy": 51646.78461538462,
        "duration": 1515619.9538461538,
        "dram": 4407.8,
        "iteration": 65,
        "stdev": 34021.69780753829
    },
    "com.google.gson.functional.CustomDeserializerTest-testCustomDeserializerReturnsNullForArrayElements": {
        "energy": 39013.7962962963,
        "duration": 878644.8518518518,
        "dram": 3004.222222222222,
        "iteration": 54,
        "stdev": 4347.768232858434
    },
    "com.google.gson.functional.InstanceCreatorTest-testInstanceCreatorReturnsSubTypeForTopLevelObject": {
        "energy": 39684.66071428572,
        "duration": 985657.6071428572,
        "dram": 3362.6428571428573,
        "iteration": 56,
        "stdev": 4373.412602945152
    },
    "com.google.gson.functional.StreamingTypeAdaptersTest-testDeserializeWithCustomTypeAdapter": {
        "energy": 39637.65,
        "duration": 721357.925,
        "dram": 3186.425,
        "iteration": 40,
        "stdev": 4884.854028269423
    },
    "com.google.gson.functional.TypeAdapterPrecedenceTest-testNonstreamingFollowedByNonstreaming": {
        "energy": 180278.54639175258,
        "duration": 5297345.958762887,
        "dram": 16276.701030927836,
        "iteration": 97,
        "stdev": 443725.9027188173
    },
    "com.google.gson.functional.CustomTypeAdaptersTest-testCustomByteArraySerializer": {
        "energy": 36842.28813559322,
        "duration": 870610.7457627119,
        "dram": 2965.7457627118642,
        "iteration": 59,
        "stdev": 4677.409430953687
    },