{
  "com.google.gson.functional.JsonTreeTest#testJsonTreeToString": {
    "dataV1": {
      "energy": 860960.0,
      "instructions": 3.661229E7,
      "durations": 4.3353838E7,
      "cycles": 3.839987E7,
      "caches": 1004112.0,
      "cacheMisses": 10756.0,
      "branches": 7390808.0,
      "branchMisses": 356502.0
    },
    "dataV2": {
      "energy": 862426.0,
      "instructions": 3.6834404E7,
      "durations": 4.3191192E7,
      "cycles": 3.8547762E7,
      "caches": 1002140.0,
      "cacheMisses": 10868.0,
      "branches": 7439592.0,
      "branchMisses": 355400.0
    },
    "energy": 1466.0,
    "instructions": 222114.0,
    "durations": -162646.0,
    "cycles": 147892.0,
    "caches": -1972.0,
    "cacheMisses": 112.0,
    "branches": 48784.0,
    "branchMisses": -1102.0
  },
  "com.google.gson.functional.EnumTest#testEnumSet": {
    "dataV1": {
      "energy": 696776.0,
      "instructions": 2.0948922E7,
      "durations": 3.4875556E7,
      "cycles": 2.7837286E7,
      "caches": 771244.0,
      "cacheMisses": 8122.0,
      "branches": 4100676.0,
      "branchMisses": 295078.0
    },
    "dataV2": {
      "energy": 694944.0,
      "instructions": 2.103656E7,
      "durations": 3.5031436E7,
      "cycles": 2.7752814E7,
      "caches": 768774.0,
      "cacheMisses": 8046.0,
      "branches": 4114902.0,
      "branchMisses": 291786.0
    },
    "energy": -1832.0,
    "instructions": 87638.0,
    "durations": 155880.0,
    "cycles": -84472.0,
    "caches": -2470.0,
    "cacheMisses": -76.0,
    "branches": 14226.0,
    "branchMisses": -3292.0
  },
  "com.google.gson.functional.ObjectTest#testInnerClassDeserialization": {
    "dataV1": {
      "energy": 1318844.0,
      "instructions": 4.2537292E7,
      "durations": 6.8745666E7,
      "cycles": 5.0403214E7,
      "caches": 1343540.0,
      "cacheMisses": 33838.0,
      "branches": 8418906.0,
      "branchMisses": 501484.0
    },
    "dataV2": {
      "energy": 1320064.0,
      "instructions": 4.246566E7,
      "durations": 6.8837282E7,
      "cycles": 5.0051384E7,
      "caches": 1325722.0,
      "cacheMisses": 33868.0,
      "branches": 8403480.0,
      "branchMisses": 496480.0
    },
    "energy": 1220.0,
    "instructions": -71632.0,
    "durations": 91616.0,
    "cycles": -351830.0,
    "caches": -17818.0,
    "cacheMisses": 30.0,
    "branches": -15426.0,
    "branchMisses": -5004.0
  }
}