{
    "com.google.gson.functional.ReadersWritersTest-testReadWriteTwoObjects": {
        "energy": 65930.57467257854,
        "duration": 2089855.6254962469,
        "dram": 5569.53831289341,
        "iteration": 62
    },
    "com.google.gson.functional.ObjectTest-testNestedSerialization": {
        "energy": 40060.247493478506,
        "duration": 1005093.650305673,
        "dram": 3998.443369947292,
        "iteration": 48
    },
    "com.google.gson.JsonParserTest-testReadWriteTwoObjects": {
        "energy": 45592.82689344557,
        "duration": 1226411.3167319158,
        "dram": 4254.219713945609,
        "iteration": 83
    },
    "com.google.gson.internal.bind.JsonTreeWriterTest-testLenientNansAndInfinities": {
        "energy": 43297.13196632266,
        "duration": 785816.2346083894,
        "dram": 3644.1302072256804,
        "iteration": 27
    },
    "com.google.gson.functional.TypeVariableTest-testBasicTypeVariables": {
        "energy": 40325.80380312463,
        "duration": 804339.6203954931,
        "dram": 3048.382409347789,
        "iteration": 60
    },
    "com.google.gson.OverrideCoreTypeAdaptersTest-testOverridePrimitiveBooleanAdapter": {
        "energy": 44625.60248422623,
        "duration": 654292.1398854256,
        "dram": 3664.473400115967,
        "iteration": 21
    },
    "com.google.gson.functional.TypeVariableTest-testAdvancedTypeVariables": {
        "energy": 75385.63854782644,
        "duration": 1927236.1891708719,
        "dram": 6696.208190025927,
        "iteration": 99
    },
    "com.google.gson.functional.UncategorizedTest-testGsonInstanceReusableForSerializationAndDeserialization": {
        "energy": 38052.74315867876,
        "duration": 823438.4202276112,
        "dram": 3299.776866388902,
        "iteration": 39
    },
    "com.google.gson.functional.EscapingTest-testGsonDoubleDeserialization": {
        "energy": 40733.21663220408,
        "duration": 879101.1717348909,
        "dram": 3604.163233620962,
        "iteration": 43
    },
    "com.google.gson.functional.VersioningTest-testVersionedGsonWithUnversionedClassesSerialization": {
        "energy": 52121.56483034541,
        "duration": 2064080.006922653,
        "dram": 4032.194850256239,
        "iteration": 53
    },
    "com.google.gson.functional.UncategorizedTest-testStaticFieldsAreNotSerialized": {
        "energy": 40321.35079872241,
        "duration": 658158.163217577,
        "dram": 1550.6430155534908,
        "iteration": 37
    },
    "com.google.gson.functional.MapAsArrayTypeAdapterTest-testSerializeComplexMapWithTypeAdapter": {
        "energy": 135274.75788330362,
        "duration": 3928213.421880778,
        "dram": 10744.70661702066,
        "iteration": 99
    },
    "com.google.gson.functional.EscapingTest-testGsonAcceptsEscapedAndNonEscapedJsonDeserialization": {
        "energy": 38260.82191101587,
        "duration": 1063558.344484849,
        "dram": 4266.3045114090255,
        "iteration": 65
    },
    "com.google.gson.functional.JsonTreeTest-testJsonTreeToString": {
        "energy": 43171.906297410176,
        "duration": 943947.2884713325,
        "dram": 3497.825718213443,
        "iteration": 70
    },
    "com.google.gson.functional.ObjectTest-testBagOfPrimitiveWrappersSerialization": {
        "energy": 53371.429221594204,
        "duration": 1746229.597433562,
        "dram": 5133.488768512036,
        "iteration": 48
    },
    "com.google.gson.functional.TypeVariableTest-testTypeVariablesViaTypeParameter": {
        "energy": 43017.50769549722,
        "duration": 1237056.164865288,
        "dram": 3544.570501373183,
        "iteration": 91
    },
    "com.google.gson.functional.PrettyPrintingTest-testPrettyPrintArrayOfObjects": {
        "energy": 37882.258760035045,
        "duration": 1111491.9665244923,
        "dram": 2853.1608475647504,
        "iteration": 57
    },
    "com.google.gson.functional.DefaultTypeAdaptersTest-testNullSerialization": {
        "energy": 1017872.0369408976,
        "duration": 27826365.24509494,
        "dram": 90540.53912455082,
        "iteration": 99
    },
    "com.google.gson.functional.JsonTreeTest-testToJsonTreeObjectType": {
        "energy": 41532.350770530604,
        "duration": 936091.7114920376,
        "dram": 3504.1300005512003,
        "iteration": 68
    },
    "com.google.gson.stream.JsonWriterTest-testPrettyPrintObject": {
        "energy": 45510.30396711826,
        "duration": 588085.4909569025,
        "dram": 3702.970180749893,
        "iteration": 23
    },
    "com.google.gson.functional.ObjectTest-testArrayOfArraysSerialization": {
        "energy": 162733.98422796218,
        "duration": 4226888.19808366,
        "dram": 15120.556753661254,
        "iteration": 82
    },
    "com.google.gson.functional.ParameterizedTypesTest-testTypesWithMultipleParametersSerialization": {
        "energy": 87671.27433024035,
        "duration": 2668199.9234003746,
        "dram": 8427.774946268659,
        "iteration": 99
    },
    "com.google.gson.functional.PrettyPrintingTest-testPrettyPrintList": {
        "energy": 42956.0999702519,
        "duration": 1448940.011338016,
        "dram": 3639.2090789964313,
        "iteration": 91
    },
    "com.google.gson.functional.DelegateTypeAdapterTest-testDelegateInvoked": {
        "energy": 84802.37629423272,
        "duration": 2218044.563669031,
        "dram": 5628.233459737574,
        "iteration": 99
    },
    "com.google.gson.stream.JsonWriterTest-testTopLevelValueTypes": {
        "energy": 55624.62307071686,
        "duration": 1231678.068052888,
        "dram": 4087.0226697921753,
        "iteration": 23
    },
    "com.google.gson.functional.ArrayTest-testObjectArrayWithNonPrimitivesSerialization": {
        "energy": 39918.25581224715,
        "duration": 1201929.5587176129,
        "dram": 3213.4284539435357,
        "iteration": 60
    },
    "com.google.gson.functional.ObjectTest-testArrayOfObjectsAsFields": {
        "energy": 35704.97391863789,
        "duration": 789633.1966122226,
        "dram": 1917.6320840959024,
        "iteration": 65
    },
    "com.google.gson.functional.CollectionTest-testCollectionOfBagOfPrimitivesSerialization": {
        "energy": 45010.88301016064,
        "duration": 939092.0601526846,
        "dram": 3971.6020615003044,
        "iteration": 60
    },
    "com.google.gson.functional.SecurityTest-testNonExecutableJsonSerialization": {
        "energy": 51153.615782858804,
        "duration": 912495.6885461919,
        "dram": 4632.838609363884,
        "iteration": 30
    },
    "com.google.gson.functional.EscapingTest-testEscapingObjectFields": {
        "energy": 47676.099134598364,
        "duration": 1262462.7366409805,
        "dram": 4142.950677600811,
        "iteration": 52
    },
    "com.google.gson.OverrideCoreTypeAdaptersTest-testOverrideWrapperBooleanAdapter": {
        "energy": 38243.85860287248,
        "duration": 1329490.4762584083,
        "dram": 3306.914039855361,
        "iteration": 47
    },
    "com.google.gson.functional.CollectionTest-testWildcardCollectionField": {
        "energy": 38345.71389547461,
        "duration": 1310979.418680768,
        "dram": 3769.9499505502254,
        "iteration": 87
    },
    "com.google.gson.functional.PrintFormattingTest-testCompactFormattingLeavesNoWhiteSpace": {
        "energy": 56417.5813586472,
        "duration": 1988753.0553303808,
        "dram": 5276.631640761345,
        "iteration": 82
    },
    "com.google.gson.functional.ObjectTest-testBagOfPrimitivesSerialization": {
        "energy": 39978.46858379674,
        "duration": 786160.745952888,
        "dram": 842.1121576302248,
        "iteration": 41
    },
    "com.google.gson.functional.ObjectTest-testArrayOfObjectsSerialization": {
        "energy": 35272.44855468102,
        "duration": 721698.8131118498,
        "dram": 3300.7117125338814,
        "iteration": 58
    },