{
    "com.google.gson.functional.CollectionTest-testRawCollectionSerialization": {
        "energy": 41266.97094406388,
        "duration": 838135.0728401793,
        "dram": 3320.25144289744,
        "iteration": 46
    },
    "com.google.gson.functional.ObjectTest-testNestedSerialization": {
        "energy": 34033.9191730179,
        "duration": 1030491.2491463728,
        "dram": 3298.4009559478914,
        "iteration": 50
    },
    "com.google.gson.JsonParserTest-testReadWriteTwoObjects": {
        "energy": 94313.99660810595,
        "duration": 2738929.32634339,
        "dram": 8231.965559131459,
        "iteration": 79
    },
    "com.google.gson.functional.ObjectTest-testNullFieldsSerialization": {
        "energy": 36298.2755813321,
        "duration": 820531.0245047726,
        "dram": 3143.1077574210067,
        "iteration": 35
    },
    "com.google.gson.functional.TypeVariableTest-testBasicTypeVariables": {
        "energy": 39380.739290462385,
        "duration": 1046261.3693218743,
        "dram": 1518.7103481855743,
        "iteration": 64
    },
    "com.google.gson.functional.ArrayTest-testObjectArrayWithNonPrimitivesSerialization": {
        "energy": 40256.222058555184,
        "duration": 924609.2612391725,
        "dram": 3714.950441078964,
        "iteration": 46
    },
    "com.google.gson.functional.PrimitiveTest-testPrimitiveBooleanAutoboxedSerialization": {
        "energy": 42329.57421875,
        "duration": 1489867.822265625,
        "dram": 5848.708984375,
        "iteration": 10
    },
    "com.google.gson.functional.TypeVariableTest-testAdvancedTypeVariables": {
        "energy": 46064.22122821083,
        "duration": 1494736.3389105424,
        "dram": 5944.677140275295,
        "iteration": 99
    },
    "com.google.gson.functional.ObjectTest-testArrayOfObjectsAsFields": {
        "energy": 40193.47195862606,
        "duration": 1057158.6537876371,
        "dram": 3373.204424196147,
        "iteration": 66
    },
    "com.google.gson.functional.EscapingTest-testGsonDoubleDeserialization": {
        "energy": 38691.20854606076,
        "duration": 975556.9172493126,
        "dram": 1867.7867150462826,
        "iteration": 49
    },
    "com.google.gson.functional.CollectionTest-testCollectionOfBagOfPrimitivesSerialization": {
        "energy": 53067.50765338798,
        "duration": 1223886.9306691485,
        "dram": 2745.7639609371454,
        "iteration": 45
    },
    "com.google.gson.functional.SecurityTest-testNonExecutableJsonSerialization": {
        "energy": 47421.21061774836,
        "duration": 1177335.4549470698,
        "dram": 3891.597822770782,
        "iteration": 42
    },
    "com.google.gson.functional.UncategorizedTest-testStaticFieldsAreNotSerialized": {
        "energy": 41333.814567100024,
        "duration": 779241.9834338035,
        "dram": 1752.911999897624,
        "iteration": 36
    },
    "com.google.gson.functional.MapAsArrayTypeAdapterTest-testSerializeComplexMapWithTypeAdapter": {
        "energy": 185214.19393557368,
        "duration": 5426469.039368562,
        "dram": 16875.930976767366,
        "iteration": 99
    },
    "com.google.gson.functional.EscapingTest-testEscapingObjectFields": {
        "energy": 39272.93113535051,
        "duration": 944461.7849043126,
        "dram": 3532.509204799248,
        "iteration": 56
    },
    "com.google.gson.functional.JsonTreeTest-testJsonTreeToString": {
        "energy": 114350.71475526415,
        "duration": 3157926.9835197562,
        "dram": 9820.480081778767,
        "iteration": 79
    },
    "com.google.gson.functional.ObjectTest-testBagOfPrimitiveWrappersSerialization": {
        "energy": 48297.20132679403,
        "duration": 1583858.1424735535,
        "dram": 4909.520906533737,
        "iteration": 45
    },
    "com.google.gson.functional.TypeVariableTest-testTypeVariablesViaTypeParameter": {
        "energy": 51411.57158056672,
        "duration": 1294629.2581602316,
        "dram": 4318.90121242277,
        "iteration": 88
    },
    "com.google.gson.functional.DefaultTypeAdaptersTest-testNullSerialization": {
        "energy": 475206.81842903554,
        "duration": 11635999.218831174,
        "dram": 39037.24902098559,
        "iteration": 99
    },
    "com.google.gson.functional.CollectionTest-testWildcardCollectionField": {
        "energy": 104621.96135842863,
        "duration": 2920750.838471223,
        "dram": 9418.520052789987,
        "iteration": 90
    },
    "com.google.gson.functional.JsonTreeTest-testToJsonTreeObjectType": {
        "energy": 40298.851374723294,
        "duration": 1237779.9443998286,
        "dram": 3416.851663633078,
        "iteration": 56
    },
    "com.google.gson.functional.PrintFormattingTest-testCompactFormattingLeavesNoWhiteSpace": {
        "energy": 77740.75062099916,
        "duration": 2290187.7316323197,
        "dram": 6391.176310789277,
        "iteration": 82
    },
    "com.google.gson.functional.ObjectTest-testArrayOfArraysSerialization": {
        "energy": 36929.66372560362,
        "duration": 1217776.747325248,
        "dram": 3652.9267739255865,
        "iteration": 81
    },
    "com.google.gson.functional.ParameterizedTypesTest-testTypesWithMultipleParametersSerialization": {
        "energy": 46730.32367459421,
        "duration": 1790780.0561102745,
        "dram": 3925.5243564360353,
        "iteration": 99
    },
    "com.google.gson.functional.PrettyPrintingTest-testPrettyPrintList": {
        "energy": 58984.31044469567,
        "duration": 1840851.2001413463,
        "dram": 5534.813984252834,
        "iteration": 88
    },
    "com.google.gson.functional.ObjectTest-testBagOfPrimitivesSerialization": {
        "energy": 212826.70173966046,
        "duration": 6104103.4884594,
        "dram": 20271.827162653208,
        "iteration": 30
    },
    "com.google.gson.functional.ObjectTest-testArrayOfObjectsSerialization": {
        "energy": 38841.0602271019,
        "duration": 863307.6819129454,
        "dram": 3467.05000761046,
        "iteration": 53
    },
    "com.google.gson.functional.InheritanceTest-testSubClassSerialization": {
        "energy": 38959.774903249876,
        "duration": 1318796.0360874338,
        "dram": 3127.2301237796855,
        "iteration": 83
    },
    "com.google.gson.functional.DelegateTypeAdapterTest-testDelegateInvoked": {
        "energy": 52225.517347918794,
        "duration": 1655292.4090615674,
        "dram": 6264.268372899436,
        "iteration": 99
    },
    "com.google.gson.functional.ReadersWritersTest-testReadWriteTwoObjects": {
        "energy": 79417.20487383565,
        "duration": 2477223.691072129,
        "dram": 7549.241133570158,
        "iteration": 67
    },
    "com.google.gson.OverrideCoreTypeAdaptersTest-testOverrideWrapperBooleanAdapter": {
        "energy": 42008.13322386339,
        "duration": 1127192.5024180054,
        "dram": 3603.849898112459,
        "iteration": 46
    },
    "com.google.gson.stream.JsonWriterTest-testPrettyPrintObject": {
        "energy": 71194.58848571777,
        "duration": 1806692.2002499104,
        "dram": 5812.424395561218,
        "iteration": 23
    },
    "com.google.gson.functional.JsonTreeTest-testToJsonTree": {
        "energy": 61014.286646797875,
        "duration": 1204217.824765376,
        "dram": 2102.3549942531563,
        "iteration": 53
    },
    "com.google.gson.stream.JsonWriterTest-testTopLevelValueTypes": {
        "energy": 50062.08560343087,
        "duration": 899215.9760395251,
        "dram": 3349.3432376123965,
        "iteration": 29
    },
    "com.google.gson.functional.ReadersWritersTest-testWriterForSerialization": {
        "energy": 334185.7854472384,
        "duration": 10507697.94480481,
        "dram": 31945.897995416388,
        "iteration": 47
    },
    "com.google.gson.functional.CustomTypeAdaptersTest-testCustomSerializerInvokedForPrimitives": {
        "energy": 234396.6299131794,