{
    "com.google.gson.functional.MapAsArrayTypeAdapterTest-testTwoTypesCollapseToOneSerialize": {
        "energy": 78054.75789473685,
        "duration": 2587936.6315789474,
        "dram": 6963.557894736842,
        "iteration": 95,
        "stdev": 183063.4475809564
    },
    "com.google.gson.functional.CollectionTest-testRawCollectionOfBagOfPrimitivesNotAllowed": {
        "energy": 42649.90476190476,
        "duration": 1159069.7142857143,
        "dram": 3608.3492063492063,
        "iteration": 63,
        "stdev": 34757.40159051398
    },
    "com.google.gson.JsonPrimitiveTest-testFloatEqualsDouble": {
        "energy": 38746.35294117647,
        "duration": 780192.8235294118,
        "dram": 1803.6470588235295,
        "iteration": 17,
        "stdev": 5259.260951672341
    },
    "com.google.gson.GsonTypeAdapterTest-testDefaultTypeAdapterThrowsParseException": {
        "energy": 39643.0,
        "duration": 927679.7435897436,
        "dram": 3106.948717948718,
        "iteration": 39,
        "stdev": 8097.471925838558
    },
    "com.google.gson.functional.JsonTreeTest-testToJsonTreeObjectType": {
        "energy": 59239.5974025974,
        "duration": 1799992.2857142857,
        "dram": 5178.74025974026,
        "iteration": 77,
        "stdev": 70551.28748873711
    },
    "com.google.gson.functional.MapAsArrayTypeAdapterTest-testTwoTypesCollapseToOneDeserialize": {
        "energy": 41873.01219512195,
        "duration": 1411877.0975609757,
        "dram": 3601.5853658536585,
        "iteration": 82,
        "stdev": 14081.365702105622
    },
    "com.google.gson.JsonArrayTest-testEqualsOnEmptyArray": {
        "energy": 50465.97014925373,
        "duration": 1583470.985074627,
        "dram": 4168.985074626866,
        "iteration": 67,
        "stdev": 24828.931032928398
    },
    "com.google.gson.functional.JsonParserTest-testBadFieldTypeForDeserializingCustomTree": {
        "energy": 38069.0625,
        "duration": 1222961.825,
        "dram": 3153.65,
        "iteration": 80,
        "stdev": 6071.546881445762
    },
    "com.google.gson.functional.CollectionTest-testRawCollectionDeserializationNotAlllowed": {
        "energy": 38334.101694915254,
        "duration": 1018516.1694915254,
        "dram": 2908.35593220339,
        "iteration": 59,
        "stdev": 5098.555158230864
    },
    "com.google.gson.JsonParserTest-testParseMixedArray": {
        "energy": 39330.545454545456,
        "duration": 943461.0303030303,
        "dram": 2146.060606060606,
        "iteration": 33,
        "stdev": 4470.097877654657
    },
    "com.google.gson.functional.ArrayTest-testArrayWithoutTypeInfoDeserialization": {
        "energy": 38566.65853658537,
        "duration": 827263.8536585366,
        "dram": 2362.609756097561,
        "iteration": 41,
        "stdev": 4933.490114783957
    },
    "com.google.gson.functional.ArrayTest-testArrayOfObjectsWithoutTypeInfoDeserialization": {
        "energy": 39425.931818181816,
        "duration": 894759.0227272727,
        "dram": 2734.5227272727275,
        "iteration": 44,
        "stdev": 4789.692016089094
    },
    "com.google.gson.JsonArrayTest-testEqualsNonEmptyArray": {
        "energy": 36543.206896551725,
        "duration": 773653.724137931,
        "dram": 2471.2413793103447,
        "iteration": 29,
        "stdev": 4359.5001167035925
    },
    "com.google.gson.functional.JsonTreeTest-testToJsonTree": {
        "energy": 97611.7843137255,
        "duration": 2837129.4509803923,
        "dram": 8989.176470588236,
        "iteration": 51,
        "stdev": 119613.09781784323
    },
    "com.google.gson.functional.JsonParserTest-testBadFieldTypeForCustomDeserializerCustomTree": {
        "energy": 35800.5,
        "duration": 989938.8333333334,
        "dram": 2785.777777777778,
        "iteration": 36,
        "stdev": 4978.446363519893
    },
    "com.google.gson.JsonPrimitiveTest-testDoubleEqualsBigDecimal": {
        "energy": 38768.05882352941,
        "duration": 535241.1176470588,
        "dram": 2618.9411764705883,
        "iteration": 17,
        "stdev": 4009.38389678937
    },
    "com.google.gson.JsonPrimitiveTest-testFloatEqualsBigDecimal": {
        "energy": 38435.11111111111,
        "duration": 585703.5555555555,
        "dram": 2442.8333333333335,
        "iteration": 18,
        "stdev": 5035.675149359472
    }
}