{
    "com.google.gson.functional.VersioningTest-testVersionedGsonMixingSinceAndUntilDeserialization": {
        "energy": 32449.325842696628,
        "duration": 1211656.9887640448,
        "dram": 2996.9775280898875,
        "iteration": 89,
        "stdev": 3038.8921649929844
    },
    "com.google.gson.functional.VersioningTest-testVersionedUntilSerialization": {
        "energy": 49287.458333333336,
        "duration": 1619219.3472222222,
        "dram": 4586.416666666667,
        "iteration": 72,
        "stdev": 139223.74673663656
    },
    "com.google.gson.functional.VersioningTest-testIgnoreLaterVersionClassSerialization": {
        "energy": 33115.897959183676,
        "duration": 885028.0204081633,
        "dram": 2789.6938775510203,
        "iteration": 49,
        "stdev": 3196.574813860623
    },
    "com.google.gson.functional.VersioningTest-testVersionedClassesDeserialization": {
        "energy": 1368132.551020408,
        "duration": 39436479.19387755,
        "dram": 127319.11224489796,
        "iteration": 98,
        "stdev": 351225.39209692
    },
    "com.google.gson.functional.VersioningTest-testVersionedClassesSerialization": {
        "energy": 141699.9705882353,
        "duration": 4050230.529411765,
        "dram": 13276.985294117647,
        "iteration": 68,
        "stdev": 383646.2503907876
    },
    "com.google.gson.functional.VersioningTest-testVersionedGsonMixingSinceAndUntilSerialization": {
        "energy": 36764.48453608248,
        "duration": 1431666.5463917525,
        "dram": 3525.061855670103,
        "iteration": 97,
        "stdev": 12454.976594988833
    },
    "com.google.gson.functional.VersioningTest-testVersionedUntilDeserialization": {
        "energy": 31591.906976744187,
        "duration": 850318.0465116279,
        "dram": 3073.2093023255816,
        "iteration": 43,
        "stdev": 3613.3729190068093
    },
    "com.google.gson.functional.VersioningTest-testVersionedGsonWithUnversionedClassesDeserialization": {
        "energy": 72786.34523809524,
        "duration": 2442629.7023809524,
        "dram": 7120.690476190476,
        "iteration": 84,
        "stdev": 51161.528672266926
    },
    "com.google.gson.functional.VersioningTest-testVersionedGsonWithUnversionedClassesSerialization": {
        "energy": 106006.17977528089,
        "duration": 3411653.5730337077,
        "dram": 10578.752808988764,
        "iteration": 89,
        "stdev": 47130.54250887808
    },
    "com.google.gson.functional.VersioningTest-testIgnoreLaterVersionClassDeserialization": {
        "energy": 34080.7027027027,
        "duration": 868088.6756756756,
        "dram": 2918.5945945945946,
        "iteration": 37,
        "stdev": 10733.751450863376
    }
}