{
    "org.apache.commons.io.file.PathUtilsDeleteFileTest-testDeleteFileDirectory1FileSize0": {
        "energy": 31265.350200081724,
        "duration": 1467390.8593117548,
        "dram": 3324.532702400599,
        "iteration": 99
    },
    "org.apache.commons.io.FileUtilsCleanSymlinksTestCase-testStillClearsIfGivenDirectoryIsASymlink": {
        "energy": 646395.0598344067,
        "duration": 23441816.69107765,
        "dram": 71758.89417351129,
        "iteration": 99
    },
    "org.apache.commons.io.file.PathUtilsDeleteTest-testDeleteDirectory1FileSize1": {
        "energy": 30792.615214797523,
        "duration": 1062978.7377418962,
        "dram": 3128.7202166786046,
        "iteration": 76
    },
    "org.apache.commons.io.FileUtilsCleanDirectoryTestCase-testThrowsOnCannotDeleteFile": {
        "energy": 253607.84091481258,
        "duration": 8369271.398480008,
        "dram": 25644.660923606134,
        "iteration": 99
    },
    "org.apache.commons.io.file.PathUtilsDeleteFileTest-testDeleteReadOnlyFileDirectory1FileSize1": {
        "energy": 122811.82483198345,
        "duration": 4630367.623005225,
        "dram": 14560.451251044946,
        "iteration": 99
    },
    "org.apache.commons.io.file.PathUtilsDeleteTest-testDeleteDirectory1FileSize1OverrideReadOnly": {
        "energy": 571370.7856296091,
        "duration": 18629670.449354783,
        "dram": 58480.30983610212,
        "iteration": 99
    },
    "org.apache.commons.io.FileUtilsTestCase-testForceDeleteAFile1": {
        "energy": 37593.04807634387,
        "duration": 880236.6360006097,
        "dram": 3759.6249388680612,
        "iteration": 49
    },
    "org.apache.commons.io.FileUtilsTestCase-testCopyDirectoryToNonExistingDest": {
        "energy": 278250.5938117417,
        "duration": 8219971.944255019,
        "dram": 27068.155834839818,
        "iteration": 99
    },
    "org.apache.commons.io.file.PathUtilsDeleteTest-testDeleteDirectory1FileSize0NoOption": {
        "energy": 30411.664966826465,
        "duration": 1055686.0646634179,
        "dram": 587.7741913239297,
        "iteration": 70
    },
    "org.apache.commons.io.file.PathUtilsDeleteFileTest-testDeleteFileDirectory1FileSize1": {
        "energy": 32847.25687367032,
        "duration": 1040445.1026798275,
        "dram": 1188.4655859189438,
        "iteration": 52
    },
    "org.apache.commons.io.monitor.FileAlterationObserverTestCase-testDirectory": {
        "energy": 12839208.947796445,
        "duration": 1069859200.780695,
        "dram": 825003.878484569,
        "iteration": 99
    },
    "org.apache.commons.io.FileUtilsTestCase-testForceDeleteAFile3": {
        "energy": 37954.47851075376,
        "duration": 918058.7354734467,
        "dram": 3691.2550118094755,
        "iteration": 65
    },
    "org.apache.commons.io.file.PathUtilsDeleteFileTest-testDeleteFileDoesNotExist": {
        "energy": 275084.0268567635,
        "duration": 9116027.970150722,
        "dram": 28160.6292413998,
        "iteration": 99
    },
    "org.apache.commons.io.FileUtilsTestCase-testForceDeleteReadOnlyFile": {
        "energy": 256921.22309560893,
        "duration": 6781676.478354175,
        "dram": 23705.86789937521,
        "iteration": 99
    },
    "org.apache.commons.io.file.PathUtilsDeleteTest-testDeleteDirectory1FileSize0": {
        "energy": 89114.03420796557,
        "duration": 3265871.9644457065,
        "dram": 11964.270099828826,
        "iteration": 90
    },
    "org.apache.commons.io.file.PathUtilsDeleteTest-testDeleteFileDoesNotExist": {
        "energy": 31930.01370913876,
        "duration": 839083.5878290171,
        "dram": 3538.874815612048,
        "iteration": 54
    },
    "org.apache.commons.io.file.PathUtilsDeleteFileTest-testSetReadOnlyFileDirectory1FileSize1": {
        "energy": 36690.95797805628,
        "duration": 1094194.5523658814,
        "dram": 3411.8515890345448,
        "iteration": 73
    },
    "org.apache.commons.io.FileUtilsTestCase-testDeleteQuietlyDir": {
        "energy": 36387.471658458686,
        "duration": 925556.7001915097,
        "dram": 3379.142325677977,
        "iteration": 65
    },
    "org.apache.commons.io.FileUtilsCleanDirectoryTestCase-testDeletesRegular": {
        "energy": 524038.372796201,
        "duration": 16135968.855215354,
        "dram": 53512.31138608165,
        "iteration": 99
    },
    "org.apache.commons.io.FileUtilsTestCase-testForceDeleteAFile2": {
        "energy": 36414.629594556114,
        "duration": 787629.5843660202,
        "dram": 2294.0671995028406,
        "iteration": 48
    },
    "org.apache.commons.io.file.PathUtilsDeleteTest-testDeleteDirectory1FileSize0OverrideReadonly": {
        "energy": 29894.507638675772,
        "duration": 1105297.594666798,
        "dram": 3209.4499097992125,
        "iteration": 72
    },
    "org.apache.commons.io.file.PathUtilsDeleteTest-testDeleteDirectory1FileSize1NoOption": {
        "energy": 30067.32904428603,
        "duration": 1333389.4461123808,
        "dram": 5160.0205807064885,
        "iteration": 66
    }
}