{
    "org.apache.commons.io.file.PathUtilsDeleteFileTest-testDeleteFileDirectory1FileSize0": {
        "energy": 32175.415118516084,
        "duration": 1493610.2320933263,
        "dram": 3314.860946508596,
        "iteration": 99
    },
    "org.apache.commons.io.FileUtilsCleanSymlinksTestCase-testStillClearsIfGivenDirectoryIsASymlink": {
        "energy": 633205.2995052852,
        "duration": 21461086.829727992,
        "dram": 71082.31384860782,
        "iteration": 99
    },
    "org.apache.commons.io.FileUtilsCleanDirectoryTestCase-testThrowsOnCannotDeleteFile": {
        "energy": 230254.2464764018,
        "duration": 8096456.445189004,
        "dram": 26305.71838129611,
        "iteration": 99
    },
    "org.apache.commons.io.file.PathUtilsDeleteFileTest-testDeleteReadOnlyFileDirectory1FileSize1": {
        "energy": 143595.8534775924,
        "duration": 4815968.684000038,
        "dram": 11622.45384160369,
        "iteration": 99
    },
    "org.apache.commons.io.file.PathUtilsDeleteTest-testDeleteDirectory1FileSize1OverrideReadOnly": {
        "energy": 506147.38795373274,
        "duration": 15451869.350724168,
        "dram": 50656.92657171295,
        "iteration": 99
    },
    "org.apache.commons.io.FileUtilsTestCase-testCopyDirectoryToNonExistingDest": {
        "energy": 281890.30674204195,
        "duration": 8584368.003455989,
        "dram": 31220.15492275549,
        "iteration": 99
    },
    "org.apache.commons.io.file.PathUtilsDeleteTest-testDeleteDirectory1FileSize0NoOption": {
        "energy": 34231.02002956261,
        "duration": 966362.5229916158,
        "dram": 2524.6963680172958,
        "iteration": 67
    },
    "org.apache.commons.io.file.PathUtilsDeleteTest-testDeleteDirectory1FileSize1NoOption": {
        "energy": 35746.74879997554,
        "duration": 1077026.3061010758,
        "dram": 3398.606732734319,
        "iteration": 74
    },
    "org.apache.commons.io.file.PathUtilsDeleteFileTest-testDeleteFileDirectory1FileSize1": {
        "energy": 31191.8156883208,
        "duration": 900413.6842158776,
        "dram": 3505.823571207813,
        "iteration": 63
    },
    "org.apache.commons.io.monitor.FileAlterationObserverTestCase-testDirectory": {
        "energy": 13137542.45480706,
        "duration": 1098046482.9212298,
        "dram": 856249.9016162822,
        "iteration": 99
    },
    "org.apache.commons.io.FileUtilsTestCase-testForceDeleteAFile3": {
        "energy": 33921.05656813459,
        "duration": 950305.6405257776,
        "dram": 3284.6741359966977,
        "iteration": 54
    },
    "org.apache.commons.io.file.PathUtilsDeleteFileTest-testDeleteFileDoesNotExist": {
        "energy": 253730.04540197912,
        "duration": 9472181.442765353,
        "dram": 24867.4759935082,
        "iteration": 99
    },
    "org.apache.commons.io.FileUtilsTestCase-testForceDeleteReadOnlyFile": {
        "energy": 216085.93190305267,
        "duration": 6090060.792980233,
        "dram": 21502.022620465345,
        "iteration": 99
    },
    "org.apache.commons.io.file.PathUtilsDeleteTest-testDeleteDirectory1FileSize0": {
        "energy": 62657.408132519646,
        "duration": 2097370.193053405,
        "dram": 4723.208842541663,
        "iteration": 86
    },
    "org.apache.commons.io.file.PathUtilsDeleteTest-testDeleteDirectory1FileSize0OverrideReadonly": {
        "energy": 33294.80929075608,
        "duration": 1200736.9775368383,
        "dram": 3253.4838625720304,
        "iteration": 75
    },
    "org.apache.commons.io.file.PathUtilsDeleteTest-testDeleteFileDoesNotExist": {
        "energy": 33940.00048027861,
        "duration": 775294.7573727444,
        "dram": 776.2522777698575,
        "iteration": 52
    },
    "org.apache.commons.io.file.PathUtilsDeleteFileTest-testSetReadOnlyFileDirectory1FileSize1": {
        "energy": 30694.620174943593,
        "duration": 947992.7304888056,
        "dram": 3330.335926199597,
        "iteration": 70
    },
    "org.apache.commons.io.FileUtilsCleanDirectoryTestCase-testDeletesRegular": {
        "energy": 528461.7218860587,
        "duration": 16214600.34302723,
        "dram": 52130.59177148685,
        "iteration": 99
    },
    "org.apache.commons.io.file.PathUtilsDeleteTest-testDeleteDirectory1FileSize1": {
        "energy": 34273.421914955645,
        "duration": 1073431.560364699,
        "dram": 2590.0241971679493,
        "iteration": 79
    },
    "org.apache.commons.io.FileUtilsTestCase-testForceDeleteAFile2": {
        "energy": 34033.760738265555,
        "duration": 811952.7968074647,
        "dram": 2922.3521954970597,
        "iteration": 50
    },
    "org.apache.commons.io.FileUtilsTestCase-testDeleteQuietlyDir": {
        "energy": 33834.937596161515,
        "duration": 877834.8045564841,
        "dram": 3637.754600760927,
        "iteration": 66
    },
    "org.apache.commons.io.FileUtilsTestCase-testForceDeleteAFile1": {
        "energy": 37001.104849729716,
        "duration": 870350.1031069553,
        "dram": 3714.052475189831,
        "iteration": 44
    }
}