{
    "com.google.gson.ParameterizedTypeHandlerMapTest-testTypeOverridding": {
        "energy": 781044.5555555555,
        "duration": 22909107.92929293,
        "dram": 70348.16161616161,
        "iteration": 99,
        "stdev": 122458.8050140088
    }
}