{
    "com.google.gson.ParameterizedTypeHandlerMapTest-testTypeOverridding": {
        "energy": 773521.1818181818,
        "duration": 23546934.141414143,
        "dram": 71167.47474747474,
        "iteration": 99,
        "stdev": 122652.4694846134
    }
}