{
    "com.google.gson.functional.DefaultTypeAdaptersTest-testDateSerializationWithPatternNotOverridenByTypeAdapter": {
        "energy": 36255,
        "duration": 1082380.0,
        "dram": 3199.6266666666666,
        "iteration": 75,
        "stdev": 7120.725975048706
    },
    "com.google.gson.functional.CustomTypeAdaptersTest-testCustomAdapterInvokedForMapElementDeserialization": {
        "energy": 36438,
        "duration": 1065085.5405405406,
        "dram": 3451.7567567567567,
        "iteration": 74,
        "stdev": 11219.458596024628
    },
    "com.google.gson.functional.MapTest-testInterfaceTypeMapWithSerializer": {
        "energy": 67321,
        "duration": 2094076.0303030303,
        "dram": 5730.838383838384,
        "iteration": 99,
        "stdev": 27063.359379255293
    },
    "com.google.gson.functional.DefaultTypeAdaptersTest-testDateSerializationWithPattern": {
        "energy": 41321,
        "duration": 2954171.173469388,
        "dram": 8419.826530612245,
        "iteration": 98,
        "stdev": 91462.52675824003
    },
    "com.google.gson.functional.CustomDeserializerTest-testCustomDeserializerReturnsNullForArrayElementsForArrayField": {
        "energy": 38635,
        "duration": 960474.1076923077,
        "dram": 3102.153846153846,
        "iteration": 65,
        "stdev": 6209.203909258059
    },
    "com.google.gson.functional.TypeAdapterPrecedenceTest-testSerializeNonstreamingTypeAdapterFollowedByStreamingTypeAdapter": {
        "energy": 72815,
        "duration": 4261033.262626262,
        "dram": 12934.20202020202,
        "iteration": 99,
        "stdev": 333431.63600080885
    },
    "com.google.gson.functional.CustomDeserializerTest-testCustomDeserializerReturnsNull": {
        "energy": 40649,
        "duration": 1250802.9523809524,
        "dram": 3737.1111111111113,
        "iteration": 63,
        "stdev": 18704.033404505986
    },
    "com.google.gson.functional.TypeHierarchyAdapterTest-testRegisterSuperTypeFirst": {
        "energy": 39428,
        "duration": 936969.3076923077,
        "dram": 2937.0923076923077,
        "iteration": 65,
        "stdev": 4888.733688726555
    },
    "com.google.gson.functional.CustomTypeAdaptersTest-testCustomNestedSerializers": {
        "energy": 38086,
        "duration": 1380874.8513513512,
        "dram": 3861.5675675675675,
        "iteration": 74,
        "stdev": 20138.491090381383
    },
    "com.google.gson.functional.EnumTest-testEnumSubclassWithRegisteredTypeAdapter": {
        "energy": 41870,
        "duration": 1892628.5054945054,
        "dram": 5334.472527472528,
        "iteration": 91,
        "stdev": 31621.873608275742
    },
    "com.google.gson.functional.ParameterizedTypesTest-testParameterizedTypeWithReaderDeserialization": {
        "energy": 37048,
        "duration": 1258414.2394366197,
        "dram": 3630.605633802817,
        "iteration": 71,
        "stdev": 38349.67310200116
    },
    "com.google.gson.functional.ParameterizedTypesTest-testParameterizedTypeWithCustomSerializer": {
        "energy": 39612,
        "duration": 1554876.588888889,
        "dram": 4068.5666666666666,
        "iteration": 90,
        "stdev": 17067.593177918014
    },
    "com.google.gson.functional.CustomDeserializerTest-testJsonTypeFieldBasedDeserialization": {
        "energy": 42053,
        "duration": 1421455.9891304348,
        "dram": 3878.717391304348,
        "iteration": 92,
        "stdev": 13232.030692389166
    },
    "com.google.gson.functional.MapTest-testCustomSerializerForSpecificMapType": {
        "energy": 37841,
        "duration": 969337.046875,
        "dram": 3112.109375,
        "iteration": 64,
        "stdev": 4342.034418378194
    },
    "com.google.gson.functional.InstanceCreatorTest-testInstanceCreatorReturnsBaseType": {
        "energy": 43030,
        "duration": 4222867.857142857,
        "dram": 13503.311688311689,
        "iteration": 77,
        "stdev": 343694.1425094681
    },
    "com.google.gson.functional.InstanceCreatorTest-testInstanceCreatorReturnsSubTypeForField": {
        "energy": 41199,
        "duration": 1322515.3287671234,
        "dram": 3922.246575342466,
        "iteration": 73,
        "stdev": 24500.088919220845
    },
    "com.google.gson.functional.CustomTypeAdaptersTest-testCustomSerializers": {
        "energy": 40527,
        "duration": 4228713.338028169,
        "dram": 13616.94366197183,
        "iteration": 71,
        "stdev": 339816.36712963367
    },
    "com.google.gson.functional.CustomTypeAdaptersTest-testCustomNestedDeserializers": {
        "energy": 37353,
        "duration": 1000644.9710144928,
        "dram": 3116.985507246377,
        "iteration": 69,
        "stdev": 5999.061180944901
    },
    "com.google.gson.functional.DefaultTypeAdaptersTest-testTimestampSerialization": {
        "energy": 36072,
        "duration": 931378.1333333333,
        "dram": 2763.15,
        "iteration": 60,
        "stdev": 3891.353781997554
    },
    "com.google.gson.functional.CustomTypeAdaptersTest-testCustomTypeAdapterDoesNotAppliesToSubClasses": {
        "energy": 80566,
        "duration": 2609728.474747475,
        "dram": 7835.848484848485,
        "iteration": 99,
        "stdev": 22573.99196819347
    },
    "com.google.gson.functional.CustomTypeAdaptersTest-testCustomAdapterInvokedForCollectionElementSerialization": {
        "energy": 36377,
        "duration": 650863.512195122,
        "dram": 2691.682926829268,
        "iteration": 41,
        "stdev": 3865.013127828511
    },
    "com.google.gson.functional.ParameterizedTypesTest-testParameterizedTypeDeserialization": {
        "energy": 39612,
        "duration": 1845049.925531915,
        "dram": 5101.0,
        "iteration": 94,
        "stdev": 44876.42161377116
    },
    "com.google.gson.functional.CollectionTest-testUserCollectionTypeAdapter": {
        "energy": 42846,
        "duration": 1515596.945945946,
        "dram": 3915.162162162162,
        "iteration": 74,
        "stdev": 13899.747335393002
    },
    "com.google.gson.functional.UncategorizedTest-testReturningDerivedClassesDuringDeserialization": {
        "energy": 79101,
        "duration": 2382235.909090909,
        "dram": 6948.979797979798,
        "iteration": 99,
        "stdev": 29433.026906041276
    },
    "com.google.gson.functional.CustomTypeAdaptersTest-testCustomAdapterInvokedForCollectionElementSerializationWithType": {
        "energy": 36927,
        "duration": 1431378.1904761905,
        "dram": 3906.714285714286,
        "iteration": 84,
        "stdev": 18246.312500912405
    },
    "com.google.gson.functional.CustomTypeAdaptersTest-testCustomDeserializers": {
        "energy": 40771,
        "duration": 1316846.1384615384,
        "dram": 4254.7692307692305,
        "iteration": 65,
        "stdev": 24689.471747453084
    },
    "com.google.gson.functional.TypeHierarchyAdapterTest-testTypeHierarchy": {
        "energy": 140808,
        "duration": 8232068.848484849,
        "dram": 26511.81818181818,
        "iteration": 99,
        "stdev": 485772.0855810441
    },
    "com.google.gson.functional.InstanceCreatorTest-testInstanceCreatorReturnsSubTypeForTopLevelObject": {
        "energy": 38269,
        "duration": 911622.9047619047,
        "dram": 3186.285714285714,
        "iteration": 63,
        "stdev": 4887.3068623055715
    },
    "com.google.gson.functional.DefaultTypeAdaptersTest-testDateDeserializationWithPattern": {
        "energy": 36499,
        "duration": 1255919.3296703296,
        "dram": 3394.5714285714284,
        "iteration": 91,
        "stdev": 8591.056198904065
    },
    "com.google.gson.functional.CustomTypeAdaptersTest-testCustomByteArrayDeserializerAndInstanceCreator": {
        "energy": 36072,
        "duration": 884647.6730769231,
        "dram": 3227.423076923077,
        "iteration": 52,
        "stdev": 5122.47370766555
    },