{
    "com.google.gson.LongSerializationPolicyTest-testStringLongSerialization": {
        "energy": 74659.91071428571,
        "duration": 2743184.6428571427,
        "dram": 6634.982142857143,
        "iteration": 56,
        "stdev": 59829.2239563925
    },
    "com.google.gson.LongSerializationPolicyTest-testDefaultLongSerialization": {
        "energy": 60522.56603773585,
        "duration": 2158009.830188679,
        "dram": 4879.584905660377,
        "iteration": 53,
        "stdev": 48866.400880363144
    }
}