{
    "com.google.gson.LongSerializationPolicyTest-testStringLongSerialization": {
        "energy": 34180,
        "duration": 2524921.5,
        "dram": 5911.589285714285,
        "iteration": 56,
        "stdev": 51310.64954616313
    },
    "com.google.gson.LongSerializationPolicyTest-testDefaultLongSerialization": {
        "energy": 35949,
        "duration": 2197619.840909091,
        "dram": 4989.272727272727,
        "iteration": 44,
        "stdev": 46472.35370214481
    }
}