{
    "com.google.gson.functional.MapTest-testWriteMapsWithEmptyStringKey": {
        "energy": 35745.1,
        "duration": 547606.3,
        "dram": 2128.25,
        "iteration": 20,
        "stdev": 3516.9387100147196
    },
    "com.google.gson.functional.MapTest-testSerializeMaps": {
        "energy": 49416.9175257732,
        "duration": 1626760.8041237113,
        "dram": 4341.701030927835,
        "iteration": 97,
        "stdev": 19599.299471317692
    },
    "com.google.gson.functional.MapTest-testMapSerializationWithNullValues": {
        "energy": 51566.232876712325,
        "duration": 1583833.9726027397,
        "dram": 4562.164383561644,
        "iteration": 73,
        "stdev": 30530.96413525063
    },
    "com.google.gson.functional.MapTest-testInterfaceTypeMapWithSerializer": {
        "energy": 75703.12121212122,
        "duration": 2356170.9292929294,
        "dram": 6867.010101010101,
        "iteration": 99,
        "stdev": 20102.937639630767
    },
    "com.google.gson.functional.CustomTypeAdaptersTest-testCustomAdapterInvokedForMapElementSerializationWithType": {
        "energy": 41003.77611940299,
        "duration": 1179583.014925373,
        "dram": 3230.805970149254,
        "iteration": 67,
        "stdev": 7859.760117149328
    },
    "com.google.gson.functional.MapAsArrayTypeAdapterTest-testMultipleEnableComplexKeyRegistrationHasNoEffect": {
        "energy": 41293.868131868134,
        "duration": 1388551.978021978,
        "dram": 3710.8901098901097,
        "iteration": 91,
        "stdev": 11499.6631906806
    },
    "com.google.gson.functional.TypeVariableTest-testAdvancedTypeVariables": {
        "energy": 309709.4646464646,
        "duration": 9169487.02020202,
        "dram": 28223.959595959597,
        "iteration": 99,
        "stdev": 540010.5199958872
    },
    "com.google.gson.functional.ParameterizedTypesTest-testParameterizedTypeWithCustomSerializer": {
        "energy": 45773.10526315789,
        "duration": 1650978.5684210525,
        "dram": 4025.4947368421053,
        "iteration": 95,
        "stdev": 20485.922496076073
    },
    "com.google.gson.functional.MapTest-testMapSerializationWithIntegerKeys": {
        "energy": 36596.81034482759,
        "duration": 931033.9655172414,
        "dram": 2854.2586206896553,
        "iteration": 58,
        "stdev": 4366.1946757777005
    },
    "com.google.gson.internal.bind.JsonElementWriterTest-testNestedObject": {
        "energy": 38471.454545454544,
        "duration": 628148.9090909091,
        "dram": 3089.181818181818,
        "iteration": 22,
        "stdev": 5159.871093591325
    },
    "com.google.gson.functional.MapTest-testMapSerializationWithNullValueButSerializeNulls": {
        "energy": 37990.78571428572,
        "duration": 989666.7285714286,
        "dram": 3110.5142857142855,
        "iteration": 70,
        "stdev": 6013.174326647538
    },
    "com.google.gson.functional.MapAsArrayTypeAdapterTest-testSerializeComplexMapWithTypeAdapter": {
        "energy": 216296.31313131313,
        "duration": 6286737.939393939,
        "dram": 19264.727272727272,
        "iteration": 99,
        "stdev": 431564.1275913346
    },
    "com.google.gson.functional.MapTest-testInterfaceTypeMap": {
        "energy": 95439.60606060606,
        "duration": 2922653.9393939395,
        "dram": 8891.141414141413,
        "iteration": 99,
        "stdev": 47191.175936386186
    },
    "com.google.gson.functional.MapTest-testMapSerializationWithWildcardValues": {
        "energy": 46167.04878048781,
        "duration": 1495364.268292683,
        "dram": 4399.463414634146,
        "iteration": 82,
        "stdev": 17258.37517922498
    },
    "com.google.gson.functional.CustomSerializerTest-testSubClassSerializerInvokedForBaseClassFieldsHoldingSubClassInstances": {
        "energy": 319354.961038961,
        "duration": 9146860.233766234,
        "dram": 29159.48051948052,
        "iteration": 77,
        "stdev": 639811.0722340496
    },
    "com.google.gson.functional.JsonTreeTest-testJsonTreeToString": {
        "energy": 62406.51724137931,
        "duration": 1908071.9770114943,
        "dram": 5304.459770114942,
        "iteration": 87,
        "stdev": 41746.9099132759
    },
    "com.google.gson.functional.MapTest-testParameterizedMapSubclassSerialization": {
        "energy": 59630.49494949495,
        "duration": 1860089.303030303,
        "dram": 5296.010101010101,
        "iteration": 99,
        "stdev": 19145.509782077654
    },
    "com.google.gson.DefaultMapJsonSerializerTest-testNonEmptyMapSerialization": {
        "energy": 39487.055555555555,
        "duration": 923436.3888888889,
        "dram": 2808.777777777778,
        "iteration": 72,
        "stdev": 6365.992418243663
    },
    "com.google.gson.functional.MoreSpecificTypeSerializationTest-testMapOfParameterizedSubclassFields": {
        "energy": 41221.78378378379,
        "duration": 1239935.4189189188,
        "dram": 3304.162162162162,
        "iteration": 74,
        "stdev": 9954.76462082119
    },
    "com.google.gson.functional.MapTest-testMapSerialization": {
        "energy": 62128.07792207792,
        "duration": 1972884.5324675324,
        "dram": 5667.285714285715,
        "iteration": 77,
        "stdev": 70316.35049809222
    },
    "com.google.gson.functional.TypeVariableTest-testTypeVariablesViaTypeParameter": {
        "energy": 70258.71717171717,
        "duration": 2166365.090909091,
        "dram": 6094.676767676768,
        "iteration": 99,
        "stdev": 25204.801011736243
    },
    "com.google.gson.functional.TypeHierarchyAdapterTest-testTypeHierarchy": {
        "energy": 374185.8484848485,
        "duration": 10992938.727272727,
        "dram": 34488.9595959596,
        "iteration": 99,
        "stdev": 602153.6905683952
    },
    "com.google.gson.functional.JsonTreeTest-testToJsonTreeObjectType": {
        "energy": 75614.04938271605,
        "duration": 2301626.4320987654,
        "dram": 6596.2962962962965,
        "iteration": 81,
        "stdev": 92886.49475515152
    },
    "com.google.gson.functional.MoreSpecificTypeSerializationTest-testMapOfSubclassFields": {
        "energy": 44376.91463414634,
        "duration": 1472928.231707317,
        "dram": 3888.048780487805,
        "iteration": 82,
        "stdev": 17413.556716452353
    },
    "com.google.gson.functional.MapTest-testMapOfMapSerialization": {
        "energy": 37258.967741935485,
        "duration": 658575.1290322581,
        "dram": 2773.1612903225805,
        "iteration": 31,
        "stdev": 3380.001197593517
    },
    "com.google.gson.functional.MapTest-testMapSubclassSerialization": {
        "energy": 36215.86111111111,
        "duration": 703099.3611111111,
        "dram": 2504.5833333333335,
        "iteration": 36,
        "stdev": 4088.7086398789766
    },
    "com.google.gson.functional.InheritanceTest-testClassWithBaseCollectionFieldSerialization": {
        "energy": 44393.282352941176,
        "duration": 1322568.2117647058,
        "dram": 4043.7176470588233,
        "iteration": 85,
        "stdev": 14470.666817118055
    },
    "com.google.gson.functional.CustomSerializerTest-testBaseClassSerializerInvokedForBaseClassFieldsHoldingSubClassInstances": {
        "energy": 38294.1746031746,
        "duration": 1047699.5396825396,
        "dram": 3044.5873015873017,
        "iteration": 63,
        "stdev": 6027.694006251958
    },
    "com.google.gson.functional.InheritanceTest-testClassWithBaseFieldSerialization": {
        "energy": 42202.60344827586,
        "duration": 1270451.6896551724,
        "dram": 3608.689655172414,
        "iteration": 58,
        "stdev": 14549.425285414203
    },
    "com.google.gson.functional.MapTest-testRawMapSerialization": {
        "energy": 36627.818181818184,
        "duration": 818591.6363636364,
        "dram": 2874.6363636363635,
        "iteration": 44,
        "stdev": 4916.80602291184
    },