{
    "com.google.gson.functional.InheritanceTest-testBaseSerializedAsSubWhenSpecifiedWithExplicitType": {
        "energy": 39184,
        "duration": 660080.1282051282,
        "dram": 2785.358974358974,
        "iteration": 39,
        "stdev": 4639.944670400575
    },
    "com.google.gson.functional.MapTest-testSerializeMaps": {
        "energy": 41260,
        "duration": 1695138.93814433,
        "dram": 4555.659793814433,
        "iteration": 97,
        "stdev": 18016.106440115127
    },
    "com.google.gson.functional.MapTest-testInterfaceTypeMapWithSerializer": {
        "energy": 72936,
        "duration": 2364714.404040404,
        "dram": 6408.878787878788,
        "iteration": 99,
        "stdev": 21089.887729753973
    },
    "com.google.gson.functional.CustomSerializerTest-testSerializerReturnsNull": {
        "energy": 38513,
        "duration": 867557.4655172414,
        "dram": 3137.8793103448274,
        "iteration": 58,
        "stdev": 4265.040145453564
    },
    "com.google.gson.functional.CustomTypeAdaptersTest-testCustomAdapterInvokedForMapElementSerializationWithType": {
        "energy": 37354,
        "duration": 1130963.5479452056,
        "dram": 3004.5479452054797,
        "iteration": 73,
        "stdev": 6094.674627351799
    },
    "com.google.gson.functional.InheritanceTest-testClassWithBaseArrayFieldSerialization": {
        "energy": 42114,
        "duration": 1472207.375,
        "dram": 4009.4305555555557,
        "iteration": 72,
        "stdev": 16242.761695545
    },
    "com.google.gson.functional.MapAsArrayTypeAdapterTest-testMultipleEnableComplexKeyRegistrationHasNoEffect": {
        "energy": 39368,
        "duration": 1330848.91954023,
        "dram": 3629.2413793103447,
        "iteration": 87,
        "stdev": 11888.596922095569
    },
    "com.google.gson.functional.CustomTypeAdaptersTest-testCustomAdapterInvokedForMapElementSerialization": {
        "energy": 36804,
        "duration": 728309.6,
        "dram": 2601.0,
        "iteration": 30,
        "stdev": 4329.196554276043
    },
    "com.google.gson.functional.TypeVariableTest-testAdvancedTypeVariables": {
        "energy": 116211,
        "duration": 9885447.838383839,
        "dram": 31340.242424242424,
        "iteration": 99,
        "stdev": 619758.621467637
    },
    "com.google.gson.functional.ParameterizedTypesTest-testParameterizedTypeWithCustomSerializer": {
        "energy": 39123,
        "duration": 1618466.1489361702,
        "dram": 3978.5,
        "iteration": 94,
        "stdev": 19192.679365465225
    },
    "com.google.gson.functional.MapTest-testGeneralMapField": {
        "energy": 37597,
        "duration": 1126456.0886075948,
        "dram": 3032.0379746835442,
        "iteration": 79,
        "stdev": 7265.001547731665
    },
    "com.google.gson.internal.bind.JsonElementWriterTest-testNestedArray": {
        "energy": 36438,
        "duration": 1976814.6296296297,
        "dram": 6041.777777777777,
        "iteration": 27,
        "stdev": 85067.21468061092
    },
    "com.google.gson.functional.MapAsArrayTypeAdapterTest-testSerializeComplexMapWithTypeAdapter": {
        "energy": 104492,
        "duration": 6404585.131313131,
        "dram": 20085.464646464647,
        "iteration": 99,
        "stdev": 452306.3018700347
    },
    "com.google.gson.functional.MapTest-testInterfaceTypeMap": {
        "energy": 85510,
        "duration": 3043622.5353535353,
        "dram": 9163.434343434343,
        "iteration": 99,
        "stdev": 46276.24682778934
    },
    "com.google.gson.functional.MapTest-testMapSerializationWithWildcardValues": {
        "energy": 40832,
        "duration": 1547835.1325301204,
        "dram": 4373.722891566265,
        "iteration": 83,
        "stdev": 18605.46490286404
    },
    "com.google.gson.functional.JsonTreeTest-testJsonTreeToString": {
        "energy": 42114,
        "duration": 2012746.775,
        "dram": 6057.1375,
        "iteration": 80,
        "stdev": 44187.71156169297
    },
    "com.google.gson.functional.MapTest-testParameterizedMapSubclassSerialization": {
        "energy": 45532,
        "duration": 1867586.2121212122,
        "dram": 5053.595959595959,
        "iteration": 99,
        "stdev": 20483.286248709628
    },
    "com.google.gson.DefaultMapJsonSerializerTest-testNonEmptyMapSerialization": {
        "energy": 38208,
        "duration": 988011.1578947369,
        "dram": 3262.6666666666665,
        "iteration": 57,
        "stdev": 4402.1169745705765
    },
    "com.google.gson.functional.MoreSpecificTypeSerializationTest-testMapOfParameterizedSubclassFields": {
        "energy": 37109,
        "duration": 1245489.472972973,
        "dram": 3307.391891891892,
        "iteration": 74,
        "stdev": 7253.349261702157
    },
    "com.google.gson.functional.MapTest-testMapSerialization": {
        "energy": 40100,
        "duration": 2228803.880597015,
        "dram": 6624.910447761194,
        "iteration": 67,
        "stdev": 79200.44727538804
    },
    "com.google.gson.functional.TypeVariableTest-testTypeVariablesViaTypeParameter": {
        "energy": 71533,
        "duration": 2284150.8585858587,
        "dram": 6604.858585858586,
        "iteration": 99,
        "stdev": 26074.586532087218
    },
    "com.google.gson.functional.TypeHierarchyAdapterTest-testTypeHierarchy": {
        "energy": 158874,
        "duration": 7122818.060606061,
        "dram": 22298.11111111111,
        "iteration": 99,
        "stdev": 401627.1463852551
    },
    "com.google.gson.functional.MoreSpecificTypeSerializationTest-testMapOfSubclassFields": {
        "energy": 40772,
        "duration": 1541382.7738095238,
        "dram": 4375.892857142857,
        "iteration": 84,
        "stdev": 20377.199933440545
    },
    "com.google.gson.functional.InheritanceTest-testClassWithBaseCollectionFieldSerialization": {
        "energy": 41199,
        "duration": 1445765.9523809524,
        "dram": 4144.261904761905,
        "iteration": 84,
        "stdev": 17875.01282459937
    },
    "com.google.gson.internal.bind.JsonElementWriterTest-testObject": {
        "energy": 37964,
        "duration": 564265.3928571428,
        "dram": 2466.75,
        "iteration": 28,
        "stdev": 3296.7810754103275
    },
    "com.google.gson.functional.CustomSerializerTest-testBaseClassSerializerInvokedForBaseClassFields": {
        "energy": 38818,
        "duration": 803112.4186046511,
        "dram": 3070.6279069767443,
        "iteration": 43,
        "stdev": 4370.621579084701
    },
    "com.google.gson.functional.CustomSerializerTest-testSubClassSerializerInvokedForBaseClassFieldsHoldingArrayOfSubClassInstances": {
        "energy": 39002,
        "duration": 1034121.0,
        "dram": 3263.339285714286,
        "iteration": 56,
        "stdev": 9659.979620319456
    },
    "com.google.gson.functional.InheritanceTest-testClassWithBaseFieldSerialization": {
        "energy": 39063,
        "duration": 1342147.9285714286,
        "dram": 3640.1,
        "iteration": 70,
        "stdev": 15595.15708742392
    },
    "com.google.gson.functional.MapAsArrayTypeAdapterTest-testMapWithTypeVariableSerialization": {
        "energy": 40527,
        "duration": 1385824.1612903227,
        "dram": 3899.462365591398,
        "iteration": 93,
        "stdev": 12296.463355806847
    },
    "com.google.gson.functional.DefaultTypeAdaptersTest-testPropertiesSerialization": {
        "energy": 35889,
        "duration": 760588.8947368421,
        "dram": 2762.9473684210525,
        "iteration": 38,
        "stdev": 3946.1996269632473
    },
    "com.google.gson.functional.MapTest-testMapSerializationWithNullValue": {
        "energy": 36744,
        "duration": 940671.7058823529,
        "dram": 2950.1372549019607,
        "iteration": 51,
        "stdev": 4284.806908752164
    },
    "com.google.gson.functional.MapTest-testWriteMapsWithEmptyStringKey": {
        "energy": 34546,