{
  "com.google.gson.internal.bind.JsonElementReaderTest#testSkipValue": {
    "dataV1": {
      "energy": 5988.5,
      "instructions": 1.04517085E7,
      "durations": 4296038.5,
      "cycles": 1.021014E7,
      "caches": 267923.5,
      "cacheMisses": 5988.5,
      "branches": 2274586.0,
      "branchMisses": 87085.5
    },
    "dataV2": {
      "energy": 8697.0,
      "instructions": 3.0745554E7,
      "durations": 1.2059179E7,
      "cycles": 2.8492092E7,
      "caches": 363119.5,
      "cacheMisses": 8697.0,
      "branches": 5754945.0,
      "branchMisses": 145161.0
    },
    "energy": 2708.5,
    "instructions": 2.02938455E7,
    "durations": 7763140.5,
    "cycles": 1.8281952E7,
    "caches": 95196.0,
    "cacheMisses": 2708.5,
    "branches": 3480359.0,
    "branchMisses": 58075.5
  },
  "com.google.gson.internal.bind.JsonElementReaderTest#testStrictNansAndInfinities": {
    "dataV1": {
      "energy": 2424.0,
      "instructions": 1649402.5,
      "durations": 843137.5,
      "cycles": 1983744.0,
      "caches": 50710.5,
      "cacheMisses": 2424.0,
      "branches": 341353.0,
      "branchMisses": 16349.0
    },
    "dataV2": {
      "energy": 4277.5,
      "instructions": 2.39067225E7,
      "durations": 9029872.0,
      "cycles": 2.1267612E7,
      "caches": 108679.0,
      "cacheMisses": 4277.5,
      "branches": 4127783.5,
      "branchMisses": 64141.5
    },
    "energy": 1853.5,
    "instructions": 2.225732E7,
    "durations": 8186734.5,
    "cycles": 1.9283868E7,
    "caches": 57968.5,
    "cacheMisses": 1853.5,
    "branches": 3786430.5,
    "branchMisses": 47792.5
  },
  "com.google.gson.functional.CustomDeserializerTest#testJsonTypeFieldBasedDeserialization": {
    "dataV1": {
      "energy": 658.0,
      "instructions": 2144753.5,
      "durations": 1375383.0,
      "cycles": 3205692.0,
      "caches": 122631.0,
      "cacheMisses": 658.0,
      "branches": 418523.5,
      "branchMisses": 28442.0
    },
    "dataV2": {
      "energy": 3310.0,
      "instructions": 9012941.5,
      "durations": 4503470.5,
      "cycles": 1.011396E7,
      "caches": 143633.0,
      "cacheMisses": 3310.0,
      "branches": 1625439.5,
      "branchMisses": 46494.0
    },
    "energy": 2652.0,
    "instructions": 6868188.0,
    "durations": 3128087.5,
    "cycles": 6908268.0,
    "caches": 21002.0,
    "cacheMisses": 2652.0,
    "branches": 1206916.0,
    "branchMisses": 18052.0
  },
  "com.google.gson.functional.JsonParserTest#testChangingCustomTreeAndDeserializing": {
    "dataV1": {
      "energy": 210.0,
      "instructions": 860949.0,
      "durations": 520991.0,
      "cycles": 1194780.0,
      "caches": 33996.5,
      "cacheMisses": 210.0,
      "branches": 163149.5,
      "branchMisses": 12569.0
    },
    "dataV2": {
      "energy": 817.5,
      "instructions": 7107118.0,
      "durations": 2995605.5,
      "cycles": 6795840.0,
      "caches": 53159.0,
      "cacheMisses": 817.5,
      "branches": 1215522.5,
      "branchMisses": 26533.5
    },
    "energy": 607.5,
    "instructions": 6246169.0,
    "durations": 2474614.5,
    "cycles": 5601060.0,
    "caches": 19162.5,
    "cacheMisses": 607.5,
    "branches": 1052373.0,
    "branchMisses": 13964.5
  },
  "com.google.gson.functional.TypeHierarchyAdapterTest#testTypeHierarchy": {
    "dataV1": {
      "energy": 3145.5,
      "instructions": 8591085.0,
      "durations": 4980733.5,
      "cycles": 1.1642628E7,
      "caches": 362028.0,
      "cacheMisses": 3145.5,
      "branches": 1656771.0,
      "branchMisses": 100973.5
    },
    "dataV2": {
      "energy": 11984.5,
      "instructions": 7.12554815E7,
      "durations": 3.144887E7,
      "cycles": 7.2074136E7,
      "caches": 495764.0,
      "cacheMisses": 11984.5,
      "branches": 1.2690081E7,
      "branchMisses": 244149.0
    },
    "energy": 8839.0,
    "instructions": 6.26643965E7,
    "durations": 2.64681365E7,
    "cycles": 6.0431508E7,
    "caches": 133736.0,
    "cacheMisses": 8839.0,
    "branches": 1.103331E7,
    "branchMisses": 143175.5
  },
  "com.google.gson.internal.bind.JsonElementReaderTest#testWrongType": {
    "dataV1": {
      "energy": 308.5,
      "instructions": 641125.0,
      "durations": 307595.5,
      "cycles": 699264.0,
      "caches": 16315.5,
      "cacheMisses": 308.5,
      "branches": 125863.5,
      "branchMisses": 4922.0
    },
    "dataV2": {
      "energy": 1420.5,
      "instructions": 1.72872565E7,
      "durations": 6476097.5,
      "cycles": 1.5213924E7,
      "caches": 46799.5,
      "cacheMisses": 1420.5,
      "branches": 2956662.0,
      "branchMisses": 37883.0
    },
    "energy": 1112.0,
    "instructions": 1.66461315E7,
    "durations": 6168502.0,
    "cycles": 1.451466E7,
    "caches": 30484.0,
    "cacheMisses": 1112.0,
    "branches": 2830798.5,
    "branchMisses": 32961.0
  },
  "com.google.gson.functional.ReadersWritersTest#testReadWriteTwoObjects": {
    "dataV1": {
      "energy": 226.0,
      "instructions": 1103107.0,
      "durations": 898725.0,
      "cycles": 1973952.0,
      "caches": 62352.5,
      "cacheMisses": 226.0,
      "branches": 198668.0,
      "branchMisses": 22397.5
    },
    "dataV2": {
      "energy": 1776.0,
      "instructions": 1.636805E7,
      "durations": 6970255.5,
      "cycles": 1.5714552E7,
      "caches": 103443.0,
      "cacheMisses": 1776.0,
      "branches": 2795150.5,
      "branchMisses": 54784.5
    },
    "energy": 1550.0,
    "instructions": 1.5264943E7,
    "durations": 6071530.5,
    "cycles": 1.37406E7,
    "caches": 41090.5,
    "cacheMisses": 1550.0,
    "branches": 2596482.5,
    "branchMisses": 32387.0
  },
  "com.google.gson.functional.MapTest#testMapNamePromotionWithJsonElementReader": {
    "dataV1": {
      "energy": 1678.0,
      "instructions": 1492399.5,
      "durations": 1042581.5,
      "cycles": 2399100.0,
      "caches": 87543.5,
      "cacheMisses": 1678.0,
      "branches": 293747.5,
      "branchMisses": 22693.0
    },
    "dataV2": {
      "energy": 2450.5,
      "instructions": 8531198.5,
      "durations": 3773986.0,
      "cycles": 8648412.0,
      "caches": 103589.0,
      "cacheMisses": 2450.5,
      "branches": 1481125.5,
      "branchMisses": 38505.0
    },
    "energy": 772.5,
    "instructions": 7038799.0,
    "durations": 2731404.5,
    "cycles": 6249312.0,
    "caches": 16045.5,
    "cacheMisses": 772.5,
    "branches": 1187378.0,
    "branchMisses": 15812.0
  },
  "com.google.gson.functional.JsonParserTest#testDeserializingCustomTree": {
    "dataV1": {
      "energy": 464.0,
      "instructions": 1122741.5,
      "durations": 741000.0,
      "cycles": 1709196.0,
      "caches": 58084.0,
      "cacheMisses": 464.0,
      "branches": 219200.0,
      "branchMisses": 17632.5
    },
    "dataV2": {
      "energy": 1013.5,
      "instructions": 4067929.0,
      "durations": 1903954.0,
      "cycles": 4228032.0,
      "caches": 73034.0,
      "cacheMisses": 1013.5,
      "branches": 695824.5,
      "branchMisses": 25756.0
    },
    "energy": 549.5,
    "instructions": 2945187.5,
    "durations": 1162954.0,
    "cycles": 2518836.0,
    "caches": 14950.0,
    "cacheMisses": 549.5,
    "branches": 476624.5,
    "branchMisses": 8123.5
  },
  "com.google.gson.functional.JsonParserTest#testBadFieldTypeForCustomDeserializerCustomTree": {
    "dataV1": {
      "energy": 322.0,
      "instructions": 696771.5,
      "durations": 510725.0,
      "cycles": 1137096.0,
      "caches": 40094.0,
      "cacheMisses": 322.0,
      "branches": 131972.0,
      "branchMisses": 10957.0
    },
    "dataV2": {
      "energy": 511.5,
      "instructions": 6086204.0,
      "durations": 2579664.5,
      "cycles": 5811744.0,
      "caches": 45600.0,
      "cacheMisses": 511.5,
      "branches": 1029324.5,
      "branchMisses": 21523.5
    },
    "energy": 189.5,
    "instructions": 5389432.5,
    "durations": 2068939.5,
    "cycles": 4674648.0,
    "caches": 5506.0,
    "cacheMisses": 189.5,
    "branches": 897352.5,