{
  "energy": 33504.5,
  "instructions": 2.37909287E8,
  "durations": 9.3639907E7,
  "cycles": 2.15541744E8,
  "caches": 586138.5,
  "cacheMisses": 33504.5,
  "branches": 4.0808047E7,
  "branchMisses": 527425.5
}