{
    "com.google.gson.EscaperTest-testParagraphSeparatorEscaping": {
        "energy": 39292.77272727273,
        "duration": 654902.6363636364,
        "dram": 2932.0454545454545,
        "iteration": 22,
        "stdev": 3518.9785440950977
    },
    "com.google.gson.functional.StringTest-testSingleQuoteInStringSerialization": {
        "energy": 42928.625,
        "duration": 1017472.53125,
        "dram": 3289.09375,
        "iteration": 32,
        "stdev": 19305.458249789746
    },
    "com.google.gson.EscaperTest-testAmpersandEscaping": {
        "energy": 37552.391304347824,
        "duration": 602740.0434782609,
        "dram": 2344.1304347826085,
        "iteration": 23,
        "stdev": 3578.749705634156
    },
    "com.google.gson.GsonTypeAdapterTest-testTypeAdapterProperlyConvertsTypes": {
        "energy": 40304.5,
        "duration": 890352.6739130435,
        "dram": 2814.8695652173915,
        "iteration": 46,
        "stdev": 8549.372615552864
    },
    "com.google.gson.functional.EscapingTest-testEscapingObjectFields": {
        "energy": 138706.93684210526,
        "duration": 4348343.231578947,
        "dram": 12854.01052631579,
        "iteration": 95,
        "stdev": 92325.19376145791
    },
    "com.google.gson.EscaperTest-testEqualsEscaping": {
        "energy": 40579.57142857143,
        "duration": 654550.3333333334,
        "dram": 2287.0476190476193,
        "iteration": 21,
        "stdev": 3690.5471470905177
    },
    "com.google.gson.functional.PrimitiveTest-testHtmlCharacterSerialization": {
        "energy": 35773.74,
        "duration": 903956.14,
        "dram": 2547.82,
        "iteration": 50,
        "stdev": 4490.105209502333
    },
    "com.google.gson.EscaperTest-testGreaterThanAndLessThanEscaping": {
        "energy": 38384.75,
        "duration": 731240.6,
        "dram": 1803.9,
        "iteration": 20,
        "stdev": 2809.442451359344
    },
    "com.google.gson.EscaperTest-testRequiredEscapingUnicodeCharacter": {
        "energy": 38542.0,
        "duration": 558221.0,
        "dram": 2128.190476190476,
        "iteration": 21,
        "stdev": 2803.834177557242
    },
    "com.google.gson.functional.SecurityTest-testJsonWithNonExectuableTokenSerialization": {
        "energy": 36996.17647058824,
        "duration": 871609.3823529412,
        "dram": 2722.529411764706,
        "iteration": 34,
        "stdev": 4160.700990646169
    },
    "com.google.gson.functional.StringTest-testAssignmentCharSerialization": {
        "energy": 48026.90625,
        "duration": 1041461.1875,
        "dram": 3038.0625,
        "iteration": 32,
        "stdev": 22114.972218159375
    },
    "com.google.gson.EscaperTest-testControlCharBlockEscaping": {
        "energy": 38293.444444444445,
        "duration": 1272421.4305555555,
        "dram": 3039.5833333333335,
        "iteration": 72,
        "stdev": 4168.499239963977
    },
    "com.google.gson.EscaperTest-testLineSeparatorEscaping": {
        "energy": 39650.72,
        "duration": 745434.16,
        "dram": 1987.24,
        "iteration": 25,
        "stdev": 4734.606750470413
    }
}