{
    "com.google.gson.EscaperTest-testRequiredEscapingUnicodeCharacter": {
        "energy": 38086,
        "duration": 592584.4166666666,
        "dram": 1960.4583333333333,
        "iteration": 24,
        "stdev": 2495.3293032377956
    },
    "com.google.gson.EscaperTest-testGreaterThanAndLessThanEscaping": {
        "energy": 38208,
        "duration": 552396.2,
        "dram": 2315.76,
        "iteration": 25,
        "stdev": 4396.634007783682
    },
    "com.google.gson.functional.EscapingTest-testEscapingObjectFields": {
        "energy": 41443,
        "duration": 2542465.43373494,
        "dram": 6691.012048192771,
        "iteration": 83,
        "stdev": 68339.07057652858
    },
    "com.google.gson.EscaperTest-testControlCharBlockEscaping": {
        "energy": 37720,
        "duration": 1193463.8333333333,
        "dram": 3121.2166666666667,
        "iteration": 60,
        "stdev": 4207.292634191519
    },
    "com.google.gson.functional.StringTest-testSingleQuoteInStringSerialization": {
        "energy": 40405,
        "duration": 915324.3658536585,
        "dram": 2925.2926829268295,
        "iteration": 41,
        "stdev": 10493.914662880312
    },
    "com.google.gson.EscaperTest-testAmpersandEscaping": {
        "energy": 38147,
        "duration": 650756.6521739131,
        "dram": 2514.608695652174,
        "iteration": 23,
        "stdev": 3257.808572011476
    },
    "com.google.gson.functional.PrimitiveTest-testHtmlCharacterSerialization": {
        "energy": 36376,
        "duration": 891912.0638297872,
        "dram": 2471.0851063829787,
        "iteration": 47,
        "stdev": 4603.559769600706
    },
    "com.google.gson.functional.SecurityTest-testJsonWithNonExectuableTokenSerialization": {
        "energy": 35584,
        "duration": 849172.1428571428,
        "dram": 2628.457142857143,
        "iteration": 35,
        "stdev": 4805.7835000960995
    },
    "com.google.gson.GsonTypeAdapterTest-testTypeAdapterProperlyConvertsTypes": {
        "energy": 36743,
        "duration": 890541.1860465116,
        "dram": 2134.4883720930234,
        "iteration": 43,
        "stdev": 6321.625337056068
    },
    "com.google.gson.EscaperTest-testEqualsEscaping": {
        "energy": 38147,
        "duration": 631377.9565217391,
        "dram": 2494.521739130435,
        "iteration": 23,
        "stdev": 4147.0154508198275
    },
    "com.google.gson.EscaperTest-testLineSeparatorEscaping": {
        "energy": 39429,
        "duration": 696027.9545454546,
        "dram": 1620.3636363636363,
        "iteration": 22,
        "stdev": 3648.284223694681
    },
    "com.google.gson.EscaperTest-testParagraphSeparatorEscaping": {
        "energy": 36926,
        "duration": 671628.8636363636,
        "dram": 2108.5454545454545,
        "iteration": 22,
        "stdev": 4356.258091755294
    },
    "com.google.gson.functional.StringTest-testAssignmentCharSerialization": {
        "energy": 37720,
        "duration": 666675.7692307692,
        "dram": 1744.7692307692307,
        "iteration": 26,
        "stdev": 4094.5562505665075
    }
}