{
    "com.squareup.javapoet.JavaFileTest-avoidClashesWithNestedClasses_viaTypeElement": {
        "energy": 135752.42578125,
        "duration": 3545358.53515625,
        "dram": 16045.77734375
    },
    "com.squareup.javapoet.JavaFileTest-nestedClassAndSuperclassShareName": {
        "energy": 39754.765625,
        "duration": 680701.296875,
        "dram": 3814.265625
    },
    "com.squareup.javapoet.FileWritingTest-fileNotDirectory": {
        "energy": 41037.724609375,
        "duration": 1711007.232421875,
        "dram": 4505.181640625
    },
    "com.squareup.javapoet.TypeSpecTest-enumWithMembersButNoConstructorCall": {
        "energy": 53688.48828125,
        "duration": 1561868.90625,
        "dram": 5223.80859375
    },
    "com.squareup.javapoet.TypeSpecTest-nativeMethods": {
        "energy": 39457.375,
        "duration": 969315.703125,
        "dram": 3580.671875
    },
    "com.squareup.javapoet.TypeSpecTest-methodThrows": {
        "energy": 49215.01953125,
        "duration": 1326355.603515625,
        "dram": 4860.537109375
    },
    "com.squareup.javapoet.TypeSpecTest-enumWithSubclassing": {
        "energy": 51720.03515625,
        "duration": 1436859.98046875,
        "dram": 4650.298828125
    },
    "com.squareup.javapoet.JavaFileTest-alwaysQualifySimple": {
        "energy": 38650.5,
        "duration": 483634.25,
        "dram": 3924.875
    },
    "com.squareup.javapoet.TypeSpecTest-javadoc": {
        "energy": 48613.671875,
        "duration": 1482924.0859375,
        "dram": 4266.00390625
    },
    "com.squareup.javapoet.TypeSpecTest-membersOrdering": {
        "energy": 41498.81640625,
        "duration": 1295879.4765625,
        "dram": 4117.009765625
    },
    "com.squareup.javapoet.TypeSpecTest-annotatedParameters": {
        "energy": 74950.24609375,
        "duration": 2198024.88671875,
        "dram": 6661.84765625
    },
    "com.squareup.javapoet.TypeSpecTest-lineWrapping": {
        "energy": 81437.728515625,
        "duration": 2365269.67578125,
        "dram": 7556.15234375
    },
    "com.squareup.javapoet.TypeSpecTest-classImplementsExtends": {
        "energy": 60808.984375,
        "duration": 1636381.84765625,
        "dram": 5104.0234375
    },
    "com.squareup.javapoet.JavaFileTest-importStaticMixed": {
        "energy": 40428.44921875,
        "duration": 1241143.87109375,
        "dram": 4031.9296875
    },
    "com.squareup.javapoet.FileWritingTest-filerPassesOriginatingElements": {
        "energy": 9685352.419921875,
        "duration": 279967039.7421875,
        "dram": 931606.908203125
    },
    "com.squareup.javapoet.JavaFileTest-avoidClashes_parentChild_superclass_type": {
        "energy": 40747.599609375,
        "duration": 1196464.193359375,
        "dram": 4079.53515625
    },
    "com.squareup.javapoet.AnnotationSpecTest-defaultAnnotation": {
        "energy": 287040.71484375,
        "duration": 7399803.265625,
        "dram": 25418.712890625
    },
    "com.squareup.javapoet.TypeSpecTest-multilineStatementWithAnonymousClass": {
        "energy": 51192.669921875,
        "duration": 1645964.521484375,
        "dram": 4781.125
    },
    "com.squareup.javapoet.TypeSpecTest-nullStringLiteral": {
        "energy": 40988.625,
        "duration": 741278.0,
        "dram": 4197.875
    },
    "com.squareup.javapoet.TypeSpecTest-enumImplements": {
        "energy": 63956.171875,
        "duration": 1368776.234375,
        "dram": 3799.875
    },
    "com.squareup.javapoet.FileReadingTest-javaFileObjectCharacterContent": {
        "energy": 69493.146484375,
        "duration": 1651530.27734375,
        "dram": 7199.609375
    },
    "com.squareup.javapoet.JavaFileTest-avoidClashes_parentChild_superclass_typeMirror": {
        "energy": 144127.751953125,
        "duration": 3833891.5625,
        "dram": 14746.763671875
    },
    "com.squareup.javapoet.TypeSpecTest-javadocEnsuresTrailingLine": {
        "energy": 40512.25,
        "duration": 533491.625,
        "dram": 4058.625
    },
    "com.squareup.javapoet.TypeSpecTest-annotatedClass": {
        "energy": 40227.03125,
        "duration": 915253.546875,
        "dram": 3558.859375
    },
    "com.squareup.javapoet.TypeSpecTest-codeBlocks": {
        "energy": 78843.3046875,
        "duration": 2073690.2578125,
        "dram": 8023.9140625
    },
    "com.squareup.javapoet.FileReadingTest-compileJavaFile": {
        "energy": 2774536.720703125,
        "duration": 65616341.712890625,
        "dram": 273459.685546875
    },
    "com.squareup.javapoet.TypeSpecTest-enumsMayDefineAbstractMethods": {
        "energy": 43754.15625,
        "duration": 1038932.65625,
        "dram": 3256.65625
    },
    "com.squareup.javapoet.FileWritingTest-filerNestedClasses": {
        "energy": 83117.1328125,
        "duration": 2069966.373046875,
        "dram": 7795.291015625
    },
    "com.squareup.javapoet.TypeSpecTest-innerAnnotationInAnnotationDeclaration": {
        "energy": 37150.63671875,
        "duration": 1298301.30859375,
        "dram": 3284.28515625
    },
    "com.squareup.javapoet.TypeSpecTest-simpleNameConflictsWithTypeVariable": {
        "energy": 78347.6171875,
        "duration": 2214909.01953125,
        "dram": 6586.703125
    },
    "com.squareup.javapoet.JavaFileTest-defaultPackageTypesAreNotImported": {
        "energy": 41061.5,
        "duration": 457867.0,
        "dram": 3373.75
    },
    "com.squareup.javapoet.TypeSpecTest-interfaceStaticMethods": {
        "energy": 40871.875,
        "duration": 1086771.828125,
        "dram": 3379.765625
    },
    "com.squareup.javapoet.TypeSpecTest-retrofitStyleInterface": {
        "energy": 139388.857421875,
        "duration": 4206545.681640625,
        "dram": 12436.328125
    },
    "com.squareup.javapoet.FileWritingTest-fileIsUtf8": {
        "energy": 40449.25,
        "duration": 941158.828125,
        "dram": 3998.140625
    },
    "com.squareup.javapoet.AnnotationSpecTest-defaultAnnotationWithImport": {
        "energy": 132091.48828125,
        "duration": 3759556.712890625,
        "dram": 11191.193359375
    },
    "com.squareup.javapoet.TypeSpecTest-enumWithAnnotatedValues": {
        "energy": 40357.53125,
        "duration": 895816.7734375,
        "dram": 3277.3984375
    },
    "com.squareup.javapoet.JavaFileTest-conflictingChildName": {
        "energy": 41041.8125,
        "duration": 813143.34375,
        "dram": 3839.5625
    },
    "com.squareup.javapoet.TypeSpecTest-interfaceExtends": {
        "energy": 40764.0,
        "duration": 1326527.4375,
        "dram": 3654.875
    },
    "com.squareup.javapoet.JavaFileTest-avoidClashesWithNestedClasses_viaClass": {
        "energy": 41667.90625,
        "duration": 999743.25,
        "dram": 4365.328125
    },
    "com.squareup.javapoet.TypeSpecTest-initializerBlockInRightPlace": {
        "energy": 36821.26171875,
        "duration": 1182191.81640625,
        "dram": 3701.40234375
    },
    "com.squareup.javapoet.TypeSpecTest-nestedClasses": {
        "energy": 89037.380859375,
        "duration": 2324501.3359375,
        "dram": 7140.3515625
    },
    "com.squareup.javapoet.TypeSpecTest-multipleTypeAddition": {
        "energy": 38243.04296875,
        "duration": 720547.24609375,
        "dram": 3862.0
    },
    "com.squareup.javapoet.TypeSpecTest-interfaceDefaultMethods": {
        "energy": 38680.875,
        "duration": 1268023.0,
        "dram": 3663.4375
    },
    "com.squareup.javapoet.TypeSpecTest-initializersToBuilder": {
        "energy": 370290.689453125,
        "duration": 10437635.408203125,
        "dram": 36235.138671875
    },
    "com.squareup.javapoet.TypeSpecTest-typeVariables": {
        "energy": 72023.263671875,
        "duration": 1904128.1171875,
        "dram": 7731.298828125
    },
    "com.squareup.javapoet.JavaFileTest-avoidClashesWithNestedClasses_viaSuperinterfaceType": {
        "energy": 46053.900390625,
        "duration": 1055636.6640625,