{
    "com.google.gson.functional.CustomDeserializerTest-testDefaultConstructorNotCalledOnField": {
        "energy": 39490,
        "duration": 821098.2857142857,
        "dram": 3150.0238095238096,
        "iteration": 42,
        "stdev": 3961.952986556892
    },
    "com.google.gson.functional.CustomDeserializerTest-testDefaultConstructorNotCalledOnObject": {
        "energy": 45959,
        "duration": 1897402.081632653,
        "dram": 5421.642857142857,
        "iteration": 98,
        "stdev": 45083.28764157733
    },
    "com.google.gson.functional.CustomTypeAdaptersTest-testCustomTypeAdapterAppliesToSubClassesSerializedAsBaseClass": {
        "energy": 37598,
        "duration": 761750.8627450981,
        "dram": 2574.901960784314,
        "iteration": 51,
        "stdev": 4347.458652046873
    },
    "com.google.gson.functional.InheritanceTest-testBaseSerializedAsSubWhenSpecifiedWithExplicitType": {
        "energy": 36072,
        "duration": 555372.4090909091,
        "dram": 2562.681818181818,
        "iteration": 22,
        "stdev": 4939.655597456932
    },
    "com.google.gson.functional.MapTest-testInterfaceTypeMapWithSerializer": {
        "energy": 42053,
        "duration": 1819047.2142857143,
        "dram": 4889.65306122449,
        "iteration": 98,
        "stdev": 24662.5532856468
    },
    "com.google.gson.functional.CustomDeserializerTest-testCustomDeserializerReturnsNullForArrayElementsForArrayField": {
        "energy": 37781,
        "duration": 890193.8095238095,
        "dram": 3127.095238095238,
        "iteration": 63,
        "stdev": 5065.2042152316535
    },
    "com.google.gson.internal.bind.JsonElementReaderTest-testObject": {
        "energy": 40588,
        "duration": 1745624.1666666667,
        "dram": 6021.166666666667,
        "iteration": 30,
        "stdev": 152798.0491966657
    },
    "com.google.gson.internal.bind.JsonElementReaderTest-testNestedObjects": {
        "energy": 39733,
        "duration": 871237.7857142857,
        "dram": 3243.714285714286,
        "iteration": 28,
        "stdev": 14375.235695805097
    },
    "com.google.gson.functional.CustomDeserializerTest-testCustomDeserializerReturnsNull": {
        "energy": 39978,
        "duration": 1501268.2173913044,
        "dram": 4862.898550724638,
        "iteration": 69,
        "stdev": 34144.70984790725
    },
    "com.google.gson.functional.InheritanceTest-testClassWithBaseArrayFieldSerialization": {
        "energy": 37476,
        "duration": 953458.1206896552,
        "dram": 3344.862068965517,
        "iteration": 58,
        "stdev": 5086.051534856875
    },
    "com.google.gson.internal.bind.JsonElementReaderTest-testSkipValue": {
        "energy": 38025,
        "duration": 533900.304347826,
        "dram": 2350.913043478261,
        "iteration": 23,
        "stdev": 4493.76826350104
    },
    "com.google.gson.functional.NullObjectAndFieldTest-testCustomTypeAdapterPassesNullDesrialization": {
        "energy": 38635,
        "duration": 844901.2666666667,
        "dram": 2822.9777777777776,
        "iteration": 45,
        "stdev": 6692.821218198304
    },
    "com.google.gson.functional.MapAsArrayTypeAdapterTest-testMultipleEnableComplexKeyRegistrationHasNoEffect": {
        "energy": 38636,
        "duration": 1121670.0952380951,
        "dram": 3415.5555555555557,
        "iteration": 63,
        "stdev": 9994.54881788399
    },
    "com.google.gson.functional.ParameterizedTypesTest-testParameterizedTypeWithCustomSerializer": {
        "energy": 61279,
        "duration": 2445797.5164835164,
        "dram": 6791.021978021978,
        "iteration": 91,
        "stdev": 65907.63167139707
    },
    "com.google.gson.functional.CustomDeserializerTest-testJsonTypeFieldBasedDeserialization": {
        "energy": 40039,
        "duration": 1253027.0823529412,
        "dram": 3711.458823529412,
        "iteration": 85,
        "stdev": 13672.430045939427
    },
    "com.google.gson.functional.NullObjectAndFieldTest-testCustomSerializationOfNulls": {
        "energy": 39795,
        "duration": 1026491.0285714286,
        "dram": 3319.3142857142857,
        "iteration": 35,
        "stdev": 15641.113304913522
    },
    "com.google.gson.functional.JsonParserTest-testChangingCustomTreeAndDeserializing": {
        "energy": 38086,
        "duration": 1056932.8148148148,
        "dram": 3254.0185185185187,
        "iteration": 54,
        "stdev": 11490.43382866755
    },
    "com.google.gson.functional.MapAsArrayTypeAdapterTest-testSerializeComplexMapWithTypeAdapter": {
        "energy": 81970,
        "duration": 4554679.353535353,
        "dram": 13657.69696969697,
        "iteration": 99,
        "stdev": 329003.91303317086
    },
    "com.google.gson.functional.CustomTypeAdaptersTest-testCustomSerializers": {
        "energy": 38696,
        "duration": 1709958.9433962265,
        "dram": 5813.094339622641,
        "iteration": 53,
        "stdev": 188690.28866625912
    },
    "com.google.gson.functional.CustomTypeAdaptersTest-testCustomTypeAdapterDoesNotAppliesToSubClasses": {
        "energy": 82947,
        "duration": 2720255.6363636362,
        "dram": 8057.111111111111,
        "iteration": 99,
        "stdev": 24926.78854402342
    },
    "com.google.gson.functional.CustomSerializerTest-testSubClassSerializerInvokedForBaseClassFieldsHoldingSubClassInstances": {
        "energy": 44677,
        "duration": 2514193.35,
        "dram": 8289.583333333334,
        "iteration": 60,
        "stdev": 194741.86490384518
    },
    "com.google.gson.functional.UncategorizedTest-testReturningDerivedClassesDuringDeserialization": {
        "energy": 71350,
        "duration": 2076070.5656565656,
        "dram": 6170.151515151515,
        "iteration": 99,
        "stdev": 24456.19208943109
    },
    "com.google.gson.DefaultMapJsonSerializerTest-testNonEmptyMapSerialization": {
        "energy": 39856,
        "duration": 964415.06,
        "dram": 3245.4,
        "iteration": 50,
        "stdev": 5058.931398190729
    },
    "com.google.gson.ObjectTypeAdapterTest-testDeserialize": {
        "energy": 41748,
        "duration": 1525851.1392405063,
        "dram": 4700.949367088608,
        "iteration": 79,
        "stdev": 33135.19162570852
    },
    "com.google.gson.functional.CustomTypeAdaptersTest-testCustomDeserializers": {
        "energy": 40345,
        "duration": 1679278.5625,
        "dram": 5251.020833333333,
        "iteration": 48,
        "stdev": 140641.5262813074
    },
    "com.google.gson.functional.TypeHierarchyAdapterTest-testTypeHierarchy": {
        "energy": 119323,
        "duration": 6172296.97979798,
        "dram": 19281.81818181818,
        "iteration": 99,
        "stdev": 387163.9021880935
    },
    "com.google.gson.functional.InheritanceTest-testClassWithBaseCollectionFieldSerialization": {
        "energy": 38025,
        "duration": 1066160.2835820895,
        "dram": 3182.865671641791,
        "iteration": 67,
        "stdev": 8033.180426919422
    },
    "com.google.gson.functional.MapTest-testMapNamePromotionWithJsonElementReader": {
        "energy": 39550,
        "duration": 1087996.8,
        "dram": 3525.276923076923,
        "iteration": 65,
        "stdev": 10159.291583768216
    },
    "com.google.gson.functional.CustomSerializerTest-testBaseClassSerializerInvokedForBaseClassFields": {
        "energy": 38086,
        "duration": 608468.7837837838,
        "dram": 2725.0810810810813,
        "iteration": 37,
        "stdev": 4185.233403972448
    },
    "com.google.gson.internal.StringMapTest-testFallbackFromTooManyCollisions": {
        "energy": 625182,
        "duration": 17440837.17171717,
        "dram": 54972.71717171717,
        "iteration": 99,
        "stdev": 132852.9137102884
    },
    "com.google.gson.functional.InheritanceTest-testClassWithBaseFieldSerialization": {
        "energy": 40283,
        "duration": 1086842.234375,
        "dram": 3499.984375,