{
    "com.google.gson.functional.MapTest-testSerializeMaps": {
        "energy": 66345,
        "duration": 1956047.0505050505,
        "dram": 5463.979797979798,
        "iteration": 99,
        "stdev": 21182.823335384655
    },
    "com.google.gson.functional.MapTest-testMapSerializationWithNullValues": {
        "energy": 43395,
        "duration": 1978177.625,
        "dram": 5067.8875,
        "iteration": 80,
        "stdev": 30862.089566506893
    },
    "com.google.gson.functional.CustomTypeAdaptersTest-testCustomAdapterInvokedForMapElementSerializationWithType": {
        "energy": 39551,
        "duration": 1243521.4487179487,
        "dram": 3351.923076923077,
        "iteration": 78,
        "stdev": 7993.711653379185
    },
    "com.google.gson.functional.TypeVariableTest-testAdvancedTypeVariables": {
        "energy": 146300,
        "duration": 16411266.454545455,
        "dram": 51304.10101010101,
        "iteration": 99,
        "stdev": 919700.6260608573
    },
    "com.google.gson.functional.MapTest-testMapWithQuotes": {
        "energy": 37842,
        "duration": 691803.5806451613,
        "dram": 2809.7419354838707,
        "iteration": 31,
        "stdev": 5881.236302105797
    },
    "com.google.gson.functional.MapTest-testGeneralMapField": {
        "energy": 42664,
        "duration": 1641504.6489361702,
        "dram": 4369.287234042553,
        "iteration": 94,
        "stdev": 18272.8985999021
    },
    "com.google.gson.functional.MapTest-testMapSerializationWithNullValueButSerializeNulls": {
        "energy": 37231,
        "duration": 1075359.1515151516,
        "dram": 2806.651515151515,
        "iteration": 66,
        "stdev": 6448.29158972196
    },
    "com.google.gson.functional.MapTest-testMapSerializationWithWildcardValues": {
        "energy": 60852,
        "duration": 1873763.5252525252,
        "dram": 5281.313131313132,
        "iteration": 99,
        "stdev": 35973.1290948112
    },
    "com.google.gson.DefaultMapJsonSerializerTest-testNonEmptyMapSerialization": {
        "energy": 43945,
        "duration": 6836706.6329113925,
        "dram": 20925.772151898735,
        "iteration": 79,
        "stdev": 579689.0907196514
    },
    "com.google.gson.functional.MoreSpecificTypeSerializationTest-testMapOfParameterizedSubclassFields": {
        "energy": 42053,
        "duration": 1363677.0555555555,
        "dram": 3469.511111111111,
        "iteration": 90,
        "stdev": 8803.591020875487
    },
    "com.google.gson.functional.MapTest-testMapSerialization": {
        "energy": 40711,
        "duration": 3225785.1625,
        "dram": 9325.575,
        "iteration": 80,
        "stdev": 127611.83856425462
    },
    "com.google.gson.functional.TypeVariableTest-testTypeVariablesViaTypeParameter": {
        "energy": 92773,
        "duration": 4251365.404040404,
        "dram": 12605.030303030304,
        "iteration": 99,
        "stdev": 326263.62792743783
    },
    "com.google.gson.functional.MapTest-testMapOfMapSerialization": {
        "energy": 38635,
        "duration": 783047.4,
        "dram": 2737.32,
        "iteration": 25,
        "stdev": 5744.793905580948
    },
    "com.google.gson.functional.MapTest-testMapSerializationWithNullValue": {
        "energy": 37842,
        "duration": 1033058.1940298508,
        "dram": 2890.1492537313434,
        "iteration": 67,
        "stdev": 4378.029452231542
    },
    "com.google.gson.functional.MapTest-testMapSerializationWithNullValuesSerialized": {
        "energy": 38086,
        "duration": 915854.8421052631,
        "dram": 2828.6666666666665,
        "iteration": 57,
        "stdev": 5310.560614532885
    },
    "com.google.gson.functional.PrettyPrintingTest-testMap": {
        "energy": 40100,
        "duration": 1051304.1025641025,
        "dram": 3318.076923076923,
        "iteration": 39,
        "stdev": 38195.34473763211
    },
    "com.google.gson.functional.DefaultTypeAdaptersTest-testPropertiesSerialization": {
        "energy": 38940,
        "duration": 792310.4761904762,
        "dram": 2291.2619047619046,
        "iteration": 42,
        "stdev": 4249.306717697107
    },
    "com.google.gson.functional.CustomTypeAdaptersTest-testCustomAdapterInvokedForMapElementSerialization": {
        "energy": 39490,
        "duration": 773680.380952381,
        "dram": 2918.595238095238,
        "iteration": 42,
        "stdev": 6172.7629346778285
    },
    "com.google.gson.functional.MapTest-testRawMapSerialization": {
        "energy": 36499,
        "duration": 819059.3428571429,
        "dram": 2768.8285714285716,
        "iteration": 35,
        "stdev": 4174.365209373095
    },
    "com.google.gson.functional.MapTest-testWriteMapsWithEmptyStringKey": {
        "energy": 39917,
        "duration": 633119.4193548387,
        "dram": 2206.6451612903224,
        "iteration": 31,
        "stdev": 5992.176511107676
    }
}