{
    "com.google.gson.functional.MapTest-testSerializeMaps": {
        "energy": 70007,
        "duration": 1961829.2828282828,
        "dram": 5723.171717171717,
        "iteration": 99,
        "stdev": 22718.67998920252
    },
    "com.google.gson.functional.TypeVariableTest-testAdvancedTypeVariables": {
        "energy": 145874,
        "duration": 12660720.646464646,
        "dram": 40110.92929292929,
        "iteration": 99,
        "stdev": 790638.7470724281
    },
    "com.google.gson.functional.MapTest-testMapSerializationWithNullValuesSerialized": {
        "energy": 38696,
        "duration": 893621.6603773584,
        "dram": 2658.188679245283,
        "iteration": 53,
        "stdev": 5383.048605887078
    },
    "com.google.gson.functional.MapTest-testMapWithQuotes": {
        "energy": 39612,
        "duration": 642047.9655172414,
        "dram": 3017.1724137931033,
        "iteration": 29,
        "stdev": 5033.291543059237
    },
    "com.google.gson.functional.MapTest-testGeneralMapField": {
        "energy": 44128,
        "duration": 1615900.2947368422,
        "dram": 4318.315789473684,
        "iteration": 95,
        "stdev": 18069.50820328203
    },
    "com.google.gson.functional.MapTest-testMapSerializationWithNullValueButSerializeNulls": {
        "energy": 37414,
        "duration": 1071533.420289855,
        "dram": 2984.31884057971,
        "iteration": 69,
        "stdev": 4161.657969819357
    },
    "com.google.gson.functional.MapTest-testMapSerializationWithWildcardValues": {
        "energy": 44983,
        "duration": 1755005.0303030303,
        "dram": 4669.353535353535,
        "iteration": 99,
        "stdev": 20470.14825498993
    },
    "com.google.gson.functional.MoreSpecificTypeSerializationTest-testMapOfParameterizedSubclassFields": {
        "energy": 42724,
        "duration": 1367351.4096385543,
        "dram": 3584.975903614458,
        "iteration": 83,
        "stdev": 12363.994088880572
    },
    "com.google.gson.functional.MapTest-testMapSerialization": {
        "energy": 40161,
        "duration": 2741142.5975609757,
        "dram": 7784.134146341464,
        "iteration": 82,
        "stdev": 107134.77803723146
    },
    "com.google.gson.functional.TypeVariableTest-testTypeVariablesViaTypeParameter": {
        "energy": 90698,
        "duration": 5008444.3838383835,
        "dram": 15344.565656565657,
        "iteration": 99,
        "stdev": 418849.28133162414
    },
    "com.google.gson.functional.MapTest-testMapOfMapSerialization": {
        "energy": 37720,
        "duration": 723628.3,
        "dram": 2688.2,
        "iteration": 30,
        "stdev": 4578.8613559122605
    },
    "com.google.gson.functional.MapTest-testMapSerializationWithNullKey": {
        "energy": 38208,
        "duration": 1008561.4761904762,
        "dram": 3075.3174603174602,
        "iteration": 63,
        "stdev": 4738.330708567532
    },
    "com.google.gson.functional.MapTest-testMapSerializationWithNullValue": {
        "energy": 38696,
        "duration": 1049276.2241379311,
        "dram": 2864.2586206896553,
        "iteration": 58,
        "stdev": 3785.7689419151775
    },
    "com.google.gson.functional.MapTest-testMapSerializationWithNullValues": {
        "energy": 46386,
        "duration": 1925004.7951807228,
        "dram": 5253.975903614458,
        "iteration": 83,
        "stdev": 30014.555317475417
    },
    "com.google.gson.functional.CustomTypeAdaptersTest-testCustomAdapterInvokedForMapElementSerializationWithType": {
        "energy": 37964,
        "duration": 1189627.9428571428,
        "dram": 3064.1857142857143,
        "iteration": 70,
        "stdev": 6401.604333927806
    },
    "com.google.gson.functional.PrettyPrintingTest-testMap": {
        "energy": 40466,
        "duration": 996410.5,
        "dram": 3136.075,
        "iteration": 40,
        "stdev": 33281.13554718347
    },
    "com.google.gson.DefaultMapJsonSerializerTest-testNonEmptyMapSerialization": {
        "energy": 45349,
        "duration": 13136032.906666666,
        "dram": 40144.293333333335,
        "iteration": 75,
        "stdev": 827837.8742167661
    },
    "com.google.gson.functional.CustomTypeAdaptersTest-testCustomAdapterInvokedForMapElementSerialization": {
        "energy": 38024,
        "duration": 811836.4666666667,
        "dram": 2893.4666666666667,
        "iteration": 45,
        "stdev": 6309.731610421759
    },
    "com.google.gson.functional.DefaultTypeAdaptersTest-testPropertiesSerialization": {
        "energy": 37536,
        "duration": 787219.9512195121,
        "dram": 3122.0731707317073,
        "iteration": 41,
        "stdev": 5050.020774837849
    },
    "com.google.gson.functional.MapTest-testWriteMapsWithEmptyStringKey": {
        "energy": 39246,
        "duration": 665138.1111111111,
        "dram": 2603.259259259259,
        "iteration": 27,
        "stdev": 4958.213048719099
    },
    "com.google.gson.functional.MapTest-testRawMapSerialization": {
        "energy": 37536,
        "duration": 807079.3157894737,
        "dram": 2431.842105263158,
        "iteration": 38,
        "stdev": 4514.531500036293
    }
}