{
    "com.google.gson.ObjectTypeAdapterTest-testSerializeNullValue": {
        "energy": 206149.8342817804,
        "duration": 8165209.225471634,
        "dram": 19246.460961461667,
        "iteration": 80
    },
    "com.google.gson.ObjectTypeAdapterTest-testSerialize": {
        "energy": 245746.4089572368,
        "duration": 8311328.39311939,
        "dram": 24027.19623442585,
        "iteration": 99
    },
    "com.google.gson.ObjectTypeAdapterTest-testSerializeObject": {
        "energy": 34079.32904442493,
        "duration": 726830.2026526483,
        "dram": 840.763646526495,
        "iteration": 33
    }
}