{
    "com.google.gson.ObjectTypeAdapterTest-testSerializeNullValue": {
        "energy": 239135,
        "duration": 6708552.883720931,
        "dram": 19270.70930232558,
        "iteration": 86,
        "stdev": 121212.26550087964
    },
    "com.google.gson.ObjectTypeAdapterTest-testSerializeObject": {
        "energy": 37658,
        "duration": 3340305.3333333335,
        "dram": 9072.888888888889,
        "iteration": 27,
        "stdev": 70574.48345885519
    },
    "com.google.gson.ObjectTypeAdapterTest-testSerialize": {
        "energy": 229797,
        "duration": 9200766.02020202,
        "dram": 28527.62626262626,
        "iteration": 99,
        "stdev": 110361.13238115476
    }
}