{
    "com.google.gson.functional.MapTest-testInterfaceTypeMapWithSerializer": {
        "energy": 673887,
        "duration": 19988265.555555556,
        "dram": 58356.22222222222,
        "iteration": 9,
        "stdev": 25017.567594012566
    },
    "com.google.gson.functional.NamingPolicyTest-testGsonWithNonDefaultFieldNamingPolicySerialization": {
        "energy": 190490,
        "duration": 4846572.111111111,
        "dram": 15736.888888888889,
        "iteration": 9,
        "stdev": 18894.329713788033
    },
    "com.google.gson.functional.MapAsArrayTypeAdapterTest-testMultipleEnableComplexKeyRegistrationHasNoEffect": {
        "energy": 387755,
        "duration": 10318334.666666666,
        "dram": 33024.22222222222,
        "iteration": 9,
        "stdev": 49209.402647145485
    },
    "com.google.gson.functional.MapTest-testGeneralMapField": {
        "energy": 1972407,
        "duration": 64049174.666666664,
        "dram": 183579.44444444444,
        "iteration": 9,
        "stdev": 59154.17995332719
    },
    "com.google.gson.functional.NamingPolicyTest-testGsonWithUpperCamelCaseSpacesPolicyDeserialiation": {
        "energy": 215514,
        "duration": 6200656.444444444,
        "dram": 18817.11111111111,
        "iteration": 9,
        "stdev": 19406.18165799779
    },
    "com.google.gson.functional.MapAsArrayTypeAdapterTest-testSerializeComplexMapWithTypeAdapter": {
        "energy": 694701,
        "duration": 18475220.444444444,
        "dram": 58809.444444444445,
        "iteration": 9,
        "stdev": 37516.91460338956
    },
    "com.google.gson.functional.NamingPolicyTest-testGsonWithNonDefaultFieldNamingPolicyDeserialiation": {
        "energy": 363402,
        "duration": 11074482.111111112,
        "dram": 31298.666666666668,
        "iteration": 9,
        "stdev": 28672.452730025656
    },
    "com.google.gson.functional.MapTest-testInterfaceTypeMap": {
        "energy": 765257,
        "duration": 21717748.555555556,
        "dram": 67951.11111111111,
        "iteration": 9,
        "stdev": 26745.800110588494
    },
    "com.google.gson.functional.FieldNamingTest-testUpperCamelCase": {
        "energy": 253051,
        "duration": 6837270.0,
        "dram": 20627.88888888889,
        "iteration": 9,
        "stdev": 22132.19297263102
    },
    "com.google.gson.functional.NamingPolicyTest-testGsonWithUpperCamelCaseSpacesPolicySerialiation": {
        "energy": 316405,
        "duration": 9167664.777777778,
        "dram": 27946.11111111111,
        "iteration": 9,
        "stdev": 29655.302609969924
    },
    "com.google.gson.functional.FieldNamingTest-testUpperCamelCaseWithSpaces": {
        "energy": 223266,
        "duration": 5520317.444444444,
        "dram": 18542.0,
        "iteration": 9,
        "stdev": 27831.11274353237
    },
    "com.google.gson.functional.MapAsArrayTypeAdapterTest-testMapWithTypeVariableSerialization": {
        "energy": 365478,
        "duration": 9610326.0,
        "dram": 29258.88888888889,
        "iteration": 9,
        "stdev": 34289.25616783207
    }
}