{
    "com.google.gson.functional.MapTest-testInterfaceTypeMapWithSerializer": {
        "energy": 674864,
        "duration": 19991069.555555556,
        "dram": 60707.0,
        "iteration": 9,
        "stdev": 44812.47374460722
    },
    "com.google.gson.functional.NamingPolicyTest-testGsonWithNonDefaultFieldNamingPolicySerialization": {
        "energy": 190979,
        "duration": 5034042.666666667,
        "dram": 15976.555555555555,
        "iteration": 9,
        "stdev": 15853.461514760744
    },
    "com.google.gson.functional.MapAsArrayTypeAdapterTest-testMultipleEnableComplexKeyRegistrationHasNoEffect": {
        "energy": 395995,
        "duration": 9995130.333333334,
        "dram": 31407.444444444445,
        "iteration": 9,
        "stdev": 37130.245820508084
    },
    "com.google.gson.functional.MapTest-testGeneralMapField": {
        "energy": 2020320,
        "duration": 63229039.88888889,
        "dram": 186457.44444444444,
        "iteration": 9,
        "stdev": 116894.11634793872
    },
    "com.google.gson.functional.NamingPolicyTest-testGsonWithUpperCamelCaseSpacesPolicyDeserialiation": {
        "energy": 190247,
        "duration": 6077028.555555556,
        "dram": 17698.666666666668,
        "iteration": 9,
        "stdev": 20655.77073523684
    },
    "com.google.gson.functional.MapAsArrayTypeAdapterTest-testSerializeComplexMapWithTypeAdapter": {
        "energy": 644469,
        "duration": 18068607.0,
        "dram": 56452.0,
        "iteration": 9,
        "stdev": 37598.80072785354
    },
    "com.google.gson.functional.NamingPolicyTest-testGsonWithNonDefaultFieldNamingPolicyDeserialiation": {
        "energy": 352049,
        "duration": 10961408.333333334,
        "dram": 30465.666666666668,
        "iteration": 9,
        "stdev": 22363.86520845018
    },
    "com.google.gson.functional.MapTest-testInterfaceTypeMap": {
        "energy": 785032,
        "duration": 21936011.666666668,
        "dram": 68683.22222222222,
        "iteration": 9,
        "stdev": 56115.11857702504
    },
    "com.google.gson.functional.FieldNamingTest-testUpperCamelCase": {
        "energy": 242492,
        "duration": 6684459.111111111,
        "dram": 19867.666666666668,
        "iteration": 9,
        "stdev": 20547.160398567106
    },
    "com.google.gson.functional.NamingPolicyTest-testGsonWithUpperCamelCaseSpacesPolicySerialiation": {
        "energy": 350219,
        "duration": 9346225.222222222,
        "dram": 28551.444444444445,
        "iteration": 9,
        "stdev": 22361.80045976775
    },
    "com.google.gson.functional.FieldNamingTest-testUpperCamelCaseWithSpaces": {
        "energy": 213439,
        "duration": 5502094.888888889,
        "dram": 17239.333333333332,
        "iteration": 9,
        "stdev": 12857.976910160563
    },
    "com.google.gson.functional.MapAsArrayTypeAdapterTest-testMapWithTypeVariableSerialization": {
        "energy": 357482,
        "duration": 9791486.333333334,
        "dram": 29367.222222222223,
        "iteration": 9,
        "stdev": 37567.521770148975
    }
}