{
  "energy": 299826.0,
  "instructions": -2.214843E7,
  "durations": 4.819751E7,
  "cycles": 6288542.0,
  "caches": 3030624.0,
  "cacheMisses": 1370416.0,
  "branches": -4965292.0,
  "branchMisses": 0.0
}