{
    "com.google.gson.functional.PrimitiveTest-testNumberDeserialization": {
        "energy": 58333.79445350115,
        "duration": 2103079.4537741784,
        "dram": 2805.0167563636915,
        "iteration": 92
    },
    "com.google.gson.JavaSerializationTest-testNumberIsSerializable": {
        "energy": 678461.6437373329,
        "duration": 21484737.84442195,
        "dram": 68944.33761662718,
        "iteration": 99
    }
}