{
    "com.google.gson.functional.PrimitiveTest-testNumberDeserialization": {
        "energy": 114354.22113933094,
        "duration": 4460250.045725422,
        "dram": 11305.689459963934,
        "iteration": 93
    },
    "com.google.gson.JavaSerializationTest-testNumberIsSerializable": {
        "energy": 654558.0238246087,
        "duration": 19692959.722901404,
        "dram": 62376.27331197285,
        "iteration": 99
    }
}