{
    "com.google.gson.functional.CollectionTest-testCollectionOfObjectSerialization": {
        "energy": 38940,
        "duration": 941883.9523809524,
        "dram": 3237.9523809523807,
        "iteration": 63,
        "stdev": 5711.050385208797
    },
    "com.google.gson.functional.ParameterizedTypesTest-testParameterizedTypeGenericArraysSerialization": {
        "energy": 42053,
        "duration": 1394562.4555555556,
        "dram": 3742.8333333333335,
        "iteration": 90,
        "stdev": 17437.59636929342
    },
    "com.google.gson.functional.ObjectTest-testEmptyCollectionInAnObjectDeserialization": {
        "energy": 42542,
        "duration": 1510299.1627906978,
        "dram": 4009.406976744186,
        "iteration": 86,
        "stdev": 18772.393772238196
    },
    "com.google.gson.functional.CollectionTest-testRawCollectionSerialization": {
        "energy": 38086,
        "duration": 1063402.9848484849,
        "dram": 3329.409090909091,
        "iteration": 66,
        "stdev": 7508.832119641788
    },
    "com.google.gson.functional.InheritanceTest-testSubInterfacesOfCollectionSerialization": {
        "energy": 83557,
        "duration": 2598413.868686869,
        "dram": 7912.565656565656,
        "iteration": 99,
        "stdev": 54243.777943721754
    },
    "com.google.gson.functional.ParameterizedTypesTest-testVariableTypeArrayDeserialization": {
        "energy": 73242,
        "duration": 1949366.4242424243,
        "dram": 5779.888888888889,
        "iteration": 99,
        "stdev": 26118.536027292153
    },
    "com.google.gson.functional.ObjectTest-testSingletonLists": {
        "energy": 100647,
        "duration": 3151710.4444444445,
        "dram": 9353.050505050505,
        "iteration": 99,
        "stdev": 38254.46439656067
    },
    "com.google.gson.functional.JsonParserTest-testExtraCommasInArrays": {
        "energy": 42419,
        "duration": 1316174.5263157894,
        "dram": 4080.5394736842104,
        "iteration": 76,
        "stdev": 15737.510498567453
    },
    "com.google.gson.functional.EnumTest-testEnumSubclass": {
        "energy": 86303,
        "duration": 2655445.224489796,
        "dram": 8511.979591836734,
        "iteration": 98,
        "stdev": 39355.642528033466
    },
    "com.google.gson.functional.EnumTest-testEnumSubclassWithRegisteredTypeAdapter": {
        "energy": 42359,
        "duration": 1530663.9885057472,
        "dram": 4355.390804597701,
        "iteration": 87,
        "stdev": 22176.299657491934
    },
    "com.google.gson.functional.TypeVariableTest-testAdvancedTypeVariables": {
        "energy": 88012,
        "duration": 3176124.111111111,
        "dram": 10271.353535353535,
        "iteration": 99,
        "stdev": 257317.6818932623
    },
    "com.google.gson.functional.NullObjectAndFieldTest-testExplicitSerializationOfNullCollectionMembers": {
        "energy": 41382,
        "duration": 815906.0869565217,
        "dram": 3104.1739130434785,
        "iteration": 46,
        "stdev": 4581.1271644005155
    },
    "com.google.gson.functional.CollectionTest-testWildcardPrimitiveCollectionSerilaization": {
        "energy": 43640,
        "duration": 1521551.012345679,
        "dram": 4379.395061728395,
        "iteration": 81,
        "stdev": 17031.289235904518
    },
    "com.google.gson.functional.CollectionTest-testWildcardPrimitiveCollectionDeserilaization": {
        "energy": 39489,
        "duration": 868907.5283018867,
        "dram": 3085.622641509434,
        "iteration": 53,
        "stdev": 3791.0220394030403
    },
    "com.google.gson.functional.CollectionTest-testQueueDeserialization": {
        "energy": 39001,
        "duration": 855140.5925925926,
        "dram": 3174.759259259259,
        "iteration": 54,
        "stdev": 4576.606905127462
    },
    "com.google.gson.functional.EnumTest-testCollectionOfEnumsDeserialization": {
        "energy": 40283,
        "duration": 998467.4776119404,
        "dram": 3237.507462686567,
        "iteration": 67,
        "stdev": 5822.297032425752
    },
    "com.google.gson.functional.ParameterizedTypesTest-testVariableTypeDeserialization": {
        "energy": 72021,
        "duration": 1959276.4747474748,
        "dram": 5852.50505050505,
        "iteration": 99,
        "stdev": 28966.435196909086
    },
    "com.google.gson.functional.CollectionTest-testCollectionOfBagOfPrimitivesSerialization": {
        "energy": 39002,
        "duration": 1445941.6944444445,
        "dram": 4665.236111111111,
        "iteration": 72,
        "stdev": 32097.00592428863
    },
    "com.google.gson.functional.UncategorizedTest-testTrailingWhitespace": {
        "energy": 42664,
        "duration": 1345524.732142857,
        "dram": 3867.8571428571427,
        "iteration": 56,
        "stdev": 17299.191677092997
    },
    "com.google.gson.functional.ParameterizedTypesTest-testVariableTypeFieldsAndGenericArraysSerialization": {
        "energy": 89477,
        "duration": 2808421.767676768,
        "dram": 8441.0101010101,
        "iteration": 99,
        "stdev": 42670.961519012504
    },
    "com.google.gson.functional.CollectionTest-testTopLevelCollectionOfIntegersDeserialization": {
        "energy": 40649,
        "duration": 1125281.375,
        "dram": 3325.390625,
        "iteration": 64,
        "stdev": 9148.376393249699
    },
    "com.google.gson.CommentsTest-testParseComments": {
        "energy": 43884,
        "duration": 6087916.19117647,
        "dram": 19597.691176470587,
        "iteration": 68,
        "stdev": 585522.539442991
    },
    "com.google.gson.internal.bind.MiniGsonTest-testDeserializeWithCustomTypeAdapter": {
        "energy": 42846,
        "duration": 719814.9,
        "dram": 3276.8333333333335,
        "iteration": 30,
        "stdev": 4211.018995709022
    },
    "com.google.gson.functional.ParameterizedTypesTest-testParameterizedTypeGenericArraysDeserialization": {
        "energy": 66284,
        "duration": 1894506.202020202,
        "dram": 5653.80808080808,
        "iteration": 99,
        "stdev": 24378.453759094682
    },
    "com.google.gson.functional.CustomTypeAdaptersTest-testCustomAdapterInvokedForCollectionElementSerialization": {
        "energy": 40894,
        "duration": 714876.5142857142,
        "dram": 2719.8571428571427,
        "iteration": 35,
        "stdev": 4735.776577396828
    },
    "com.google.gson.functional.ObjectTest-testEmptyCollectionInAnObjectSerialization": {
        "energy": 41932,
        "duration": 728042.225,
        "dram": 2526.825,
        "iteration": 40,
        "stdev": 4553.561880481587
    },
    "com.google.gson.functional.MapTest-testMapSerializationWithWildcardValues": {
        "energy": 43579,
        "duration": 1237353.671875,
        "dram": 3760.21875,
        "iteration": 64,
        "stdev": 13525.10034216475
    },
    "com.google.gson.functional.CollectionTest-testLinkedListDeserialization": {
        "energy": 39673,
        "duration": 899195.7959183673,
        "dram": 2897.9591836734694,
        "iteration": 49,
        "stdev": 5209.96116207092
    },
    "com.google.gson.functional.NullObjectAndFieldTest-testPrintPrintingObjectWithNulls": {
        "energy": 40710,
        "duration": 1069478.3666666667,
        "dram": 3469.3,
        "iteration": 60,
        "stdev": 8503.85709237285
    },
    "com.google.gson.functional.ArrayTest-testArrayOfCollectionSerialization": {
        "energy": 43701,
        "duration": 1395152.1948051949,
        "dram": 3763.4805194805194,
        "iteration": 77,
        "stdev": 16794.89384325707
    },
    "com.google.gson.functional.InheritanceTest-testSubInterfacesOfCollectionDeserialization": {
        "energy": 41321,
        "duration": 1202198.7671232878,
        "dram": 3576.794520547945,
        "iteration": 73,
        "stdev": 10533.784099846931
    },
    "com.google.gson.functional.MoreSpecificTypeSerializationTest-testListOfSubclassFields": {
        "energy": 42602,