{
    "com.google.gson.functional.CustomTypeAdaptersTest-testCustomAdapterInvokedForCollectionElementDeserialization": {
        "energy": 40771,
        "duration": 1050121.3333333333,
        "dram": 3328.653333333333,
        "iteration": 75,
        "stdev": 6204.652630104818
    },
    "com.google.gson.functional.DefaultTypeAdaptersTest-testTreeSetDeserialization": {
        "energy": 36621,
        "duration": 886317.4255319149,
        "dram": 3295.127659574468,
        "iteration": 47,
        "stdev": 3478.650642742211
    },
    "com.google.gson.functional.ParameterizedTypesTest-testParameterizedTypeGenericArraysSerialization": {
        "energy": 41565,
        "duration": 1405809.7872340425,
        "dram": 3995.521276595745,
        "iteration": 94,
        "stdev": 13857.381387908237
    },
    "com.google.gson.functional.CollectionTest-testNullsInListDeserialization": {
        "energy": 39429,
        "duration": 767239.1632653062,
        "dram": 2998.795918367347,
        "iteration": 49,
        "stdev": 4096.614079287785
    },
    "com.google.gson.functional.CollectionTest-testRawCollectionSerialization": {
        "energy": 39184,
        "duration": 938783.1587301587,
        "dram": 3155.3174603174602,
        "iteration": 63,
        "stdev": 6748.383137165998
    },
    "com.google.gson.functional.InheritanceTest-testSubInterfacesOfCollectionSerialization": {
        "energy": 82153,
        "duration": 2517374.2959183673,
        "dram": 7701.744897959184,
        "iteration": 98,
        "stdev": 48529.571489673865
    },
    "com.google.gson.functional.EnumTest-testEnumSubclassAsParameterizedType": {
        "energy": 40344,
        "duration": 970988.7,
        "dram": 2909.8,
        "iteration": 60,
        "stdev": 6503.992118605994
    },
    "com.google.gson.functional.ParameterizedTypesTest-testVariableTypeArrayDeserialization": {
        "energy": 70983,
        "duration": 1982165.383838384,
        "dram": 5922.686868686868,
        "iteration": 99,
        "stdev": 23420.398215356214
    },
    "com.google.gson.functional.ObjectTest-testSingletonLists": {
        "energy": 112121,
        "duration": 3167327.121212121,
        "dram": 9795.9898989899,
        "iteration": 99,
        "stdev": 46404.017364883926
    },
    "com.google.gson.functional.JsonParserTest-testExtraCommasInArrays": {
        "energy": 42725,
        "duration": 1314450.7027027027,
        "dram": 3983.972972972973,
        "iteration": 74,
        "stdev": 15310.652766556266
    },
    "com.google.gson.functional.EnumTest-testEnumSubclass": {
        "energy": 87890,
        "duration": 2571913.88172043,
        "dram": 8249.774193548386,
        "iteration": 93,
        "stdev": 32896.775500572505
    },
    "com.google.gson.functional.EnumTest-testEnumSubclassWithRegisteredTypeAdapter": {
        "energy": 41993,
        "duration": 1515764.8444444444,
        "dram": 4462.5,
        "iteration": 90,
        "stdev": 25681.181235082153
    },
    "com.google.gson.functional.CollectionTest-testFieldIsArrayList": {
        "energy": 39551,
        "duration": 1057399.7733333334,
        "dram": 3524.6666666666665,
        "iteration": 75,
        "stdev": 9593.963096364298
    },
    "com.google.gson.functional.PrettyPrintingTest-testPrettyPrintListOfPrimitiveArrays": {
        "energy": 42602,
        "duration": 1071627.9166666667,
        "dram": 3163.25,
        "iteration": 48,
        "stdev": 8771.25999276484
    },
    "com.google.gson.functional.TypeVariableTest-testAdvancedTypeVariables": {
        "energy": 88806,
        "duration": 6118909.313131313,
        "dram": 19239.37373737374,
        "iteration": 99,
        "stdev": 510536.7937064845
    },
    "com.google.gson.functional.CollectionTest-testWildcardPrimitiveCollectionDeserilaization": {
        "energy": 40222,
        "duration": 772207.2363636363,
        "dram": 3354.109090909091,
        "iteration": 55,
        "stdev": 4614.344345714399
    },
    "com.google.gson.functional.ParameterizedTypesTest-testVariableTypeDeserialization": {
        "energy": 75012,
        "duration": 2032262.494949495,
        "dram": 6184.737373737374,
        "iteration": 99,
        "stdev": 24728.646275927335
    },
    "com.google.gson.functional.UncategorizedTest-testTrailingWhitespace": {
        "energy": 41992,
        "duration": 1162649.3442622952,
        "dram": 3800.2131147540986,
        "iteration": 61,
        "stdev": 13091.70761081836
    },
    "com.google.gson.functional.ParameterizedTypesTest-testVariableTypeFieldsAndGenericArraysSerialization": {
        "energy": 103454,
        "duration": 3012931.0505050505,
        "dram": 9026.90909090909,
        "iteration": 99,
        "stdev": 40398.65965906233
    },
    "com.google.gson.functional.CollectionTest-testTopLevelCollectionOfIntegersDeserialization": {
        "energy": 41931,
        "duration": 995755.96875,
        "dram": 3558.03125,
        "iteration": 64,
        "stdev": 7068.702592402919
    },
    "com.google.gson.CommentsTest-testParseComments": {
        "energy": 42846,
        "duration": 4851049.602739726,
        "dram": 15138.602739726028,
        "iteration": 73,
        "stdev": 522594.43232523685
    },
    "com.google.gson.functional.ParameterizedTypesTest-testParameterizedTypeGenericArraysDeserialization": {
        "energy": 65125,
        "duration": 1895298.1515151516,
        "dram": 5595.767676767677,
        "iteration": 99,
        "stdev": 24535.34297610296
    },
    "com.google.gson.functional.CustomTypeAdaptersTest-testCustomAdapterInvokedForCollectionElementSerialization": {
        "energy": 40405,
        "duration": 725321.5,
        "dram": 2654.184210526316,
        "iteration": 38,
        "stdev": 5349.5600013231215
    },
    "com.google.gson.functional.CollectionTest-testRawCollectionOfIntegersSerialization": {
        "energy": 38330,
        "duration": 668268.8181818182,
        "dram": 2803.242424242424,
        "iteration": 33,
        "stdev": 3516.497138733624
    },
    "com.google.gson.functional.CollectionTest-testQueueSerialization": {
        "energy": 39795,
        "duration": 890204.4761904762,
        "dram": 3052.214285714286,
        "iteration": 42,
        "stdev": 4048.441358766871
    },
    "com.google.gson.functional.MoreSpecificTypeSerializationTest-testListOfParameterizedSubclassFields": {
        "energy": 41260,
        "duration": 1143752.5,
        "dram": 3562.3289473684213,
        "iteration": 76,
        "stdev": 12864.627969041936
    },
    "com.google.gson.functional.NullObjectAndFieldTest-testPrintPrintingObjectWithNulls": {
        "energy": 39733,
        "duration": 1048783.9206349207,
        "dram": 3457.2698412698414,
        "iteration": 63,
        "stdev": 6466.746162285763
    },
    "com.google.gson.functional.ArrayTest-testArrayOfCollectionSerialization": {
        "energy": 43090,
        "duration": 1409526.3855421687,
        "dram": 4292.289156626506,
        "iteration": 83,
        "stdev": 16634.886517317795
    },
    "com.google.gson.functional.InheritanceTest-testSubInterfacesOfCollectionDeserialization": {
        "energy": 42420,
        "duration": 1189234.7681159421,
        "dram": 3374.855072463768,
        "iteration": 69,
        "stdev": 9455.052209745587
    },
    "com.google.gson.functional.MoreSpecificTypeSerializationTest-testMapOfParameterizedSubclassFields": {
        "energy": 41137,
        "duration": 1048781.6911764706,
        "dram": 3238.4117647058824,
        "iteration": 68,
        "stdev": 6580.367768576707
    },
    "com.google.gson.functional.MoreSpecificTypeSerializationTest-testListOfSubclassFields": {
        "energy": 43945,
        "duration": 1535565.5526315789,
        "dram": 4573.355263157895,
        "iteration": 76,
        "stdev": 25079.721154103572
    },