{
    "com.google.gson.functional.VersioningTest-testVersionedClassesDeserialization": {
        "energy": 210692.8510638298,
        "duration": 6517693.29787234,
        "dram": 19595.159574468085,
        "iteration": 94,
        "stdev": 95576.47123727319
    },
    "com.google.gson.functional.VersioningTest-testVersionedGsonWithUnversionedClassesSerialization": {
        "energy": 188262.80808080808,
        "duration": 5666004.5050505055,
        "dram": 17239.08080808081,
        "iteration": 99,
        "stdev": 238223.4343766278
    },
    "com.google.gson.VersionExclusionStrategyTest-testClassAndFieldAreAheadInVersion": {
        "energy": 169185.02222222224,
        "duration": 4599274.844444444,
        "dram": 13104.955555555556,
        "iteration": 45,
        "stdev": 150889.06896797306
    },
    "com.google.gson.functional.VersioningTest-testVersionedClassesSerialization": {
        "energy": 649229.2717391305,
        "duration": 20004901.945652176,
        "dram": 59965.17391304348,
        "iteration": 92,
        "stdev": 681018.1245603033
    },
    "com.google.gson.functional.VersioningTest-testIgnoreLaterVersionClassDeserialization": {
        "energy": 83444.62,
        "duration": 2588078.36,
        "dram": 7723.98,
        "iteration": 50,
        "stdev": 84778.32978583385
    },
    "com.google.gson.functional.VersioningTest-testVersionedGsonWithUnversionedClassesDeserialization": {
        "energy": 113460.34567901235,
        "duration": 3567431.1481481483,
        "dram": 10098.0,
        "iteration": 81,
        "stdev": 285223.79135235434
    },
    "com.google.gson.VersionExclusionStrategyTest-testClassAndFieldAreBehindInVersion": {
        "energy": 139704.64814814815,
        "duration": 3945135.6296296297,
        "dram": 10989.648148148148,
        "iteration": 54,
        "stdev": 134995.7911200084
    },
    "com.google.gson.VersionExclusionStrategyTest-testClassAndFieldAreAtSameVersion": {
        "energy": 142191.3,
        "duration": 3763246.1,
        "dram": 11137.333333333334,
        "iteration": 30,
        "stdev": 154940.12874809632
    },
    "com.google.gson.functional.VersioningTest-testIgnoreLaterVersionClassSerialization": {
        "energy": 211103.55555555556,
        "duration": 6354970.428571428,
        "dram": 18940.349206349205,
        "iteration": 63,
        "stdev": 457182.56016092136
    }
}