{
    "com.google.gson.functional.StreamingTypeAdaptersTest-testNullSafe": {
        "energy": 158719.9393939394,
        "duration": 5491563.6161616165,
        "dram": 14930.767676767677,
        "iteration": 99,
        "stdev": 61199.799644786275
    },
    "com.google.gson.functional.TypeAdapterPrecedenceTest-testSerializeNonstreamingTypeAdapterFollowedByStreamingTypeAdapter": {
        "energy": 46508.67692307692,
        "duration": 1558992.4,
        "dram": 4026.723076923077,
        "iteration": 65,
        "stdev": 17193.897108797904
    },
    "com.google.gson.functional.JsonAdapterAnnotationOnClassesTest-testRegisteredDeserializerOverridesJsonAdapter": {
        "energy": 52019.171428571426,
        "duration": 1702567.5571428572,
        "dram": 4348.085714285714,
        "iteration": 70,
        "stdev": 129715.60237160271
    },
    "com.google.gson.functional.TypeAdapterPrecedenceTest-testNonstreamingHierarchicalFollowedByNonstreaming": {
        "energy": 206073.53968253967,
        "duration": 6367732.825396826,
        "dram": 18464.190476190477,
        "iteration": 63,
        "stdev": 403312.13518724684
    },
    "com.google.gson.functional.JsonAdapterAnnotationOnClassesTest-testRegisteredSerializerOverridesJsonAdapter": {
        "energy": 432415.6767676768,
        "duration": 13198119.676767677,
        "dram": 39418.818181818184,
        "iteration": 99,
        "stdev": 524021.4065947997
    },
    "com.google.gson.functional.TypeAdapterPrecedenceTest-testStreamingHierarchicalFollowedByNonstreamingHierarchical": {
        "energy": 71055.81818181818,
        "duration": 1788515.2045454546,
        "dram": 5720.090909090909,
        "iteration": 44,
        "stdev": 225192.61191753088
    },
    "com.google.gson.functional.TypeAdapterPrecedenceTest-testStreamingFollowedByStreaming": {
        "energy": 401454.61666666664,
        "duration": 12287875.4,
        "dram": 35886.666666666664,
        "iteration": 60,
        "stdev": 514936.20673885714
    },
    "com.google.gson.functional.TypeAdapterPrecedenceTest-testStreamingHierarchicalFollowedByNonstreaming": {
        "energy": 96020.58974358975,
        "duration": 2814021.923076923,
        "dram": 7551.153846153846,
        "iteration": 39,
        "stdev": 247452.1837049423
    },
    "com.google.gson.functional.TypeAdapterPrecedenceTest-testStreamingFollowedByNonstreaming": {
        "energy": 70280.90909090909,
        "duration": 1822452.6666666667,
        "dram": 5935.363636363636,
        "iteration": 33,
        "stdev": 179727.8143756955
    },
    "com.google.gson.functional.TypeAdapterPrecedenceTest-testNonstreamingFollowedByNonstreaming": {
        "energy": 37568.0,
        "duration": 843504.7741935484,
        "dram": 2387.8709677419356,
        "iteration": 31,
        "stdev": 7599.199809317786
    },
    "com.google.gson.functional.TypeAdapterPrecedenceTest-testStreamingFollowedByNonstreamingHierarchical": {
        "energy": 36407.34375,
        "duration": 824708.875,
        "dram": 2804.65625,
        "iteration": 32,
        "stdev": 2042.7619111354943
    }
}