{
    "com.google.gson.functional.StreamingTypeAdaptersTest-testNullSafe": {
        "energy": 166138.1008559385,
        "duration": 5078728.456315799,
        "dram": 15079.54377400884,
        "iteration": 99
    },
    "com.google.gson.functional.TypeAdapterPrecedenceTest-testSerializeNonstreamingTypeAdapterFollowedByStreamingTypeAdapter": {
        "energy": 38214.04776816104,
        "duration": 1149796.6998694206,
        "dram": 3403.636728788758,
        "iteration": 75
    },
    "com.google.gson.functional.JsonAdapterAnnotationOnClassesTest-testRegisteredDeserializerOverridesJsonAdapter": {
        "energy": 37586.73900773827,
        "duration": 1231100.0826321645,
        "dram": 3187.9458279805162,
        "iteration": 70
    },
    "com.google.gson.functional.TypeAdapterPrecedenceTest-testNonstreamingHierarchicalFollowedByNonstreaming": {
        "energy": 55287.63449203296,
        "duration": 1325438.2298999308,
        "dram": 4681.257086346927,
        "iteration": 66
    },
    "com.google.gson.functional.JsonAdapterAnnotationOnClassesTest-testRegisteredSerializerOverridesJsonAdapter": {
        "energy": 918918.4945167045,
        "duration": 28001455.523127712,
        "dram": 82829.68554089003,
        "iteration": 98
    },
    "com.google.gson.functional.TypeAdapterPrecedenceTest-testStreamingHierarchicalFollowedByNonstreamingHierarchical": {
        "energy": 45655.82704833604,
        "duration": 1134234.242655871,
        "dram": 3918.4890890122624,
        "iteration": 33
    },
    "com.google.gson.functional.TypeAdapterPrecedenceTest-testNonstreamingFollowedByNonstreaming": {
        "energy": 39975.77134847094,
        "duration": 799688.2395830672,
        "dram": 2734.64243141294,
        "iteration": 33
    },
    "com.google.gson.functional.TypeAdapterPrecedenceTest-testStreamingFollowedByStreaming": {
        "energy": 140739.6554569976,
        "duration": 4363643.664335402,
        "dram": 12779.454683709599,
        "iteration": 64
    },
    "com.google.gson.functional.TypeAdapterPrecedenceTest-testStreamingFollowedByNonstreamingHierarchical": {
        "energy": 36614.05065204506,
        "duration": 835963.6591719771,
        "dram": 3230.8122447579226,
        "iteration": 36
    },
    "com.google.gson.functional.TypeAdapterPrecedenceTest-testStreamingFollowedByNonstreaming": {
        "energy": 36337.031561762094,
        "duration": 805384.2572516389,
        "dram": 1193.8108412697911,
        "iteration": 29
    },
    "com.google.gson.functional.TypeAdapterPrecedenceTest-testStreamingHierarchicalFollowedByNonstreaming": {
        "energy": 383678.4124879831,
        "duration": 11580716.737481609,
        "dram": 34084.4297767706,
        "iteration": 39
    }
}