{
    "com.google.gson.functional.StreamingTypeAdaptersTest-testNullSafe": {
        "energy": 145084.51515151514,
        "duration": 5061023.03030303,
        "dram": 13724.333333333334,
        "iteration": 99,
        "stdev": 56978.296445449545
    },
    "com.google.gson.functional.TypeAdapterPrecedenceTest-testSerializeNonstreamingTypeAdapterFollowedByStreamingTypeAdapter": {
        "energy": 61457.333333333336,
        "duration": 1866452.0133333334,
        "dram": 5295.24,
        "iteration": 75,
        "stdev": 149090.0335716941
    },
    "com.google.gson.functional.JsonAdapterAnnotationOnClassesTest-testRegisteredDeserializerOverridesJsonAdapter": {
        "energy": 54124.985714285714,
        "duration": 1697572.1285714286,
        "dram": 4525.342857142857,
        "iteration": 70,
        "stdev": 144987.1824778702
    },
    "com.google.gson.functional.TypeAdapterPrecedenceTest-testNonstreamingHierarchicalFollowedByNonstreaming": {
        "energy": 108486.01515151515,
        "duration": 3277482.1818181816,
        "dram": 9389.984848484848,
        "iteration": 66,
        "stdev": 258331.79040654536
    },
    "com.google.gson.functional.JsonAdapterAnnotationOnClassesTest-testRegisteredSerializerOverridesJsonAdapter": {
        "energy": 517033.0918367347,
        "duration": 16033663.489795918,
        "dram": 47574.4081632653,
        "iteration": 98,
        "stdev": 565109.5693463869
    },
    "com.google.gson.functional.TypeAdapterPrecedenceTest-testStreamingFollowedByStreaming": {
        "energy": 391880.890625,
        "duration": 11878771.984375,
        "dram": 35467.75,
        "iteration": 64,
        "stdev": 509702.1269148626
    },
    "com.google.gson.functional.TypeAdapterPrecedenceTest-testStreamingFollowedByNonstreamingHierarchical": {
        "energy": 66363.63888888889,
        "duration": 1698238.638888889,
        "dram": 5285.194444444444,
        "iteration": 36,
        "stdev": 178214.43922672863
    },
    "com.google.gson.functional.TypeAdapterPrecedenceTest-testStreamingHierarchicalFollowedByNonstreamingHierarchical": {
        "energy": 102100.45454545454,
        "duration": 2858153.8484848486,
        "dram": 9068.69696969697,
        "iteration": 33,
        "stdev": 257970.66930200945
    },
    "com.google.gson.functional.TypeAdapterPrecedenceTest-testNonstreamingFollowedByNonstreaming": {
        "energy": 68462.72727272728,
        "duration": 1734064.606060606,
        "dram": 5431.121212121212,
        "iteration": 33,
        "stdev": 186560.45394752725
    },
    "com.google.gson.functional.TypeAdapterPrecedenceTest-testStreamingFollowedByNonstreaming": {
        "energy": 36002.137931034486,
        "duration": 718364.8275862068,
        "dram": 2411.103448275862,
        "iteration": 29,
        "stdev": 2102.798803633205
    },
    "com.google.gson.functional.TypeAdapterPrecedenceTest-testStreamingHierarchicalFollowedByNonstreaming": {
        "energy": 181284.87179487178,
        "duration": 5270975.948717949,
        "dram": 15869.692307692309,
        "iteration": 39,
        "stdev": 375092.49452950695
    }
}