{
    "com.google.gson.functional.MapTest-testInterfaceTypeMapWithSerializer": {
        "energy": 128820.81818181818,
        "duration": 4171477.6565656564,
        "dram": 11525.565656565657,
        "iteration": 99,
        "stdev": 29804.56592617564
    },
    "com.google.gson.functional.MapAsArrayTypeAdapterTest-testMultipleEnableComplexKeyRegistrationHasNoEffect": {
        "energy": 229939.17204301077,
        "duration": 7057571.086021505,
        "dram": 20640.989247311827,
        "iteration": 93,
        "stdev": 432480.94175881793
    },
    "com.google.gson.functional.MapTest-testGeneralMapField": {
        "energy": 61162.59595959596,
        "duration": 2120937.494949495,
        "dram": 5468.89898989899,
        "iteration": 99,
        "stdev": 34291.85832250111
    },
    "com.google.gson.functional.NamingPolicyTest-testGsonWithUpperCamelCaseSpacesPolicyDeserialiation": {
        "energy": 114221.75471698113,
        "duration": 3378016.2641509436,
        "dram": 10076.0,
        "iteration": 53,
        "stdev": 67238.14278184039
    },
    "com.google.gson.functional.MapAsArrayTypeAdapterTest-testSerializeComplexMapWithTypeAdapter": {
        "energy": 105391.39393939394,
        "duration": 3481934.414141414,
        "dram": 9393.61616161616,
        "iteration": 99,
        "stdev": 183429.4910981922
    },
    "com.google.gson.functional.MapTest-testInterfaceTypeMap": {
        "energy": 239321.34343434343,
        "duration": 7846289.181818182,
        "dram": 22390.37373737374,
        "iteration": 99,
        "stdev": 84574.15212056432
    },
    "com.google.gson.functional.FieldNamingTest-testUpperCamelCase": {
        "energy": 431622.3870967742,
        "duration": 12782016.860215053,
        "dram": 38957.36559139785,
        "iteration": 93,
        "stdev": 556962.2333259989
    },
    "com.google.gson.functional.NamingPolicyTest-testGsonWithUpperCamelCaseSpacesPolicySerialiation": {
        "energy": 140134.3064516129,
        "duration": 4151452.209677419,
        "dram": 12261.016129032258,
        "iteration": 62,
        "stdev": 269834.98006742325
    },
    "com.google.gson.functional.FieldNamingTest-testUpperCamelCaseWithSpaces": {
        "energy": 101659.92857142857,
        "duration": 3115084.685714286,
        "dram": 8546.0,
        "iteration": 70,
        "stdev": 258473.85688693778
    },
    "com.google.gson.functional.MapAsArrayTypeAdapterTest-testMapWithTypeVariableSerialization": {
        "energy": 163486.30303030304,
        "duration": 5250396.878787879,
        "dram": 14794.959595959595,
        "iteration": 99,
        "stdev": 330770.40926983545
    },
    "com.google.gson.functional.NamingPolicyTest-testGsonWithNonDefaultFieldNamingPolicySerialization": {
        "energy": 330431.83544303797,
        "duration": 9935475.379746836,
        "dram": 29844.556962025315,
        "iteration": 79,
        "stdev": 442879.46105516935
    },
    "com.google.gson.functional.NamingPolicyTest-testGsonWithNonDefaultFieldNamingPolicyDeserialiation": {
        "energy": 142533.79268292684,
        "duration": 4372013.439024391,
        "dram": 12937.658536585366,
        "iteration": 82,
        "stdev": 63808.48186618121
    }
}