{
    "com.google.gson.functional.MapTest-testInterfaceTypeMapWithSerializer": {
        "energy": 128307.87878787878,
        "duration": 4178623.5353535353,
        "dram": 11704.444444444445,
        "iteration": 99,
        "stdev": 51922.561239038194
    },
    "com.google.gson.functional.MapAsArrayTypeAdapterTest-testMultipleEnableComplexKeyRegistrationHasNoEffect": {
        "energy": 183161.4301075269,
        "duration": 5882795.935483871,
        "dram": 16572.720430107525,
        "iteration": 93,
        "stdev": 359236.9266224267
    },
    "com.google.gson.functional.MapTest-testGeneralMapField": {
        "energy": 61039.27272727273,
        "duration": 2163756.272727273,
        "dram": 5240.474747474747,
        "iteration": 99,
        "stdev": 47301.84421476122
    },
    "com.google.gson.functional.NamingPolicyTest-testGsonWithUpperCamelCaseSpacesPolicyDeserialiation": {
        "energy": 107966.86666666667,
        "duration": 3155365.8666666667,
        "dram": 9283.416666666666,
        "iteration": 60,
        "stdev": 72800.91134536405
    },
    "com.google.gson.functional.MapAsArrayTypeAdapterTest-testSerializeComplexMapWithTypeAdapter": {
        "energy": 109464.11111111111,
        "duration": 3509878.737373737,
        "dram": 9616.858585858587,
        "iteration": 99,
        "stdev": 176540.75642659553
    },
    "com.google.gson.functional.MapTest-testInterfaceTypeMap": {
        "energy": 214784.63636363635,
        "duration": 7015915.606060606,
        "dram": 19958.62626262626,
        "iteration": 99,
        "stdev": 84302.97935716169
    },
    "com.google.gson.functional.FieldNamingTest-testUpperCamelCase": {
        "energy": 284221.6666666667,
        "duration": 8614525.215053763,
        "dram": 25293.698924731183,
        "iteration": 93,
        "stdev": 448798.56083024305
    },
    "com.google.gson.functional.NamingPolicyTest-testGsonWithUpperCamelCaseSpacesPolicySerialiation": {
        "energy": 282138.8813559322,
        "duration": 8429559.220338983,
        "dram": 24394.661016949154,
        "iteration": 59,
        "stdev": 439636.5069499523
    },
    "com.google.gson.functional.FieldNamingTest-testUpperCamelCaseWithSpaces": {
        "energy": 193322.62025316455,
        "duration": 5949434.037974684,
        "dram": 17494.08860759494,
        "iteration": 79,
        "stdev": 408383.7753423158
    },
    "com.google.gson.functional.MapAsArrayTypeAdapterTest-testMapWithTypeVariableSerialization": {
        "energy": 233526.66666666666,
        "duration": 7340928.202020202,
        "dram": 21597.484848484848,
        "iteration": 99,
        "stdev": 410988.49066007993
    },
    "com.google.gson.functional.NamingPolicyTest-testGsonWithNonDefaultFieldNamingPolicySerialization": {
        "energy": 331592.01219512196,
        "duration": 10085741.585365854,
        "dram": 29465.036585365855,
        "iteration": 82,
        "stdev": 447104.5646330614
    },
    "com.google.gson.functional.NamingPolicyTest-testGsonWithNonDefaultFieldNamingPolicyDeserialiation": {
        "energy": 144061.4880952381,
        "duration": 4404621.166666667,
        "dram": 13012.095238095239,
        "iteration": 84,
        "stdev": 65344.17514910204
    }
}