{
    "com.google.gson.functional.MapTest-testInterfaceTypeMapWithSerializer": {
        "energy": 127182.47695297265,
        "duration": 3851977.4582240647,
        "dram": 10661.556381665183,
        "iteration": 99
    },
    "com.google.gson.functional.NamingPolicyTest-testGsonWithNonDefaultFieldNamingPolicySerialization": {
        "energy": 86235.24257149373,
        "duration": 3144129.742820937,
        "dram": 9062.144740857404,
        "iteration": 79
    },
    "com.google.gson.functional.MapAsArrayTypeAdapterTest-testMultipleEnableComplexKeyRegistrationHasNoEffect": {
        "energy": 754689.4720472299,
        "duration": 22046102.66664313,
        "dram": 65868.39942622556,
        "iteration": 93
    },
    "com.google.gson.functional.MapTest-testGeneralMapField": {
        "energy": 73886.25268311337,
        "duration": 2184904.374710663,
        "dram": 4978.5453682736,
        "iteration": 99
    },
    "com.google.gson.functional.MapAsArrayTypeAdapterTest-testSerializeComplexMapWithTypeAdapter": {
        "energy": 70968.90657622565,
        "duration": 2225782.4765237905,
        "dram": 6061.585156299478,
        "iteration": 99
    },
    "com.google.gson.functional.NamingPolicyTest-testGsonWithNonDefaultFieldNamingPolicyDeserialiation": {
        "energy": 149146.0224711061,
        "duration": 4832921.441786883,
        "dram": 14427.081330332745,
        "iteration": 82
    },
    "com.google.gson.functional.MapTest-testInterfaceTypeMap": {
        "energy": 171119.68027687556,
        "duration": 5609681.434618349,
        "dram": 15530.762061523656,
        "iteration": 99
    },
    "com.google.gson.functional.FieldNamingTest-testUpperCamelCase": {
        "energy": 593329.7277141558,
        "duration": 17208183.316350676,
        "dram": 54109.48123421302,
        "iteration": 93
    },
    "com.google.gson.functional.FieldNamingTest-testUpperCamelCaseWithSpaces": {
        "energy": 37513.88141371001,
        "duration": 1125183.1497441344,
        "dram": 2289.3023607352043,
        "iteration": 70
    },
    "com.google.gson.functional.MapAsArrayTypeAdapterTest-testMapWithTypeVariableSerialization": {
        "energy": 38175.22166714106,
        "duration": 1805703.1809878782,
        "dram": 3727.955507212757,
        "iteration": 99
    },
    "com.google.gson.functional.NamingPolicyTest-testGsonWithUpperCamelCaseSpacesPolicyDeserialiation": {
        "energy": 56024.85189409465,
        "duration": 1323542.665083774,
        "dram": 4478.568556419343,
        "iteration": 53
    },
    "com.google.gson.functional.NamingPolicyTest-testGsonWithUpperCamelCaseSpacesPolicySerialiation": {
        "energy": 49365.46626704927,
        "duration": 1527035.6134523938,
        "dram": 4090.5905677893043,
        "iteration": 62
    }
}