{
    "com.google.gson.functional.InheritanceTest-testSubInterfacesOfCollectionSerialization": {
        "energy": 184637.0,
        "duration": 5978107.95959596,
        "dram": 17463.11111111111,
        "iteration": 99,
        "stdev": 60032.15804210206
    },
    "com.google.gson.functional.InheritanceTest-testSubInterfacesOfCollectionDeserialization": {
        "energy": 60424.0404040404,
        "duration": 2120004.606060606,
        "dram": 5661.727272727273,
        "iteration": 99,
        "stdev": 28522.551044024327
    },
    "com.google.gson.functional.DefaultTypeAdaptersTest-testNullSerialization": {
        "energy": 260973.9595959596,
        "duration": 8587151.414141415,
        "dram": 25784.272727272728,
        "iteration": 99,
        "stdev": 243883.67857503556
    },
    "com.google.gson.functional.PrimitiveCharacterTest-testPrimitiveCharacterAutoboxedSerialization": {
        "energy": 106374.01818181819,
        "duration": 3633929.018181818,
        "dram": 9490.127272727274,
        "iteration": 55,
        "stdev": 56481.84946961953
    },
    "com.google.gson.functional.PrimitiveCharacterTest-testPrimitiveCharacterAutoboxedDeserialization": {
        "energy": 87300.03448275862,
        "duration": 2810631.879310345,
        "dram": 8647.965517241379,
        "iteration": 58,
        "stdev": 41392.34689881589
    }
}