{
    "com.google.gson.functional.InheritanceTest-testSubInterfacesOfCollectionSerialization": {
        "energy": 180663,
        "duration": 6051447.080808081,
        "dram": 17763.60606060606,
        "iteration": 99,
        "stdev": 50375.74699762392
    },
    "com.google.gson.functional.InheritanceTest-testSubInterfacesOfCollectionDeserialization": {
        "energy": 42358,
        "duration": 2345935.3535353537,
        "dram": 6289.434343434344,
        "iteration": 99,
        "stdev": 35079.19323172927
    },
    "com.google.gson.functional.PrimitiveCharacterTest-testPrimitiveCharacterAutoboxedDeserialization": {
        "energy": 95519,
        "duration": 2562054.1063829786,
        "dram": 7707.978723404255,
        "iteration": 47,
        "stdev": 40286.750637566365
    },
    "com.google.gson.functional.DefaultTypeAdaptersTest-testNullSerialization": {
        "energy": 102051,
        "duration": 8563170.111111112,
        "dram": 25017.838383838385,
        "iteration": 99,
        "stdev": 241474.8834971997
    },
    "com.google.gson.functional.PrimitiveCharacterTest-testPrimitiveCharacterAutoboxedSerialization": {
        "energy": 121459,
        "duration": 3174271.14893617,
        "dram": 8311.191489361701,
        "iteration": 47,
        "stdev": 54867.04460975772
    }
}