{
    "com.google.gson.functional.MapTest-testInterfaceTypeMapWithSerializer": {
        "energy": 229924.9292929293,
        "duration": 6950293.111111111,
        "dram": 20705.696969696968,
        "iteration": 99,
        "stdev": 198557.06915290366
    },
    "com.google.gson.functional.JsonTreeTest-testJsonTreeNull": {
        "energy": 38190.69565217391,
        "duration": 909282.9347826086,
        "dram": 2848.782608695652,
        "iteration": 46,
        "stdev": 3318.1198373775605
    },
    "com.google.gson.functional.InheritanceTest-testClassWithBaseArrayFieldSerialization": {
        "energy": 56092.50561797753,
        "duration": 1735318.4157303371,
        "dram": 4691.224719101124,
        "iteration": 89,
        "stdev": 26886.55468759561
    },
    "com.google.gson.functional.MapAsArrayTypeAdapterTest-testMultipleEnableComplexKeyRegistrationHasNoEffect": {
        "energy": 89928.84946236559,
        "duration": 2861427.075268817,
        "dram": 8066.677419354839,
        "iteration": 93,
        "stdev": 210610.352420908
    },
    "com.google.gson.functional.ExclusionStrategyFunctionalTest-testExclusionStrategyWithMode": {
        "energy": 336182.595959596,
        "duration": 10084809.505050505,
        "dram": 31035.464646464647,
        "iteration": 99,
        "stdev": 492683.7072987033
    },
    "com.google.gson.functional.InheritanceTest-testBaseSerializedAsSub": {
        "energy": 38870.94117647059,
        "duration": 833220.1176470588,
        "dram": 2645.6862745098038,
        "iteration": 51,
        "stdev": 3662.269640278883
    },
    "com.google.gson.functional.MapAsArrayTypeAdapterTest-testSerializeComplexMapWithTypeAdapter": {
        "energy": 205494.9595959596,
        "duration": 6068296.888888889,
        "dram": 18751.161616161615,
        "iteration": 99,
        "stdev": 386091.4904994924
    },
    "com.google.gson.functional.CustomSerializerTest-testSubClassSerializerInvokedForBaseClassFieldsHoldingSubClassInstances": {
        "energy": 207112.33783783784,
        "duration": 6263031.675675675,
        "dram": 18733.216216216217,
        "iteration": 74,
        "stdev": 408421.2613072332
    },
    "com.google.gson.functional.JsonTreeTest-testJsonTreeToString": {
        "energy": 115163.75757575757,
        "duration": 3469449.222222222,
        "dram": 10052.838383838383,
        "iteration": 99,
        "stdev": 35701.93171812804
    },
    "com.google.gson.DefaultMapJsonSerializerTest-testNonEmptyMapSerialization": {
        "energy": 66868.73863636363,
        "duration": 2091750.125,
        "dram": 6037.340909090909,
        "iteration": 88,
        "stdev": 55902.3157941386
    },
    "com.google.gson.functional.MoreSpecificTypeSerializationTest-testMapOfParameterizedSubclassFields": {
        "energy": 61765.545454545456,
        "duration": 1988938.2626262626,
        "dram": 5169.89898989899,
        "iteration": 99,
        "stdev": 45653.292876086736
    },
    "com.google.gson.functional.TypeHierarchyAdapterTest-testTypeHierarchy": {
        "energy": 258040.55555555556,
        "duration": 7272695.353535353,
        "dram": 23199.9797979798,
        "iteration": 99,
        "stdev": 337001.7309870786
    },
    "com.google.gson.functional.JsonTreeTest-testToJsonTreeObjectType": {
        "energy": 42039.06896551724,
        "duration": 1274294.7241379311,
        "dram": 3486.057471264368,
        "iteration": 87,
        "stdev": 14465.226476959368
    },
    "com.google.gson.functional.MoreSpecificTypeSerializationTest-testMapOfSubclassFields": {
        "energy": 114745.22222222222,
        "duration": 3661764.4242424243,
        "dram": 10445.212121212122,
        "iteration": 99,
        "stdev": 125399.73856307671
    },
    "com.google.gson.functional.InheritanceTest-testClassWithBaseCollectionFieldSerialization": {
        "energy": 55845.75,
        "duration": 1760742.6666666667,
        "dram": 4735.020833333333,
        "iteration": 96,
        "stdev": 19522.830604512757
    },
    "com.google.gson.functional.CustomSerializerTest-testBaseClassSerializerInvokedForBaseClassFieldsHoldingSubClassInstances": {
        "energy": 40397.32258064516,
        "duration": 1060372.5806451612,
        "dram": 3057.7903225806454,
        "iteration": 62,
        "stdev": 6808.578374123844
    },
    "com.google.gson.functional.CustomSerializerTest-testSubClassSerializerInvokedForBaseClassFieldsHoldingArrayOfSubClassInstances": {
        "energy": 40243.10447761194,
        "duration": 1110110.6417910447,
        "dram": 3315.507462686567,
        "iteration": 67,
        "stdev": 7072.279305229254
    },
    "com.google.gson.functional.InheritanceTest-testClassWithBaseFieldSerialization": {
        "energy": 146269.01136363635,
        "duration": 4576886.829545454,
        "dram": 13500.011363636364,
        "iteration": 88,
        "stdev": 140105.8079623538
    },
    "com.google.gson.functional.MapAsArrayTypeAdapterTest-testMapWithTypeVariableSerialization": {
        "energy": 53546.757575757576,
        "duration": 1710464.5454545454,
        "dram": 4660.757575757576,
        "iteration": 99,
        "stdev": 19356.080733334726
    },
    "com.google.gson.functional.JsonTreeTest-testToJsonTree": {
        "energy": 74139.63636363637,
        "duration": 2399497.717171717,
        "dram": 6542.686868686868,
        "iteration": 99,
        "stdev": 85034.45102391428
    },
    "com.google.gson.internal.bind.JsonTreeWriterTest-testSerializeNullsFalse": {
        "energy": 103345.53125,
        "duration": 2527350.46875,
        "dram": 8083.71875,
        "iteration": 32,
        "stdev": 194637.57491922396
    },
    "com.google.gson.functional.CustomSerializerTest-testBaseClassSerializerInvokedForBaseClassFields": {
        "energy": 40055.65,
        "duration": 844890.6,
        "dram": 3040.85,
        "iteration": 40,
        "stdev": 7940.467613906627
    },
    "com.google.gson.internal.bind.JsonTreeWriterTest-testSerializeNullsTrue": {
        "energy": 64726.391304347824,
        "duration": 1438942.4782608696,
        "dram": 4488.130434782609,
        "iteration": 23,
        "stdev": 121143.34059169923
    },
    "com.google.gson.internal.bind.JsonTreeWriterTest-testObject": {
        "energy": 173282.89285714287,
        "duration": 4456955.142857143,
        "dram": 14131.142857142857,
        "iteration": 28,
        "stdev": 284654.79485903366
    },
    "com.google.gson.functional.InheritanceTest-testBaseSerializedAsBaseWhenSpecifiedWithExplicitType": {
        "energy": 38947.15909090909,
        "duration": 767111.6136363636,
        "dram": 2632.2272727272725,
        "iteration": 44,
        "stdev": 3438.2048232338143
    },
    "com.google.gson.functional.InheritanceTest-testBaseSerializedAsSubWhenSpecifiedWithExplicitType": {
        "energy": 39384.02702702703,
        "duration": 800502.0540540541,
        "dram": 2525.864864864865,
        "iteration": 37,
        "stdev": 4004.1984148160655
    },
    "com.google.gson.internal.bind.JsonTreeWriterTest-testNestedObject": {
        "energy": 78054.21875,
        "duration": 1791233.8125,
        "dram": 5880.03125,
        "iteration": 32,
        "stdev": 150277.69049407632
    }
}