{
    "com.google.gson.functional.InheritanceTest-testBaseSerializedAsSubWhenSpecifiedWithExplicitType": {
        "energy": 37072.37567894055,
        "duration": 842203.1916981001,
        "dram": 2522.317958237858,
        "iteration": 37
    },
    "com.google.gson.functional.MapTest-testInterfaceTypeMapWithSerializer": {
        "energy": 152875.05156903027,
        "duration": 4880044.981917673,
        "dram": 14086.837533396618,
        "iteration": 99
    },
    "com.google.gson.functional.JsonTreeTest-testJsonTreeNull": {
        "energy": 35167.029511242545,
        "duration": 886772.948545883,
        "dram": 3163.653559949428,
        "iteration": 46
    },
    "com.google.gson.functional.InheritanceTest-testClassWithBaseArrayFieldSerialization": {
        "energy": 94484.0942912729,
        "duration": 2561721.725308413,
        "dram": 8274.997706477247,
        "iteration": 89
    },
    "com.google.gson.functional.MapAsArrayTypeAdapterTest-testMultipleEnableComplexKeyRegistrationHasNoEffect": {
        "energy": 64726.537642442854,
        "duration": 1775594.5605199104,
        "dram": 5977.075544044157,
        "iteration": 93
    },
    "com.google.gson.functional.ExclusionStrategyFunctionalTest-testExclusionStrategyWithMode": {
        "energy": 141348.12981300597,
        "duration": 3791733.97622119,
        "dram": 12751.461970212615,
        "iteration": 99
    },
    "com.google.gson.functional.MapAsArrayTypeAdapterTest-testSerializeComplexMapWithTypeAdapter": {
        "energy": 448535.9909909473,
        "duration": 13477296.950288575,
        "dram": 38190.319955075225,
        "iteration": 99
    },
    "com.google.gson.functional.CustomSerializerTest-testSubClassSerializerInvokedForBaseClassFieldsHoldingSubClassInstances": {
        "energy": 241426.39658350335,
        "duration": 7962981.851347813,
        "dram": 22614.96415165836,
        "iteration": 74
    },
    "com.google.gson.functional.JsonTreeTest-testJsonTreeToString": {
        "energy": 94788.70901399774,
        "duration": 3081894.629043038,
        "dram": 8690.480043696683,
        "iteration": 99
    },
    "com.google.gson.DefaultMapJsonSerializerTest-testNonEmptyMapSerialization": {
        "energy": 121325.17300837075,
        "duration": 4321394.56056036,
        "dram": 11771.010504492555,
        "iteration": 88
    },
    "com.google.gson.functional.MoreSpecificTypeSerializationTest-testMapOfParameterizedSubclassFields": {
        "energy": 39591.65370475732,
        "duration": 1808421.8752981098,
        "dram": 3440.2309107858273,
        "iteration": 99
    },
    "com.google.gson.functional.TypeHierarchyAdapterTest-testTypeHierarchy": {
        "energy": 163414.3576140924,
        "duration": 4680586.96970504,
        "dram": 15228.553096664127,
        "iteration": 99
    },
    "com.google.gson.functional.JsonTreeTest-testToJsonTreeObjectType": {
        "energy": 36743.661650135786,
        "duration": 1168045.438237751,
        "dram": 3400.0853761721332,
        "iteration": 87
    },
    "com.google.gson.functional.MoreSpecificTypeSerializationTest-testMapOfSubclassFields": {
        "energy": 71435.28202189485,
        "duration": 2431875.143034097,
        "dram": 5353.042654184096,
        "iteration": 99
    },
    "com.google.gson.functional.InheritanceTest-testClassWithBaseCollectionFieldSerialization": {
        "energy": 72532.39009983723,
        "duration": 2129077.362805903,
        "dram": 5807.456952062022,
        "iteration": 96
    },
    "com.google.gson.functional.CustomSerializerTest-testBaseClassSerializerInvokedForBaseClassFieldsHoldingSubClassInstances": {
        "energy": 40183.7537527797,
        "duration": 941132.4860870885,
        "dram": 3184.8631574244064,
        "iteration": 62
    },
    "com.google.gson.functional.InheritanceTest-testClassWithBaseFieldSerialization": {
        "energy": 209130.80682780512,
        "duration": 6821635.304818615,
        "dram": 21188.174481570662,
        "iteration": 88
    },
    "com.google.gson.functional.MapAsArrayTypeAdapterTest-testMapWithTypeVariableSerialization": {
        "energy": 44999.54343011351,
        "duration": 1613588.3936438723,
        "dram": 3477.803882454257,
        "iteration": 99
    },
    "com.google.gson.functional.JsonTreeTest-testToJsonTree": {
        "energy": 40685.416090930215,
        "duration": 1463402.7841008978,
        "dram": 3773.588091068484,
        "iteration": 99
    },
    "com.google.gson.functional.InheritanceTest-testBaseSerializedAsSub": {
        "energy": 37219.484158121595,
        "duration": 840991.7497697766,
        "dram": 2902.2086686320536,
        "iteration": 51
    },
    "com.google.gson.functional.CustomSerializerTest-testSubClassSerializerInvokedForBaseClassFieldsHoldingArrayOfSubClassInstances": {
        "energy": 39750.56641860042,
        "duration": 1257805.6583905448,
        "dram": 2679.6335964280697,
        "iteration": 67
    },
    "com.google.gson.internal.bind.JsonTreeWriterTest-testSerializeNullsFalse": {
        "energy": 83304.4987725569,
        "duration": 1806123.5224868804,
        "dram": 6297.037450971082,
        "iteration": 32
    },
    "com.google.gson.functional.CustomSerializerTest-testBaseClassSerializerInvokedForBaseClassFields": {
        "energy": 42362.473373788955,
        "duration": 843435.9423758356,
        "dram": 3394.783775612559,
        "iteration": 40
    },
    "com.google.gson.internal.bind.JsonTreeWriterTest-testSerializeNullsTrue": {
        "energy": 36049.13151669502,
        "duration": 663430.4512684345,
        "dram": 1385.7433812618256,
        "iteration": 23
    },
    "com.google.gson.internal.bind.JsonTreeWriterTest-testObject": {
        "energy": 137002.3096382767,
        "duration": 3167403.4816943407,
        "dram": 10200.432603806257,
        "iteration": 28
    },
    "com.google.gson.functional.InheritanceTest-testBaseSerializedAsBaseWhenSpecifiedWithExplicitType": {
        "energy": 37595.122925929434,
        "duration": 740022.576026023,
        "dram": 2849.022727121421,
        "iteration": 44
    },
    "com.google.gson.internal.bind.JsonTreeWriterTest-testNestedObject": {
        "energy": 83264.29451419832,
        "duration": 1755629.477441866,
        "dram": 5920.73084353609,
        "iteration": 32
    }
}