{
    "com.google.gson.functional.InheritanceTest-testBaseSerializedAsSubWhenSpecifiedWithExplicitType": {
        "energy": 37415.14600369864,
        "duration": 773485.0085122128,
        "dram": 2460.950753633144,
        "iteration": 44
    },
    "com.google.gson.functional.MapTest-testInterfaceTypeMapWithSerializer": {
        "energy": 193695.47941801208,
        "duration": 6088301.520123744,
        "dram": 17593.40655888947,
        "iteration": 99
    },
    "com.google.gson.functional.JsonTreeTest-testJsonTreeNull": {
        "energy": 37130.43510192216,
        "duration": 883481.1315686075,
        "dram": 3282.1947668296207,
        "iteration": 53
    },
    "com.google.gson.functional.InheritanceTest-testClassWithBaseArrayFieldSerialization": {
        "energy": 71392.39611419823,
        "duration": 2628168.393808591,
        "dram": 7762.029733632368,
        "iteration": 87
    },
    "com.google.gson.functional.MapAsArrayTypeAdapterTest-testMultipleEnableComplexKeyRegistrationHasNoEffect": {
        "energy": 42864.41727834658,
        "duration": 1249652.3551541367,
        "dram": 3677.7161437649784,
        "iteration": 98
    },
    "com.google.gson.functional.ExclusionStrategyFunctionalTest-testExclusionStrategyWithMode": {
        "energy": 135198.61469345595,
        "duration": 3612533.572721135,
        "dram": 11794.252606620754,
        "iteration": 99
    },
    "com.google.gson.functional.MapAsArrayTypeAdapterTest-testSerializeComplexMapWithTypeAdapter": {
        "energy": 93643.77064889626,
        "duration": 2836005.4506607046,
        "dram": 7793.5043111706655,
        "iteration": 99
    },
    "com.google.gson.functional.CustomSerializerTest-testSubClassSerializerInvokedForBaseClassFieldsHoldingSubClassInstances": {
        "energy": 72617.86540153362,
        "duration": 1638760.1286452569,
        "dram": 6244.499148916365,
        "iteration": 82
    },
    "com.google.gson.functional.JsonTreeTest-testJsonTreeToString": {
        "energy": 99482.96899564203,
        "duration": 2895153.2879129555,
        "dram": 7546.944403104646,
        "iteration": 99
    },
    "com.google.gson.DefaultMapJsonSerializerTest-testNonEmptyMapSerialization": {
        "energy": 39153.44654605422,
        "duration": 1346224.6518412083,
        "dram": 3016.4325452588696,
        "iteration": 76
    },
    "com.google.gson.functional.MoreSpecificTypeSerializationTest-testMapOfParameterizedSubclassFields": {
        "energy": 48995.44333657805,
        "duration": 1921307.4037309678,
        "dram": 4242.915451971654,
        "iteration": 99
    },
    "com.google.gson.functional.TypeHierarchyAdapterTest-testTypeHierarchy": {
        "energy": 192449.60451276496,
        "duration": 5699947.636699998,
        "dram": 17251.435536780584,
        "iteration": 99
    },
    "com.google.gson.functional.JsonTreeTest-testToJsonTreeObjectType": {
        "energy": 38058.68843731251,
        "duration": 1160417.323861288,
        "dram": 3255.965158519196,
        "iteration": 85
    },
    "com.google.gson.functional.MoreSpecificTypeSerializationTest-testMapOfSubclassFields": {
        "energy": 92148.43245786577,
        "duration": 2821145.08525668,
        "dram": 8334.123311701984,
        "iteration": 99
    },
    "com.google.gson.internal.bind.JsonTreeWriterTest-testSerializeNullsTrue": {
        "energy": 40713.06636309624,
        "duration": 489165.7731423378,
        "dram": 2586.767049074173,
        "iteration": 22
    },
    "com.google.gson.functional.InheritanceTest-testClassWithBaseCollectionFieldSerialization": {
        "energy": 63753.64909084894,
        "duration": 2022421.3413950698,
        "dram": 5781.95657618711,
        "iteration": 92
    },
    "com.google.gson.functional.CustomSerializerTest-testBaseClassSerializerInvokedForBaseClassFieldsHoldingSubClassInstances": {
        "energy": 40395.347603966526,
        "duration": 876459.3359446689,
        "dram": 3341.7426088341135,
        "iteration": 62
    },
    "com.google.gson.functional.CustomSerializerTest-testBaseClassSerializerInvokedForBaseClassFields": {
        "energy": 41568.813300739144,
        "duration": 716375.9102615993,
        "dram": 3266.786271705285,
        "iteration": 52
    },
    "com.google.gson.functional.CustomSerializerTest-testSubClassSerializerInvokedForBaseClassFieldsHoldingArrayOfSubClassInstances": {
        "energy": 39969.13163855535,
        "duration": 912662.8021798157,
        "dram": 803.6223660226542,
        "iteration": 67
    },
    "com.google.gson.functional.InheritanceTest-testClassWithBaseFieldSerialization": {
        "energy": 362642.6252956753,
        "duration": 11855958.355717778,
        "dram": 35407.1196370003,
        "iteration": 81
    },
    "com.google.gson.functional.MapAsArrayTypeAdapterTest-testMapWithTypeVariableSerialization": {
        "energy": 52527.164586038154,
        "duration": 1413205.4488134398,
        "dram": 3523.801600061607,
        "iteration": 99
    },
    "com.google.gson.functional.JsonTreeTest-testToJsonTree": {
        "energy": 46484.80797285643,
        "duration": 1830532.4946793322,
        "dram": 4409.67186836759,
        "iteration": 99
    },
    "com.google.gson.functional.InheritanceTest-testBaseSerializedAsSub": {
        "energy": 36322.626515081145,
        "duration": 851197.943987942,
        "dram": 3106.427453540143,
        "iteration": 41
    },
    "com.google.gson.internal.bind.JsonTreeWriterTest-testObject": {
        "energy": 78961.23904466629,
        "duration": 2571151.7357513905,
        "dram": 6864.099338054657,
        "iteration": 23
    },
    "com.google.gson.functional.InheritanceTest-testBaseSerializedAsBaseWhenSpecifiedWithExplicitType": {
        "energy": 39350.673677860636,
        "duration": 772892.6051978874,
        "dram": 1654.2350008787316,
        "iteration": 46
    },
    "com.google.gson.internal.bind.JsonTreeWriterTest-testNestedObject": {
        "energy": 42133.83853149414,
        "duration": 612340.6246948242,
        "dram": 3309.1727142333984,
        "iteration": 17
    },
    "com.google.gson.internal.bind.JsonTreeWriterTest-testSerializeNullsFalse": {
        "energy": 37498.63451362541,
        "duration": 550624.4955078503,
        "dram": 942.9618492173031,
        "iteration": 32
    }
}