{
    "com.google.gson.TypeInfoFactoryTest-testArrayOfListTypeVariableWildcardField": {
        "energy": 35719.8,
        "duration": 873593.05,
        "dram": 2773.8,
        "iteration": 60,
        "stdev": 3142.229573620192
    },
    "com.google.gson.TypeInfoFactoryTest-testListTypeVariableWildcardField": {
        "energy": 36673.25,
        "duration": 888239.9821428572,
        "dram": 2632.9821428571427,
        "iteration": 56,
        "stdev": 3375.2682075968846
    },
    "com.google.gson.functional.ParameterizedTypesTest-testVariableTypeArrayDeserialization": {
        "energy": 46935.22222222222,
        "duration": 1676030.7676767677,
        "dram": 4342.414141414141,
        "iteration": 99,
        "stdev": 17803.76236571528
    },
    "com.google.gson.TypeInfoFactoryTest-testNestedParameterizedTypeVariableField": {
        "energy": 70034.0,
        "duration": 2342712.1219512196,
        "dram": 6082.1463414634145,
        "iteration": 82,
        "stdev": 54747.04422381086
    },
    "com.google.gson.functional.ParameterizedTypesTest-testParameterizedTypeWithReaderDeserialization": {
        "energy": 37804.791666666664,
        "duration": 1348169.1145833333,
        "dram": 3454.9791666666665,
        "iteration": 96,
        "stdev": 11057.156794278715
    },
    "com.google.gson.functional.ParameterizedTypesTest-testParameterizedTypesSerialization": {
        "energy": 222092.5376344086,
        "duration": 6978045.602150538,
        "dram": 20528.139784946237,
        "iteration": 93,
        "stdev": 204241.7040439739
    },
    "com.google.gson.functional.TypeVariableTest-testSingle": {
        "energy": 632518.6666666666,
        "duration": 18938107.111111112,
        "dram": 58575.131313131315,
        "iteration": 99,
        "stdev": 945009.2080311904
    },
    "com.google.gson.functional.ParameterizedTypesTest-testVariableTypeDeserialization": {
        "energy": 41370.030303030304,
        "duration": 1583019.9393939395,
        "dram": 3920.121212121212,
        "iteration": 99,
        "stdev": 14574.475177379503
    },
    "com.google.gson.functional.ParameterizedTypesTest-testVariableTypeFieldsAndGenericArraysSerialization": {
        "energy": 91170.35353535354,
        "duration": 3124802.8282828284,
        "dram": 8464.111111111111,
        "iteration": 99,
        "stdev": 28744.634365992704
    },
    "com.google.gson.TypeInfoFactoryTest-testWildcardField": {
        "energy": 35451.06779661017,
        "duration": 991342.5593220339,
        "dram": 2972.0508474576272,
        "iteration": 59,
        "stdev": 3270.788309398079
    },
    "com.google.gson.functional.ParameterizedTypesTest-testParameterizedTypeGenericArraysDeserialization": {
        "energy": 44829.20202020202,
        "duration": 1700825.5353535353,
        "dram": 4088.787878787879,
        "iteration": 99,
        "stdev": 16622.95110423337
    },
    "com.google.gson.functional.ParameterizedTypesTest-testParameterizedTypeDeserialization": {
        "energy": 151276.77319587627,
        "duration": 4793321.855670103,
        "dram": 14565.350515463917,
        "iteration": 97,
        "stdev": 125770.69289967365
    },
    "com.google.gson.TypeInfoFactoryTest-testParameterizedTypeVariableField": {
        "energy": 36226.1875,
        "duration": 896470.734375,
        "dram": 2615.328125,
        "iteration": 64,
        "stdev": 3972.6647656005093
    },
    "com.google.gson.functional.CollectionTest-testWildcardCollectionField": {
        "energy": 89056.87878787878,
        "duration": 2840418.6666666665,
        "dram": 7912.131313131313,
        "iteration": 99,
        "stdev": 59865.652570589074
    },
    "com.google.gson.functional.ExclusionStrategyFunctionalTest-testExclusionStrategyDeserialization": {
        "energy": 70567.29411764706,
        "duration": 1970861.0,
        "dram": 6249.921568627451,
        "iteration": 51,
        "stdev": 70175.07510178344
    },
    "com.google.gson.functional.ParameterizedTypesTest-testVariableTypeFieldsAndGenericArraysDeserialization": {
        "energy": 124057.14141414141,
        "duration": 4040602.5353535353,
        "dram": 11591.838383838383,
        "iteration": 99,
        "stdev": 166490.07927043267
    },
    "com.google.gson.TypeInfoFactoryTest-testTypeVariableArrayField": {
        "energy": 35875.32142857143,
        "duration": 682507.3928571428,
        "dram": 1923.9285714285713,
        "iteration": 28,
        "stdev": 3272.723604208094
    },
    "com.google.gson.functional.ParameterizedTypesTest-testTypesWithMultipleParametersDeserialization": {
        "energy": 70354.27272727272,
        "duration": 2359078.4646464647,
        "dram": 6587.151515151515,
        "iteration": 99,
        "stdev": 28911.6157408022
    },
    "com.google.gson.functional.ParameterizedTypesTest-testTypesWithMultipleParametersSerialization": {
        "energy": 148373.70707070708,
        "duration": 4617036.636363637,
        "dram": 13719.444444444445,
        "iteration": 99,
        "stdev": 85883.24697868068
    },
    "com.google.gson.functional.ExclusionStrategyFunctionalTest-testExclusionStrategySerialization": {
        "energy": 215707.7319587629,
        "duration": 6473546.989690722,
        "dram": 20066.01030927835,
        "iteration": 97,
        "stdev": 103826.23284077841
    },
    "com.google.gson.TypeInfoFactoryTest-testArrayOfWildcardField": {
        "energy": 36189.32727272727,
        "duration": 996918.4727272728,
        "dram": 2993.509090909091,
        "iteration": 55,
        "stdev": 5947.4770267569465
    },
    "com.google.gson.TypeInfoFactoryTest-testArrayOfListStringWildcardField": {
        "energy": 35665.18,
        "duration": 975722.08,
        "dram": 2800.84,
        "iteration": 50,
        "stdev": 3410.95786365062
    },
    "com.google.gson.functional.ParameterizedTypesTest-testParameterizedTypeWithVariableTypeDeserialization": {
        "energy": 41864.48484848485,
        "duration": 1582495.0404040404,
        "dram": 4091.6464646464647,
        "iteration": 99,
        "stdev": 14423.033395599503
    },
    "com.google.gson.TypeInfoFactoryTest-testTypeVariableField": {
        "energy": 36699.2,
        "duration": 555237.32,
        "dram": 1742.96,
        "iteration": 25,
        "stdev": 4739.026980298804
    },
    "com.google.gson.functional.ParameterizedTypesTest-testParameterizedTypeGenericArraysSerialization": {
        "energy": 35006.788235294116,
        "duration": 1227936.4470588234,
        "dram": 3200.0941176470587,
        "iteration": 85,
        "stdev": 5574.179393246766
    },
    "com.google.gson.functional.ParameterizedTypesTest-testParameterizedTypesWithWriterSerialization": {
        "energy": 40220.43243243243,
        "duration": 1273628.5675675676,
        "dram": 3319.391891891892,
        "iteration": 74,
        "stdev": 15202.020550341396
    },
    "com.google.gson.TypeInfoFactoryTest-testMutliDimensionalTypeVariableArrayField": {
        "energy": 35992.46666666667,
        "duration": 683809.8666666667,
        "dram": 2095.6,
        "iteration": 30,
        "stdev": 4058.7788699996404
    },
    "com.google.gson.TypeInfoFactoryTest-testParameterizedTypeVariableArrayField": {
        "energy": 35001.8679245283,
        "duration": 906689.7358490566,
        "dram": 2579.9245283018868,
        "iteration": 53,
        "stdev": 3778.7138874137363
    },
    "com.google.gson.TypeInfoFactoryTest-testListStringWildcardField": {
        "energy": 36380.107142857145,
        "duration": 892694.2142857143,
        "dram": 2906.660714285714,
        "iteration": 56,
        "stdev": 3575.252212275038
    }
}