{
    "com.google.gson.functional.ParameterizedTypesTest-testParameterizedTypeGenericArraysSerialization": {
        "energy": 33874,
        "duration": 1233604.78313253,
        "dram": 3152.6987951807228,
        "iteration": 83,
        "stdev": 4854.054741272212
    },
    "com.google.gson.TypeInfoFactoryTest-testParameterizedTypeVariableArrayField": {
        "energy": 36316,
        "duration": 956217.5,
        "dram": 2971.769230769231,
        "iteration": 52,
        "stdev": 7059.839681363399
    },
    "com.google.gson.functional.ParameterizedTypesTest-testParameterizedTypesWithWriterSerialization": {
        "energy": 35217,
        "duration": 1192085.71875,
        "dram": 3615.59375,
        "iteration": 64,
        "stdev": 16993.611203920136
    },
    "com.google.gson.TypeInfoFactoryTest-testListTypeVariableWildcardField": {
        "energy": 36194,
        "duration": 879661.4035087719,
        "dram": 2566.9122807017543,
        "iteration": 57,
        "stdev": 3717.8043682268003
    },
    "com.google.gson.functional.ParameterizedTypesTest-testVariableTypeArrayDeserialization": {
        "energy": 35034,
        "duration": 1646496.1616161617,
        "dram": 4180.292929292929,
        "iteration": 99,
        "stdev": 14854.288388832983
    },
    "com.google.gson.TypeInfoFactoryTest-testNestedParameterizedTypeVariableField": {
        "energy": 37598,
        "duration": 2398794.1139240507,
        "dram": 6176.113924050633,
        "iteration": 79,
        "stdev": 50637.85815598702
    },
    "com.google.gson.functional.ParameterizedTypesTest-testParameterizedTypeWithReaderDeserialization": {
        "energy": 33753,
        "duration": 1411066.912087912,
        "dram": 3409.7582417582416,
        "iteration": 91,
        "stdev": 19635.74373448277
    },
    "com.google.gson.functional.ParameterizedTypesTest-testParameterizedTypesSerialization": {
        "energy": 140136,
        "duration": 6817751.126315789,
        "dram": 20604.884210526317,
        "iteration": 95,
        "stdev": 180799.83065504653
    },
    "com.google.gson.TypeInfoFactoryTest-testListStringWildcardField": {
        "energy": 36011,
        "duration": 868881.1454545455,
        "dram": 2925.927272727273,
        "iteration": 55,
        "stdev": 3339.8949775144797
    },
    "com.google.gson.functional.ParameterizedTypesTest-testVariableTypeDeserialization": {
        "energy": 34912,
        "duration": 1594504.8282828282,
        "dram": 4058.222222222222,
        "iteration": 99,
        "stdev": 16810.080440797396
    },
    "com.google.gson.functional.ParameterizedTypesTest-testVariableTypeFieldsAndGenericArraysSerialization": {
        "energy": 95520,
        "duration": 3356054.4343434344,
        "dram": 9203.636363636364,
        "iteration": 99,
        "stdev": 58482.257692929044
    },
    "com.google.gson.functional.ParameterizedTypesTest-testParameterizedTypeGenericArraysDeserialization": {
        "energy": 36315,
        "duration": 1675571.202020202,
        "dram": 4376.818181818182,
        "iteration": 99,
        "stdev": 16736.905343256734
    },
    "com.google.gson.functional.ParameterizedTypesTest-testParameterizedTypeDeserialization": {
        "energy": 146362,
        "duration": 5245514.714285715,
        "dram": 16176.142857142857,
        "iteration": 98,
        "stdev": 128801.25604462663
    },
    "com.google.gson.functional.CollectionTest-testWildcardCollectionField": {
        "energy": 71350,
        "duration": 2413322.282828283,
        "dram": 6259.090909090909,
        "iteration": 99,
        "stdev": 27644.347365033762
    },
    "com.google.gson.functional.ParameterizedTypesTest-testVariableTypeFieldsAndGenericArraysDeserialization": {
        "energy": 93200,
        "duration": 3341275.717171717,
        "dram": 9538.979797979799,
        "iteration": 99,
        "stdev": 108817.61281029579
    },
    "com.google.gson.functional.ParameterizedTypesTest-testTypesWithMultipleParametersDeserialization": {
        "energy": 67199,
        "duration": 2331665.9191919193,
        "dram": 6406.232323232323,
        "iteration": 99,
        "stdev": 19664.292679603906
    },
    "com.google.gson.functional.ParameterizedTypesTest-testTypesWithMultipleParametersSerialization": {
        "energy": 132141,
        "duration": 4166554.767676768,
        "dram": 12279.717171717171,
        "iteration": 99,
        "stdev": 35498.796277216396
    },
    "com.google.gson.functional.ExclusionStrategyFunctionalTest-testExclusionStrategySerialization": {
        "energy": 209289,
        "duration": 9834414.131313132,
        "dram": 29500.41414141414,
        "iteration": 99,
        "stdev": 193133.5788055927
    },
    "com.google.gson.TypeInfoFactoryTest-testArrayOfListStringWildcardField": {
        "energy": 36194,
        "duration": 911870.4230769231,
        "dram": 2858.153846153846,
        "iteration": 52,
        "stdev": 3064.3697055524635
    },
    "com.google.gson.functional.ParameterizedTypesTest-testParameterizedTypeWithVariableTypeDeserialization": {
        "energy": 34302,
        "duration": 1537342.3737373736,
        "dram": 3796.4242424242425,
        "iteration": 99,
        "stdev": 14570.380666771021
    },
    "com.google.gson.TypeInfoFactoryTest-testTypeVariableField": {
        "energy": 35339,
        "duration": 586950.4074074074,
        "dram": 2344.8518518518517,
        "iteration": 27,
        "stdev": 3750.245756921989
    },
    "com.google.gson.TypeInfoFactoryTest-testArrayOfListTypeVariableWildcardField": {
        "energy": 36376,
        "duration": 902778.4716981133,
        "dram": 2915.3584905660377,
        "iteration": 53,
        "stdev": 5273.966713015587
    },
    "com.google.gson.TypeInfoFactoryTest-testMutliDimensionalTypeVariableArrayField": {
        "energy": 36926,
        "duration": 658114.724137931,
        "dram": 2502.2758620689656,
        "iteration": 29,
        "stdev": 2970.074032715304
    },
    "com.google.gson.TypeInfoFactoryTest-testWildcardField": {
        "energy": 35766,
        "duration": 972204.0714285715,
        "dram": 2930.214285714286,
        "iteration": 56,
        "stdev": 3767.247048101381
    },
    "com.google.gson.TypeInfoFactoryTest-testParameterizedTypeVariableField": {
        "energy": 36316,
        "duration": 853432.0,
        "dram": 2798.1509433962265,
        "iteration": 53,
        "stdev": 3289.2429334294698
    },
    "com.google.gson.functional.ExclusionStrategyFunctionalTest-testExclusionStrategyDeserialization": {
        "energy": 76416,
        "duration": 2380965.3235294116,
        "dram": 7389.014705882353,
        "iteration": 68,
        "stdev": 40112.58687205454
    },
    "com.google.gson.TypeInfoFactoryTest-testArrayOfWildcardField": {
        "energy": 35767,
        "duration": 926453.9272727272,
        "dram": 2965.6363636363635,
        "iteration": 55,
        "stdev": 4775.425060013156
    },
    "com.google.gson.TypeInfoFactoryTest-testTypeVariableArrayField": {
        "energy": 36743,
        "duration": 649431.64,
        "dram": 2189.88,
        "iteration": 25,
        "stdev": 3555.550307673904
    }
}