{
    "com.google.gson.functional.TypeAdapterPrecedenceTest-testStreamingFollowedByNonstreaming": {
        "energy": 83595.36842105263,
        "duration": 2363770.1842105263,
        "dram": 6921.710526315789,
        "iteration": 38,
        "stdev": 266318.46121735545
    },
    "com.google.gson.functional.CustomDeserializerTest-testDefaultConstructorNotCalledOnField": {
        "energy": 52676.33766233766,
        "duration": 1947709.3376623376,
        "dram": 5150.883116883117,
        "iteration": 77,
        "stdev": 32104.41682103027
    },
    "com.google.gson.functional.DefaultTypeAdaptersTest-testDateSerializationWithPatternNotOverridenByTypeAdapter": {
        "energy": 31446.983606557376,
        "duration": 1103414.4918032787,
        "dram": 2873.688524590164,
        "iteration": 61,
        "stdev": 5091.534863086606
    },
    "com.google.gson.functional.TypeAdapterPrecedenceTest-testNonstreamingFollowedByNonstreaming": {
        "energy": 411412.9873417721,
        "duration": 11924763.924050633,
        "dram": 37461.74683544304,
        "iteration": 79,
        "stdev": 621722.083055075
    },
    "com.google.gson.functional.CustomDeserializerTest-testDefaultConstructorNotCalledOnObject": {
        "energy": 49951.8275862069,
        "duration": 1742463.6724137932,
        "dram": 4459.379310344828,
        "iteration": 58,
        "stdev": 23033.924262612978
    },
    "com.google.gson.functional.TypeAdapterPrecedenceTest-testStreamingHierarchicalFollowedByNonstreaming": {
        "energy": 172237.9024390244,
        "duration": 4805215.414634147,
        "dram": 14698.80487804878,
        "iteration": 41,
        "stdev": 409015.08133294474
    },
    "com.google.gson.functional.TypeAdapterPrecedenceTest-testNonstreamingHierarchicalFollowedByNonstreaming": {
        "energy": 36012.76666666667,
        "duration": 733119.3666666667,
        "dram": 2402.1,
        "iteration": 30,
        "stdev": 2684.4888114665127
    }
}