{
    "com.google.gson.functional.JsonAdapterAnnotationOnClassesTest-testJsonAdapterInvoked": {
        "energy": 78729.89307337339,
        "duration": 2784741.046842237,
        "dram": 8827.726287584566,
        "iteration": 99
    },
    "com.google.gson.functional.RuntimeTypeAdapterFactoryFunctionalTest-testSubclassesAutomaticallySerialzed": {
        "energy": 837059.1912466954,
        "duration": 28525448.884097435,
        "dram": 78332.83757701171,
        "iteration": 99
    },
    "com.google.gson.functional.JsonAdapterAnnotationOnFieldsTest-testClassAnnotationAdapterFactoryTakesPrecedenceOverDefault": {
        "energy": 49137.39705302678,
        "duration": 1745347.5735432678,
        "dram": 4275.925182844032,
        "iteration": 99
    },
    "com.google.gson.functional.JsonAdapterAnnotationOnClassesTest-testRegisteredDeserializerOverridesJsonAdapter": {
        "energy": 34890.249277535055,
        "duration": 1155639.5645530168,
        "dram": 3205.639113398603,
        "iteration": 66
    },
    "com.google.gson.functional.JsonAdapterAnnotationOnFieldsTest-testJsonAdapterWrappedInNullSafeAsRequested": {
        "energy": 33091.09043810032,
        "duration": 1232759.6339846568,
        "dram": 2451.0588885805537,
        "iteration": 85
    },
    "com.google.gson.functional.JsonAdapterAnnotationOnFieldsTest-testClassAnnotationAdapterTakesPrecedenceOverDefault": {
        "energy": 41174.49675774184,
        "duration": 1498781.886615081,
        "dram": 3945.549971604468,
        "iteration": 95
    },
    "com.google.gson.functional.JsonAdapterAnnotationOnClassesTest-testRegisteredSerializerOverridesJsonAdapter": {
        "energy": 39600.77349659818,
        "duration": 1647359.7159265438,
        "dram": 3677.51538075776,
        "iteration": 97
    },
    "com.google.gson.functional.JsonAdapterAnnotationOnClassesTest-testNullSafeObjectFromJson": {
        "energy": 32272.155797290925,
        "duration": 1310323.9257538049,
        "dram": 2660.35378871158,
        "iteration": 81
    },
    "com.google.gson.regression.JsonAdapterNullSafeTest-testTypeAdapterFactoryNullSafeBug": {
        "energy": 338482.1433704555,
        "duration": 10893955.907606736,
        "dram": 33084.69024976815,
        "iteration": 99
    },
    "com.google.gson.functional.JsonAdapterAnnotationOnClassesTest-testIncorrectTypeAdapterFails": {
        "energy": 34285.80144801985,
        "duration": 1222522.0052182316,
        "dram": 3069.2991665111595,
        "iteration": 69
    },
    "com.google.gson.functional.JsonAdapterAnnotationOnClassesTest-testJsonAdapterFactoryInvoked": {
        "energy": 33336.47737193036,
        "duration": 1476647.7828225102,
        "dram": 3263.8615689714525,
        "iteration": 99
    },
    "com.google.gson.functional.JsonAdapterAnnotationOnFieldsTest-testFieldAnnotationTakesPrecedenceOverClassAnnotation": {
        "energy": 40168.292771319175,
        "duration": 1634807.0230509057,
        "dram": 3990.857785098674,
        "iteration": 96
    },
    "com.google.gson.functional.JsonAdapterAnnotationOnFieldsTest-testJsonAdapterInvokedOnlyForAnnotatedFields": {
        "energy": 46869.41062672093,
        "duration": 1727247.5368983294,
        "dram": 4886.769998487578,
        "iteration": 92
    },
    "com.google.gson.functional.JsonAdapterAnnotationOnFieldsTest-testFieldAnnotationTakesPrecedenceOverRegisteredTypeAdapter": {
        "energy": 58630.858362590065,
        "duration": 2053051.6311224175,
        "dram": 5796.862507330316,
        "iteration": 99
    }
}