{
    "com.google.gson.functional.StreamingTypeAdaptersTest-testNullSafe": {
        "energy": 116934.65564573245,
        "duration": 4278322.332533903,
        "dram": 11299.179606153624,
        "iteration": 99
    },
    "com.google.gson.functional.TypeAdapterPrecedenceTest-testSerializeNonstreamingTypeAdapterFollowedByStreamingTypeAdapter": {
        "energy": 50251.52515953851,
        "duration": 1694405.0821734353,
        "dram": 4480.663603682852,
        "iteration": 69
    },
    "com.google.gson.functional.JsonAdapterAnnotationOnClassesTest-testRegisteredDeserializerOverridesJsonAdapter": {
        "energy": 34735.26866222077,
        "duration": 1108128.7975920306,
        "dram": 2324.977396680485,
        "iteration": 72
    },
    "com.google.gson.functional.JsonAdapterAnnotationOnClassesTest-testRegisteredSerializerOverridesJsonAdapter": {
        "energy": 711091.2382242073,
        "duration": 21027569.733864784,
        "dram": 65234.87016810924,
        "iteration": 98
    },
    "com.google.gson.functional.TypeAdapterPrecedenceTest-testStreamingFollowedByStreaming": {
        "energy": 512657.9051550176,
        "duration": 15631768.177062158,
        "dram": 47043.909493022395,
        "iteration": 62
    },
    "com.google.gson.functional.TypeAdapterPrecedenceTest-testStreamingFollowedByNonstreaming": {
        "energy": 36701.677546948195,
        "duration": 825695.0403725244,
        "dram": 1648.7539945989847,
        "iteration": 29
    },
    "com.google.gson.functional.TypeAdapterPrecedenceTest-testStreamingHierarchicalFollowedByNonstreaming": {
        "energy": 130023.26774082905,
        "duration": 3852529.0169061776,
        "dram": 10149.606493102014,
        "iteration": 41
    },
    "com.google.gson.functional.TypeAdapterPrecedenceTest-testNonstreamingHierarchicalFollowedByNonstreaming": {
        "energy": 43731.2349280966,
        "duration": 1564060.2756897479,
        "dram": 4059.6142732621183,
        "iteration": 68
    },
    "com.google.gson.functional.TypeAdapterPrecedenceTest-testStreamingHierarchicalFollowedByNonstreamingHierarchical": {
        "energy": 37009.94198739156,
        "duration": 759069.2540401695,
        "dram": 2540.210395590402,
        "iteration": 31
    },
    "com.google.gson.functional.TypeAdapterPrecedenceTest-testStreamingFollowedByNonstreamingHierarchical": {
        "energy": 53143.48074098304,
        "duration": 1872518.293751385,
        "dram": 6638.919250164181,
        "iteration": 31
    },
    "com.google.gson.functional.TypeAdapterPrecedenceTest-testNonstreamingFollowedByNonstreaming": {
        "energy": 34977.21917733125,
        "duration": 717234.0635501362,
        "dram": 181.57367039699466,
        "iteration": 43
    }
}