{
    "com.google.gson.functional.CustomTypeAdaptersTest-testCustomTypeAdapterAppliesToSubClassesSerializedAsBaseClass": {
        "energy": 36863.05172413793,
        "duration": 957407.724137931,
        "dram": 3236.362068965517,
        "iteration": 58,
        "stdev": 4235.35111284162
    },
    "com.google.gson.functional.ReadersWritersTest-testReadWriteTwoObjects": {
        "energy": 50154.30864197531,
        "duration": 1537553.3086419753,
        "dram": 4345.395061728395,
        "iteration": 81,
        "stdev": 18548.50813117849
    },
    "com.google.gson.functional.MapTest-testInterfaceTypeMapWithSerializer": {
        "energy": 73094.06060606061,
        "duration": 2354697.606060606,
        "dram": 6649.20202020202,
        "iteration": 99,
        "stdev": 27429.830506080176
    },
    "com.google.gson.JsonParserTest-testParseUnquotedStringArrayFails": {
        "energy": 38855.27272727273,
        "duration": 728992.4242424242,
        "dram": 2796.121212121212,
        "iteration": 33,
        "stdev": 4671.595459555659
    },
    "com.google.gson.internal.bind.JsonElementReaderTest-testObject": {
        "energy": 38568.63636363636,
        "duration": 597286.3636363636,
        "dram": 2950.181818181818,
        "iteration": 22,
        "stdev": 3207.956494057953
    },
    "com.google.gson.JsonParserTest-testReadWriteTwoObjects": {
        "energy": 153762.53684210527,
        "duration": 4698498.6736842105,
        "dram": 14487.568421052632,
        "iteration": 95,
        "stdev": 412043.385213226
    },
    "com.google.gson.DefaultMapJsonSerializerTest-testEmptyMapSerialization": {
        "energy": 45825.92857142857,
        "duration": 1221642.8857142858,
        "dram": 3806.2,
        "iteration": 70,
        "stdev": 27189.49264924723
    },
    "com.google.gson.functional.MapAsArrayTypeAdapterTest-testMultipleEnableComplexKeyRegistrationHasNoEffect": {
        "energy": 42409.857142857145,
        "duration": 1336289.0595238095,
        "dram": 3489.0119047619046,
        "iteration": 84,
        "stdev": 12762.975245703838
    },
    "com.google.gson.functional.ParameterizedTypesTest-testParameterizedTypeWithCustomSerializer": {
        "energy": 50011.60824742268,
        "duration": 1708308.8762886599,
        "dram": 4621.309278350515,
        "iteration": 97,
        "stdev": 19798.87229817698
    },
    "com.google.gson.functional.CustomDeserializerTest-testJsonTypeFieldBasedDeserialization": {
        "energy": 41922.43529411765,
        "duration": 1422145.9529411765,
        "dram": 3766.6470588235293,
        "iteration": 85,
        "stdev": 11026.962021440166
    },
    "com.google.gson.functional.DefaultTypeAdaptersTest-testJsonObjectSerialization": {
        "energy": 38100.28,
        "duration": 567120.56,
        "dram": 2261.96,
        "iteration": 25,
        "stdev": 3342.9686869009106
    },
    "com.google.gson.internal.bind.JsonElementWriterTest-testNestedObject": {
        "energy": 36682.10526315789,
        "duration": 544350.6842105263,
        "dram": 2180.0,
        "iteration": 19,
        "stdev": 3197.3697231966157
    },
    "com.google.gson.functional.JsonParserTest-testBadFieldTypeForCustomDeserializerCustomTree": {
        "energy": 37525.58974358974,
        "duration": 781207.2564102564,
        "dram": 2505.74358974359,
        "iteration": 39,
        "stdev": 4067.0263106078937
    },
    "com.google.gson.functional.JsonParserTest-testChangingCustomTreeAndDeserializing": {
        "energy": 43901.147540983606,
        "duration": 1281996.5081967213,
        "dram": 3771.311475409836,
        "iteration": 61,
        "stdev": 18305.7242152231
    },
    "com.google.gson.functional.MapAsArrayTypeAdapterTest-testSerializeComplexMapWithTypeAdapter": {
        "energy": 172738.29292929292,
        "duration": 5147612.171717172,
        "dram": 15424.252525252525,
        "iteration": 99,
        "stdev": 330064.81296555226
    },
    "com.google.gson.functional.CustomTypeAdaptersTest-testCustomSerializers": {
        "energy": 140658.3552631579,
        "duration": 4393473.355263158,
        "dram": 13282.013157894737,
        "iteration": 76,
        "stdev": 271980.20739204274
    },
    "com.google.gson.functional.CustomTypeAdaptersTest-testCustomTypeAdapterDoesNotAppliesToSubClasses": {
        "energy": 89719.0,
        "duration": 2809508.222222222,
        "dram": 8273.080808080807,
        "iteration": 99,
        "stdev": 22273.76742840208
    },
    "com.google.gson.internal.bind.JsonElementReaderTest-testEmptyObject": {
        "energy": 37771.666666666664,
        "duration": 644227.2592592592,
        "dram": 2818.703703703704,
        "iteration": 27,
        "stdev": 4590.8893433585345
    },
    "com.google.gson.functional.CustomSerializerTest-testSubClassSerializerInvokedForBaseClassFieldsHoldingSubClassInstances": {
        "energy": 182436.2676056338,
        "duration": 5330281.408450704,
        "dram": 16746.478873239437,
        "iteration": 71,
        "stdev": 419272.319772963
    },
    "com.google.gson.functional.JsonTreeTest-testJsonTreeToString": {
        "energy": 72882.96511627907,
        "duration": 2154869.3372093025,
        "dram": 6528.209302325581,
        "iteration": 86,
        "stdev": 54177.79907031508
    },
    "com.google.gson.JsonObjectTest-testPropertyWithQuotes": {
        "energy": 274048.9166666667,
        "duration": 7115695.222222222,
        "dram": 25939.444444444445,
        "iteration": 36,
        "stdev": 530053.8072205697
    },
    "com.google.gson.functional.TypeHierarchyAdapterTest-testTypeHierarchy": {
        "energy": 224817.7373737374,
        "duration": 6563960.01010101,
        "dram": 20846.515151515152,
        "iteration": 99,
        "stdev": 353983.5091646458
    },
    "com.google.gson.DefaultMapJsonSerializerTest-testEmptyMapNoTypeSerialization": {
        "energy": 78112.28205128205,
        "duration": 2318223.769230769,
        "dram": 7359.641025641025,
        "iteration": 39,
        "stdev": 74517.09972126642
    },
    "com.google.gson.functional.PrintFormattingTest-testJsonObjectWithNullValuesSerialized": {
        "energy": 38149.545454545456,
        "duration": 598554.2272727273,
        "dram": 2355.5454545454545,
        "iteration": 22,
        "stdev": 4285.319630884373
    },
    "com.google.gson.functional.CustomTypeAdaptersTest-testEnsureCustomSerializerNotInvokedForNullValues": {
        "energy": 45471.149253731346,
        "duration": 1330437.447761194,
        "dram": 3603.955223880597,
        "iteration": 67,
        "stdev": 12948.332311512753
    },
    "com.google.gson.functional.JsonParserTest-testBadFieldTypeForDeserializingCustomTree": {
        "energy": 39039.15873015873,
        "duration": 1075688.0952380951,
        "dram": 3178.1111111111113,
        "iteration": 63,
        "stdev": 9727.55143534002
    },
    "com.google.gson.functional.MapAsArrayTypeAdapterTest-testMapWithTypeVariableSerialization": {
        "energy": 43762.80952380953,
        "duration": 1373018.630952381,
        "dram": 3838.3333333333335,
        "iteration": 84,
        "stdev": 14618.84160731996
    },
    "com.google.gson.functional.ObjectTest-testJsonObjectSerialization": {
        "energy": 37235.32258064516,
        "duration": 638678.5483870967,
        "dram": 2495.2903225806454,
        "iteration": 31,
        "stdev": 4314.423225288575
    },
    "com.google.gson.JsonObjectTest-testWritePropertyWithEmptyStringName": {
        "energy": 37152.74193548387,
        "duration": 582759.6451612903,
        "dram": 2562.516129032258,
        "iteration": 31,
        "stdev": 3884.365111636583
    },
    "com.google.gson.functional.JsonParserTest-testDeserializingCustomTree": {
        "energy": 73201.79545454546,
        "duration": 2190535.6136363638,
        "dram": 6185.409090909091,
        "iteration": 44,
        "stdev": 84831.17954035627
    },