{
    "com.google.gson.functional.DefaultTypeAdaptersTest-testDateSerializationWithPatternNotOverridenByTypeAdapter": {
        "energy": 88492.81873347519,
        "duration": 2827604.689719726,
        "dram": 7819.409752960291,
        "iteration": 99
    },
    "com.google.gson.functional.DefaultTypeAdaptersTest-testDateSerializationWithPattern": {
        "energy": 44603.63560707985,
        "duration": 1411172.646864695,
        "dram": 1408.3192695868036,
        "iteration": 84
    },
    "com.google.gson.DefaultDateTypeAdapterTest-testDateDeserializationISO8601": {
        "energy": 224687.4096978358,
        "duration": 6280663.886515921,
        "dram": 18347.069169751707,
        "iteration": 99
    },
    "com.google.gson.DefaultDateTypeAdapterTest-testInvalidDatePattern": {
        "energy": 37346.683115154505,
        "duration": 694321.7526811063,
        "dram": 3231.002984672785,
        "iteration": 25
    },
    "com.google.gson.functional.DefaultTypeAdaptersTest-testSqlDateSerialization": {
        "energy": 38919.24369025903,
        "duration": 1251480.8962024038,
        "dram": 3312.0189273493834,
        "iteration": 85
    },
    "com.google.gson.functional.DefaultTypeAdaptersTest-testTimestampSerialization": {
        "energy": 48413.84563763182,
        "duration": 1723418.4861387017,
        "dram": 3887.6384149926384,
        "iteration": 99
    },
    "com.google.gson.functional.DefaultTypeAdaptersTest-testDefaultDateDeserializationUsingBuilder": {
        "energy": 175086.15915812313,
        "duration": 5772245.047444168,
        "dram": 16918.721639646334,
        "iteration": 99
    },
    "com.google.gson.DefaultDateTypeAdapterTest-testDateSerialization": {
        "energy": 36397.15487058496,
        "duration": 1056027.3992493253,
        "dram": 2681.7467574612792,
        "iteration": 60
    },
    "com.google.gson.functional.DefaultTypeAdaptersTest-testNullSerialization": {
        "energy": 1465432.0016186717,
        "duration": 41169029.19912362,
        "dram": 131223.09792858892,
        "iteration": 99
    },
    "com.google.gson.functional.DefaultTypeAdaptersTest-testDateDeserializationWithPattern": {
        "energy": 45660.3038722392,
        "duration": 1373567.4905071687,
        "dram": 3329.8017135518344,
        "iteration": 90
    },
    "com.google.gson.functional.DefaultTypeAdaptersTest-testDateSerializationInCollection": {
        "energy": 85436.42808182022,
        "duration": 2469600.6701396485,
        "dram": 7368.242052185386,
        "iteration": 99
    },
    "com.google.gson.DefaultDateTypeAdapterTest-testNullValue": {
        "energy": 38830.021216247245,
        "duration": 874471.5142303905,
        "dram": 3058.241873448092,
        "iteration": 55
    },
    "com.google.gson.DefaultDateTypeAdapterTest-testDatePattern": {
        "energy": 50861.05140489115,
        "duration": 1309309.1855180466,
        "dram": 2893.2043770300565,
        "iteration": 47
    },
    "com.google.gson.DefaultDateTypeAdapterTest-testUnexpectedToken": {
        "energy": 40597.1981585219,
        "duration": 883364.4432677538,
        "dram": 1683.7448406369494,
        "iteration": 55
    }
}