{
    "com.google.gson.DefaultDateTypeAdapterTest-testParsingDatesFormattedWithUsLocale": {
        "energy": 2214452.6962041473,
        "duration": 57420629.24717513,
        "dram": 180311.1409146947,
        "iteration": 99
    },
    "com.google.gson.functional.DefaultTypeAdaptersTest-testDateSerializationWithPatternNotOverridenByTypeAdapter": {
        "energy": 82767.82619541697,
        "duration": 4348991.876655506,
        "dram": 15082.472836277913,
        "iteration": 99
    },
    "com.google.gson.functional.DefaultTypeAdaptersTest-testDefaultJavaSqlTimestampDeserialization": {
        "energy": 93484.80814214417,
        "duration": 2903645.624721564,
        "dram": 8609.102124508096,
        "iteration": 98
    },
    "com.google.gson.DefaultDateTypeAdapterTest-testDateDeserializationISO8601": {
        "energy": 182973.47204306867,
        "duration": 5453412.664981188,
        "dram": 15328.50414550509,
        "iteration": 99
    },
    "com.google.gson.DefaultDateTypeAdapterTest-testUnexpectedToken": {
        "energy": 50653.637877329136,
        "duration": 1139415.3481298739,
        "dram": 3891.387958845421,
        "iteration": 50
    },
    "com.google.gson.DefaultDateTypeAdapterTest-testFormattingInEnUs": {
        "energy": 500698.3259195894,
        "duration": 15144357.94450096,
        "dram": 45405.85870979607,
        "iteration": 99
    },
    "com.google.gson.functional.DefaultTypeAdaptersTest-testDefaultDateDeserializationUsingBuilder": {
        "energy": 77558.12581724269,
        "duration": 1868287.9302544454,
        "dram": 4779.510054977873,
        "iteration": 98
    },
    "com.google.gson.functional.DefaultTypeAdaptersTest-testNullSerialization": {
        "energy": 437584.6648883195,
        "duration": 11415217.272432381,
        "dram": 34733.65732717005,
        "iteration": 99
    },
    "com.google.gson.functional.DefaultTypeAdaptersTest-testDateDeserializationWithPattern": {
        "energy": 42474.34241067291,
        "duration": 1635895.2617968172,
        "dram": 3077.1952207789036,
        "iteration": 68
    },
    "com.google.gson.functional.DefaultTypeAdaptersTest-testDateSerializationInCollection": {
        "energy": 79847.63395122024,
        "duration": 2143589.439651042,
        "dram": 5332.975651720964,
        "iteration": 99
    },
    "com.google.gson.functional.DefaultTypeAdaptersTest-testDefaultDateDeserialization": {
        "energy": 96733.93113150554,
        "duration": 2495965.4691260187,
        "dram": 8392.775598314274,
        "iteration": 99
    },
    "com.google.gson.DefaultDateTypeAdapterTest-testFormattingInFr": {
        "energy": 1509220.4705929058,
        "duration": 42311247.91650572,
        "dram": 127812.66482535301,
        "iteration": 99
    },
    "com.google.gson.functional.DefaultTypeAdaptersTest-testDateSerializationWithPattern": {
        "energy": 41082.087700652686,
        "duration": 899913.284307345,
        "dram": 3411.4403642759944,
        "iteration": 61
    },
    "com.google.gson.DefaultDateTypeAdapterTest-testDatePattern": {
        "energy": 42406.457372839955,
        "duration": 814043.4668208093,
        "dram": 3275.1840530507616,
        "iteration": 39
    },
    "com.google.gson.DefaultDateTypeAdapterTest-testInvalidDatePattern": {
        "energy": 40223.11305522919,
        "duration": 734155.9142229855,
        "dram": 3539.779977440834,
        "iteration": 26
    },
    "com.google.gson.functional.DefaultTypeAdaptersTest-testSqlDateSerialization": {
        "energy": 40973.03890991836,
        "duration": 1081172.5317496285,
        "dram": 2714.0924277407416,
        "iteration": 81
    },
    "com.google.gson.functional.DefaultTypeAdaptersTest-testTimestampSerialization": {
        "energy": 41825.811472477086,
        "duration": 919813.8403366901,
        "dram": 3574.1943578595865,
        "iteration": 68
    },
    "com.google.gson.DefaultDateTypeAdapterTest-testNullValue": {
        "energy": 38667.68783762821,
        "duration": 906330.5245423294,
        "dram": 3229.1600611957547,
        "iteration": 36
    },
    "com.google.gson.DefaultDateTypeAdapterTest-testDateSerialization": {
        "energy": 41502.486673061736,
        "duration": 1223130.3771817305,
        "dram": 3644.5518557781456,
        "iteration": 58
    }
}