{
    "com.google.gson.functional.DefaultTypeAdaptersTest-testDateSerializationWithPatternNotOverridenByTypeAdapter": {
        "energy": 87262.16161616161,
        "duration": 2632620.1919191917,
        "dram": 7122.747474747474,
        "iteration": 99,
        "stdev": 17487.22580161034
    },
    "com.google.gson.functional.DefaultTypeAdaptersTest-testDateSerializationWithPattern": {
        "energy": 49694.03571428572,
        "duration": 1599559.4523809524,
        "dram": 3939.190476190476,
        "iteration": 84,
        "stdev": 106430.03457474797
    },
    "com.google.gson.DefaultDateTypeAdapterTest-testDateDeserializationISO8601": {
        "energy": 265420.24242424243,
        "duration": 7357825.464646464,
        "dram": 22003.50505050505,
        "iteration": 99,
        "stdev": 235076.4360228689
    },
    "com.google.gson.functional.DefaultTypeAdaptersTest-testSqlDateSerialization": {
        "energy": 41628.81176470588,
        "duration": 1292665.905882353,
        "dram": 3054.9529411764706,
        "iteration": 85,
        "stdev": 7414.812947534174
    },
    "com.google.gson.functional.DefaultTypeAdaptersTest-testTimestampSerialization": {
        "energy": 42822.51515151515,
        "duration": 1410250.9292929294,
        "dram": 3318.0,
        "iteration": 99,
        "stdev": 10144.854607003748
    },
    "com.google.gson.functional.DefaultTypeAdaptersTest-testDefaultDateDeserializationUsingBuilder": {
        "energy": 206140.52525252526,
        "duration": 6219092.656565657,
        "dram": 18474.484848484848,
        "iteration": 99,
        "stdev": 122527.30669275597
    },
    "com.google.gson.DefaultDateTypeAdapterTest-testDateSerialization": {
        "energy": 62458.1,
        "duration": 1701572.2833333334,
        "dram": 4680.683333333333,
        "iteration": 60,
        "stdev": 174439.04691111066
    },
    "com.google.gson.functional.DefaultTypeAdaptersTest-testNullSerialization": {
        "energy": 740999.4545454546,
        "duration": 22376511.020202022,
        "dram": 67102.0303030303,
        "iteration": 99,
        "stdev": 504661.9503723675
    },
    "com.google.gson.functional.DefaultTypeAdaptersTest-testDateSerializationInCollection": {
        "energy": 75676.0202020202,
        "duration": 2407284.9696969697,
        "dram": 6593.606060606061,
        "iteration": 99,
        "stdev": 15891.292443182312
    },
    "com.google.gson.DefaultDateTypeAdapterTest-testNullValue": {
        "energy": 40556.12727272727,
        "duration": 948466.9636363636,
        "dram": 2966.2909090909093,
        "iteration": 55,
        "stdev": 9704.802378306496
    },
    "com.google.gson.DefaultDateTypeAdapterTest-testDatePattern": {
        "energy": 141767.40425531915,
        "duration": 3931410.659574468,
        "dram": 11812.595744680852,
        "iteration": 47,
        "stdev": 356471.301341515
    },
    "com.google.gson.DefaultDateTypeAdapterTest-testInvalidDatePattern": {
        "energy": 38972.04,
        "duration": 644721.68,
        "dram": 1802.28,
        "iteration": 25,
        "stdev": 4186.342455939313
    },
    "com.google.gson.functional.DefaultTypeAdaptersTest-testDateDeserializationWithPattern": {
        "energy": 40404.444444444445,
        "duration": 1284644.6333333333,
        "dram": 3021.711111111111,
        "iteration": 90,
        "stdev": 10398.307817579538
    },
    "com.google.gson.DefaultDateTypeAdapterTest-testUnexpectedToken": {
        "energy": 40479.527272727275,
        "duration": 912415.0545454546,
        "dram": 2697.9636363636364,
        "iteration": 55,
        "stdev": 4440.359366515468
    }
}