{
    "com.google.gson.DefaultDateTypeAdapterTest-testParsingDatesFormattedWithUsLocale": {
        "energy": 2461703.111111111,
        "duration": 62290263.08080808,
        "dram": 197826.72727272726,
        "iteration": 99,
        "stdev": 568105.523228693
    },
    "com.google.gson.functional.DefaultTypeAdaptersTest-testDateSerializationWithPatternNotOverridenByTypeAdapter": {
        "energy": 98824.92929292929,
        "duration": 3940736.3535353537,
        "dram": 9226.68686868687,
        "iteration": 99,
        "stdev": 106403.36342971787
    },
    "com.google.gson.functional.DefaultTypeAdaptersTest-testDefaultJavaSqlTimestampDeserialization": {
        "energy": 96677.57142857143,
        "duration": 3298406.3775510206,
        "dram": 8864.65306122449,
        "iteration": 98,
        "stdev": 226790.62236214304
    },
    "com.google.gson.functional.DefaultTypeAdaptersTest-testDateSerializationWithPattern": {
        "energy": 53820.86885245902,
        "duration": 1510863.68852459,
        "dram": 4193.606557377049,
        "iteration": 61,
        "stdev": 117682.87715588757
    },
    "com.google.gson.DefaultDateTypeAdapterTest-testDateDeserializationISO8601": {
        "energy": 314073.0909090909,
        "duration": 9203701.767676767,
        "dram": 27055.40404040404,
        "iteration": 99,
        "stdev": 403690.9972358244
    },
    "com.google.gson.DefaultDateTypeAdapterTest-testUnexpectedToken": {
        "energy": 93803.54,
        "duration": 2507026.14,
        "dram": 7636.8,
        "iteration": 50,
        "stdev": 265066.2232419823
    },
    "com.google.gson.DefaultDateTypeAdapterTest-testFormattingInEnUs": {
        "energy": 331783.22222222225,
        "duration": 9937366.04040404,
        "dram": 28958.59595959596,
        "iteration": 99,
        "stdev": 552927.2169385453
    },
    "com.google.gson.DefaultDateTypeAdapterTest-testDatePattern": {
        "energy": 43641.5641025641,
        "duration": 1114672.8717948718,
        "dram": 2790.5128205128203,
        "iteration": 39,
        "stdev": 35607.40383525477
    },
    "com.google.gson.DefaultDateTypeAdapterTest-testInvalidDatePattern": {
        "energy": 39118.730769230766,
        "duration": 632921.5384615385,
        "dram": 1790.7307692307693,
        "iteration": 26,
        "stdev": 3917.210934381485
    },
    "com.google.gson.functional.DefaultTypeAdaptersTest-testSqlDateSerialization": {
        "energy": 43566.234567901236,
        "duration": 1169097.5802469135,
        "dram": 3240.395061728395,
        "iteration": 81,
        "stdev": 23180.94773692428
    },
    "com.google.gson.functional.DefaultTypeAdaptersTest-testTimestampSerialization": {
        "energy": 79779.0294117647,
        "duration": 2215192.367647059,
        "dram": 5808.338235294118,
        "iteration": 68,
        "stdev": 173701.24472063847
    },
    "com.google.gson.functional.DefaultTypeAdaptersTest-testDefaultDateDeserializationUsingBuilder": {
        "energy": 118239.75510204081,
        "duration": 3775968.448979592,
        "dram": 10471.418367346938,
        "iteration": 98,
        "stdev": 140176.25700022487
    },
    "com.google.gson.functional.DefaultTypeAdaptersTest-testNullSerialization": {
        "energy": 667420.1818181818,
        "duration": 19673920.858585857,
        "dram": 59680.343434343435,
        "iteration": 99,
        "stdev": 481333.3949280025
    },
    "com.google.gson.functional.DefaultTypeAdaptersTest-testDateSerializationInCollection": {
        "energy": 75253.0505050505,
        "duration": 2282809.303030303,
        "dram": 6369.292929292929,
        "iteration": 99,
        "stdev": 18887.20733503609
    },
    "com.google.gson.DefaultDateTypeAdapterTest-testNullValue": {
        "energy": 41230.88888888889,
        "duration": 897769.6388888889,
        "dram": 3108.3333333333335,
        "iteration": 36,
        "stdev": 7222.894440511049
    },
    "com.google.gson.functional.DefaultTypeAdaptersTest-testDefaultDateDeserialization": {
        "energy": 226729.57575757575,
        "duration": 7131567.848484849,
        "dram": 20627.040404040403,
        "iteration": 99,
        "stdev": 350646.17817922786
    },
    "com.google.gson.DefaultDateTypeAdapterTest-testFormattingInFr": {
        "energy": 760021.3838383838,
        "duration": 20879159.939393938,
        "dram": 63996.90909090909,
        "iteration": 99,
        "stdev": 645716.3332173742
    },
    "com.google.gson.functional.DefaultTypeAdaptersTest-testDateDeserializationWithPattern": {
        "energy": 40415.132352941175,
        "duration": 1199334.6764705882,
        "dram": 3115.014705882353,
        "iteration": 68,
        "stdev": 5207.187526713922
    },
    "com.google.gson.DefaultDateTypeAdapterTest-testDateSerialization": {
        "energy": 64315.10344827586,
        "duration": 1841558.7241379311,
        "dram": 4969.810344827586,
        "iteration": 58,
        "stdev": 189014.00594680346
    }
}