{
    "com.google.gson.stream.JsonWriterTest-testPrettyPrintArray": {
        "energy": 34898.06370805763,
        "duration": 644656.639016968,
        "dram": 2905.7381061334163,
        "iteration": 32
    },
    "com.google.gson.stream.JsonWriterTest-testTopLevelValueTypes": {
        "energy": 97407.30522815775,
        "duration": 3302355.36109436,
        "dram": 7240.4246019336815,
        "iteration": 72
    },
    "com.google.gson.stream.JsonWriterTest-testNonFiniteDoubles": {
        "energy": 49260.52866858692,
        "duration": 1570646.3342464948,
        "dram": 2904.9873195237597,
        "iteration": 36
    },
    "com.google.gson.stream.JsonWriterTest-testPrettyPrintObject": {
        "energy": 111442.3116219675,
        "duration": 4377862.815940568,
        "dram": 11254.651996164357,
        "iteration": 49
    },
    "com.google.gson.stream.JsonWriterTest-testDoubles": {
        "energy": 50433.003196432604,
        "duration": 1959192.6991167327,
        "dram": 4879.441550389347,
        "iteration": 50
    }
}