{
    "com.google.gson.stream.JsonWriterTest-testDoubles": {
        "energy": 37293,
        "duration": 1741875.5084745763,
        "dram": 4706.220338983051,
        "iteration": 59,
        "stdev": 37050.23607845324
    },
    "com.google.gson.stream.JsonWriterTest-testTopLevelValueTypes": {
        "energy": 132019,
        "duration": 4533984.835820896,
        "dram": 10804.522388059702,
        "iteration": 67,
        "stdev": 35986.41969127973
    },
    "com.google.gson.stream.JsonWriterTest-testNonFiniteDoubles": {
        "energy": 37048,
        "duration": 1924883.4871794872,
        "dram": 4732.461538461538,
        "iteration": 39,
        "stdev": 35199.96355970934
    },
    "com.google.gson.stream.JsonWriterTest-testPrettyPrintObject": {
        "energy": 40650,
        "duration": 2912053.875,
        "dram": 7128.225,
        "iteration": 40,
        "stdev": 55142.14971779188
    },
    "com.google.gson.stream.JsonWriterTest-testPrettyPrintArray": {
        "energy": 38208,
        "duration": 1126494.0555555555,
        "dram": 2843.277777777778,
        "iteration": 18,
        "stdev": 31172.01159897358
    }
}