{
    "com.google.gson.stream.JsonWriterTest-testPrettyPrintArray": {
        "energy": 36621,
        "duration": 653680.3125,
        "dram": 2382.78125,
        "iteration": 32,
        "stdev": 2629.7573557269498
    },
    "com.google.gson.stream.JsonWriterTest-testNonFiniteDoubles": {
        "energy": 36987,
        "duration": 1871058.9166666667,
        "dram": 4468.916666666667,
        "iteration": 36,
        "stdev": 33942.520779132195
    },
    "com.google.gson.stream.JsonWriterTest-testPrettyPrintObject": {
        "energy": 42114,
        "duration": 2872323.8775510206,
        "dram": 7327.408163265306,
        "iteration": 49,
        "stdev": 52575.155706380814
    },
    "com.google.gson.stream.JsonWriterTest-testDoubles": {
        "energy": 37293,
        "duration": 1663423.58,
        "dram": 4519.6,
        "iteration": 50,
        "stdev": 34857.65250515302
    },
    "com.google.gson.stream.JsonWriterTest-testTopLevelValueTypes": {
        "energy": 136962,
        "duration": 4452965.236111111,
        "dram": 11217.041666666666,
        "iteration": 72,
        "stdev": 44325.98468950739
    }
}