{
    "com.google.gson.functional.DefaultTypeAdaptersTest-testBadValueForBigDecimalDeserialization": {
        "energy": 42491.16378635442,
        "duration": 760514.822037146,
        "dram": 3729.5647433137124,
        "iteration": 42
    },
    "com.google.gson.functional.RuntimeTypeAdapterFactoryFunctionalTest-testSubclassesAutomaticallySerialzed": {
        "energy": 170167.14940127122,
        "duration": 3791007.6866065767,
        "dram": 15213.481208569976,
        "iteration": 99
    },
    "com.google.gson.functional.JsonAdapterAnnotationOnFieldsTest-testClassAnnotationAdapterFactoryTakesPrecedenceOverDefault": {
        "energy": 71588.6041766358,
        "duration": 2049155.446081059,
        "dram": 6202.400099871887,
        "iteration": 97
    },
    "com.google.gson.functional.InheritanceTest-testSubClassDeserialization": {
        "energy": 93522.3171997018,
        "duration": 2929402.188667914,
        "dram": 8434.69494770054,
        "iteration": 75
    },
    "com.google.gson.functional.JsonAdapterAnnotationOnFieldsTest-testClassAnnotationAdapterTakesPrecedenceOverDefault": {
        "energy": 43528.35575388698,
        "duration": 1546454.6405236095,
        "dram": 3694.513178669754,
        "iteration": 99
    },
    "com.google.gson.functional.NamingPolicyTest-testGsonWithUpperCamelCaseSpacesPolicyDeserialiation": {
        "energy": 36873.0554342496,
        "duration": 1060737.2931377962,
        "dram": 3601.9087740814575,
        "iteration": 42
    },
    "com.google.gson.functional.SerializedNameTest-testMultipleNamesInTheSameString": {
        "energy": 43223.06347432762,
        "duration": 602514.3733358464,
        "dram": 3023.8317109684695,
        "iteration": 51
    },
    "com.google.gson.functional.InstanceCreatorTest-testInstanceCreatorReturnsSubTypeForField": {
        "energy": 166249.9831441873,
        "duration": 3772377.081120599,
        "dram": 4919.609943690719,
        "iteration": 65
    },
    "com.google.gson.functional.NamingPolicyTest-testGsonWithNonDefaultFieldNamingPolicyDeserialiation": {
        "energy": 42012.94173315304,
        "duration": 796732.9951267272,
        "dram": 3606.4762369228147,
        "iteration": 49
    },
    "com.google.gson.functional.NamingPolicyTest-testComplexFieldNameStrategy": {
        "energy": 60897.611231770476,
        "duration": 4426463.447255531,
        "dram": 5870.84992829553,
        "iteration": 78
    },
    "com.google.gson.functional.JsonAdapterAnnotationOnFieldsTest-testRegisteredTypeAdapterTakesPrecedenceOverClassAnnotationAdapter": {
        "energy": 40295.21308346717,
        "duration": 984653.9970389765,
        "dram": 3239.006640967914,
        "iteration": 67
    },
    "com.google.gson.functional.InheritanceTest-testSubInterfacesOfCollectionDeserialization": {
        "energy": 46043.704414408,
        "duration": 1866772.9312338526,
        "dram": 4331.710784043255,
        "iteration": 91
    },
    "com.google.gson.internal.UnsafeAllocatorInstantiationTest-testAbstractClassInstantiation": {
        "energy": 38269.20557779946,
        "duration": 1051986.2108652168,
        "dram": 3721.180500048251,
        "iteration": 39
    },
    "com.google.gson.functional.MapTest-testComplexKeysDeserialization": {
        "energy": 37171.74839572031,
        "duration": 937742.6950578617,
        "dram": 3520.907929420043,
        "iteration": 65
    },
    "com.google.gson.internal.UnsafeAllocatorInstantiationTest-testConcreteClassInstantiation": {
        "energy": 73188.16444649239,
        "duration": 1987621.2494026446,
        "dram": 6317.598587882765,
        "iteration": 44
    },
    "com.google.gson.functional.DefaultTypeAdaptersTest-testBigDecimalFieldDeserialization": {
        "energy": 98522.26952027192,
        "duration": 3557060.0432765237,
        "dram": 9386.44690120314,
        "iteration": 42
    },
    "com.google.gson.functional.JsonAdapterAnnotationOnFieldsTest-testJsonAdapterInvokedOnlyForAnnotatedFields": {
        "energy": 52316.14482737104,
        "duration": 1413609.095311849,
        "dram": 4507.145740640121,
        "iteration": 82
    },
    "com.google.gson.functional.JsonAdapterAnnotationOnFieldsTest-testFieldAnnotationTakesPrecedenceOverRegisteredTypeAdapter": {
        "energy": 44276.32803304888,
        "duration": 1446646.2896759692,
        "dram": 5193.464300426649,
        "iteration": 96
    },
    "com.google.gson.functional.StreamingTypeAdaptersTest-testFromJsonTree": {
        "energy": 39595.26846185232,
        "duration": 965641.1208136543,
        "dram": 1821.9306051123306,
        "iteration": 48
    },
    "com.google.gson.functional.CustomDeserializerTest-testCustomDeserializerReturnsNull": {
        "energy": 46322.2063291073,
        "duration": 1047855.8513585643,
        "dram": 4119.735717476538,
        "iteration": 63
    },
    "com.google.gson.functional.StreamingTypeAdaptersTest-testDeserialize": {
        "energy": 42099.8047879858,
        "duration": 616261.2308214579,
        "dram": 3629.769066033454,
        "iteration": 40
    },
    "com.google.gson.functional.SerializedNameTest-testMultipleNamesDeserializedCorrectly": {
        "energy": 43094.00694296958,
        "duration": 816549.2363264866,
        "dram": 3819.339651783999,
        "iteration": 58
    },
    "com.google.gson.functional.CollectionTest-testWildcardCollectionField": {
        "energy": 45215.69809748429,
        "duration": 1245433.1021624845,
        "dram": 3777.623702553486,
        "iteration": 94
    },
    "com.google.gson.functional.JsonAdapterAnnotationOnFieldsTest-testFieldAnnotationTakesPrecedenceOverClassAnnotation": {
        "energy": 45982.22451525826,
        "duration": 1245568.7499921438,
        "dram": 4032.179997922785,
        "iteration": 90
    },
    "com.google.gson.functional.CustomTypeAdaptersTest-testEnsureCustomDeserializerNotInvokedForNullValues": {
        "energy": 39722.238967079764,
        "duration": 1082945.0200319462,
        "dram": 3088.485219184541,
        "iteration": 62
    },
    "com.google.gson.functional.ExposeFieldsTest-testExposedInterfaceFieldDeserialization": {
        "energy": 59804.88910048257,
        "duration": 3753789.2884129304,
        "dram": 4630.659322509251,
        "iteration": 43
    },
    "com.google.gson.functional.CollectionTest-testSetDeserialization": {
        "energy": 40150.16346185224,
        "duration": 1324571.7983046663,
        "dram": 3388.533775229299,
        "iteration": 78
    },
    "com.google.gson.internal.UnsafeAllocatorInstantiationTest-testInterfaceInstantiation": {
        "energy": 66784.94519320062,
        "duration": 1966591.5284290703,
        "dram": 6184.385998491296,
        "iteration": 45
    },
    "com.google.gson.functional.JsonAdapterAnnotationOnFieldsTest-testJsonAdapterWrappedInNullSafeAsRequested": {
        "energy": 43801.331144718,
        "duration": 1167958.2068779953,
        "dram": 3801.0728286105273,
        "iteration": 66
    },
    "com.google.gson.functional.DefaultTypeAdaptersTest-testBigIntegerFieldDeserialization": {
        "energy": 36060.74102920276,
        "duration": 747358.3340363407,
        "dram": 2472.643643574702,
        "iteration": 36
    },
    "com.google.gson.regression.JsonAdapterNullSafeTest-testNullSafeBugDeserialize": {
        "energy": 103586.5692941091,
        "duration": 3826948.5590879964,
        "dram": 10369.782502849928,
        "iteration": 48
    },
    "com.google.gson.functional.NamingPolicyTest-testGsonWithLowerCaseDashPolicyDeserialiation": {
        "energy": 40299.39235832014,
        "duration": 930711.6351530339,
        "dram": 2032.1655144302931,
        "iteration": 37
    },
    "com.google.gson.functional.ExposeFieldsTest-testExposeAnnotationDeserialization": {
        "energy": 43826.21269729252,
        "duration": 1099382.997599686,
        "dram": 4337.902520707477,
        "iteration": 41
    },