{
    "com.google.gson.functional.StreamingTypeAdaptersTest-testFromJsonTree": {
        "energy": 68020.04444444444,
        "duration": 1960676.9333333333,
        "dram": 5819.7555555555555,
        "iteration": 45,
        "stdev": 68421.29608696584
    },
    "com.google.gson.functional.DefaultTypeAdaptersTest-testBadValueForBigDecimalDeserialization": {
        "energy": 37295.666666666664,
        "duration": 867717.0277777778,
        "dram": 2859.3611111111113,
        "iteration": 36,
        "stdev": 4962.62526290269
    },
    "com.google.gson.functional.RuntimeTypeAdapterFactoryFunctionalTest-testSubclassesAutomaticallySerialzed": {
        "energy": 214028.8282828283,
        "duration": 6164591.343434343,
        "dram": 19678.515151515152,
        "iteration": 99,
        "stdev": 205271.15793004193
    },
    "com.google.gson.functional.JsonAdapterAnnotationOnFieldsTest-testClassAnnotationAdapterFactoryTakesPrecedenceOverDefault": {
        "energy": 42487.74747474748,
        "duration": 1478894.606060606,
        "dram": 3993.5858585858587,
        "iteration": 99,
        "stdev": 11347.60860611808
    },
    "com.google.gson.functional.JsonAdapterAnnotationOnFieldsTest-testJsonAdapterWrappedInNullSafeAsRequested": {
        "energy": 39756.02702702703,
        "duration": 1055997.0135135136,
        "dram": 3422.662162162162,
        "iteration": 74,
        "stdev": 7919.8025483388765
    },
    "com.google.gson.functional.JsonAdapterAnnotationOnFieldsTest-testClassAnnotationAdapterTakesPrecedenceOverDefault": {
        "energy": 170919.625,
        "duration": 5271780.572916667,
        "dram": 16238.416666666666,
        "iteration": 96,
        "stdev": 457657.5213460036
    },
    "com.google.gson.functional.InstanceCreatorTest-testInstanceCreatorReturnsSubTypeForField": {
        "energy": 72645.015625,
        "duration": 2180825.3125,
        "dram": 6504.1875,
        "iteration": 64,
        "stdev": 87681.6607523867
    },
    "com.google.gson.functional.NamingPolicyTest-testGsonWithNonDefaultFieldNamingPolicyDeserialiation": {
        "energy": 55629.97222222222,
        "duration": 1429425.111111111,
        "dram": 4531.027777777777,
        "iteration": 36,
        "stdev": 42416.19642141832
    },
    "com.google.gson.functional.NamingPolicyTest-testComplexFieldNameStrategy": {
        "energy": 40237.148148148146,
        "duration": 1144955.2222222222,
        "dram": 3321.4938271604938,
        "iteration": 81,
        "stdev": 4793.733947898789
    },
    "com.google.gson.functional.JsonAdapterAnnotationOnFieldsTest-testRegisteredTypeAdapterTakesPrecedenceOverClassAnnotationAdapter": {
        "energy": 42833.819444444445,
        "duration": 1176141.6805555555,
        "dram": 3639.4166666666665,
        "iteration": 72,
        "stdev": 12554.868591203962
    },
    "com.google.gson.functional.InheritanceTest-testSubInterfacesOfCollectionDeserialization": {
        "energy": 43513.78409090909,
        "duration": 1366665.0454545454,
        "dram": 3674.2045454545455,
        "iteration": 88,
        "stdev": 10031.08594054328
    },
    "com.google.gson.regression.JsonAdapterNullSafeTest-testNullSafeBugDeserialize": {
        "energy": 72480.61818181818,
        "duration": 2045894.4,
        "dram": 5821.163636363636,
        "iteration": 55,
        "stdev": 67726.93667219617
    },
    "com.google.gson.functional.CollectionTest-testSetDeserialization": {
        "energy": 43136.475,
        "duration": 1270014.3625,
        "dram": 3727.125,
        "iteration": 80,
        "stdev": 11761.448213310085
    },
    "com.google.gson.functional.CollectionTest-testWildcardCollectionField": {
        "energy": 57665.231578947365,
        "duration": 1857380.9473684211,
        "dram": 4851.421052631579,
        "iteration": 95,
        "stdev": 47048.11471572763
    },
    "com.google.gson.functional.ExposeFieldsTest-testExposeAnnotationDeserialization": {
        "energy": 56274.313725490196,
        "duration": 1508537.3529411764,
        "dram": 4738.196078431372,
        "iteration": 51,
        "stdev": 42628.05782188866
    },
    "com.google.gson.functional.NamingPolicyTest-testGsonWithLowerCaseUnderscorePolicyDeserialiation": {
        "energy": 40852.4081632653,
        "duration": 725406.4693877551,
        "dram": 2732.183673469388,
        "iteration": 49,
        "stdev": 4329.616827644113
    },
    "com.google.gson.functional.DefaultTypeAdaptersTest-testBigDecimalFieldDeserialization": {
        "energy": 57783.5,
        "duration": 1627856.9375,
        "dram": 4823.375,
        "iteration": 48,
        "stdev": 49260.09593093582
    },
    "com.google.gson.functional.CustomTypeAdaptersTest-testEnsureCustomDeserializerNotInvokedForNullValues": {
        "energy": 54817.125,
        "duration": 1544478.017857143,
        "dram": 4814.357142857143,
        "iteration": 56,
        "stdev": 43081.17334714223
    },
    "com.google.gson.functional.ObjectTest-testBagOfPrimitiveWrappersDeserialization": {
        "energy": 75156.29090909091,
        "duration": 2257457.5090909093,
        "dram": 6932.636363636364,
        "iteration": 55,
        "stdev": 67262.30427666214
    },
    "com.google.gson.functional.JsonAdapterAnnotationOnFieldsTest-testFieldAnnotationTakesPrecedenceOverRegisteredTypeAdapter": {
        "energy": 45673.67021276596,
        "duration": 1404500.2765957448,
        "dram": 4093.904255319149,
        "iteration": 94,
        "stdev": 14028.886917970289
    },
    "com.google.gson.functional.StreamingTypeAdaptersTest-testDeserialize": {
        "energy": 40904.48484848485,
        "duration": 705513.4545454546,
        "dram": 2752.060606060606,
        "iteration": 33,
        "stdev": 4649.517962119671
    },
    "com.google.gson.functional.NamingPolicyTest-testGsonWithUpperCamelCaseSpacesPolicyDeserialiation": {
        "energy": 41554.39024390244,
        "duration": 746404.268292683,
        "dram": 3048.0243902439024,
        "iteration": 41,
        "stdev": 4405.987128830157
    },
    "com.google.gson.functional.SerializedNameTest-testMultipleNamesDeserializedCorrectly": {
        "energy": 56061.979166666664,
        "duration": 1486512.0,
        "dram": 4753.979166666667,
        "iteration": 48,
        "stdev": 33354.945089702465
    },
    "com.google.gson.functional.SerializedNameTest-testMultipleNamesInTheSameString": {
        "energy": 42965.08571428571,
        "duration": 798251.4857142858,
        "dram": 3181.457142857143,
        "iteration": 35,
        "stdev": 8907.530975436872
    },
    "com.google.gson.functional.ExposeFieldsTest-testExposedInterfaceFieldDeserialization": {
        "energy": 41342.17647058824,
        "duration": 788399.0588235294,
        "dram": 3265.6470588235293,
        "iteration": 34,
        "stdev": 6303.695715589425
    },
    "com.google.gson.functional.MapTest-testComplexKeysDeserialization": {
        "energy": 57526.79710144927,
        "duration": 1713168.2608695652,
        "dram": 5396.913043478261,
        "iteration": 69,
        "stdev": 50387.92691565493
    },
    "com.google.gson.functional.JsonAdapterAnnotationOnFieldsTest-testFieldAnnotationTakesPrecedenceOverClassAnnotation": {
        "energy": 41086.15730337079,
        "duration": 1264516.0561797754,
        "dram": 3473.3146067415732,
        "iteration": 89,
        "stdev": 10661.129206270025
    },
    "com.google.gson.functional.JsonAdapterAnnotationOnFieldsTest-testJsonAdapterInvokedOnlyForAnnotatedFields": {
        "energy": 49073.756097560974,
        "duration": 1455668.2073170731,
        "dram": 4148.012195121952,
        "iteration": 82,
        "stdev": 24499.94135162765
    },
    "com.google.gson.functional.CustomDeserializerTest-testCustomDeserializerReturnsNull": {
        "energy": 67230.015625,
        "duration": 1909538.984375,
        "dram": 6079.125,
        "iteration": 64,
        "stdev": 84849.9359460373
    },