{
    "com.google.gson.functional.StreamingTypeAdaptersTest-testFromJsonTree": {
        "energy": 45958.22281640854,
        "duration": 770837.9001850423,
        "dram": 3754.3084428319744,
        "iteration": 45
    },
    "com.google.gson.functional.RuntimeTypeAdapterFactoryFunctionalTest-testSubclassesAutomaticallySerialzed": {
        "energy": 180751.94587462928,
        "duration": 5080615.888612514,
        "dram": 17880.008004202355,
        "iteration": 99
    },
    "com.google.gson.functional.CustomDeserializerTest-testCustomDeserializerReturnsNull": {
        "energy": 42634.33056565458,
        "duration": 855816.8035841554,
        "dram": 3842.2710686761307,
        "iteration": 64
    },
    "com.google.gson.functional.JsonAdapterAnnotationOnFieldsTest-testClassAnnotationAdapterFactoryTakesPrecedenceOverDefault": {
        "energy": 48787.77194850964,
        "duration": 1405609.9177835272,
        "dram": 3884.030025718347,
        "iteration": 99
    },
    "com.google.gson.functional.JsonAdapterAnnotationOnFieldsTest-testJsonAdapterWrappedInNullSafeAsRequested": {
        "energy": 39617.29887306498,
        "duration": 967474.5492817843,
        "dram": 3497.761697617066,
        "iteration": 74
    },
    "com.google.gson.functional.DefaultTypeAdaptersTest-testBigIntegerFieldDeserialization": {
        "energy": 36996.11502849232,
        "duration": 793921.0675199811,
        "dram": 3378.330135284518,
        "iteration": 51
    },
    "com.google.gson.functional.InheritanceTest-testSubClassDeserialization": {
        "energy": 53950.230835486844,
        "duration": 1335352.1882741498,
        "dram": 4912.105962404313,
        "iteration": 43
    },
    "com.google.gson.functional.JsonAdapterAnnotationOnFieldsTest-testClassAnnotationAdapterTakesPrecedenceOverDefault": {
        "energy": 172360.30264409844,
        "duration": 5222558.994349603,
        "dram": 16630.784619262893,
        "iteration": 96
    },
    "com.google.gson.functional.NamingPolicyTest-testGsonWithUpperCamelCaseSpacesPolicyDeserialiation": {
        "energy": 40361.6721807568,
        "duration": 669068.7802515852,
        "dram": 3669.6053318614668,
        "iteration": 41
    },
    "com.google.gson.functional.SerializedNameTest-testMultipleNamesDeserializedCorrectly": {
        "energy": 99857.37378110165,
        "duration": 3723821.827418336,
        "dram": 10281.272440789064,
        "iteration": 48
    },
    "com.google.gson.functional.SerializedNameTest-testMultipleNamesInTheSameString": {
        "energy": 34119.79706316197,
        "duration": 948457.5444310677,
        "dram": 2668.1119303228043,
        "iteration": 35
    },
    "com.google.gson.functional.InstanceCreatorTest-testInstanceCreatorReturnsSubTypeForField": {
        "energy": 38917.624175222656,
        "duration": 1089857.5164994975,
        "dram": 2917.341131575938,
        "iteration": 64
    },
    "com.google.gson.functional.NamingPolicyTest-testComplexFieldNameStrategy": {
        "energy": 41514.08316426486,
        "duration": 1078671.41832405,
        "dram": 3634.164654395537,
        "iteration": 81
    },
    "com.google.gson.functional.JsonAdapterAnnotationOnFieldsTest-testRegisteredTypeAdapterTakesPrecedenceOverClassAnnotationAdapter": {
        "energy": 46681.08435901166,
        "duration": 1001716.0852701461,
        "dram": 3910.861579401074,
        "iteration": 72
    },
    "com.google.gson.functional.InheritanceTest-testSubInterfacesOfCollectionDeserialization": {
        "energy": 43520.69834615958,
        "duration": 1213401.404402471,
        "dram": 3767.2932689720183,
        "iteration": 88
    },
    "com.google.gson.regression.JsonAdapterNullSafeTest-testNullSafeBugDeserialize": {
        "energy": 121746.38229129737,
        "duration": 4114969.6598947174,
        "dram": 11630.169707738627,
        "iteration": 55
    },
    "com.google.gson.functional.CollectionTest-testSetDeserialization": {
        "energy": 49134.60750240119,
        "duration": 1480685.234998349,
        "dram": 4056.1683975810633,
        "iteration": 80
    },
    "com.google.gson.functional.CollectionTest-testWildcardCollectionField": {
        "energy": 36566.82139928425,
        "duration": 1519280.7537610729,
        "dram": 3046.1725560342593,
        "iteration": 95
    },
    "com.google.gson.functional.MapTest-testComplexKeysDeserialization": {
        "energy": 56059.41126606833,
        "duration": 1876769.365752131,
        "dram": 5928.09689416141,
        "iteration": 69
    },
    "com.google.gson.functional.JsonAdapterAnnotationOnFieldsTest-testFieldAnnotationTakesPrecedenceOverClassAnnotation": {
        "energy": 43178.81425782862,
        "duration": 1162567.2592443312,
        "dram": 3976.0266139800224,
        "iteration": 89
    },
    "com.google.gson.functional.DefaultTypeAdaptersTest-testBigDecimalFieldDeserialization": {
        "energy": 39721.549699579286,
        "duration": 890861.0160965439,
        "dram": 527.3279398019228,
        "iteration": 48
    },
    "com.google.gson.functional.CustomTypeAdaptersTest-testEnsureCustomDeserializerNotInvokedForNullValues": {
        "energy": 43437.18356199171,
        "duration": 1176237.2897967356,
        "dram": 3815.435486345764,
        "iteration": 56
    },
    "com.google.gson.functional.ObjectTest-testBagOfPrimitiveWrappersDeserialization": {
        "energy": 122393.2223393851,
        "duration": 4009494.7629130706,
        "dram": 11807.67788482555,
        "iteration": 55
    },
    "com.google.gson.functional.JsonAdapterAnnotationOnFieldsTest-testJsonAdapterInvokedOnlyForAnnotatedFields": {
        "energy": 42124.3169226719,
        "duration": 1164052.481629834,
        "dram": 3592.4171013735863,
        "iteration": 82
    },
    "com.google.gson.functional.JsonAdapterAnnotationOnFieldsTest-testFieldAnnotationTakesPrecedenceOverRegisteredTypeAdapter": {
        "energy": 41217.906628072546,
        "duration": 1366082.9521764768,
        "dram": 4157.388302076465,
        "iteration": 94
    },
    "com.google.gson.functional.DefaultTypeAdaptersTest-testBadValueForBigDecimalDeserialization": {
        "energy": 34454.8777474025,
        "duration": 916789.2317792815,
        "dram": 3021.4518294825393,
        "iteration": 36
    },
    "com.google.gson.functional.NamingPolicyTest-testGsonWithNonDefaultFieldNamingPolicyDeserialiation": {
        "energy": 49945.62890376203,
        "duration": 1163422.4891672046,
        "dram": 4212.184211292042,
        "iteration": 36
    },
    "com.google.gson.functional.ExposeFieldsTest-testExposeAnnotationDeserialization": {
        "energy": 43273.400614998274,
        "duration": 889540.6070679526,
        "dram": 3745.5400862380648,
        "iteration": 51
    },
    "com.google.gson.functional.NamingPolicyTest-testGsonWithLowerCaseUnderscorePolicyDeserialiation": {
        "energy": 38556.13066034354,
        "duration": 772547.7553669248,
        "dram": 1663.0491372147694,
        "iteration": 49
    },
    "com.google.gson.functional.StreamingTypeAdaptersTest-testDeserialize": {
        "energy": 43579.12604841334,
        "duration": 734758.9051947899,
        "dram": 3897.9185446475167,
        "iteration": 33
    },
    "com.google.gson.functional.ExposeFieldsTest-testExposedInterfaceFieldDeserialization": {
        "energy": 43160.349216901464,
        "duration": 766164.3231720148,
        "dram": 1779.0907948901877,
        "iteration": 34
    },
    "com.google.gson.functional.NamingPolicyTest-testGsonWithLowerCaseDashPolicyDeserialiation": {
        "energy": 44371.0919283903,
        "duration": 626492.685756897,
        "dram": 3419.8760956265905,
        "iteration": 38
    }
}