{
    "com.google.gson.functional.StreamingTypeAdaptersTest-testFromJsonTree": {
        "energy": 41809,
        "duration": 2535599.9583333335,
        "dram": 7664.375,
        "iteration": 48,
        "stdev": 78424.04243491212
    },
    "com.google.gson.functional.DefaultTypeAdaptersTest-testBadValueForBigDecimalDeserialization": {
        "energy": 38574,
        "duration": 834787.6666666666,
        "dram": 3072.4523809523807,
        "iteration": 42,
        "stdev": 4727.8672923197455
    },
    "com.google.gson.functional.RuntimeTypeAdapterFactoryFunctionalTest-testSubclassesAutomaticallySerialzed": {
        "energy": 146667,
        "duration": 6919579.242424242,
        "dram": 21768.090909090908,
        "iteration": 99,
        "stdev": 220645.95064740677
    },
    "com.google.gson.functional.CustomDeserializerTest-testCustomDeserializerReturnsNull": {
        "energy": 42664,
        "duration": 2758751.4603174604,
        "dram": 6726.396825396825,
        "iteration": 63,
        "stdev": 104831.44219828147
    },
    "com.google.gson.functional.JsonAdapterAnnotationOnFieldsTest-testClassAnnotationAdapterFactoryTakesPrecedenceOverDefault": {
        "energy": 42541,
        "duration": 1683731.8762886599,
        "dram": 4502.113402061856,
        "iteration": 97,
        "stdev": 27488.200779218856
    },
    "com.google.gson.functional.InheritanceTest-testSubClassDeserialization": {
        "energy": 41381,
        "duration": 2116149.7733333334,
        "dram": 6244.733333333334,
        "iteration": 75,
        "stdev": 77662.83439264713
    },
    "com.google.gson.functional.StreamingTypeAdaptersTest-testDeserialize": {
        "energy": 42358,
        "duration": 1992597.225,
        "dram": 3450.625,
        "iteration": 40,
        "stdev": 29558.067133990677
    },
    "com.google.gson.functional.JsonAdapterAnnotationOnFieldsTest-testClassAnnotationAdapterTakesPrecedenceOverDefault": {
        "energy": 46386,
        "duration": 2425679.202020202,
        "dram": 7245.474747474747,
        "iteration": 99,
        "stdev": 182782.1018419178
    },
    "com.google.gson.functional.SerializedNameTest-testMultipleNamesDeserializedCorrectly": {
        "energy": 42053,
        "duration": 2035022.9655172413,
        "dram": 5848.551724137931,
        "iteration": 58,
        "stdev": 75336.32648699032
    },
    "com.google.gson.functional.SerializedNameTest-testMultipleNamesInTheSameString": {
        "energy": 39611,
        "duration": 1135814.450980392,
        "dram": 3008.9411764705883,
        "iteration": 51,
        "stdev": 9800.142004753863
    },
    "com.google.gson.functional.InstanceCreatorTest-testInstanceCreatorReturnsSubTypeForField": {
        "energy": 43274,
        "duration": 2770729.523076923,
        "dram": 7661.276923076923,
        "iteration": 65,
        "stdev": 112747.07986271828
    },
    "com.google.gson.functional.NamingPolicyTest-testComplexFieldNameStrategy": {
        "energy": 41077,
        "duration": 1533001.3333333333,
        "dram": 3681.948717948718,
        "iteration": 78,
        "stdev": 31207.98598926637
    },
    "com.google.gson.functional.JsonAdapterAnnotationOnFieldsTest-testRegisteredTypeAdapterTakesPrecedenceOverClassAnnotationAdapter": {
        "energy": 40283,
        "duration": 1171681.671641791,
        "dram": 3525.6716417910447,
        "iteration": 67,
        "stdev": 9998.495939485329
    },
    "com.google.gson.functional.InheritanceTest-testSubInterfacesOfCollectionDeserialization": {
        "energy": 43396,
        "duration": 1617040.2967032967,
        "dram": 4144.32967032967,
        "iteration": 91,
        "stdev": 14514.437882428281
    },
    "com.google.gson.functional.CollectionTest-testWildcardCollectionField": {
        "energy": 42602,
        "duration": 1817714.7659574468,
        "dram": 5091.18085106383,
        "iteration": 94,
        "stdev": 47634.0773802387
    },
    "com.google.gson.functional.MapTest-testComplexKeysDeserialization": {
        "energy": 40833,
        "duration": 1630913.0615384616,
        "dram": 4876.292307692308,
        "iteration": 65,
        "stdev": 44351.98929892094
    },
    "com.google.gson.functional.JsonAdapterAnnotationOnFieldsTest-testFieldAnnotationTakesPrecedenceOverClassAnnotation": {
        "energy": 39795,
        "duration": 1959004.9333333333,
        "dram": 5363.488888888889,
        "iteration": 90,
        "stdev": 187932.41923440402
    },
    "com.google.gson.internal.UnsafeAllocatorInstantiationTest-testConcreteClassInstantiation": {
        "energy": 41382,
        "duration": 1852290.8409090908,
        "dram": 4931.022727272727,
        "iteration": 44,
        "stdev": 49994.797948849446
    },
    "com.google.gson.functional.CustomTypeAdaptersTest-testEnsureCustomDeserializerNotInvokedForNullValues": {
        "energy": 42846,
        "duration": 2687929.306451613,
        "dram": 5468.451612903225,
        "iteration": 62,
        "stdev": 56985.403733382525
    },
    "com.google.gson.functional.JsonAdapterAnnotationOnFieldsTest-testJsonAdapterInvokedOnlyForAnnotatedFields": {
        "energy": 39490,
        "duration": 1239366.4268292682,
        "dram": 3545.8658536585367,
        "iteration": 82,
        "stdev": 12086.049399684418
    },
    "com.google.gson.functional.JsonAdapterAnnotationOnFieldsTest-testFieldAnnotationTakesPrecedenceOverRegisteredTypeAdapter": {
        "energy": 40344,
        "duration": 1443441.5833333333,
        "dram": 4044.625,
        "iteration": 96,
        "stdev": 13076.677386562013
    },
    "com.google.gson.functional.NamingPolicyTest-testGsonWithUpperCamelCaseSpacesPolicyDeserialiation": {
        "energy": 40222,
        "duration": 810277.619047619,
        "dram": 3138.690476190476,
        "iteration": 42,
        "stdev": 4245.984764678517
    },
    "com.google.gson.functional.NamingPolicyTest-testGsonWithNonDefaultFieldNamingPolicyDeserialiation": {
        "energy": 41259,
        "duration": 1559665.7551020407,
        "dram": 5228.0,
        "iteration": 49,
        "stdev": 47578.20947384625
    },
    "com.google.gson.functional.ExposeFieldsTest-testExposedInterfaceFieldDeserialization": {
        "energy": 41016,
        "duration": 1641164.488372093,
        "dram": 3749.4883720930234,
        "iteration": 43,
        "stdev": 26933.413284307666
    },
    "com.google.gson.functional.CollectionTest-testSetDeserialization": {
        "energy": 40467,
        "duration": 1823429.1794871795,
        "dram": 3711.4358974358975,
        "iteration": 78,
        "stdev": 12871.593543322839
    },
    "com.google.gson.internal.UnsafeAllocatorInstantiationTest-testInterfaceInstantiation": {
        "energy": 39550,
        "duration": 1163439.6222222222,
        "dram": 3896.133333333333,
        "iteration": 45,
        "stdev": 21620.111455566344
    },
    "com.google.gson.functional.JsonAdapterAnnotationOnFieldsTest-testJsonAdapterWrappedInNullSafeAsRequested": {
        "energy": 36865,
        "duration": 1250725.378787879,
        "dram": 3662.2272727272725,
        "iteration": 66,
        "stdev": 24527.01334164441
    },
    "com.google.gson.functional.DefaultTypeAdaptersTest-testBigIntegerFieldDeserialization": {
        "energy": 39185,
        "duration": 754678.5277777778,
        "dram": 3240.1666666666665,
        "iteration": 36,
        "stdev": 4938.8402106712465
    },
    "com.google.gson.regression.JsonAdapterNullSafeTest-testNullSafeBugDeserialize": {
        "energy": 40528,
        "duration": 2247425.5208333335,
        "dram": 4899.416666666667,
        "iteration": 48,
        "stdev": 42248.14391965422
    },
    "com.google.gson.internal.UnsafeAllocatorInstantiationTest-testAbstractClassInstantiation": {
        "energy": 39734,
        "duration": 787359.3846153846,
        "dram": 2754.358974358974,
        "iteration": 39,
        "stdev": 8876.289312427938
    },