{
    "com.google.gson.functional.StreamingTypeAdaptersTest-testNullSafe": {
        "energy": 45408.063829787236,
        "duration": 1527656.4042553192,
        "dram": 3999.9893617021276,
        "iteration": 94,
        "stdev": 15196.39991577548
    },
    "com.google.gson.functional.ReadersWritersTest-testReadWriteTwoObjects": {
        "energy": 40878.15277777778,
        "duration": 1303513.8472222222,
        "dram": 3453.777777777778,
        "iteration": 72,
        "stdev": 10476.20266585672
    },
    "com.google.gson.functional.DefaultTypeAdaptersTest-testBitSetDeserialization": {
        "energy": 35011.348837209305,
        "duration": 829079.0697674418,
        "dram": 2556.5813953488373,
        "iteration": 43,
        "stdev": 3759.095226889607
    },
    "com.google.gson.JsonParserTest-testReadWriteTwoObjects": {
        "energy": 208976.53012048194,
        "duration": 6060902.602409638,
        "dram": 19756.939759036144,
        "iteration": 83,
        "stdev": 448929.7057181144
    },
    "com.google.gson.functional.ParameterizedTypesTest-testVariableTypeArrayDeserialization": {
        "energy": 41958.40625,
        "duration": 1436028.6666666667,
        "dram": 3732.28125,
        "iteration": 96,
        "stdev": 12107.213723109222
    },
    "com.google.gson.functional.TypeVariableTest-testBasicTypeVariables": {
        "energy": 37244.703125,
        "duration": 1070153.0,
        "dram": 3184.65625,
        "iteration": 64,
        "stdev": 4622.262215624535
    },
    "com.google.gson.functional.MapAsArrayTypeAdapterTest-testMultipleEnableComplexKeyRegistrationHasNoEffect": {
        "energy": 37546.71428571428,
        "duration": 1202631.988095238,
        "dram": 3222.6666666666665,
        "iteration": 84,
        "stdev": 5400.634119671303
    },
    "com.google.gson.functional.CollectionTest-testFieldIsArrayList": {
        "energy": 39610.885714285716,
        "duration": 1099732.5428571429,
        "dram": 3054.7428571428572,
        "iteration": 70,
        "stdev": 4871.126662114971
    },
    "com.google.gson.functional.TypeVariableTest-testAdvancedTypeVariables": {
        "energy": 148944.54545454544,
        "duration": 4204202.454545454,
        "dram": 13746.939393939394,
        "iteration": 99,
        "stdev": 344067.08395808464
    },
    "com.google.gson.functional.UncategorizedTest-testGsonInstanceReusableForSerializationAndDeserialization": {
        "energy": 39047.11363636364,
        "duration": 1006664.6818181818,
        "dram": 2907.681818181818,
        "iteration": 44,
        "stdev": 5582.60982962396
    },
    "com.google.gson.functional.ParameterizedTypesTest-testVariableTypeDeserialization": {
        "energy": 44282.75,
        "duration": 1510398.7916666667,
        "dram": 3857.9791666666665,
        "iteration": 96,
        "stdev": 19226.05068271086
    },
    "com.google.gson.functional.MapAsArrayTypeAdapterTest-testSerializeComplexMapWithTypeAdapter": {
        "energy": 188463.7373737374,
        "duration": 5401757.303030303,
        "dram": 16950.81818181818,
        "iteration": 99,
        "stdev": 364747.6463121512
    },
    "com.google.gson.functional.ParameterizedTypesTest-testParameterizedTypeGenericArraysDeserialization": {
        "energy": 41142.1030927835,
        "duration": 1464717.6701030927,
        "dram": 3785.783505154639,
        "iteration": 97,
        "stdev": 12729.276912339577
    },
    "com.google.gson.functional.EscapingTest-testGsonAcceptsEscapedAndNonEscapedJsonDeserialization": {
        "energy": 40028.822916666664,
        "duration": 1370241.2395833333,
        "dram": 3709.28125,
        "iteration": 96,
        "stdev": 10479.789608053125
    },
    "com.google.gson.functional.NamingPolicyTest-testComplexFieldNameStrategy": {
        "energy": 38845.637931034486,
        "duration": 1075480.896551724,
        "dram": 3045.551724137931,
        "iteration": 58,
        "stdev": 4619.391371681785
    },
    "com.google.gson.functional.EscapingTest-testEscapingObjectFields": {
        "energy": 68249.68965517242,
        "duration": 2197628.5,
        "dram": 6365.931034482759,
        "iteration": 58,
        "stdev": 53286.85986930806
    },
    "com.google.gson.functional.CustomTypeAdaptersTest-testRegisterHierarchyAdapterForDate": {
        "energy": 40523.606060606064,
        "duration": 1339749.121212121,
        "dram": 3579.3636363636365,
        "iteration": 66,
        "stdev": 10670.516997612016
    },
    "com.google.gson.functional.TypeAdapterPrecedenceTest-testNonstreamingHierarchicalFollowedByNonstreaming": {
        "energy": 36250.46428571428,
        "duration": 618850.9285714285,
        "dram": 3176.8928571428573,
        "iteration": 28,
        "stdev": 4042.395051046408
    },
    "com.google.gson.functional.TypeVariableTest-testTypeVariablesViaTypeParameter": {
        "energy": 45583.31182795699,
        "duration": 1511908.6559139786,
        "dram": 4060.967741935484,
        "iteration": 93,
        "stdev": 15140.020610473388
    },
    "com.google.gson.functional.TypeAdapterPrecedenceTest-testStreamingHierarchicalFollowedByNonstreamingHierarchical": {
        "energy": 37149.153846153844,
        "duration": 584750.5,
        "dram": 2413.153846153846,
        "iteration": 26,
        "stdev": 4980.5763621701735
    },
    "com.google.gson.functional.DefaultTypeAdaptersTest-testNullSerialization": {
        "energy": 557917.2323232323,
        "duration": 16424609.141414141,
        "dram": 53191.656565656565,
        "iteration": 99,
        "stdev": 121592.96121414598
    },
    "com.google.gson.functional.TypeHierarchyAdapterTest-testTypeHierarchy": {
        "energy": 186961.9595959596,
        "duration": 5395679.393939394,
        "dram": 16974.68686868687,
        "iteration": 99,
        "stdev": 255178.07328299704
    },
    "com.google.gson.functional.CollectionTest-testWildcardCollectionField": {
        "energy": 48492.265957446805,
        "duration": 1672911.8510638298,
        "dram": 4410.255319148936,
        "iteration": 94,
        "stdev": 15321.58691448777
    },
    "com.google.gson.functional.TypeAdapterPrecedenceTest-testNonstreamingFollowedByNonstreaming": {
        "energy": 207665.60824742267,
        "duration": 6079142.06185567,
        "dram": 18426.546391752578,
        "iteration": 97,
        "stdev": 459372.57181989437
    },
    "com.google.gson.functional.ParameterizedTypesTest-testVariableTypeFieldsAndGenericArraysDeserialization": {
        "energy": 61152.63265306123,
        "duration": 2083297.9387755103,
        "dram": 5435.326530612245,
        "iteration": 98,
        "stdev": 57335.29049504126
    },
    "com.google.gson.functional.TypeAdapterPrecedenceTest-testStreamingFollowedByNonstreamingHierarchical": {
        "energy": 36582.30303030303,
        "duration": 621543.4848484849,
        "dram": 2392.787878787879,
        "iteration": 33,
        "stdev": 4568.522607721619
    },
    "com.google.gson.functional.ParameterizedTypesTest-testParameterizedTypeWithVariableTypeDeserialization": {
        "energy": 39358.614583333336,
        "duration": 1387601.9270833333,
        "dram": 3637.09375,
        "iteration": 96,
        "stdev": 9837.151586767242
    },
    "com.google.gson.functional.TypeAdapterPrecedenceTest-testSerializeNonstreamingTypeAdapterFollowedByStreamingTypeAdapter": {
        "energy": 37935.357142857145,
        "duration": 657397.8928571428,
        "dram": 2860.035714285714,
        "iteration": 28,
        "stdev": 4008.263644507126
    },
    "com.google.gson.functional.EscapingTest-testGsonDoubleDeserialization": {
        "energy": 36282.357142857145,
        "duration": 823926.9047619047,
        "dram": 3047.2619047619046,
        "iteration": 42,
        "stdev": 4053.2278425814593
    },
    "com.google.gson.GsonTypeAdapterTest-testTypeAdapterProperlyConvertsTypes": {
        "energy": 39566.0,