{
    "com.google.gson.functional.ReadersWritersTest-testReadWriteTwoObjects": {
        "energy": 38940,
        "duration": 1353409.394736842,
        "dram": 3499.4473684210525,
        "iteration": 76,
        "stdev": 12110.476010783232
    },
    "com.google.gson.functional.TypeAdapterPrecedenceTest-testStreamingHierarchicalFollowedByNonstreaming": {
        "energy": 37354,
        "duration": 628455.4642857143,
        "dram": 3100.8571428571427,
        "iteration": 28,
        "stdev": 4289.520228363635
    },
    "com.google.gson.JsonParserTest-testReadWriteTwoObjects": {
        "energy": 42541,
        "duration": 4920451.697674419,
        "dram": 14354.581395348838,
        "iteration": 86,
        "stdev": 367863.1119444927
    },
    "com.google.gson.functional.ParameterizedTypesTest-testVariableTypeArrayDeserialization": {
        "energy": 39062,
        "duration": 1513031.2959183673,
        "dram": 4241.673469387755,
        "iteration": 98,
        "stdev": 15077.125850206236
    },
    "com.google.gson.functional.TypeVariableTest-testBasicTypeVariables": {
        "energy": 37415,
        "duration": 1026807.0793650794,
        "dram": 3205.0158730158732,
        "iteration": 63,
        "stdev": 5863.6471364236095
    },
    "com.google.gson.functional.CollectionTest-testFieldIsArrayList": {
        "energy": 38513,
        "duration": 1116487.8493150685,
        "dram": 3063.2876712328766,
        "iteration": 73,
        "stdev": 6407.446017623236
    },
    "com.google.gson.functional.TypeVariableTest-testAdvancedTypeVariables": {
        "energy": 75989,
        "duration": 4353634.525252526,
        "dram": 13508.676767676769,
        "iteration": 99,
        "stdev": 355159.19694412575
    },
    "com.google.gson.functional.UncategorizedTest-testGsonInstanceReusableForSerializationAndDeserialization": {
        "energy": 36804,
        "duration": 1118777.8727272728,
        "dram": 2808.2909090909093,
        "iteration": 55,
        "stdev": 5107.63774526537
    },
    "com.google.gson.functional.EscapingTest-testGsonDoubleDeserialization": {
        "energy": 37597,
        "duration": 877851.512195122,
        "dram": 2741.2926829268295,
        "iteration": 41,
        "stdev": 4306.374583100064
    },
    "com.google.gson.functional.ParameterizedTypesTest-testVariableTypeDeserialization": {
        "energy": 38696,
        "duration": 1505354.6082474226,
        "dram": 4176.762886597938,
        "iteration": 97,
        "stdev": 20476.95592813784
    },
    "com.google.gson.functional.MapAsArrayTypeAdapterTest-testSerializeComplexMapWithTypeAdapter": {
        "energy": 93261,
        "duration": 5907027.343434343,
        "dram": 18429.909090909092,
        "iteration": 99,
        "stdev": 381056.01223522937
    },
    "com.google.gson.functional.ParameterizedTypesTest-testParameterizedTypeGenericArraysDeserialization": {
        "energy": 38452,
        "duration": 1540307.1237113401,
        "dram": 3915.319587628866,
        "iteration": 97,
        "stdev": 20044.98835533675
    },
    "com.google.gson.functional.EscapingTest-testGsonAcceptsEscapedAndNonEscapedJsonDeserialization": {
        "energy": 38574,
        "duration": 1398187.629213483,
        "dram": 3552.9438202247193,
        "iteration": 89,
        "stdev": 11871.526617170774
    },
    "com.google.gson.functional.NamingPolicyTest-testComplexFieldNameStrategy": {
        "energy": 37049,
        "duration": 1124464.7391304348,
        "dram": 3279.086956521739,
        "iteration": 69,
        "stdev": 7274.917976528491
    },
    "com.google.gson.functional.EscapingTest-testEscapingObjectFields": {
        "energy": 40161,
        "duration": 1773347.1714285715,
        "dram": 4637.6,
        "iteration": 70,
        "stdev": 43486.536491825806
    },
    "com.google.gson.functional.CustomTypeAdaptersTest-testRegisterHierarchyAdapterForDate": {
        "energy": 39490,
        "duration": 1240426.9305555555,
        "dram": 3470.097222222222,
        "iteration": 72,
        "stdev": 8803.819278424151
    },
    "com.google.gson.functional.TypeVariableTest-testTypeVariablesViaTypeParameter": {
        "energy": 40466,
        "duration": 1445218.0,
        "dram": 3957.494845360825,
        "iteration": 97,
        "stdev": 14120.321956137106
    },
    "com.google.gson.functional.DefaultTypeAdaptersTest-testNullSerialization": {
        "energy": 521239,
        "duration": 16646902.878787879,
        "dram": 52311.83838383838,
        "iteration": 99,
        "stdev": 87373.81903976564
    },
    "com.google.gson.functional.TypeHierarchyAdapterTest-testTypeHierarchy": {
        "energy": 143372,
        "duration": 7384766.262626262,
        "dram": 24264.454545454544,
        "iteration": 99,
        "stdev": 425199.22346947377
    },
    "com.google.gson.functional.CollectionTest-testWildcardCollectionField": {
        "energy": 43334,
        "duration": 1738170.5257731958,
        "dram": 4367.134020618557,
        "iteration": 97,
        "stdev": 16173.11063408381
    },
    "com.google.gson.functional.TypeAdapterPrecedenceTest-testNonstreamingFollowedByNonstreaming": {
        "energy": 40710,
        "duration": 2785900.8673469387,
        "dram": 8146.102040816327,
        "iteration": 98,
        "stdev": 232525.48206552115
    },
    "com.google.gson.functional.ParameterizedTypesTest-testVariableTypeFieldsAndGenericArraysDeserialization": {
        "energy": 53588,
        "duration": 1944128.7777777778,
        "dram": 5103.515151515152,
        "iteration": 99,
        "stdev": 28910.689173354524
    },
    "com.google.gson.functional.ParameterizedTypesTest-testParameterizedTypeWithVariableTypeDeserialization": {
        "energy": 37841,
        "duration": 1438191.2959183673,
        "dram": 3931.4591836734694,
        "iteration": 98,
        "stdev": 12860.953236830208
    },
    "com.google.gson.functional.StreamingTypeAdaptersTest-testNullSafe": {
        "energy": 40405,
        "duration": 1612060.3711340206,
        "dram": 4096.948453608247,
        "iteration": 97,
        "stdev": 16790.81501830875
    },
    "com.google.gson.functional.DefaultTypeAdaptersTest-testBitSetDeserialization": {
        "energy": 34668,
        "duration": 754577.7567567568,
        "dram": 2716.7837837837837,
        "iteration": 37,
        "stdev": 3026.4159781421054
    },
    "com.google.gson.functional.MapAsArrayTypeAdapterTest-testMultipleEnableComplexKeyRegistrationHasNoEffect": {
        "energy": 36987,
        "duration": 1230619.2857142857,
        "dram": 3193.935064935065,
        "iteration": 77,
        "stdev": 7953.590779944749
    },
    "com.google.gson.functional.TypeAdapterPrecedenceTest-testNonstreamingHierarchicalFollowedByNonstreaming": {
        "energy": 37353,
        "duration": 621499.2580645161,
        "dram": 2975.1612903225805,
        "iteration": 31,
        "stdev": 4596.456030868181
    },
    "com.google.gson.GsonTypeAdapterTest-testTypeAdapterThrowsException": {
        "energy": 37903,
        "duration": 872472.4411764706,
        "dram": 2660.470588235294,
        "iteration": 34,
        "stdev": 7587.0659518542125
    },
    "com.google.gson.functional.TypeAdapterPrecedenceTest-testStreamingFollowedByStreaming": {
        "energy": 38086,
        "duration": 941232.3409090909,
        "dram": 3171.6136363636365,
        "iteration": 44,
        "stdev": 5960.237925937269
    },
    "com.google.gson.functional.TypeAdapterPrecedenceTest-testStreamingFollowedByNonstreamingHierarchical": {
        "energy": 38514,
        "duration": 556845.2608695652,
        "dram": 3100.1304347826085,
        "iteration": 23,
        "stdev": 4738.850105789566
    },
    "com.google.gson.JsonParserTest-testParseMixedArray": {
        "energy": 39306,
        "duration": 599801.2222222222,
        "dram": 2969.8888888888887,
        "iteration": 27,
        "stdev": 4706.866704384086
    },