{
    "com.google.gson.functional.PrimitiveTest-testDeserializeJsonArrayAsBigDecimal": {
        "energy": 39808.04347826087,
        "duration": 575747.5217391305,
        "dram": 2265.6521739130435,
        "iteration": 23,
        "stdev": 3861.8412535570205
    },
    "com.google.gson.functional.CustomTypeAdaptersTest-testCustomAdapterInvokedForMapElementDeserialization": {
        "energy": 38015.76119402985,
        "duration": 1086247.880597015,
        "dram": 3247.4626865671644,
        "iteration": 67,
        "stdev": 6829.967966292642
    },
    "com.google.gson.functional.MapTest-testMapDeserializationWithIntegerKeys": {
        "energy": 35994.89655172414,
        "duration": 896287.551724138,
        "dram": 2867.896551724138,
        "iteration": 58,
        "stdev": 4265.951341889335
    },
    "com.google.gson.functional.MapTest-testMapOfMapDeserialization": {
        "energy": 35229.96226415094,
        "duration": 857672.5660377359,
        "dram": 3150.867924528302,
        "iteration": 53,
        "stdev": 3882.6064089575048
    },
    "com.google.gson.functional.PrimitiveTest-testBigDecimalInfinityDeserializationNotSupported": {
        "energy": 39538.52,
        "duration": 584698.24,
        "dram": 2279.12,
        "iteration": 25,
        "stdev": 3412.2203342691687
    },
    "com.google.gson.functional.MapTest-testMapDeserializationWithNullKey": {
        "energy": 38244.74137931035,
        "duration": 971660.5689655172,
        "dram": 3034.1206896551726,
        "iteration": 58,
        "stdev": 5902.887605933875
    },
    "com.google.gson.functional.MapTest-testMapStandardSubclassDeserialization": {
        "energy": 36092.09523809524,
        "duration": 887175.3650793651,
        "dram": 2880.285714285714,
        "iteration": 63,
        "stdev": 4079.070364500808
    },
    "com.google.gson.GsonTypeAdapterTest-testDefaultTypeAdapterThrowsParseException": {
        "energy": 41706.705882352944,
        "duration": 1021760.7352941176,
        "dram": 3351.5,
        "iteration": 34,
        "stdev": 11153.63555219292
    },
    "com.google.gson.functional.TypeVariableTest-testAdvancedTypeVariables": {
        "energy": 259748.33333333334,
        "duration": 7652341.898989899,
        "dram": 23873.88888888889,
        "iteration": 99,
        "stdev": 513884.81262363866
    },
    "com.google.gson.functional.MapTest-testParameterizedMapSubclassDeserialization": {
        "energy": 36813.30107526882,
        "duration": 1240620.505376344,
        "dram": 3317.1720430107525,
        "iteration": 93,
        "stdev": 4607.178661738834
    },
    "com.google.gson.functional.MapTest-testMapSerializationWithNullValueButSerializeNulls": {
        "energy": 37787.93220338983,
        "duration": 980418.6610169491,
        "dram": 2944.6271186440677,
        "iteration": 59,
        "stdev": 4254.4227311193035
    },
    "com.google.gson.functional.MapTest-testMapSerializationWithWildcardValues": {
        "energy": 42149.32323232323,
        "duration": 1456244.1616161617,
        "dram": 3989.080808080808,
        "iteration": 99,
        "stdev": 15307.607361303857
    },
    "com.google.gson.functional.MapTest-testMapDeserialization": {
        "energy": 81121.36486486487,
        "duration": 2435531.4324324327,
        "dram": 7641.121621621622,
        "iteration": 74,
        "stdev": 69181.99232626754
    },
    "com.google.gson.functional.MapTest-testParameterizedMapSubclassSerialization": {
        "energy": 51721.93939393939,
        "duration": 1706597.9494949495,
        "dram": 4690.282828282829,
        "iteration": 99,
        "stdev": 19003.44722306885
    },
    "com.google.gson.functional.MapTest-testMapSerialization": {
        "energy": 119070.79166666667,
        "duration": 3667068.861111111,
        "dram": 10786.666666666666,
        "iteration": 72,
        "stdev": 135921.2003169828
    },
    "com.google.gson.functional.TypeVariableTest-testTypeVariablesViaTypeParameter": {
        "energy": 74346.1313131313,
        "duration": 2212783.3636363638,
        "dram": 6776.515151515152,
        "iteration": 99,
        "stdev": 34895.83514225855
    },
    "com.google.gson.functional.MapTest-testMapDeserializationWithWildcardValues": {
        "energy": 35477.35384615385,
        "duration": 860252.0307692308,
        "dram": 2702.6615384615384,
        "iteration": 65,
        "stdev": 3135.3407834937257
    },
    "com.google.gson.functional.MapTest-testMapDeserializationEmpty": {
        "energy": 38465.5873015873,
        "duration": 948877.9841269841,
        "dram": 2658.6507936507937,
        "iteration": 63,
        "stdev": 3844.57125660851
    },
    "com.google.gson.functional.DefaultTypeAdaptersTest-testPropertiesSerialization": {
        "energy": 38052.96153846154,
        "duration": 618503.5384615385,
        "dram": 2199.730769230769,
        "iteration": 26,
        "stdev": 4225.840721822467
    },
    "com.google.gson.functional.MapTest-testMapSerializationWithNullValue": {
        "energy": 37891.80357142857,
        "duration": 972851.6964285715,
        "dram": 3075.5535714285716,
        "iteration": 56,
        "stdev": 4577.8152946716955
    },
    "com.google.gson.functional.DefaultTypeAdaptersTest-testBadValueForBigDecimalDeserialization": {
        "energy": 36996.58974358974,
        "duration": 777828.4102564103,
        "dram": 2412.4358974358975,
        "iteration": 39,
        "stdev": 4249.649848127453
    },
    "com.google.gson.functional.MapTest-testSerializeMaps": {
        "energy": 35035.35294117647,
        "duration": 841371.6078431372,
        "dram": 2825.901960784314,
        "iteration": 51,
        "stdev": 2958.4098459491706
    },
    "com.google.gson.functional.PrettyPrintingTest-testEmptyMapField": {
        "energy": 46278.083333333336,
        "duration": 1379585.5972222222,
        "dram": 3877.0416666666665,
        "iteration": 72,
        "stdev": 25846.858920352606
    },
    "com.google.gson.functional.PrimitiveTest-testBigDecimalPreservePrecisionDeserialization": {
        "energy": 37740.692307692305,
        "duration": 574176.5384615385,
        "dram": 2466.230769230769,
        "iteration": 26,
        "stdev": 3381.6425545678103
    },
    "com.google.gson.functional.PrimitiveTest-testBigIntegerDeserialization": {
        "energy": 38175.425531914894,
        "duration": 778768.7021276596,
        "dram": 2907.0,
        "iteration": 47,
        "stdev": 3726.2543896477864
    },
    "com.google.gson.functional.CustomTypeAdaptersTest-testCustomAdapterInvokedForMapElementSerializationWithType": {
        "energy": 37988.13846153846,
        "duration": 1148859.7538461538,
        "dram": 3230.3846153846152,
        "iteration": 65,
        "stdev": 6896.358907483601
    },
    "com.google.gson.functional.MapTest-testMapSerializationEmpty": {
        "energy": 39143.41379310345,
        "duration": 919544.3965517242,
        "dram": 3158.293103448276,
        "iteration": 58,
        "stdev": 4367.42179147347
    },
    "com.google.gson.functional.CustomTypeAdaptersTest-testCustomAdapterInvokedForMapElementSerialization": {
        "energy": 36789.333333333336,
        "duration": 707295.303030303,
        "dram": 2487.909090909091,
        "iteration": 33,
        "stdev": 4182.4480917763985
    },
    "com.google.gson.functional.MapTest-testReadMapsWithEmptyStringKey": {
        "energy": 34979.175,
        "duration": 780895.075,
        "dram": 2830.1,
        "iteration": 40,
        "stdev": 3376.0136247318374
    },
    "com.google.gson.functional.PrettyPrintingTest-testMap": {
        "energy": 38359.354838709674,
        "duration": 705800.7419354839,
        "dram": 3302.2903225806454,
        "iteration": 31,
        "stdev": 5627.453469510773
    },
    "com.google.gson.functional.MapTest-testMapDeserializationWithNullValue": {
        "energy": 38323.02857142857,
        "duration": 918793.5857142857,