{
    "com.google.gson.functional.ReadersWritersTest-testReadWriteTwoObjects": {
        "energy": 46835.765432098764,
        "duration": 1397115.4567901234,
        "dram": 4104.197530864198,
        "iteration": 81,
        "stdev": 17310.038627647744
    },
    "com.google.gson.JsonParserTest-testReadWriteTwoObjects": {
        "energy": 252263.7032967033,
        "duration": 7405641.857142857,
        "dram": 23801.021978021978,
        "iteration": 91,
        "stdev": 683192.4708662885
    },
    "com.google.gson.functional.StringTest-testEscapedCtrlNInStringDeserialization": {
        "energy": 39133.583333333336,
        "duration": 544728.125,
        "dram": 2507.2916666666665,
        "iteration": 24,
        "stdev": 5126.3336550653385
    },
    "com.google.gson.functional.NamingPolicyTest-testGsonWithLowerCaseDashPolicyDeserialiation": {
        "energy": 38121.32258064516,
        "duration": 733776.6774193548,
        "dram": 2706.0967741935483,
        "iteration": 31,
        "stdev": 5605.007164607068
    },
    "com.google.gson.functional.StringTest-testStringWithEscapedSlashDeserialization": {
        "energy": 38362.6,
        "duration": 498540.6666666667,
        "dram": 2786.6666666666665,
        "iteration": 15,
        "stdev": 4722.541544549926
    },
    "com.google.gson.functional.MapTest-testMapStandardSubclassDeserialization": {
        "energy": 47377.80281690141,
        "duration": 1340614.7464788733,
        "dram": 4404.845070422535,
        "iteration": 71,
        "stdev": 23132.332958479645
    },
    "com.google.gson.functional.TypeVariableTest-testAdvancedTypeVariables": {
        "energy": 169360.52525252526,
        "duration": 5067750.121212121,
        "dram": 15256.59595959596,
        "iteration": 99,
        "stdev": 395566.0494007442
    },
    "com.google.gson.functional.ParameterizedTypesTest-testParameterizedTypeWithReaderDeserialization": {
        "energy": 41309.0641025641,
        "duration": 1289470.2307692308,
        "dram": 3533.858974358974,
        "iteration": 78,
        "stdev": 12016.294336142648
    },
    "com.google.gson.GsonTypeAdapterTest-testTypeAdapterDoesNotAffectNonAdaptedTypes": {
        "energy": 47713.1,
        "duration": 972621.3,
        "dram": 3022.1666666666665,
        "iteration": 30,
        "stdev": 35848.44158895427
    },
    "com.google.gson.functional.EscapingTest-testGsonDoubleDeserialization": {
        "energy": 40436.20338983051,
        "duration": 963494.9152542372,
        "dram": 3230.7966101694915,
        "iteration": 59,
        "stdev": 6093.980179915984
    },
    "com.google.gson.functional.InheritanceTest-testSubClassDeserialization": {
        "energy": 44593.15,
        "duration": 1216625.8166666667,
        "dram": 3968.0333333333333,
        "iteration": 60,
        "stdev": 12344.972635078351
    },
    "com.google.gson.functional.InstanceCreatorTest-testInstanceCreatorReturnsBaseType": {
        "energy": 132777.12,
        "duration": 3874807.6,
        "dram": 12233.706666666667,
        "iteration": 75,
        "stdev": 385959.5257363292
    },
    "com.google.gson.functional.JsonParserTest-testChangingCustomTreeAndDeserializing": {
        "energy": 45349.0,
        "duration": 1096656.396551724,
        "dram": 3679.310344827586,
        "iteration": 58,
        "stdev": 15631.008783383333
    },
    "com.google.gson.functional.NamingPolicyTest-testGsonWithUpperCamelCaseSpacesPolicyDeserialiation": {
        "energy": 39860.17857142857,
        "duration": 653929.5,
        "dram": 3020.714285714286,
        "iteration": 28,
        "stdev": 5853.931402140734
    },
    "com.google.gson.CommentsTest-testParseComments": {
        "energy": 181284.51428571428,
        "duration": 5198152.571428572,
        "dram": 16288.8,
        "iteration": 70,
        "stdev": 524649.867904593
    },
    "com.google.gson.functional.NamingPolicyTest-testGsonWithNonDefaultFieldNamingPolicyDeserialiation": {
        "energy": 39151.8,
        "duration": 831751.3333333334,
        "dram": 3012.5666666666666,
        "iteration": 30,
        "stdev": 6184.515887278486
    },
    "com.google.gson.functional.EscapingTest-testGsonAcceptsEscapedAndNonEscapedJsonDeserialization": {
        "energy": 53141.629213483146,
        "duration": 1500825.6179775281,
        "dram": 4490.831460674157,
        "iteration": 89,
        "stdev": 20063.583679791616
    },
    "com.google.gson.functional.ParameterizedTypesTest-testParameterizedTypeDeserialization": {
        "energy": 56756.151162790695,
        "duration": 1853727.3023255814,
        "dram": 5098.790697674419,
        "iteration": 86,
        "stdev": 49175.64224087706
    },
    "com.google.gson.functional.EscapingTest-testEscapingObjectFields": {
        "energy": 59911.805555555555,
        "duration": 1627554.8333333333,
        "dram": 5254.180555555556,
        "iteration": 72,
        "stdev": 46025.2465397582
    },
    "com.google.gson.functional.SecurityTest-testJsonWithNonExectuableTokenWithConfiguredGsonDeserialization": {
        "energy": 39315.37142857143,
        "duration": 751676.2857142857,
        "dram": 3243.9714285714285,
        "iteration": 35,
        "stdev": 4708.478675057304
    },
    "com.google.gson.functional.ObjectTest-testObjectFieldNamesWithoutQuotesDeserialization": {
        "energy": 38446.91428571429,
        "duration": 692172.9714285714,
        "dram": 3075.342857142857,
        "iteration": 35,
        "stdev": 4274.800054615277
    },
    "com.google.gson.internal.bind.MiniGsonTest-testDeserialize": {
        "energy": 41372.21568627451,
        "duration": 1001619.6470588235,
        "dram": 3387.5882352941176,
        "iteration": 51,
        "stdev": 10866.17172031807
    },
    "com.google.gson.functional.TypeVariableTest-testTypeVariablesViaTypeParameter": {
        "energy": 60036.15625,
        "duration": 1783932.0833333333,
        "dram": 5211.75,
        "iteration": 96,
        "stdev": 26591.14545112093
    },
    "com.google.gson.functional.ObjectTest-testArrayOfObjectsDeserialization": {
        "energy": 38624.02272727273,
        "duration": 811279.4772727273,
        "dram": 2825.6136363636365,
        "iteration": 44,
        "stdev": 4471.426467982492
    },
    "com.google.gson.functional.SecurityTest-testJsonWithNonExectuableTokenWithRegularGsonDeserialization": {
        "energy": 81294.19512195123,
        "duration": 2153474.951219512,
        "dram": 6759.975609756098,
        "iteration": 41,
        "stdev": 249535.11803685914
    },
    "com.google.gson.functional.ObjectTest-testTruncatedDeserialization": {
        "energy": 43196.45,
        "duration": 1118043.4666666666,
        "dram": 3716.0666666666666,
        "iteration": 60,
        "stdev": 13192.592471313843
    },
    "com.google.gson.functional.ReadersWritersTest-testReadWriteTwoStrings": {
        "energy": 41852.77647058824,
        "duration": 1227254.517647059,
        "dram": 3565.752941176471,
        "iteration": 85,
        "stdev": 10873.261661608227
    },
    "com.google.gson.functional.CollectionTest-testWildcardCollectionField": {
        "energy": 56133.56842105263,
        "duration": 1672827.5789473683,
        "dram": 4762.494736842105,
        "iteration": 95,
        "stdev": 23324.177492420826
    },
    "com.google.gson.functional.InternationalizationTest-testStringsWithUnicodeChineseCharactersEscapedDeserialization": {
        "energy": 41725.84,
        "duration": 604591.8,
        "dram": 1791.4,
        "iteration": 25,
        "stdev": 4221.216797843958
    },
    "com.google.gson.functional.EscapingTest-testEscapingQuotesInStringArray": {
        "energy": 72636.43589743589,
        "duration": 1909130.5897435897,
        "dram": 6009.358974358975,
        "iteration": 39,
        "stdev": 78714.16100979963
    },
    "com.google.gson.functional.ObjectTest-testNestedDeserialization": {
        "energy": 44541.357142857145,