{
    "com.google.gson.functional.DefaultTypeAdaptersTest-testTreeSetDeserialization": {
        "energy": 37015.897959183676,
        "duration": 947651.0612244898,
        "dram": 3109.061224489796,
        "iteration": 49,
        "stdev": 3770.236463351825
    },
    "com.google.gson.functional.CollectionTest-testNullsInListDeserialization": {
        "energy": 38103.1320754717,
        "duration": 823086.3962264151,
        "dram": 3001.0943396226417,
        "iteration": 53,
        "stdev": 4645.155589886541
    },
    "com.google.gson.JsonParserTest-testReadWriteTwoObjects": {
        "energy": 202297.76136363635,
        "duration": 6158311.136363637,
        "dram": 19017.386363636364,
        "iteration": 88,
        "stdev": 584227.2712176392
    },
    "com.google.gson.functional.StringTest-testEscapedCtrlNInStringDeserialization": {
        "energy": 41086.0,
        "duration": 488723.2105263158,
        "dram": 2420.5789473684213,
        "iteration": 19,
        "stdev": 4855.382081555966
    },
    "com.google.gson.functional.MapTest-testMapOfMapDeserialization": {
        "energy": 40632.018867924526,
        "duration": 859297.7924528302,
        "dram": 2940.490566037736,
        "iteration": 53,
        "stdev": 4167.481360058669
    },
    "com.google.gson.functional.CollectionTest-testCollectionOfStringsDeserialization": {
        "energy": 38443.54,
        "duration": 826463.6,
        "dram": 3053.24,
        "iteration": 50,
        "stdev": 4922.230600896306
    },
    "com.google.gson.functional.MapTest-testMapStandardSubclassDeserialization": {
        "energy": 43393.48684210526,
        "duration": 1134463.5,
        "dram": 3843.1052631578946,
        "iteration": 76,
        "stdev": 16018.488075455532
    },
    "com.google.gson.functional.TypeVariableTest-testAdvancedTypeVariables": {
        "energy": 186889.797979798,
        "duration": 5250896.95959596,
        "dram": 16852.11111111111,
        "iteration": 99,
        "stdev": 441539.03902240377
    },
    "com.google.gson.functional.ParameterizedTypesTest-testParameterizedTypeWithReaderDeserialization": {
        "energy": 41039.48809523809,
        "duration": 1266305.3095238095,
        "dram": 3441.2976190476193,
        "iteration": 84,
        "stdev": 12672.034054688762
    },
    "com.google.gson.functional.EscapingTest-testGsonDoubleDeserialization": {
        "energy": 39771.63636363636,
        "duration": 919424.9090909091,
        "dram": 2976.018181818182,
        "iteration": 55,
        "stdev": 5886.115831077358
    },
    "com.google.gson.functional.InheritanceTest-testSubClassDeserialization": {
        "energy": 41892.106060606064,
        "duration": 1072845.5909090908,
        "dram": 3210.969696969697,
        "iteration": 66,
        "stdev": 10278.870055116138
    },
    "com.google.gson.functional.InstanceCreatorTest-testInstanceCreatorReturnsBaseType": {
        "energy": 230344.39726027398,
        "duration": 6762697.657534246,
        "dram": 20861.23287671233,
        "iteration": 73,
        "stdev": 593396.2760232547
    },
    "com.google.gson.functional.JsonParserTest-testChangingCustomTreeAndDeserializing": {
        "energy": 42386.18032786885,
        "duration": 1132506.6065573771,
        "dram": 3667.27868852459,
        "iteration": 61,
        "stdev": 11584.43371123961
    },
    "com.google.gson.functional.NamingPolicyTest-testGsonWithUpperCamelCaseSpacesPolicyDeserialiation": {
        "energy": 38292.206896551725,
        "duration": 669664.4137931034,
        "dram": 2524.0689655172414,
        "iteration": 29,
        "stdev": 3673.181721232128
    },
    "com.google.gson.functional.ReadersWritersTest-testReaderForDeserialization": {
        "energy": 41921.80434782609,
        "duration": 853039.195652174,
        "dram": 3573.586956521739,
        "iteration": 46,
        "stdev": 7874.5672030679425
    },
    "com.google.gson.functional.StringTest-testJavascriptKeywordsInStringDeserialization": {
        "energy": 38150.470588235294,
        "duration": 438014.0588235294,
        "dram": 2632.529411764706,
        "iteration": 17,
        "stdev": 6275.503936808554
    },
    "com.google.gson.functional.EscapingTest-testGsonAcceptsEscapedAndNonEscapedJsonDeserialization": {
        "energy": 51561.942528735635,
        "duration": 1561152.1379310344,
        "dram": 4297.183908045977,
        "iteration": 87,
        "stdev": 24781.50270060606
    },
    "com.google.gson.functional.ParameterizedTypesTest-testParameterizedTypeDeserialization": {
        "energy": 64534.58139534884,
        "duration": 2038303.6511627906,
        "dram": 5910.825581395349,
        "iteration": 86,
        "stdev": 52871.80728047642
    },
    "com.google.gson.functional.SecurityTest-testJsonWithNonExectuableTokenWithConfiguredGsonDeserialization": {
        "energy": 39805.5,
        "duration": 846109.55,
        "dram": 3154.075,
        "iteration": 40,
        "stdev": 9008.482652478164
    },
    "com.google.gson.functional.ObjectTest-testObjectFieldNamesWithoutQuotesDeserialization": {
        "energy": 38947.0,
        "duration": 688509.0555555555,
        "dram": 2654.1944444444443,
        "iteration": 36,
        "stdev": 3414.5774750814094
    },
    "com.google.gson.functional.TypeVariableTest-testTypeVariablesViaTypeParameter": {
        "energy": 64033.375,
        "duration": 1866901.75,
        "dram": 5684.21875,
        "iteration": 96,
        "stdev": 28008.592255045147
    },
    "com.google.gson.functional.ObjectTest-testArrayOfObjectsDeserialization": {
        "energy": 38460.39215686275,
        "duration": 893486.8431372549,
        "dram": 2842.7843137254904,
        "iteration": 51,
        "stdev": 4654.508706318357
    },
    "com.google.gson.functional.SecurityTest-testJsonWithNonExectuableTokenWithRegularGsonDeserialization": {
        "energy": 40485.5,
        "duration": 808082.1052631579,
        "dram": 2998.3947368421054,
        "iteration": 38,
        "stdev": 4969.2761823343835
    },
    "com.google.gson.functional.ObjectTest-testTruncatedDeserialization": {
        "energy": 44934.757575757576,
        "duration": 1168203.9696969697,
        "dram": 3781.590909090909,
        "iteration": 66,
        "stdev": 13477.281337282411
    },
    "com.google.gson.functional.ReadersWritersTest-testReadWriteTwoStrings": {
        "energy": 41792.693333333336,
        "duration": 1252790.3866666667,
        "dram": 3743.4133333333334,
        "iteration": 75,
        "stdev": 10814.042225394825
    },
    "com.google.gson.functional.CollectionTest-testWildcardCollectionField": {
        "energy": 52067.927835051545,
        "duration": 1620460.6701030927,
        "dram": 4437.494845360825,
        "iteration": 97,
        "stdev": 22446.25446689782
    },
    "com.google.gson.functional.ArrayTest-testMultidimenstionalArraysDeserialization": {
        "energy": 41933.56,
        "duration": 527499.92,
        "dram": 2647.56,
        "iteration": 25,
        "stdev": 4566.17015083757
    },
    "com.google.gson.functional.ObjectTest-testJsonInSingleQuotesDeserialization": {
        "energy": 74062.3488372093,
        "duration": 1935204.7906976745,
        "dram": 5904.790697674419,
        "iteration": 43,
        "stdev": 102691.98232938527
    },
    "com.google.gson.functional.ObjectTest-testNestedDeserialization": {
        "energy": 40001.137931034486,
        "duration": 960070.775862069,
        "dram": 3006.5,
        "iteration": 58,
        "stdev": 6015.463130186254
    },
    "com.google.gson.functional.NamingPolicyTest-testGsonWithLowerCaseUnderscorePolicyDeserialiation": {
        "energy": 38872.14705882353,
        "duration": 756746.1470588235,
        "dram": 2838.5882352941176,
        "iteration": 34,
        "stdev": 4893.932715061597
    },
    "com.google.gson.functional.ObjectTest-testJsonInMixedQuotesDeserialization": {
        "energy": 39322.2,