{
    "com.google.gson.functional.PrimitiveTest-testNumberDeserialization": {
        "energy": 1606258,
        "duration": 51144116.222222224,
        "dram": 153472.66666666666,
        "iteration": 9,
        "stdev": 187241.1587291825
    },
    "com.google.gson.JavaSerializationTest-testNumberIsSerializable": {
        "energy": 1318600,
        "duration": 38300662.88888889,
        "dram": 117687.77777777778,
        "iteration": 9,
        "stdev": 110987.89103866185
    }
}