{
    "com.google.gson.functional.EscapingTest-testGsonAcceptsEscapedAndNonEscapedJsonDeserialization": {
        "energy": 114265.23850800967,
        "duration": 3747666.461281497,
        "dram": 10360.144250357662,
        "iteration": 94
    },
    "com.google.gson.functional.NamingPolicyTest-testComplexFieldNameStrategy": {
        "energy": 649369.9950735446,
        "duration": 20255265.217582062,
        "dram": 60559.52076319826,
        "iteration": 99
    },
    "com.google.gson.functional.EscapingTest-testEscapingObjectFields": {
        "energy": 38132.217187754875,
        "duration": 1128573.6242324784,
        "dram": 3019.8346426840853,
        "iteration": 90
    },
    "com.google.gson.functional.EscapingTest-testEscapingQuotesInStringArray": {
        "energy": 38544.7023164743,
        "duration": 1419999.1385810513,
        "dram": 2849.842797669406,
        "iteration": 78
    },
    "com.google.gson.functional.EscapingTest-testGsonDoubleDeserialization": {
        "energy": 37996.08682351459,
        "duration": 907673.1105212348,
        "dram": 1009.4238052009955,
        "iteration": 63
    },
    "com.google.gson.functional.StringTest-testSingleQuoteInStringSerialization": {
        "energy": 89842.00838358633,
        "duration": 3019026.4359651394,
        "dram": 7431.782099681377,
        "iteration": 48
    },
    "com.google.gson.functional.StringTest-testEscapingQuotesInStringSerialization": {
        "energy": 40757.37886822224,
        "duration": 1138637.16572617,
        "dram": 3881.4316768348217,
        "iteration": 28
    }
}