{
    "com.google.gson.functional.StringTest-testEscapingQuotesInStringSerialization": {
        "energy": 33830.12867882289,
        "duration": 712323.458433127,
        "dram": 525.2057976014912,
        "iteration": 29
    },
    "com.google.gson.functional.StringTest-testSingleQuoteInStringSerialization": {
        "energy": 106089.05357764548,
        "duration": 5044961.737941338,
        "dram": 12495.609083232532,
        "iteration": 53
    },
    "com.google.gson.functional.EscapingTest-testGsonDoubleDeserialization": {
        "energy": 36339.58799285734,
        "duration": 1024331.9501472272,
        "dram": 2442.3444394950698,
        "iteration": 63
    },
    "com.google.gson.functional.EscapingTest-testGsonAcceptsEscapedAndNonEscapedJsonDeserialization": {
        "energy": 56997.19298529077,
        "duration": 1758093.4494851322,
        "dram": 3798.3769303112977,
        "iteration": 92
    },
    "com.google.gson.functional.NamingPolicyTest-testComplexFieldNameStrategy": {
        "energy": 586123.4079210167,
        "duration": 17410317.562641345,
        "dram": 55704.91563555868,
        "iteration": 99
    },
    "com.google.gson.functional.EscapingTest-testEscapingObjectFields": {
        "energy": 55383.23054173164,
        "duration": 2193245.1382116536,
        "dram": 5608.05538194994,
        "iteration": 90
    },
    "com.google.gson.functional.EscapingTest-testEscapingQuotesInStringArray": {
        "energy": 129559.2523359516,
        "duration": 4980055.821924994,
        "dram": 13391.157895109574,
        "iteration": 76
    }
}