{
    "com.google.gson.functional.NamingPolicyTest-testGsonWithUpperCamelCaseSpacesPolicyDeserialiation": {
        "energy": 195462.69865611827,
        "duration": 5962372.058979352,
        "dram": 17761.460890509665,
        "iteration": 76
    },
    "com.google.gson.functional.NamingPolicyTest-testGsonWithNonDefaultFieldNamingPolicyDeserialiation": {
        "energy": 403180.07759020117,
        "duration": 11540483.000620607,
        "dram": 32396.257318849992,
        "iteration": 70
    },
    "com.google.gson.functional.NamingPolicyTest-testGsonWithUpperCamelCaseSpacesPolicySerialiation": {
        "energy": 1051613.4831790049,
        "duration": 32199750.984941475,
        "dram": 94565.42528294219,
        "iteration": 71
    },
    "com.google.gson.functional.NamingPolicyTest-testGsonWithNonDefaultFieldNamingPolicySerialization": {
        "energy": 36053.80237275541,
        "duration": 867123.6567755617,
        "dram": 1228.1272103904162,
        "iteration": 63
    }
}