{
    "com.google.gson.functional.NamingPolicyTest-testGsonWithUpperCamelCaseSpacesPolicyDeserialiation": {
        "energy": 49676.21682048565,
        "duration": 1491384.5115219546,
        "dram": 4740.772035066072,
        "iteration": 77
    },
    "com.google.gson.functional.NamingPolicyTest-testGsonWithNonDefaultFieldNamingPolicyDeserialiation": {
        "energy": 1114049.6676238026,
        "duration": 34774708.0653958,
        "dram": 101078.9640092351,
        "iteration": 69
    },
    "com.google.gson.functional.NamingPolicyTest-testGsonWithNonDefaultFieldNamingPolicySerialization": {
        "energy": 512013.94025317446,
        "duration": 15200369.40935785,
        "dram": 46713.781656619554,
        "iteration": 61
    },
    "com.google.gson.functional.NamingPolicyTest-testGsonWithUpperCamelCaseSpacesPolicySerialiation": {
        "energy": 236070.29957225535,
        "duration": 7008161.009715372,
        "dram": 20151.006351070802,
        "iteration": 73
    }
}