{
    "com.google.gson.functional.NamingPolicyTest-testGsonWithNonDefaultFieldNamingPolicyDeserialiation": {
        "energy": 1138486,
        "duration": 20917313.614285715,
        "dram": 63861.68571428571,
        "iteration": 70,
        "stdev": 611065.8131733274
    },
    "com.google.gson.functional.NamingPolicyTest-testGsonWithUpperCamelCaseSpacesPolicySerialiation": {
        "energy": 38879,
        "duration": 17981770.33802817,
        "dram": 55309.47887323944,
        "iteration": 71,
        "stdev": 640217.224623739
    },
    "com.google.gson.functional.NamingPolicyTest-testGsonWithUpperCamelCaseSpacesPolicyDeserialiation": {
        "energy": 70312,
        "duration": 6925623.118421053,
        "dram": 20835.197368421053,
        "iteration": 76,
        "stdev": 413581.600853915
    },
    "com.google.gson.functional.NamingPolicyTest-testGsonWithNonDefaultFieldNamingPolicySerialization": {
        "energy": 37658,
        "duration": 11524465.285714285,
        "dram": 35089.95238095238,
        "iteration": 63,
        "stdev": 561720.0798798089
    }
}