{
    "com.google.gson.functional.NamingPolicyTest-testGsonWithNonDefaultFieldNamingPolicySerialization": {
        "energy": 39245,
        "duration": 16122871.131147541,
        "dram": 49497.24590163935,
        "iteration": 61,
        "stdev": 606581.1481284732
    },
    "com.google.gson.functional.NamingPolicyTest-testGsonWithUpperCamelCaseSpacesPolicyDeserialiation": {
        "energy": 67749,
        "duration": 6764809.363636363,
        "dram": 19551.428571428572,
        "iteration": 77,
        "stdev": 404949.9139354219
    },
    "com.google.gson.functional.NamingPolicyTest-testGsonWithNonDefaultFieldNamingPolicyDeserialiation": {
        "energy": 38879,
        "duration": 15261261.231884059,
        "dram": 45690.68115942029,
        "iteration": 69,
        "stdev": 599972.4895116055
    },
    "com.google.gson.functional.NamingPolicyTest-testGsonWithUpperCamelCaseSpacesPolicySerialiation": {
        "energy": 1153134,
        "duration": 20634232.328767125,
        "dram": 63826.50684931507,
        "iteration": 73,
        "stdev": 631595.8918873358
    }
}