{
    "com.google.gson.functional.JsonAdapterAnnotationOnClassesTest-testJsonAdapterInvoked": {
        "energy": 721769.1515151515,
        "duration": 19990509.484848484,
        "dram": 69088.59595959596,
        "iteration": 99,
        "stdev": 840779.7093939128
    },
    "com.google.gson.functional.RuntimeTypeAdapterFactoryFunctionalTest-testSubclassesAutomaticallySerialzed": {
        "energy": 407789.0505050505,
        "duration": 12493805.707070706,
        "dram": 41629.878787878784,
        "iteration": 99,
        "stdev": 276349.7954477762
    },
    "com.google.gson.functional.JsonAdapterAnnotationOnFieldsTest-testClassAnnotationAdapterFactoryTakesPrecedenceOverDefault": {
        "energy": 88028.6836734694,
        "duration": 2900726.897959184,
        "dram": 8853.091836734693,
        "iteration": 98,
        "stdev": 284444.6840976648
    },
    "com.google.gson.functional.JsonAdapterAnnotationOnFieldsTest-testClassAnnotationAdapterTakesPrecedenceOverDefault": {
        "energy": 291628.89285714284,
        "duration": 8173518.988095238,
        "dram": 28010.071428571428,
        "iteration": 84,
        "stdev": 650854.2296452011
    },
    "com.google.gson.functional.JsonAdapterAnnotationOnClassesTest-testRegisteredSerializerOverridesJsonAdapter": {
        "energy": 56485.15151515151,
        "duration": 1988881.797979798,
        "dram": 5668.727272727273,
        "iteration": 99,
        "stdev": 19766.571476782214
    },
    "com.google.gson.functional.JsonAdapterAnnotationOnClassesTest-testIncorrectTypeAdapterFails": {
        "energy": 35318.40909090909,
        "duration": 868037.2045454546,
        "dram": 2946.659090909091,
        "iteration": 44,
        "stdev": 3846.3507399173586
    },
    "com.google.gson.functional.JsonAdapterAnnotationOnClassesTest-testJsonAdapterFactoryInvoked": {
        "energy": 101833.64893617021,
        "duration": 3081826.340425532,
        "dram": 10053.329787234043,
        "iteration": 94,
        "stdev": 342135.304306635
    },
    "com.google.gson.functional.JsonAdapterAnnotationOnFieldsTest-testFieldAnnotationTakesPrecedenceOverClassAnnotation": {
        "energy": 57893.606060606064,
        "duration": 1810862.1515151516,
        "dram": 5322.272727272727,
        "iteration": 66,
        "stdev": 181774.68532381533
    },
    "com.google.gson.functional.JsonAdapterAnnotationOnFieldsTest-testJsonAdapterInvokedOnlyForAnnotatedFields": {
        "energy": 158261.4,
        "duration": 4578863.3625,
        "dram": 14838.8625,
        "iteration": 80,
        "stdev": 453987.4504511001
    },
    "com.google.gson.functional.JsonAdapterAnnotationOnFieldsTest-testFieldAnnotationTakesPrecedenceOverRegisteredTypeAdapter": {
        "energy": 42628.8969072165,
        "duration": 1550413.1546391752,
        "dram": 4166.18556701031,
        "iteration": 97,
        "stdev": 15385.323918997112
    },
    "com.google.gson.functional.JsonAdapterAnnotationOnClassesTest-testRegisteredDeserializerOverridesJsonAdapter": {
        "energy": 36819.32894736842,
        "duration": 1281436.2368421052,
        "dram": 3530.8947368421054,
        "iteration": 76,
        "stdev": 9210.813103984385
    }
}