{
    "com.google.gson.functional.StreamingTypeAdaptersTest-testFromJsonTree": {
        "energy": 79300.72621757656,
        "duration": 2870766.133447163,
        "dram": 7831.195999158639,
        "iteration": 40
    },
    "com.google.gson.functional.JsonParserTest-testBadTypeForDeserializingCustomTree": {
        "energy": 39802.19758385805,
        "duration": 816029.2056003399,
        "dram": 3032.019487807884,
        "iteration": 42
    },
    "com.google.gson.internal.bind.JsonElementReaderTest-testLenientNansAndInfinities": {
        "energy": 96141.41634034256,
        "duration": 2383140.766621977,
        "dram": 6644.140294638141,
        "iteration": 44
    },
    "com.google.gson.functional.RuntimeTypeAdapterFactoryFunctionalTest-testSubclassesAutomaticallySerialzed": {
        "energy": 155890.26957403222,
        "duration": 4167095.9706705506,
        "dram": 13877.452132894827,
        "iteration": 99
    },
    "com.google.gson.internal.bind.JsonElementReaderTest-testArray": {
        "energy": 33936.43219089508,
        "duration": 712573.0857915878,
        "dram": 2373.5812923908234,
        "iteration": 22
    },
    "com.google.gson.internal.bind.JsonElementReaderTest-testObject": {
        "energy": 33323.3931030035,
        "duration": 560039.1899205446,
        "dram": 389.1322796344757,
        "iteration": 23
    },
    "com.google.gson.internal.bind.JsonElementReaderTest-testNumbersFromStrings": {
        "energy": 36884.50411579758,
        "duration": 681394.6753382757,
        "dram": 3381.4652317911386,
        "iteration": 27
    },
    "com.google.gson.internal.bind.JsonElementReaderTest-testNulls": {
        "energy": 35368.873858876526,
        "duration": 584202.529546082,
        "dram": 2660.255499638617,
        "iteration": 27
    },
    "com.google.gson.functional.CustomDeserializerTest-testJsonTypeFieldBasedDeserialization": {
        "energy": 62534.101420194675,
        "duration": 1647048.3799501043,
        "dram": 4923.879113065752,
        "iteration": 99
    },
    "com.google.gson.internal.bind.JsonElementReaderTest-testWrongType": {
        "energy": 37402.85313320112,
        "duration": 802613.5766906131,
        "dram": 3209.7406108707974,
        "iteration": 45
    },
    "com.google.gson.functional.JsonParserTest-testChangingCustomTreeAndDeserializing": {
        "energy": 34449.12997725981,
        "duration": 904529.7362659404,
        "dram": 2992.775006437646,
        "iteration": 57
    },
    "com.google.gson.internal.bind.JsonElementReaderTest-testEmptyObject": {
        "energy": 37669.710941791534,
        "duration": 577999.9700460434,
        "dram": 1512.0762629508972,
        "iteration": 21
    },
    "com.google.gson.functional.TypeHierarchyAdapterTest-testTypeHierarchy": {
        "energy": 133861.54442108303,
        "duration": 3811656.906583254,
        "dram": 12719.740051184572,
        "iteration": 99
    },
    "com.google.gson.functional.ReadersWritersTest-testReadWriteTwoStrings": {
        "energy": 51593.568098007585,
        "duration": 2515294.0114444927,
        "dram": 4977.181136716188,
        "iteration": 74
    },
    "com.google.gson.functional.ExclusionStrategyFunctionalTest-testExclusionStrategyDeserialization": {
        "energy": 46645.71283183483,
        "duration": 1146163.7513464205,
        "dram": 4175.561816521212,
        "iteration": 48
    },
    "com.google.gson.functional.JsonParserTest-testBadFieldTypeForDeserializingCustomTree": {
        "energy": 36025.83950804963,
        "duration": 1053584.0189092057,
        "dram": 1647.4497386519415,
        "iteration": 62
    },
    "com.google.gson.functional.JsonParserTest-testDeserializingCustomTree": {
        "energy": 39895.62960985681,
        "duration": 793207.8475912635,
        "dram": 3303.4820162959936,
        "iteration": 45
    },
    "com.google.gson.JsonParserTest-testReadWriteTwoObjects": {
        "energy": 73227.87986972196,
        "duration": 2530331.9410519693,
        "dram": 6917.323675098046,
        "iteration": 84
    },
    "com.google.gson.internal.bind.JsonElementReaderTest-testSkipValue": {
        "energy": 36311.71713742614,
        "duration": 559935.5145816617,
        "dram": 3033.752611748874,
        "iteration": 29
    },
    "com.google.gson.functional.ExclusionStrategyFunctionalTest-testExclusionStrategyWithMode": {
        "energy": 33316.11384653878,
        "duration": 1193926.132985306,
        "dram": 2903.8852509130793,
        "iteration": 70
    },
    "com.google.gson.internal.bind.JsonElementReaderTest-testNumbers": {
        "energy": 36437.98679178581,
        "duration": 664368.0072332383,
        "dram": 2448.1937895016745,
        "iteration": 32
    },
    "com.google.gson.functional.MapTest-testMapNamePromotionWithJsonElementReader": {
        "energy": 43259.55296966492,
        "duration": 1117132.7572927887,
        "dram": 3877.2043492873804,
        "iteration": 64
    },
    "com.google.gson.functional.JsonParserTest-testBadFieldTypeForCustomDeserializerCustomTree": {
        "energy": 38734.89839596781,
        "duration": 683447.6678457821,
        "dram": 3191.491862591085,
        "iteration": 45
    },
    "com.google.gson.functional.ReadersWritersTest-testReadWriteTwoObjects": {
        "energy": 68228.28688867512,
        "duration": 2185756.488248542,
        "dram": 5555.205468022597,
        "iteration": 73
    },
    "com.google.gson.internal.bind.JsonElementReaderTest-testNestedObjects": {
        "energy": 36001.62196562532,
        "duration": 810242.3283592432,
        "dram": 3450.9825891910587,
        "iteration": 33
    },
    "com.google.gson.internal.bind.JsonElementReaderTest-testStringsFromNumbers": {
        "energy": 53016.83910346031,
        "duration": 1114170.7666654587,
        "dram": 4437.661102294922,
        "iteration": 23
    },
    "com.google.gson.internal.bind.JsonElementReaderTest-testStrictNansAndInfinities": {
        "energy": 32152.963024025783,
        "duration": 785758.3897383763,
        "dram": 2790.829465123825,
        "iteration": 32
    },
    "com.google.gson.internal.bind.JsonElementReaderTest-testEarlyClose": {
        "energy": 34814.8345375061,
        "duration": 598171.2300415039,
        "dram": 2617.2625770568848,
        "iteration": 19
    },
    "com.google.gson.internal.bind.JsonElementReaderTest-testEmptyArray": {
        "energy": 33893.785762786865,
        "duration": 543007.4838676453,
        "dram": 1632.624174118042,
        "iteration": 20
    },
    "com.google.gson.internal.bind.JsonElementReaderTest-testNestedArrays": {
        "energy": 116548.03291225433,
        "duration": 3251288.3828458786,
        "dram": 9387.096444129944,
        "iteration": 21
    },
    "com.google.gson.functional.PrimitiveTest-testPrimitiveClassLiteral": {
        "energy": 40288.80059698224,
        "duration": 599630.1294783391,
        "dram": 2788.312429841608,
        "iteration": 29
    },
    "com.google.gson.internal.bind.JsonElementReaderTest-testStrings": {
        "energy": 36444.35493803024,
        "duration": 626374.3290046453,
        "dram": 3108.1640169620514,
        "iteration": 24
    },
    "com.google.gson.internal.bind.JsonElementReaderTest-testBooleans": {
        "energy": 78039.91638565063,
        "duration": 1789904.636001587,
        "dram": 6196.583801269531,
        "iteration": 19
    }
}