{
    "com.google.gson.functional.StreamingTypeAdaptersTest-testFromJsonTree": {
        "energy": 178966.8689561927,
        "duration": 4595272.681711523,
        "dram": 13214.014408916466,
        "iteration": 98
    },
    "com.google.gson.internal.bind.JsonElementReaderTest-testStrictNansAndInfinities": {
        "energy": 39095.68127015233,
        "duration": 639144.8230592906,
        "dram": 3186.981831520796,
        "iteration": 25
    },
    "com.google.gson.functional.RuntimeTypeAdapterFactoryFunctionalTest-testSubclassesAutomaticallySerialzed": {
        "energy": 196854.88814316178,
        "duration": 5211957.041011029,
        "dram": 16012.138050936735,
        "iteration": 99
    },
    "com.google.gson.JsonParserTest-testReadWriteTwoObjects": {
        "energy": 71270.27275536745,
        "duration": 2169971.973329802,
        "dram": 4738.45226111213,
        "iteration": 88
    },
    "com.google.gson.functional.PrimitiveTest-testPrimitiveClassLiteral": {
        "energy": 38617.860487668775,
        "duration": 1717663.7658960721,
        "dram": 799.5869091716993,
        "iteration": 45
    },
    "com.google.gson.functional.ExclusionStrategyFunctionalTest-testExclusionStrategyWithMode": {
        "energy": 54424.54749752564,
        "duration": 1586022.3368512713,
        "dram": 3703.02057774433,
        "iteration": 81
    },
    "com.google.gson.internal.bind.JsonElementReaderTest-testBooleans": {
        "energy": 36268.071229696274,
        "duration": 616445.9706139565,
        "dram": 2920.0075186491013,
        "iteration": 23
    },
    "com.google.gson.functional.CustomDeserializerTest-testJsonTypeFieldBasedDeserialization": {
        "energy": 72732.00702896154,
        "duration": 2025225.4821584956,
        "dram": 6440.300034760356,
        "iteration": 99
    },
    "com.google.gson.internal.bind.JsonElementReaderTest-testWrongType": {
        "energy": 36547.83929148504,
        "duration": 773616.8293342678,
        "dram": 1642.4988275021014,
        "iteration": 41
    },
    "com.google.gson.functional.JsonParserTest-testChangingCustomTreeAndDeserializing": {
        "energy": 42573.177681356545,
        "duration": 1190498.501236373,
        "dram": 1666.802660008018,
        "iteration": 62
    },
    "com.google.gson.functional.TypeHierarchyAdapterTest-testTypeHierarchy": {
        "energy": 177299.95204678754,
        "duration": 4617974.654864588,
        "dram": 15441.88481527754,
        "iteration": 99
    },
    "com.google.gson.functional.ReadersWritersTest-testReadWriteTwoStrings": {
        "energy": 39728.44993386414,
        "duration": 951728.0555062403,
        "dram": 3252.331158946726,
        "iteration": 66
    },
    "com.google.gson.functional.ExclusionStrategyFunctionalTest-testExclusionStrategyDeserialization": {
        "energy": 705331.5063411142,
        "duration": 21744595.042174242,
        "dram": 65605.65974631207,
        "iteration": 98
    },
    "com.google.gson.functional.MapTest-testMapNamePromotionWithJsonElementReader": {
        "energy": 113048.5341157475,
        "duration": 3495105.757971905,
        "dram": 9984.21155045965,
        "iteration": 93
    },
    "com.google.gson.functional.JsonParserTest-testBadFieldTypeForDeserializingCustomTree": {
        "energy": 38827.71123192477,
        "duration": 1085724.7165771972,
        "dram": 3444.864418643773,
        "iteration": 75
    },
    "com.google.gson.functional.JsonParserTest-testBadTypeForDeserializingCustomTree": {
        "energy": 40247.75638418675,
        "duration": 812784.8244505256,
        "dram": 2421.9689866323706,
        "iteration": 56
    },
    "com.google.gson.functional.ReadersWritersTest-testReadWriteTwoObjects": {
        "energy": 41464.8044374915,
        "duration": 1558054.4989668466,
        "dram": 3378.201686548048,
        "iteration": 87
    },
    "com.google.gson.internal.bind.JsonElementReaderTest-testArray": {
        "energy": 36911.062240600586,
        "duration": 629413.0910797119,
        "dram": 612.3096008300781,
        "iteration": 17
    },
    "com.google.gson.internal.bind.JsonElementReaderTest-testNestedObjects": {
        "energy": 58640.57134068012,
        "duration": 1342401.3759019375,
        "dram": 5200.530099391937,
        "iteration": 24
    },
    "com.google.gson.internal.bind.JsonElementReaderTest-testNulls": {
        "energy": 36076.252977609634,
        "duration": 598705.5534758568,
        "dram": 3148.8459856510162,
        "iteration": 23
    },
    "com.google.gson.internal.bind.JsonElementReaderTest-testEmptyObject": {
        "energy": 36752.362488627434,
        "duration": 532465.3249995708,
        "dram": 2291.465852379799,
        "iteration": 24
    },
    "com.google.gson.functional.JsonParserTest-testDeserializingCustomTree": {
        "energy": 123019.06429670568,
        "duration": 4257411.964762293,
        "dram": 11285.214281704644,
        "iteration": 62
    },
    "com.google.gson.internal.bind.JsonElementReaderTest-testSkipValue": {
        "energy": 35651.380887269974,
        "duration": 608900.9913672805,
        "dram": 3004.674035191536,
        "iteration": 25
    },
    "com.google.gson.internal.bind.JsonElementReaderTest-testNumbersFromStrings": {
        "energy": 38945.09208136797,
        "duration": 662669.6575236917,
        "dram": 2262.0234939455986,
        "iteration": 25
    },
    "com.google.gson.internal.bind.JsonElementReaderTest-testEarlyClose": {
        "energy": 37889.43954086304,
        "duration": 570301.249215126,
        "dram": 3152.366648197174,
        "iteration": 22
    },
    "com.google.gson.functional.JsonParserTest-testBadFieldTypeForCustomDeserializerCustomTree": {
        "energy": 40594.742506808194,
        "duration": 698050.1225196235,
        "dram": 3219.292243671758,
        "iteration": 42
    },
    "com.google.gson.internal.bind.JsonElementReaderTest-testNumbers": {
        "energy": 49725.826817885914,
        "duration": 1319261.9688705893,
        "dram": 4142.4628696400905,
        "iteration": 35
    },
    "com.google.gson.internal.bind.JsonElementReaderTest-testStringsFromNumbers": {
        "energy": 34535.842007011175,
        "duration": 631976.8526681066,
        "dram": 2776.916385099292,
        "iteration": 27
    },
    "com.google.gson.internal.bind.JsonElementReaderTest-testObject": {
        "energy": 40679.75015033409,
        "duration": 762981.0775244087,
        "dram": 3231.942504994571,
        "iteration": 30
    },
    "com.google.gson.internal.bind.JsonElementReaderTest-testLenientNansAndInfinities": {
        "energy": 201945.16851734178,
        "duration": 5873537.045744185,
        "dram": 18010.91951006127,
        "iteration": 49
    },
    "com.google.gson.internal.bind.JsonElementReaderTest-testStrings": {
        "energy": 36814.967463850975,
        "duration": 624070.2690337002,
        "dram": 1209.5672589540482,
        "iteration": 27
    },
    "com.google.gson.internal.bind.JsonElementReaderTest-testNestedArrays": {
        "energy": 38853.06513214111,
        "duration": 617612.3020401001,
        "dram": 1652.7494659423828,
        "iteration": 19
    },
    "com.google.gson.internal.bind.JsonElementReaderTest-testEmptyArray": {
        "energy": 40893.40625,
        "duration": 681981.8773193359,
        "dram": 2844.421875,
        "iteration": 14
    }
}