{
    "com.google.gson.functional.JavaUtilConcurrentAtomicTest-testAtomicLongWithStringSerializationPolicy": {
        "energy": 213256,
        "duration": 6270660.666666667,
        "dram": 19226.88888888889,
        "iteration": 9,
        "stdev": 12995.335671304398
    },
    "com.google.gson.functional.JavaUtilConcurrentAtomicTest-testAtomicLongArrayWithStringSerializationPolicy": {
        "energy": 1723323,
        "duration": 53925344.777777776,
        "dram": 163443.11111111112,
        "iteration": 9,
        "stdev": 190331.0592764196
    }
}