{
    "com.google.gson.functional.JavaUtilConcurrentAtomicTest-testAtomicLongWithStringSerializationPolicy": {
        "energy": 204346,
        "duration": 6801315.111111111,
        "dram": 19799.88888888889,
        "iteration": 9,
        "stdev": 30166.253366516026
    },
    "com.google.gson.functional.JavaUtilConcurrentAtomicTest-testAtomicLongArrayWithStringSerializationPolicy": {
        "energy": 1758602,
        "duration": 53523808.777777776,
        "dram": 154572.44444444444,
        "iteration": 9,
        "stdev": 102788.67710279771
    }
}