{
    "com.google.gson.functional.MapTest-testSerializeMaps": {
        "energy": 57852.35051546392,
        "duration": 1820693.0721649486,
        "dram": 4912.01030927835,
        "iteration": 97,
        "stdev": 25330.32836203837
    },
    "com.google.gson.functional.ReadersWritersTest-testReadWriteTwoObjects": {
        "energy": 54867.36842105263,
        "duration": 1731688.2,
        "dram": 4631.8421052631575,
        "iteration": 95,
        "stdev": 21095.667900032855
    },
    "com.google.gson.functional.FieldExclusionTest-testDefaultNestedStaticClassIncluded": {
        "energy": 39596.67213114754,
        "duration": 1052058.262295082,
        "dram": 2948.1311475409834,
        "iteration": 61,
        "stdev": 5039.90721590795
    },
    "com.google.gson.functional.DefaultTypeAdaptersTest-testBitSetDeserialization": {
        "energy": 39746.81333333333,
        "duration": 1157042.7866666666,
        "dram": 3377.0,
        "iteration": 75,
        "stdev": 7192.84554483288
    },
    "com.google.gson.JsonParserTest-testReadWriteTwoObjects": {
        "energy": 207716.47872340426,
        "duration": 6293788.340425532,
        "dram": 19533.86170212766,
        "iteration": 94,
        "stdev": 557557.1007048311
    },
    "com.google.gson.functional.ObjectTest-testSingletonLists": {
        "energy": 140577.15151515152,
        "duration": 3966951.4444444445,
        "dram": 11934.787878787878,
        "iteration": 99,
        "stdev": 41253.062027364824
    },
    "com.google.gson.functional.FieldExclusionTest-testDefaultInnerClassExclusion": {
        "energy": 80958.86597938144,
        "duration": 2485231.9484536084,
        "dram": 6960.319587628866,
        "iteration": 97,
        "stdev": 257570.81023966617
    },
    "com.google.gson.functional.TypeVariableTest-testBasicTypeVariables": {
        "energy": 42261.31764705882,
        "duration": 1277876.1411764706,
        "dram": 3780.105882352941,
        "iteration": 85,
        "stdev": 14530.232218873669
    },
    "com.google.gson.functional.TypeVariableTest-testAdvancedTypeVariables": {
        "energy": 264083.0,
        "duration": 7993923.3838383835,
        "dram": 24675.383838383837,
        "iteration": 99,
        "stdev": 577588.6219512075
    },
    "com.google.gson.FunctionWithInternalDependenciesTest-testAnonymousLocalClassesSerialization": {
        "energy": 269994.02702702704,
        "duration": 8044305.756756756,
        "dram": 25269.175675675677,
        "iteration": 74,
        "stdev": 653357.0083962203
    },
    "com.google.gson.MixedStreamTest-testWriteClosed": {
        "energy": 38586.02777777778,
        "duration": 817865.0277777778,
        "dram": 2382.0833333333335,
        "iteration": 36,
        "stdev": 5835.44110722532
    },
    "com.google.gson.CommentsTest-testParseComments": {
        "energy": 214251.64102564103,
        "duration": 6433772.076923077,
        "dram": 20095.76923076923,
        "iteration": 78,
        "stdev": 561105.5987450585
    },
    "com.google.gson.MixedStreamTest-testWriteInvalidState": {
        "energy": 40597.653846153844,
        "duration": 873175.1923076923,
        "dram": 2838.3846153846152,
        "iteration": 52,
        "stdev": 5559.065094629794
    },
    "com.google.gson.functional.TypeVariableTest-testTypeVariablesViaTypeParameter": {
        "energy": 70911.60606060606,
        "duration": 2239467.6363636362,
        "dram": 6416.121212121212,
        "iteration": 99,
        "stdev": 31693.12278515822
    },
    "com.google.gson.functional.NullObjectAndFieldTest-testExplicitNullSetsFieldToNullDuringDeserialization": {
        "energy": 43311.46808510638,
        "duration": 1052993.9361702127,
        "dram": 3295.3617021276596,
        "iteration": 47,
        "stdev": 8471.40396777014
    },
    "com.google.gson.MixedStreamTest-testWriteHtmlSafe": {
        "energy": 95643.05208333333,
        "duration": 2755098.84375,
        "dram": 8632.395833333334,
        "iteration": 96,
        "stdev": 86758.88743672149
    },
    "com.google.gson.functional.DefaultTypeAdaptersTest-testSetSerialization": {
        "energy": 50449.0,
        "duration": 1595196.2325581396,
        "dram": 4558.220930232558,
        "iteration": 86,
        "stdev": 20022.972859100595
    },
    "com.google.gson.MixedStreamTest-testWriteLenient": {
        "energy": 60714.59090909091,
        "duration": 1752176.0,
        "dram": 5271.363636363636,
        "iteration": 88,
        "stdev": 33595.74823668384
    },
    "com.google.gson.MixedStreamTest-testWriteMixedStreamed": {
        "energy": 163225.175,
        "duration": 5030022.375,
        "dram": 15174.725,
        "iteration": 80,
        "stdev": 501889.2422412233
    },
    "com.google.gson.MixedStreamTest-testWriteNulls": {
        "energy": 38460.086956521736,
        "duration": 596183.1739130435,
        "dram": 2530.5652173913045,
        "iteration": 23,
        "stdev": 4917.24144045652
    },
    "com.google.gson.MixedStreamTest-testReadMixedStreamed": {
        "energy": 41488.02857142857,
        "duration": 1137299.3857142858,
        "dram": 3369.2714285714287,
        "iteration": 70,
        "stdev": 7754.547863712768
    },
    "com.google.gson.MixedStreamTest-testReadClosed": {
        "energy": 105718.88505747127,
        "duration": 3030797.0344827585,
        "dram": 9690.528735632184,
        "iteration": 87,
        "stdev": 357352.83855745045
    },
    "com.google.gson.functional.NamingPolicyTest-testComplexFieldNameStrategy": {
        "energy": 44159.246913580246,
        "duration": 1372557.6790123456,
        "dram": 3772.6543209876545,
        "iteration": 81,
        "stdev": 11800.024010784176
    },
    "com.google.gson.DefaultMapJsonSerializerTest-testNonEmptyMapSerialization": {
        "energy": 129042.35294117648,
        "duration": 3771063.294117647,
        "dram": 12127.0,
        "iteration": 68,
        "stdev": 417752.16752427316
    },
    "com.google.gson.JsonObjectTest-testPropertyWithQuotes": {
        "energy": 307665.13333333336,
        "duration": 8629623.933333334,
        "dram": 28555.4,
        "iteration": 30,
        "stdev": 687190.4405642215
    },
    "com.google.gson.MixedStreamTest-testWriteDoesNotMutateState": {
        "energy": 41078.57377049181,
        "duration": 995576.2295081967,
        "dram": 3020.9180327868853,
        "iteration": 61,
        "stdev": 6688.463854754782
    },
    "com.google.gson.functional.ReadersWritersTest-testReadWriteTwoStrings": {
        "energy": 44436.5,
        "duration": 1503159.2073170731,
        "dram": 3917.8658536585367,
        "iteration": 82,
        "stdev": 13162.285425253993
    },
    "com.google.gson.functional.DefaultTypeAdaptersTest-testBitSetSerialization": {
        "energy": 39175.24528301887,
        "duration": 1171088.6603773586,
        "dram": 3449.4150943396226,
        "iteration": 53,
        "stdev": 8396.46491406019
    },
    "com.google.gson.JsonObjectTest-testWritePropertyWithEmptyStringName": {
        "energy": 257996.5128205128,
        "duration": 6975271.128205128,
        "dram": 23713.102564102563,
        "iteration": 39,
        "stdev": 647959.5921499835
    },
    "com.google.gson.MixedStreamTest-testReaderDoesNotMutateState": {
        "energy": 40327.604166666664,
        "duration": 914688.5208333334,
        "dram": 2921.625,
        "iteration": 48,
        "stdev": 5355.991173208059
    },
    "com.google.gson.functional.PrimitiveTest-testMoreSpecificSerialization": {
        "energy": 39672.83783783784,
        "duration": 1027251.7837837838,
        "dram": 3464.7297297297296,
        "iteration": 37,
        "stdev": 6303.839925913512
    }
}