{
    "com.google.gson.MixedStreamTest-testReaderDoesNotMutateState": {
        "energy": 38514,
        "duration": 952564.4363636364,
        "dram": 3133.690909090909,
        "iteration": 55,
        "stdev": 5493.404426376738
    },
    "com.google.gson.functional.MapTest-testSerializeMaps": {
        "energy": 45654,
        "duration": 1975884.0515463918,
        "dram": 5066.865979381443,
        "iteration": 97,
        "stdev": 27516.137447639892
    },
    "com.google.gson.functional.ReadersWritersTest-testReadWriteTwoObjects": {
        "energy": 45410,
        "duration": 1585611.2727272727,
        "dram": 4503.420454545455,
        "iteration": 88,
        "stdev": 20047.457476435735
    },
    "com.google.gson.functional.FieldExclusionTest-testDefaultNestedStaticClassIncluded": {
        "energy": 40161,
        "duration": 946988.5,
        "dram": 2826.9,
        "iteration": 60,
        "stdev": 4404.568777102048
    },
    "com.google.gson.JsonParserTest-testReadWriteTwoObjects": {
        "energy": 47607,
        "duration": 4382549.042553191,
        "dram": 13693.968085106382,
        "iteration": 94,
        "stdev": 455505.76799578086
    },
    "com.google.gson.functional.ObjectTest-testSingletonLists": {
        "energy": 132934,
        "duration": 3758611.9393939395,
        "dram": 11269.131313131313,
        "iteration": 99,
        "stdev": 37989.34962334059
    },
    "com.google.gson.functional.FieldExclusionTest-testDefaultInnerClassExclusion": {
        "energy": 41809,
        "duration": 4496484.778947368,
        "dram": 13399.6,
        "iteration": 95,
        "stdev": 442902.39515247993
    },
    "com.google.gson.functional.TypeVariableTest-testAdvancedTypeVariables": {
        "energy": 119934,
        "duration": 8569514.414141415,
        "dram": 27190.131313131315,
        "iteration": 99,
        "stdev": 615108.3255104607
    },
    "com.google.gson.functional.NamingPolicyTest-testComplexFieldNameStrategy": {
        "energy": 43945,
        "duration": 1386166.430379747,
        "dram": 3892.215189873418,
        "iteration": 79,
        "stdev": 11979.521330428894
    },
    "com.google.gson.MixedStreamTest-testWriteInvalidState": {
        "energy": 40222,
        "duration": 866500.5961538461,
        "dram": 3039.4423076923076,
        "iteration": 52,
        "stdev": 5638.635210096888
    },
    "com.google.gson.DefaultMapJsonSerializerTest-testNonEmptyMapSerialization": {
        "energy": 43396,
        "duration": 8256885.2835820895,
        "dram": 25245.014925373136,
        "iteration": 67,
        "stdev": 630594.3679524774
    },
    "com.google.gson.functional.TypeVariableTest-testTypeVariablesViaTypeParameter": {
        "energy": 76355,
        "duration": 2227993.8585858587,
        "dram": 6599.212121212121,
        "iteration": 99,
        "stdev": 26167.002030035335
    },
    "com.google.gson.functional.NullObjectAndFieldTest-testExplicitNullSetsFieldToNullDuringDeserialization": {
        "energy": 41504,
        "duration": 1080501.9512195121,
        "dram": 3408.5853658536585,
        "iteration": 41,
        "stdev": 7770.740261199035
    },
    "com.google.gson.MixedStreamTest-testWriteDoesNotMutateState": {
        "energy": 39734,
        "duration": 1006482.4827586206,
        "dram": 3052.1724137931033,
        "iteration": 58,
        "stdev": 5029.010337652806
    },
    "com.google.gson.JsonObjectTest-testWritePropertyWithEmptyStringName": {
        "energy": 40588,
        "duration": 6890945.892857143,
        "dram": 22083.321428571428,
        "iteration": 28,
        "stdev": 557417.7211947634
    },
    "com.google.gson.functional.ReadersWritersTest-testReadWriteTwoStrings": {
        "energy": 41626,
        "duration": 1345851.7386363635,
        "dram": 3668.1477272727275,
        "iteration": 88,
        "stdev": 14881.412621364572
    },
    "com.google.gson.MixedStreamTest-testWriteHtmlSafe": {
        "energy": 77515,
        "duration": 2652448.3684210526,
        "dram": 7971.642105263158,
        "iteration": 95,
        "stdev": 59791.03934460073
    },
    "com.google.gson.functional.DefaultTypeAdaptersTest-testSetSerialization": {
        "energy": 44555,
        "duration": 1459398.816091954,
        "dram": 4031.5172413793102,
        "iteration": 87,
        "stdev": 15595.431325149873
    },
    "com.google.gson.functional.DefaultTypeAdaptersTest-testBitSetSerialization": {
        "energy": 42663,
        "duration": 1141421.2241379311,
        "dram": 3638.7413793103447,
        "iteration": 58,
        "stdev": 11392.92284492249
    },
    "com.google.gson.MixedStreamTest-testWriteMixedStreamed": {
        "energy": 43030,
        "duration": 5882757.25,
        "dram": 17394.57894736842,
        "iteration": 76,
        "stdev": 555223.275048918
    },
    "com.google.gson.MixedStreamTest-testWriteNulls": {
        "energy": 39612,
        "duration": 599142.8518518518,
        "dram": 2559.5925925925926,
        "iteration": 27,
        "stdev": 5620.281684821078
    },
    "com.google.gson.MixedStreamTest-testReadMixedStreamed": {
        "energy": 39978,
        "duration": 1142626.1142857142,
        "dram": 3330.657142857143,
        "iteration": 70,
        "stdev": 7898.05590453907
    },
    "com.google.gson.MixedStreamTest-testReadClosed": {
        "energy": 42236,
        "duration": 2273371.625,
        "dram": 6870.045454545455,
        "iteration": 88,
        "stdev": 212567.6019553969
    },
    "com.google.gson.functional.DefaultTypeAdaptersTest-testBitSetDeserialization": {
        "energy": 40711,
        "duration": 1176232.1285714286,
        "dram": 3462.6,
        "iteration": 70,
        "stdev": 7944.420973544766
    },
    "com.google.gson.functional.TypeVariableTest-testBasicTypeVariables": {
        "energy": 38940,
        "duration": 1296450.2159090908,
        "dram": 3517.5795454545455,
        "iteration": 88,
        "stdev": 10880.237515631956
    },
    "com.google.gson.CommentsTest-testParseComments": {
        "energy": 44311,
        "duration": 11863560.731707318,
        "dram": 37033.53658536585,
        "iteration": 82,
        "stdev": 790152.0432581593
    },
    "com.google.gson.MixedStreamTest-testWriteLenient": {
        "energy": 45105,
        "duration": 1817912.8720930233,
        "dram": 5485.0,
        "iteration": 86,
        "stdev": 31098.692009010752
    },
    "com.google.gson.functional.PrimitiveTest-testMoreSpecificSerialization": {
        "energy": 44250,
        "duration": 963160.3488372093,
        "dram": 3443.5348837209303,
        "iteration": 43,
        "stdev": 8706.869397941935
    },
    "com.google.gson.JsonObjectTest-testPropertyWithQuotes": {
        "energy": 40283,
        "duration": 2483023.7333333334,
        "dram": 8615.9,
        "iteration": 30,
        "stdev": 314140.1005522589
    },
    "com.google.gson.MixedStreamTest-testWriteClosed": {
        "energy": 38818,
        "duration": 817247.7777777778,
        "dram": 2830.4,
        "iteration": 45,
        "stdev": 5706.92913839109
    },
    "com.google.gson.FunctionWithInternalDependenciesTest-testAnonymousLocalClassesSerialization": {
        "energy": 41259,
        "duration": 6935161.550724638,
        "dram": 21489.927536231884,
        "iteration": 69,
        "stdev": 631309.5862260283
    }
}