{
    "com.google.gson.JsonObjectTest-testEqualsOnEmptyObject": {
        "energy": 35461,
        "duration": 928158.2380952381,
        "dram": 2114.3571428571427,
        "iteration": 42,
        "stdev": 3993.1199525202614
    },
    "com.google.gson.JsonNullTest-testEqualsAndHashcode": {
        "energy": 78064,
        "duration": 2760916.9803921566,
        "dram": 6378.0392156862745,
        "iteration": 51,
        "stdev": 28128.80407229368
    },
    "com.google.gson.JsonArrayTest-testEqualsOnEmptyArray": {
        "energy": 40527,
        "duration": 2194594.803030303,
        "dram": 5620.257575757576,
        "iteration": 66,
        "stdev": 33083.876246768275
    }
}