{
    "com.google.gson.JsonArrayTest-testEqualsOnEmptyArray": {
        "energy": 41320,
        "duration": 2185692.757142857,
        "dram": 5415.728571428572,
        "iteration": 70,
        "stdev": 29842.795854221415
    },
    "com.google.gson.JsonNullTest-testEqualsAndHashcode": {
        "energy": 74829,
        "duration": 2372591.152173913,
        "dram": 5451.739130434783,
        "iteration": 46,
        "stdev": 29981.762311265575
    },
    "com.google.gson.JsonObjectTest-testEqualsOnEmptyObject": {
        "energy": 35766,
        "duration": 1078723.8285714285,
        "dram": 2711.1428571428573,
        "iteration": 35,
        "stdev": 2985.1690446783955
    }
}