{
    "com.google.gson.functional.CustomDeserializerTest-testDefaultConstructorNotCalledOnField": {
        "energy": 38416.08361737878,
        "duration": 845197.2569173087,
        "dram": 3270.6086579945554,
        "iteration": 57
    },
    "com.google.gson.functional.CustomDeserializerTest-testDefaultConstructorNotCalledOnObject": {
        "energy": 75540.71116380396,
        "duration": 2046467.4136193115,
        "dram": 6770.873522987491,
        "iteration": 98
    },
    "com.google.gson.functional.InheritanceTest-testBaseSerializedAsBaseWhenSpecifiedWithExplicitType": {
        "energy": 35612.46006244421,
        "duration": 659723.5863978863,
        "dram": 1494.732057750225,
        "iteration": 24
    },
    "com.google.gson.functional.InheritanceTest-testClassWithBaseArrayFieldSerialization": {
        "energy": 36280.10814898586,
        "duration": 876622.1239580258,
        "dram": 2843.519304864437,
        "iteration": 69
    },
    "com.google.gson.JsonObjectTest-testAddingNullPropertyValue": {
        "energy": 40963.2140288353,
        "duration": 520556.8532629013,
        "dram": 2785.865732192993,
        "iteration": 21
    },
    "com.google.gson.JsonParserTest-testParseString": {
        "energy": 33300.08895111084,
        "duration": 531082.4696412086,
        "dram": 1352.9065718650818,
        "iteration": 21
    },
    "com.google.gson.functional.CustomDeserializerTest-testJsonTypeFieldBasedDeserialization": {
        "energy": 45444.07872819621,
        "duration": 1338854.4626295143,
        "dram": 3447.789459188925,
        "iteration": 92
    },
    "com.google.gson.internal.LinkedTreeMapTest-testSingleElement": {
        "energy": 34980.95703125,
        "duration": 555576.6708984375,
        "dram": 1860.814453125,
        "iteration": 10
    },
    "com.google.gson.functional.JsonParserTest-testChangingCustomTreeAndDeserializing": {
        "energy": 40878.34092833186,
        "duration": 1312212.238646532,
        "dram": 2515.469796186837,
        "iteration": 66
    },
    "com.google.gson.JsonParserTest-testParseReader": {
        "energy": 37480.67242158436,
        "duration": 589673.930400441,
        "dram": 3326.6800259988086,
        "iteration": 37
    },
    "com.google.gson.JsonObjectTest-testReadPropertyWithEmptyStringName": {
        "energy": 59140.1077204063,
        "duration": 1350726.505133898,
        "dram": 4872.924706506437,
        "iteration": 43
    },
    "com.google.gson.functional.CustomSerializerTest-testSubClassSerializerInvokedForBaseClassFieldsHoldingSubClassInstances": {
        "energy": 215580.2453696528,
        "duration": 7194629.7469718475,
        "dram": 22171.819871491964,
        "iteration": 81
    },
    "com.google.gson.functional.UncategorizedTest-testReturningDerivedClassesDuringDeserialization": {
        "energy": 61199.29509946707,
        "duration": 2306834.2127718,
        "dram": 5573.145666780541,
        "iteration": 99
    },
    "com.google.gson.DefaultMapJsonSerializerTest-testNonEmptyMapSerialization": {
        "energy": 33221.80534390979,
        "duration": 1860609.2448988277,
        "dram": 3406.505219449637,
        "iteration": 62
    },
    "com.google.gson.functional.MoreSpecificTypeSerializationTest-testMapOfParameterizedSubclassFields": {
        "energy": 36321.921941816865,
        "duration": 1107662.009670619,
        "dram": 3284.226562227688,
        "iteration": 72
    },
    "com.google.gson.functional.CustomTypeAdaptersTest-testCustomDeserializers": {
        "energy": 70496.31183860288,
        "duration": 2971939.941648544,
        "dram": 6455.1785884747915,
        "iteration": 73
    },
    "com.google.gson.functional.TypeHierarchyAdapterTest-testTypeHierarchy": {
        "energy": 858015.1462631293,
        "duration": 26433880.57089003,
        "dram": 82515.79172853236,
        "iteration": 99
    },
    "com.google.gson.functional.MoreSpecificTypeSerializationTest-testMapOfSubclassFields": {
        "energy": 38718.69217806039,
        "duration": 1232386.8235138163,
        "dram": 3125.7986140231264,
        "iteration": 81
    },
    "com.google.gson.functional.InheritanceTest-testClassWithBaseCollectionFieldSerialization": {
        "energy": 36548.01657228638,
        "duration": 1253134.134068112,
        "dram": 3195.8855253522847,
        "iteration": 76
    },
    "com.google.gson.functional.CustomSerializerTest-testBaseClassSerializerInvokedForBaseClassFieldsHoldingSubClassInstances": {
        "energy": 37091.18658154804,
        "duration": 892657.3795384082,
        "dram": 3419.3317697617385,
        "iteration": 48
    },
    "com.google.gson.functional.CustomSerializerTest-testBaseClassSerializerInvokedForBaseClassFields": {
        "energy": 40361.72633751902,
        "duration": 747845.4086022053,
        "dram": 3646.667219121711,
        "iteration": 41
    },
    "com.google.gson.functional.CustomSerializerTest-testSubClassSerializerInvokedForBaseClassFieldsHoldingArrayOfSubClassInstances": {
        "energy": 34415.37104756474,
        "duration": 1177745.3686827365,
        "dram": 3377.7145167738,
        "iteration": 57
    },
    "com.google.gson.internal.LinkedTreeMapTest-testAddAndRemove": {
        "energy": 37089.50698489486,
        "duration": 843893.5669750175,
        "dram": 727.1137887695804,
        "iteration": 32
    },
    "com.google.gson.functional.ParameterizedTypesTest-testParameterizedTypesWithCustomDeserializer": {
        "energy": 45253.900483368285,
        "duration": 1579739.9983932197,
        "dram": 3248.918772691673,
        "iteration": 97
    },
    "com.google.gson.functional.InheritanceTest-testBaseSerializedAsSubWhenSpecifiedWithExplicitType": {
        "energy": 39524.80004714637,
        "duration": 745138.3441631759,
        "dram": 2603.690666454203,
        "iteration": 42
    },
    "com.google.gson.JsonObjectTest-testAddingCharacterProperties": {
        "energy": 40296.48521383107,
        "duration": 786589.5206803475,
        "dram": 2740.079043250531,
        "iteration": 30
    },
    "com.google.gson.functional.InheritanceTest-testClassWithBaseFieldSerialization": {
        "energy": 44145.499963459384,
        "duration": 1269798.9394544014,
        "dram": 2064.733479379851,
        "iteration": 58
    },
    "com.google.gson.functional.JsonTreeTest-testJsonTreeNull": {
        "energy": 34043.341189340754,
        "duration": 1196059.3640707915,
        "dram": 1679.4094401580076,
        "iteration": 49
    },
    "com.google.gson.functional.ExclusionStrategyFunctionalTest-testExclusionStrategyWithMode": {
        "energy": 34546.051796633874,
        "duration": 1117522.235494053,
        "dram": 2403.9801741700408,
        "iteration": 46
    },
    "com.google.gson.JsonObjectTest-testAddingBooleanProperties": {
        "energy": 41014.037109375,
        "duration": 504434.705078125,
        "dram": 2919.763671875,
        "iteration": 10
    },
    "com.google.gson.internal.LinkedTreeMapTest-testPutAndGet": {
        "energy": 45137.19500255585,
        "duration": 1104517.4954833984,
        "dram": 4009.3148765563965,
        "iteration": 21
    },
    "com.google.gson.JsonObjectTest-testAddingAndRemovingObjectProperties": {
        "energy": 73425.46167564392,
        "duration": 2597190.4595832825,
        "dram": 7413.281295776367,
        "iteration": 20
    },
    "com.google.gson.JsonObjectTest-testAddingStringProperties": {
        "energy": 39657.804899692535,
        "duration": 501118.5351433754,
        "dram": 2759.180254459381,
        "iteration": 23
    },
    "com.google.gson.JsonObjectTest-testDeepCopy": {
        "energy": 65306.196979403496,
        "duration": 1700199.8421553597,
        "dram": 5120.861544936895,
        "iteration": 28
    },
    "com.google.gson.functional.InheritanceTest-testBaseSerializedAsSub": {
        "energy": 40526.712272965815,
        "duration": 590042.5898462615,