{
    "com.google.gson.functional.CustomDeserializerTest-testDefaultConstructorNotCalledOnField": {
        "energy": 40393.36842105263,
        "duration": 961749.6666666666,
        "dram": 3512.7894736842104,
        "iteration": 57,
        "stdev": 12884.78475694053
    },
    "com.google.gson.functional.CustomDeserializerTest-testDefaultConstructorNotCalledOnObject": {
        "energy": 84073.21428571429,
        "duration": 2724570.2653061226,
        "dram": 8114.142857142857,
        "iteration": 98,
        "stdev": 102498.08813490727
    },
    "com.google.gson.functional.InheritanceTest-testBaseSerializedAsSubWhenSpecifiedWithExplicitType": {
        "energy": 37937.59523809524,
        "duration": 652510.5,
        "dram": 2695.690476190476,
        "iteration": 42,
        "stdev": 4501.101405209321
    },
    "com.google.gson.JsonObjectTest-testAddingCharacterProperties": {
        "energy": 38944.36666666667,
        "duration": 694350.4666666667,
        "dram": 2618.8333333333335,
        "iteration": 30,
        "stdev": 5580.9885533140305
    },
    "com.google.gson.functional.InheritanceTest-testClassWithBaseArrayFieldSerialization": {
        "energy": 37507.3768115942,
        "duration": 1155938.5652173914,
        "dram": 3260.4057971014495,
        "iteration": 69,
        "stdev": 6630.578891599371
    },
    "com.google.gson.functional.JsonParserTest-testChangingCustomTreeAndDeserializing": {
        "energy": 42998.242424242424,
        "duration": 1327388.106060606,
        "dram": 3867.621212121212,
        "iteration": 66,
        "stdev": 11564.649062605855
    },
    "com.google.gson.JsonParserTest-testParseReader": {
        "energy": 46820.45945945946,
        "duration": 1140286.2702702703,
        "dram": 3294.4324324324325,
        "iteration": 37,
        "stdev": 22319.591112687205
    },
    "com.google.gson.functional.CustomSerializerTest-testSubClassSerializerInvokedForBaseClassFieldsHoldingSubClassInstances": {
        "energy": 207763.06172839506,
        "duration": 5795499.308641976,
        "dram": 19346.20987654321,
        "iteration": 81,
        "stdev": 490326.85496051033
    },
    "com.google.gson.functional.UncategorizedTest-testReturningDerivedClassesDuringDeserialization": {
        "energy": 79592.72727272728,
        "duration": 2370047.8383838385,
        "dram": 7310.909090909091,
        "iteration": 99,
        "stdev": 29406.875610786094
    },
    "com.google.gson.functional.MoreSpecificTypeSerializationTest-testMapOfParameterizedSubclassFields": {
        "energy": 38451.930555555555,
        "duration": 1132669.9305555555,
        "dram": 3256.152777777778,
        "iteration": 72,
        "stdev": 4390.465165580689
    },
    "com.google.gson.functional.CustomTypeAdaptersTest-testCustomDeserializers": {
        "energy": 54586.191780821915,
        "duration": 1707885.6712328766,
        "dram": 4790.835616438356,
        "iteration": 73,
        "stdev": 35518.53869504929
    },
    "com.google.gson.functional.TypeHierarchyAdapterTest-testTypeHierarchy": {
        "energy": 384089.49494949495,
        "duration": 10987072.434343435,
        "dram": 35608.79797979798,
        "iteration": 99,
        "stdev": 611467.442590965
    },
    "com.google.gson.functional.InheritanceTest-testClassWithBaseCollectionFieldSerialization": {
        "energy": 42597.59210526316,
        "duration": 1364628.9342105263,
        "dram": 4011.8289473684213,
        "iteration": 76,
        "stdev": 13306.395026825923
    },
    "com.google.gson.functional.CustomSerializerTest-testBaseClassSerializerInvokedForBaseClassFieldsHoldingSubClassInstances": {
        "energy": 38669.5,
        "duration": 834355.2291666666,
        "dram": 3071.8125,
        "iteration": 48,
        "stdev": 4142.453253608704
    },
    "com.google.gson.functional.InheritanceTest-testClassWithBaseFieldSerialization": {
        "energy": 51350.44827586207,
        "duration": 1588023.2413793104,
        "dram": 4478.396551724138,
        "iteration": 58,
        "stdev": 26535.816780586232
    },
    "com.google.gson.functional.ParameterizedTypesTest-testParameterizedTypesWithCustomDeserializer": {
        "energy": 64729.82474226804,
        "duration": 2199014.4536082475,
        "dram": 5891.278350515464,
        "iteration": 97,
        "stdev": 69785.13649576226
    },
    "com.google.gson.functional.InheritanceTest-testBaseSerializedAsBaseWhenSpecifiedWithExplicitType": {
        "energy": 37043.291666666664,
        "duration": 640925.5416666666,
        "dram": 2704.9166666666665,
        "iteration": 24,
        "stdev": 2978.4365232893397
    },
    "com.google.gson.functional.JsonTreeTest-testJsonTreeNull": {
        "energy": 38589.04081632653,
        "duration": 871698.6734693878,
        "dram": 2945.1020408163267,
        "iteration": 49,
        "stdev": 4325.444546973903
    },
    "com.google.gson.functional.ExclusionStrategyFunctionalTest-testExclusionStrategyWithMode": {
        "energy": 39444.608695652176,
        "duration": 1248043.7608695652,
        "dram": 3205.3260869565215,
        "iteration": 46,
        "stdev": 10144.173048941982
    },
    "com.google.gson.JsonObjectTest-testAddingNullPropertyValue": {
        "energy": 38963.42857142857,
        "duration": 508685.95238095237,
        "dram": 2413.0476190476193,
        "iteration": 21,
        "stdev": 4909.77102144216
    },
    "com.google.gson.functional.CustomDeserializerTest-testJsonTypeFieldBasedDeserialization": {
        "energy": 49117.88043478261,
        "duration": 1542473.3804347827,
        "dram": 4326.521739130435,
        "iteration": 92,
        "stdev": 31290.75153780941
    },
    "com.google.gson.DefaultMapJsonSerializerTest-testNonEmptyMapSerialization": {
        "energy": 40146.27419354839,
        "duration": 1215761.1612903227,
        "dram": 3479.4193548387098,
        "iteration": 62,
        "stdev": 7032.673674034867
    },
    "com.google.gson.functional.MoreSpecificTypeSerializationTest-testMapOfSubclassFields": {
        "energy": 48132.53086419753,
        "duration": 1539939.7530864198,
        "dram": 4086.5925925925926,
        "iteration": 81,
        "stdev": 26859.233447913983
    },
    "com.google.gson.functional.CustomSerializerTest-testSubClassSerializerInvokedForBaseClassFieldsHoldingArrayOfSubClassInstances": {
        "energy": 38212.228070175435,
        "duration": 1030507.7719298246,
        "dram": 3411.8070175438597,
        "iteration": 57,
        "stdev": 5533.061032247926
    },
    "com.google.gson.internal.LinkedTreeMapTest-testAddAndRemove": {
        "energy": 40054.25,
        "duration": 827849.25,
        "dram": 2583.84375,
        "iteration": 32,
        "stdev": 15125.191087635885
    },
    "com.google.gson.internal.LinkedTreeMapTest-testSingleElement": {
        "energy": 37164.3,
        "duration": 528481.0,
        "dram": 2325.5,
        "iteration": 10,
        "stdev": 4617.351211463127
    },
    "com.google.gson.functional.CustomSerializerTest-testBaseClassSerializerInvokedForBaseClassFields": {
        "energy": 38909.0,
        "duration": 801412.0975609756,
        "dram": 3095.487804878049,
        "iteration": 41,
        "stdev": 4126.326991287093
    },
    "com.google.gson.JsonObjectTest-testAddingBooleanProperties": {
        "energy": 38165.1,
        "duration": 490219.4,
        "dram": 1702.9,
        "iteration": 10,
        "stdev": 3984.63613018805
    },
    "com.google.gson.internal.LinkedTreeMapTest-testPutAndGet": {
        "energy": 41239.333333333336,
        "duration": 720577.6666666666,
        "dram": 2340.095238095238,
        "iteration": 21,
        "stdev": 10967.010850004983
    },
    "com.google.gson.JsonObjectTest-testAddingAndRemovingObjectProperties": {
        "energy": 54293.8,
        "duration": 1075320.55,
        "dram": 4622.95,
        "iteration": 20,
        "stdev": 43830.678602549604
    },