{
    "com.google.gson.functional.CustomDeserializerTest-testDefaultConstructorNotCalledOnField": {
        "energy": 38574,
        "duration": 1293484.4901960783,
        "dram": 3974.921568627451,
        "iteration": 51,
        "stdev": 54165.11147972392
    },
    "com.google.gson.functional.CustomDeserializerTest-testDefaultConstructorNotCalledOnObject": {
        "energy": 59632,
        "duration": 2132900.515789474,
        "dram": 6391.663157894737,
        "iteration": 95,
        "stdev": 50775.30538423883
    },
    "com.google.gson.functional.InheritanceTest-testClassWithBaseArrayFieldSerialization": {
        "energy": 38818,
        "duration": 1137276.6285714286,
        "dram": 3076.8285714285716,
        "iteration": 70,
        "stdev": 8682.662612825818
    },
    "com.google.gson.JsonObjectTest-testAddingNullPropertyValue": {
        "energy": 38085,
        "duration": 549558.1904761905,
        "dram": 2259.9523809523807,
        "iteration": 21,
        "stdev": 3985.8763686677307
    },
    "com.google.gson.functional.CustomDeserializerTest-testJsonTypeFieldBasedDeserialization": {
        "energy": 38879,
        "duration": 1482434.5393258426,
        "dram": 4297.123595505618,
        "iteration": 89,
        "stdev": 19303.468294125287
    },
    "com.google.gson.functional.InheritanceTest-testBaseSerializedAsSub": {
        "energy": 37110,
        "duration": 734246.9166666666,
        "dram": 2776.5,
        "iteration": 36,
        "stdev": 5088.759414519223
    },
    "com.google.gson.functional.JsonParserTest-testChangingCustomTreeAndDeserializing": {
        "energy": 41199,
        "duration": 1402697.0277777778,
        "dram": 4038.597222222222,
        "iteration": 72,
        "stdev": 13814.37419159343
    },
    "com.google.gson.JsonObjectTest-testReadPropertyWithEmptyStringName": {
        "energy": 41748,
        "duration": 1687676.8048780488,
        "dram": 5841.585365853659,
        "iteration": 41,
        "stdev": 40741.82566510585
    },
    "com.google.gson.functional.CustomSerializerTest-testSubClassSerializerInvokedForBaseClassFieldsHoldingSubClassInstances": {
        "energy": 44372,
        "duration": 5147223.831168831,
        "dram": 16127.57142857143,
        "iteration": 77,
        "stdev": 405091.34290193627
    },
    "com.google.gson.functional.UncategorizedTest-testReturningDerivedClassesDuringDeserialization": {
        "energy": 79712,
        "duration": 2725185.777777778,
        "dram": 8260.484848484848,
        "iteration": 99,
        "stdev": 42422.003656898276
    },
    "com.google.gson.DefaultMapJsonSerializerTest-testNonEmptyMapSerialization": {
        "energy": 38086,
        "duration": 1198092.9655172413,
        "dram": 3138.310344827586,
        "iteration": 58,
        "stdev": 6488.663777383861
    },
    "com.google.gson.functional.MoreSpecificTypeSerializationTest-testMapOfParameterizedSubclassFields": {
        "energy": 38025,
        "duration": 1139093.1184210526,
        "dram": 2995.9868421052633,
        "iteration": 76,
        "stdev": 4224.551432038561
    },
    "com.google.gson.functional.TypeHierarchyAdapterTest-testTypeHierarchy": {
        "energy": 152770,
        "duration": 8957565.272727273,
        "dram": 29999.89898989899,
        "iteration": 99,
        "stdev": 501047.97174465633
    },
    "com.google.gson.functional.InheritanceTest-testClassWithBaseCollectionFieldSerialization": {
        "energy": 40833,
        "duration": 1346861.8461538462,
        "dram": 3757.0384615384614,
        "iteration": 78,
        "stdev": 12074.198454999138
    },
    "com.google.gson.functional.InheritanceTest-testClassWithBaseFieldSerialization": {
        "energy": 39002,
        "duration": 1390438.388888889,
        "dram": 4052.0,
        "iteration": 54,
        "stdev": 20872.104049726757
    },
    "com.google.gson.functional.ParameterizedTypesTest-testParameterizedTypesWithCustomDeserializer": {
        "energy": 46508,
        "duration": 2253572.387755102,
        "dram": 6653.3877551020405,
        "iteration": 98,
        "stdev": 53521.99412139007
    },
    "com.google.gson.functional.ExclusionStrategyFunctionalTest-testExclusionStrategyWithMode": {
        "energy": 37231,
        "duration": 1048244.3728813559,
        "dram": 3217.135593220339,
        "iteration": 59,
        "stdev": 5749.793308251915
    },
    "com.google.gson.functional.CustomTypeAdaptersTest-testCustomDeserializers": {
        "energy": 37414,
        "duration": 1323000.0350877193,
        "dram": 4009.6315789473683,
        "iteration": 57,
        "stdev": 29966.82528834364
    },
    "com.google.gson.functional.MoreSpecificTypeSerializationTest-testMapOfSubclassFields": {
        "energy": 40650,
        "duration": 1728558.4375,
        "dram": 4655.775,
        "iteration": 80,
        "stdev": 32211.265660780467
    },
    "com.google.gson.functional.JsonTreeTest-testJsonTreeNull": {
        "energy": 38086,
        "duration": 931287.1162790698,
        "dram": 2783.1162790697676,
        "iteration": 43,
        "stdev": 5240.519912465514
    },
    "com.google.gson.JsonParserTest-testParseString": {
        "energy": 39307,
        "duration": 602191.92,
        "dram": 2690.96,
        "iteration": 25,
        "stdev": 3915.2944512513996
    },
    "com.google.gson.JsonObjectTest-testAddingAndRemovingObjectProperties": {
        "energy": 36560,
        "duration": 1047752.8571428572,
        "dram": 3918.190476190476,
        "iteration": 21,
        "stdev": 37792.527639451226
    },
    "com.google.gson.JsonParserTest-testParseReader": {
        "energy": 42114,
        "duration": 1646140.3214285714,
        "dram": 4811.857142857143,
        "iteration": 28,
        "stdev": 34485.89102605542
    },
    "com.google.gson.JsonObjectTest-testAddingCharacterProperties": {
        "energy": 37048,
        "duration": 727036.6,
        "dram": 3059.114285714286,
        "iteration": 35,
        "stdev": 4317.061474698563
    },
    "com.google.gson.internal.LinkedTreeMapTest-testPutAndGet": {
        "energy": 39429,
        "duration": 533732.7619047619,
        "dram": 2604.6190476190477,
        "iteration": 21,
        "stdev": 5479.587491715511
    },
    "com.google.gson.JsonObjectTest-testDeepCopy": {
        "energy": 37781,
        "duration": 1054754.7777777778,
        "dram": 3916.027777777778,
        "iteration": 36,
        "stdev": 32713.568527237527
    },
    "com.google.gson.functional.CustomSerializerTest-testBaseClassSerializerInvokedForBaseClassFieldsHoldingSubClassInstances": {
        "energy": 39428,
        "duration": 827382.38,
        "dram": 2641.66,
        "iteration": 50,
        "stdev": 4532.575608459279
    },
    "com.google.gson.functional.CustomSerializerTest-testBaseClassSerializerInvokedForBaseClassFields": {
        "energy": 38025,
        "duration": 843468.4054054054,
        "dram": 3185.135135135135,
        "iteration": 37,
        "stdev": 5027.910057434776
    },
    "com.google.gson.functional.CustomSerializerTest-testSubClassSerializerInvokedForBaseClassFieldsHoldingArrayOfSubClassInstances": {
        "energy": 38025,
        "duration": 1003175.724137931,
        "dram": 3205.810344827586,
        "iteration": 58,
        "stdev": 4400.376238001596
    },
    "com.google.gson.functional.InheritanceTest-testBaseSerializedAsSubWhenSpecifiedWithExplicitType": {
        "energy": 37354,
        "duration": 678201.52,
        "dram": 2761.92,
        "iteration": 25,
        "stdev": 4241.223252600598
    },
    "com.google.gson.internal.LinkedTreeMapTest-testSingleElement": {
        "energy": 41443,
        "duration": 883055.4666666667,
        "dram": 2821.3333333333335,
        "iteration": 15,
        "stdev": 29440.460841501783
    },
    "com.google.gson.internal.LinkedTreeMapTest-testAddAndRemove": {
        "energy": 39062,
        "duration": 931952.5357142857,