{
    "com.google.gson.functional.FieldNamingTest-testLowerCaseWithDashes": {
        "energy": 92644.91765830418,
        "duration": 2831962.463665587,
        "dram": 7999.839338048095,
        "iteration": 76
    },
    "com.google.gson.functional.FieldNamingTest-testLowerCaseWithUnderscores": {
        "energy": 337237.0061521318,
        "duration": 10772679.548514783,
        "dram": 29965.990400742827,
        "iteration": 90
    },
    "com.google.gson.functional.NamingPolicyTest-testGsonWithLowerCaseDashPolicySerialization": {
        "energy": 34439.118111034455,
        "duration": 921331.400746543,
        "dram": 3424.5151270297865,
        "iteration": 53
    },
    "com.google.gson.functional.NamingPolicyTest-testGsonWithLowerCaseDashPolicyDeserialiation": {
        "energy": 36868.18564553831,
        "duration": 899664.0381751019,
        "dram": 3443.162604171083,
        "iteration": 44
    },
    "com.google.gson.functional.NamingPolicyTest-testGsonWithLowerCaseUnderscorePolicySerialization": {
        "energy": 33382.09431257039,
        "duration": 817804.5717768851,
        "dram": 2954.5627942339643,
        "iteration": 47
    },
    "com.google.gson.functional.NamingPolicyTest-testGsonWithLowerCaseUnderscorePolicyDeserialiation": {
        "energy": 33572.96398894416,
        "duration": 835676.0850464287,
        "dram": 3126.5998255661193,
        "iteration": 44
    }
}