{
    "com.google.gson.functional.NamingPolicyTest-testGsonWithLowerCaseDashPolicyDeserialiation": {
        "energy": 30509.59765112341,
        "duration": 1106153.1490098666,
        "dram": 3266.1198705649854,
        "iteration": 45
    },
    "com.google.gson.functional.FieldNamingTest-testLowerCaseWithDashes": {
        "energy": 48374.57506710215,
        "duration": 1868664.3286619456,
        "dram": 5447.1140990511785,
        "iteration": 84
    },
    "com.google.gson.functional.NamingPolicyTest-testGsonWithLowerCaseUnderscorePolicySerialization": {
        "energy": 31700.68924830287,
        "duration": 1033115.6558509874,
        "dram": 1671.0774239680936,
        "iteration": 50
    },
    "com.google.gson.functional.FieldNamingTest-testLowerCaseWithUnderscores": {
        "energy": 565026.9561865042,
        "duration": 17344046.696723938,
        "dram": 52157.140324366235,
        "iteration": 85
    },
    "com.google.gson.functional.NamingPolicyTest-testGsonWithLowerCaseDashPolicySerialization": {
        "energy": 30695.034784709882,
        "duration": 1338488.4855421185,
        "dram": 2216.938902159436,
        "iteration": 49
    },
    "com.google.gson.functional.NamingPolicyTest-testGsonWithLowerCaseUnderscorePolicyDeserialiation": {
        "energy": 33746.45525946593,
        "duration": 790126.1978193403,
        "dram": 3260.4829487851603,
        "iteration": 38
    }
}