{
    "com.google.gson.functional.NamingPolicyTest-testGsonWithLowerCaseDashPolicyDeserialiation": {
        "energy": 36316,
        "duration": 1222796.7727272727,
        "dram": 3580.1136363636365,
        "iteration": 44,
        "stdev": 45030.71946905609
    },
    "com.google.gson.functional.NamingPolicyTest-testGsonWithLowerCaseUnderscorePolicySerialization": {
        "energy": 32959,
        "duration": 1096126.1276595744,
        "dram": 3373.553191489362,
        "iteration": 47,
        "stdev": 36881.52218189481
    },
    "com.google.gson.functional.FieldNamingTest-testLowerCaseWithUnderscores": {
        "energy": 60974,
        "duration": 19174545.7,
        "dram": 62312.15555555555,
        "iteration": 90,
        "stdev": 825615.846459786
    },
    "com.google.gson.functional.NamingPolicyTest-testGsonWithLowerCaseUnderscorePolicyDeserialiation": {
        "energy": 34668,
        "duration": 939537.0227272727,
        "dram": 3141.3636363636365,
        "iteration": 44,
        "stdev": 17751.915877164283
    },
    "com.google.gson.functional.FieldNamingTest-testLowerCaseWithDashes": {
        "energy": 35034,
        "duration": 4538646.5,
        "dram": 13374.263157894737,
        "iteration": 76,
        "stdev": 425981.6213112165
    },
    "com.google.gson.functional.NamingPolicyTest-testGsonWithLowerCaseDashPolicySerialization": {
        "energy": 35827,
        "duration": 1288035.6226415094,
        "dram": 3403.754716981132,
        "iteration": 53,
        "stdev": 13024.88098246328
    }
}