{
    "com.google.gson.JsonArrayTest-testDeepCopy": {
        "energy": 131347,
        "duration": 4147337.0,
        "dram": 10929.222222222223,
        "iteration": 9,
        "stdev": 15072.35282820097
    },
    "com.google.gson.JsonObjectTest-testDeepCopy": {
        "energy": 590147,
        "duration": 18116531.333333332,
        "dram": 53310.333333333336,
        "iteration": 9,
        "stdev": 47811.18499723162
    }
}