{
    "com.google.gson.functional.ReadersWritersTest-testReadWriteTwoObjects": {
        "energy": 128803.39945561331,
        "duration": 4124164.6983404285,
        "dram": 12321.905629163197,
        "iteration": 99
    },
    "com.google.gson.JsonParserTest-testReadWriteTwoObjects": {
        "energy": 1004305.1170301687,
        "duration": 32126262.73742153,
        "dram": 94800.55880707872,
        "iteration": 97
    },
    "com.google.gson.internal.bind.JsonElementReaderTest-testBooleans": {
        "energy": 75824.42242961291,
        "duration": 2321352.2833670108,
        "dram": 6333.596970502627,
        "iteration": 63
    },
    "com.google.gson.functional.JsonArrayTest-testBooleanPrimitiveAddition": {
        "energy": 421900.26103801216,
        "duration": 12092445.902624652,
        "dram": 35335.50334634745,
        "iteration": 51
    },
    "com.google.gson.functional.JsonTreeTest-testJsonTreeToString": {
        "energy": 142000.097665844,
        "duration": 4378487.848688428,
        "dram": 12820.493654315349,
        "iteration": 99
    },
    "com.google.gson.functional.DefaultTypeAdaptersTest-testJsonPrimitiveSerialization": {
        "energy": 36641.33768880044,
        "duration": 936109.4831635265,
        "dram": 3481.5178601369253,
        "iteration": 57
    },
    "com.google.gson.functional.JsonArrayTest-testSameAddition": {
        "energy": 75567.9533357707,
        "duration": 2417741.940586706,
        "dram": 6477.155533439737,
        "iteration": 68
    },
    "com.google.gson.JsonObjectTest-testAddingBooleanProperties": {
        "energy": 48813.22156125076,
        "duration": 1129081.8622379552,
        "dram": 2921.982314931622,
        "iteration": 45
    },
    "com.google.gson.JsonObjectTest-testReadPropertyWithEmptyStringName": {
        "energy": 63143.54230791773,
        "duration": 1935497.473200046,
        "dram": 5214.202069532929,
        "iteration": 41
    },
    "com.google.gson.JsonObjectTest-testWritePropertyWithEmptyStringName": {
        "energy": 33804.58252742974,
        "duration": 1723954.3900537784,
        "dram": 3257.1294895248634,
        "iteration": 45
    },
    "com.google.gson.JsonPrimitiveTest-testBoolean": {
        "energy": 41788.24022946437,
        "duration": 1348172.8849978175,
        "dram": 3497.7799722130876,
        "iteration": 33
    }
}