{
    "com.google.gson.functional.ReadersWritersTest-testReadWriteTwoObjects": {
        "energy": 131463.1717171717,
        "duration": 4062887.262626263,
        "dram": 11903.515151515152,
        "iteration": 99,
        "stdev": 115472.44650976402
    },
    "com.google.gson.JsonParserTest-testReadWriteTwoObjects": {
        "energy": 353953.1530612245,
        "duration": 10833547.887755102,
        "dram": 32498.908163265307,
        "iteration": 98,
        "stdev": 548084.8651273453
    },
    "com.google.gson.internal.bind.JsonElementReaderTest-testBooleans": {
        "energy": 218547.05,
        "duration": 6434143.266666667,
        "dram": 19674.45,
        "iteration": 60,
        "stdev": 269341.2206127155
    },
    "com.google.gson.functional.JsonArrayTest-testBooleanPrimitiveAddition": {
        "energy": 207280.925,
        "duration": 5696858.2,
        "dram": 17492.425,
        "iteration": 40,
        "stdev": 275357.35423031537
    },
    "com.google.gson.functional.JsonTreeTest-testJsonTreeToString": {
        "energy": 217448.57575757575,
        "duration": 6585943.414141414,
        "dram": 20136.68686868687,
        "iteration": 99,
        "stdev": 118926.61255454477
    },
    "com.google.gson.functional.JsonArrayTest-testSameAddition": {
        "energy": 71297.38461538461,
        "duration": 2119139.815384615,
        "dram": 6050.492307692308,
        "iteration": 65,
        "stdev": 27597.28970008708
    },
    "com.google.gson.JsonObjectTest-testAddingBooleanProperties": {
        "energy": 58831.73333333333,
        "duration": 1934402.0666666667,
        "dram": 5081.033333333334,
        "iteration": 30,
        "stdev": 22250.44136031663
    },
    "com.google.gson.JsonObjectTest-testWritePropertyWithEmptyStringName": {
        "energy": 137078.63414634147,
        "duration": 3843128.7560975607,
        "dram": 12548.878048780487,
        "iteration": 41,
        "stdev": 351087.0363784634
    },
    "com.google.gson.functional.DefaultTypeAdaptersTest-testJsonPrimitiveSerialization": {
        "energy": 45530.92156862745,
        "duration": 1473100.431372549,
        "dram": 3918.3333333333335,
        "iteration": 51,
        "stdev": 17909.422384619535
    },
    "com.google.gson.JsonPrimitiveTest-testBoolean": {
        "energy": 44503.6,
        "duration": 1336286.975,
        "dram": 3340.375,
        "iteration": 40,
        "stdev": 12983.093945204278
    },
    "com.google.gson.JsonObjectTest-testReadPropertyWithEmptyStringName": {
        "energy": 55549.439024390245,
        "duration": 1614714.463414634,
        "dram": 4754.463414634146,
        "iteration": 41,
        "stdev": 20746.484871875644
    }
}