{
    "com.google.gson.functional.ReadersWritersTest-testReadWriteTwoObjects": {
        "energy": 81909,
        "duration": 5334690.848484849,
        "dram": 15323.777777777777,
        "iteration": 99,
        "stdev": 157914.1521930776
    },
    "com.google.gson.JsonObjectTest-testAddingBooleanProperties": {
        "energy": 61768,
        "duration": 1992102.3777777778,
        "dram": 5051.044444444445,
        "iteration": 45,
        "stdev": 24915.433513654407
    },
    "com.google.gson.internal.bind.JsonElementReaderTest-testBooleans": {
        "energy": 43518,
        "duration": 4740613.873015873,
        "dram": 14459.253968253968,
        "iteration": 63,
        "stdev": 253409.05661008967
    },
    "com.google.gson.functional.JsonArrayTest-testBooleanPrimitiveAddition": {
        "energy": 39307,
        "duration": 4232653.7450980395,
        "dram": 12467.372549019608,
        "iteration": 51,
        "stdev": 231958.20476582038
    },
    "com.google.gson.JsonObjectTest-testReadPropertyWithEmptyStringName": {
        "energy": 41686,
        "duration": 1710201.6097560977,
        "dram": 4717.292682926829,
        "iteration": 41,
        "stdev": 20672.9828062684
    },
    "com.google.gson.functional.JsonTreeTest-testJsonTreeToString": {
        "energy": 176330,
        "duration": 6016116.313131313,
        "dram": 18460.939393939392,
        "iteration": 99,
        "stdev": 100611.45862675365
    },
    "com.google.gson.JsonObjectTest-testWritePropertyWithEmptyStringName": {
        "energy": 38086,
        "duration": 1222089.0222222223,
        "dram": 3210.8888888888887,
        "iteration": 45,
        "stdev": 10203.943854978603
    },
    "com.google.gson.functional.DefaultTypeAdaptersTest-testJsonPrimitiveSerialization": {
        "energy": 37536,
        "duration": 1303962.4736842106,
        "dram": 3561.9122807017543,
        "iteration": 57,
        "stdev": 16563.087348536064
    },
    "com.google.gson.functional.JsonArrayTest-testSameAddition": {
        "energy": 75439,
        "duration": 2241875.205882353,
        "dram": 6727.691176470588,
        "iteration": 68,
        "stdev": 26071.135273662556
    },
    "com.google.gson.JsonPrimitiveTest-testBoolean": {
        "energy": 40650,
        "duration": 1498679.878787879,
        "dram": 3237.848484848485,
        "iteration": 33,
        "stdev": 13313.712040989036
    },
    "com.google.gson.JsonParserTest-testReadWriteTwoObjects": {
        "energy": 79407,
        "duration": 9026246.144329896,
        "dram": 27657.484536082473,
        "iteration": 97,
        "stdev": 527590.8706903213
    }
}