{
    "com.google.gson.functional.DefaultTypeAdaptersTest-testBigDecimalFieldDeserialization": {
        "energy": 330749,
        "duration": 7363970.204081632,
        "dram": 22321.20408163265,
        "iteration": 98,
        "stdev": 172749.15279415404
    },
    "com.google.gson.functional.PrimitiveTest-testBigDecimalInASingleElementArrayDeserialization": {
        "energy": 36804,
        "duration": 740035.074074074,
        "dram": 2373.777777777778,
        "iteration": 27,
        "stdev": 2627.0524862347343
    },
    "com.google.gson.functional.PrimitiveTest-testBigDecimalDeserialization": {
        "energy": 35156,
        "duration": 882184.5428571429,
        "dram": 2516.6857142857143,
        "iteration": 35,
        "stdev": 3769.4456308695626
    }
}