{
    "com.google.gson.functional.ParameterizedTypesTest-testParameterizedTypeGenericArraysSerialization": {
        "energy": 34529.2962962963,
        "duration": 1138846.7160493827,
        "dram": 2973.9876543209875,
        "iteration": 81,
        "stdev": 3357.778816252669
    },
    "com.google.gson.functional.CollectionTest-testRawCollectionSerialization": {
        "energy": 35535.232558139534,
        "duration": 749521.3023255814,
        "dram": 2547.4883720930234,
        "iteration": 43,
        "stdev": 3588.104538398352
    },
    "com.google.gson.functional.InheritanceTest-testSubInterfacesOfCollectionSerialization": {
        "energy": 98687.45454545454,
        "duration": 3210998.727272727,
        "dram": 8892.151515151516,
        "iteration": 99,
        "stdev": 52395.2848785123
    },
    "com.google.gson.functional.ObjectTest-testDirectedAcyclicGraphSerialization": {
        "energy": 55279.12359550562,
        "duration": 1842763.393258427,
        "dram": 4837.101123595506,
        "iteration": 89,
        "stdev": 26603.600888238398
    },
    "com.google.gson.functional.PrettyPrintingTest-testPrettyPrintListOfPrimitiveArrays": {
        "energy": 38288.171428571426,
        "duration": 861511.4,
        "dram": 2719.7714285714287,
        "iteration": 35,
        "stdev": 3265.0922409697428
    },
    "com.google.gson.functional.CollectionTest-testNullsInListSerialization": {
        "energy": 35581.145454545454,
        "duration": 902286.2909090909,
        "dram": 2725.818181818182,
        "iteration": 55,
        "stdev": 3363.3498853925753
    },
    "com.google.gson.functional.ParameterizedTypesTest-testVariableTypeFieldsAndGenericArraysSerialization": {
        "energy": 80183.93939393939,
        "duration": 2734460.525252525,
        "dram": 7360.606060606061,
        "iteration": 99,
        "stdev": 35591.404257014445
    },
    "com.google.gson.functional.ParameterizedTypesTest-testParameterizedTypeGenericArraysDeserialization": {
        "energy": 43733.131313131315,
        "duration": 1580198.5858585858,
        "dram": 3958.282828282828,
        "iteration": 99,
        "stdev": 16399.031610757862
    },
    "com.google.gson.functional.CollectionTest-testQueueSerialization": {
        "energy": 36073.73684210526,
        "duration": 919674.5263157894,
        "dram": 2512.157894736842,
        "iteration": 57,
        "stdev": 3708.7331147863465
    },
    "com.google.gson.functional.ArrayTest-testArrayOfCollectionSerialization": {
        "energy": 51181.03846153846,
        "duration": 1645904.5512820513,
        "dram": 4304.641025641025,
        "iteration": 78,
        "stdev": 30154.614377274174
    },
    "com.google.gson.functional.CustomTypeAdaptersTest-testCustomAdapterInvokedForCollectionElementSerializationWithType": {
        "energy": 53560.9012345679,
        "duration": 1723965.7530864198,
        "dram": 4653.16049382716,
        "iteration": 81,
        "stdev": 33593.54436388808
    },
    "com.google.gson.functional.CollectionTest-testWildcardCollectionField": {
        "energy": 50421.16161616162,
        "duration": 1830233.2121212122,
        "dram": 4779.454545454545,
        "iteration": 99,
        "stdev": 20671.337152464275
    },
    "com.google.gson.functional.PrintFormattingTest-testCompactFormattingLeavesNoWhiteSpace": {
        "energy": 226612.05479452055,
        "duration": 6690905.479452055,
        "dram": 20532.13698630137,
        "iteration": 73,
        "stdev": 586897.7802858307
    },
    "com.google.gson.functional.ParameterizedTypesTest-testVariableTypeFieldsAndGenericArraysDeserialization": {
        "energy": 75218.53535353535,
        "duration": 2486492.8585858587,
        "dram": 6843.646464646465,
        "iteration": 99,
        "stdev": 29046.6218638811
    },
    "com.google.gson.functional.PrettyPrintingTest-testPrettyPrintList": {
        "energy": 141032.202020202,
        "duration": 4259422.656565657,
        "dram": 12646.535353535353,
        "iteration": 99,
        "stdev": 141292.4445513366
    },
    "com.google.gson.functional.ParameterizedTypesTest-testParameterizedTypeWithVariableTypeDeserialization": {
        "energy": 39016.72727272727,
        "duration": 1479696.2323232323,
        "dram": 3459.4545454545455,
        "iteration": 99,
        "stdev": 12526.586943815682
    },
    "com.google.gson.functional.EnumTest-testCollectionOfEnumsSerialization": {
        "energy": 49756.763636363634,
        "duration": 1378160.8363636364,
        "dram": 4238.963636363636,
        "iteration": 55,
        "stdev": 41072.424126153994
    },
    "com.google.gson.functional.ObjectTest-testCircularSerialization": {
        "energy": 37051.0,
        "duration": 829126.0909090909,
        "dram": 2917.7727272727275,
        "iteration": 44,
        "stdev": 4245.903458843381
    },
    "com.google.gson.functional.CollectionTest-testCollectionOfObjectSerialization": {
        "energy": 36528.41379310345,
        "duration": 902661.1206896552,
        "dram": 2991.706896551724,
        "iteration": 58,
        "stdev": 2793.750279083425
    },
    "com.google.gson.functional.DefaultTypeAdaptersTest-testSetSerialization": {
        "energy": 35218.775,
        "duration": 804534.025,
        "dram": 2638.55,
        "iteration": 40,
        "stdev": 2799.248653545269
    },
    "com.google.gson.functional.CollectionTest-testSetSerialization": {
        "energy": 87250.04761904762,
        "duration": 2689762.714285714,
        "dram": 7664.793650793651,
        "iteration": 63,
        "stdev": 89890.18008154712
    },
    "com.google.gson.functional.CollectionTest-testCollectionOfStringsSerialization": {
        "energy": 34409.529411764706,
        "duration": 585539.3529411765,
        "dram": 3304.5882352941176,
        "iteration": 17,
        "stdev": 2867.29994158569
    },
    "com.google.gson.functional.CollectionTest-testLinkedListSerialization": {
        "energy": 36310.80327868852,
        "duration": 1036872.655737705,
        "dram": 2787.8688524590166,
        "iteration": 61,
        "stdev": 3432.544832463882
    },
    "com.google.gson.functional.CollectionTest-testCollectionOfBagOfPrimitivesSerialization": {
        "energy": 52047.75362318841,
        "duration": 1610298.6666666667,
        "dram": 4669.63768115942,
        "iteration": 69,
        "stdev": 27738.855426271435
    },
    "com.google.gson.functional.CollectionTest-testRawCollectionOfIntegersSerialization": {
        "energy": 35389.09090909091,
        "duration": 562110.0,
        "dram": 2168.4545454545455,
        "iteration": 22,
        "stdev": 2960.128696666151
    },
    "com.google.gson.functional.CustomTypeAdaptersTest-testCustomAdapterInvokedForCollectionElementSerialization": {
        "energy": 35304.42857142857,
        "duration": 671615.25,
        "dram": 2475.8571428571427,
        "iteration": 28,
        "stdev": 3724.023250930288
    },
    "com.google.gson.functional.CollectionTest-testTopLevelCollectionOfIntegersSerialization": {
        "energy": 64648.73611111111,
        "duration": 1986276.9027777778,
        "dram": 5658.666666666667,
        "iteration": 72,
        "stdev": 48355.06541402103
    }
}