{
    "com.google.gson.functional.ParameterizedTypesTest-testParameterizedTypeGenericArraysSerialization": {
        "energy": 35387.820512820515,
        "duration": 1195067.141025641,
        "dram": 2940.75641025641,
        "iteration": 78,
        "stdev": 6241.767938126616
    },
    "com.google.gson.functional.CollectionTest-testRawCollectionSerialization": {
        "energy": 35596.23684210526,
        "duration": 826288.4736842106,
        "dram": 2941.8947368421054,
        "iteration": 38,
        "stdev": 3635.3357003765323
    },
    "com.google.gson.functional.InheritanceTest-testSubInterfacesOfCollectionSerialization": {
        "energy": 105609.62626262626,
        "duration": 3390920.212121212,
        "dram": 9564.59595959596,
        "iteration": 99,
        "stdev": 57715.24291046392
    },
    "com.google.gson.functional.ObjectTest-testDirectedAcyclicGraphSerialization": {
        "energy": 61865.21590909091,
        "duration": 2109167.9318181816,
        "dram": 5799.295454545455,
        "iteration": 88,
        "stdev": 40265.21954391026
    },
    "com.google.gson.functional.PrettyPrintingTest-testPrettyPrintListOfPrimitiveArrays": {
        "energy": 38096.14634146341,
        "duration": 867899.3902439025,
        "dram": 2833.5853658536585,
        "iteration": 41,
        "stdev": 4028.5870582502316
    },
    "com.google.gson.functional.CollectionTest-testNullsInListSerialization": {
        "energy": 35464.58928571428,
        "duration": 924915.3392857143,
        "dram": 2752.714285714286,
        "iteration": 56,
        "stdev": 3283.1299350771196
    },
    "com.google.gson.functional.CollectionTest-testCollectionOfBagOfPrimitivesSerialization": {
        "energy": 46433.294117647056,
        "duration": 1333887.2549019607,
        "dram": 3999.627450980392,
        "iteration": 51,
        "stdev": 23542.174532889352
    },
    "com.google.gson.functional.ParameterizedTypesTest-testVariableTypeFieldsAndGenericArraysSerialization": {
        "energy": 76532.898989899,
        "duration": 2549737.090909091,
        "dram": 7151.161616161616,
        "iteration": 99,
        "stdev": 35023.68343223645
    },
    "com.google.gson.functional.ParameterizedTypesTest-testParameterizedTypeGenericArraysDeserialization": {
        "energy": 45434.295918367345,
        "duration": 1619968.836734694,
        "dram": 4088.887755102041,
        "iteration": 98,
        "stdev": 17541.479349809106
    },
    "com.google.gson.functional.CustomTypeAdaptersTest-testCustomAdapterInvokedForCollectionElementSerialization": {
        "energy": 37362.65,
        "duration": 663215.95,
        "dram": 2316.35,
        "iteration": 20,
        "stdev": 3853.067080586581
    },
    "com.google.gson.functional.ArrayTest-testArrayOfCollectionSerialization": {
        "energy": 56008.843373493975,
        "duration": 1823049.2650602409,
        "dram": 4977.096385542169,
        "iteration": 83,
        "stdev": 35925.10446647685
    },
    "com.google.gson.functional.CustomTypeAdaptersTest-testCustomAdapterInvokedForCollectionElementSerializationWithType": {
        "energy": 49830.16049382716,
        "duration": 1680828.5802469135,
        "dram": 4407.765432098766,
        "iteration": 81,
        "stdev": 32140.485165565653
    },
    "com.google.gson.functional.CollectionTest-testWildcardCollectionField": {
        "energy": 54437.06060606061,
        "duration": 1849805.202020202,
        "dram": 5017.909090909091,
        "iteration": 99,
        "stdev": 21802.830870694863
    },
    "com.google.gson.functional.PrintFormattingTest-testCompactFormattingLeavesNoWhiteSpace": {
        "energy": 213722.90410958903,
        "duration": 6327608.917808219,
        "dram": 19503.835616438355,
        "iteration": 73,
        "stdev": 569897.4275251515
    },
    "com.google.gson.functional.ParameterizedTypesTest-testVariableTypeFieldsAndGenericArraysDeserialization": {
        "energy": 87100.62626262626,
        "duration": 2804100.1919191917,
        "dram": 7833.787878787879,
        "iteration": 99,
        "stdev": 84708.42468549812
    },
    "com.google.gson.functional.PrettyPrintingTest-testPrettyPrintList": {
        "energy": 137401.47474747474,
        "duration": 4293803.747474748,
        "dram": 12478.454545454546,
        "iteration": 99,
        "stdev": 123770.48652711378
    },
    "com.google.gson.functional.CollectionTest-testSetSerialization": {
        "energy": 57925.671428571426,
        "duration": 1741446.0,
        "dram": 4677.928571428572,
        "iteration": 70,
        "stdev": 62772.8650418592
    },
    "com.google.gson.functional.CollectionTest-testTopLevelCollectionOfIntegersSerialization": {
        "energy": 53426.68965517241,
        "duration": 1632819.4655172413,
        "dram": 4710.241379310345,
        "iteration": 58,
        "stdev": 35127.38577844676
    },
    "com.google.gson.functional.ParameterizedTypesTest-testParameterizedTypeWithVariableTypeDeserialization": {
        "energy": 40125.73195876289,
        "duration": 1537848.1134020619,
        "dram": 3724.8453608247423,
        "iteration": 97,
        "stdev": 12956.083207222922
    },
    "com.google.gson.functional.CollectionTest-testLinkedListSerialization": {
        "energy": 36097.055555555555,
        "duration": 1021406.3333333334,
        "dram": 3021.527777777778,
        "iteration": 72,
        "stdev": 3650.1495589179817
    },
    "com.google.gson.functional.CollectionTest-testCollectionOfObjectSerialization": {
        "energy": 35837.509090909094,
        "duration": 933866.9272727272,
        "dram": 2680.5454545454545,
        "iteration": 55,
        "stdev": 3619.816639619031
    },
    "com.google.gson.functional.CollectionTest-testQueueSerialization": {
        "energy": 35551.55223880597,
        "duration": 938157.3731343284,
        "dram": 3169.716417910448,
        "iteration": 67,
        "stdev": 3393.018804174251
    },
    "com.google.gson.functional.CollectionTest-testCollectionOfStringsSerialization": {
        "energy": 36951.94736842105,
        "duration": 575425.7368421053,
        "dram": 2847.4210526315787,
        "iteration": 19,
        "stdev": 3473.576641077672
    },
    "com.google.gson.functional.DefaultTypeAdaptersTest-testSetSerialization": {
        "energy": 36655.54054054054,
        "duration": 813901.6756756756,
        "dram": 2375.2162162162163,
        "iteration": 37,
        "stdev": 3581.999498955664
    },
    "com.google.gson.functional.ObjectTest-testCircularSerialization": {
        "energy": 37797.813953488374,
        "duration": 796541.6511627907,
        "dram": 2876.767441860465,
        "iteration": 43,
        "stdev": 3828.1479902368114
    },
    "com.google.gson.functional.EnumTest-testCollectionOfEnumsSerialization": {
        "energy": 36984.57142857143,
        "duration": 964150.0408163265,
        "dram": 2724.0408163265306,
        "iteration": 49,
        "stdev": 4082.725220301973
    },
    "com.google.gson.functional.CollectionTest-testRawCollectionOfIntegersSerialization": {
        "energy": 35849.77272727273,
        "duration": 552851.2727272727,
        "dram": 2337.4545454545455,
        "iteration": 22,
        "stdev": 3261.844833997224
    }
}