{
    "com.google.gson.functional.DefaultTypeAdaptersTest-testDateSerializationWithPattern": {
        "energy": 36316,
        "duration": 1004606.2580645161,
        "dram": 2810.032258064516,
        "iteration": 62,
        "stdev": 3017.161637624777
    },
    "com.google.gson.JsonDeserializerExceptionWrapperTest-testProperSerialization": {
        "energy": 43213,
        "duration": 2607235.305263158,
        "dram": 7087.484210526316,
        "iteration": 95,
        "stdev": 44380.29581141248
    },
    "com.google.gson.functional.DefaultTypeAdaptersTest-testDefaultDateDeserializationUsingBuilder": {
        "energy": 34729,
        "duration": 2568286.945054945,
        "dram": 7264.615384615385,
        "iteration": 91,
        "stdev": 131777.91286786422
    },
    "com.google.gson.DefaultDateTypeAdapterTest-testDateSerialization": {
        "energy": 36071,
        "duration": 2465790.4098360655,
        "dram": 8213.065573770491,
        "iteration": 61,
        "stdev": 167556.3510518147
    },
    "com.google.gson.functional.DefaultTypeAdaptersTest-testDateDeserializationWithPattern": {
        "energy": 34607,
        "duration": 1052527.8448275863,
        "dram": 3053.8793103448274,
        "iteration": 58,
        "stdev": 3376.7626048709985
    },
    "com.google.gson.functional.DefaultTypeAdaptersTest-testDefaultDateSerialization": {
        "energy": 33630,
        "duration": 1267767.3846153845,
        "dram": 2769.0,
        "iteration": 65,
        "stdev": 18808.229049191847
    },
    "com.google.gson.functional.DefaultTypeAdaptersTest-testDefaultDateDeserialization": {
        "energy": 148193,
        "duration": 4458309.040816327,
        "dram": 13181.80612244898,
        "iteration": 98,
        "stdev": 46605.24768672362
    },
    "com.google.gson.functional.DefaultTypeAdaptersTest-testDefaultDateSerializationUsingBuilder": {
        "energy": 33874,
        "duration": 1118392.2571428572,
        "dram": 2993.8,
        "iteration": 70,
        "stdev": 24504.415920588344
    },
    "com.google.gson.DefaultDateTypeAdapterTest-testDatePattern": {
        "energy": 39490,
        "duration": 6668933.327868853,
        "dram": 20896.049180327867,
        "iteration": 61,
        "stdev": 313872.41773809167
    }
}