{
    "com.google.gson.JsonDeserializerExceptionWrapperTest-testProperSerialization": {
        "energy": 75257,
        "duration": 2783238.8736842107,
        "dram": 7692.0526315789475,
        "iteration": 95,
        "stdev": 56535.5789972436
    },
    "com.google.gson.functional.DefaultTypeAdaptersTest-testDefaultDateDeserializationUsingBuilder": {
        "energy": 34668,
        "duration": 1749659.3608247424,
        "dram": 4733.546391752578,
        "iteration": 97,
        "stdev": 82408.83124810859
    },
    "com.google.gson.DefaultDateTypeAdapterTest-testDateSerialization": {
        "energy": 37170,
        "duration": 2856724.8983050846,
        "dram": 8958.06779661017,
        "iteration": 59,
        "stdev": 146422.51655541625
    },
    "com.google.gson.functional.DefaultTypeAdaptersTest-testDefaultDateSerialization": {
        "energy": 34668,
        "duration": 1199232.328125,
        "dram": 2786.265625,
        "iteration": 64,
        "stdev": 3508.7231917783765
    },
    "com.google.gson.functional.DefaultTypeAdaptersTest-testDefaultDateDeserialization": {
        "energy": 149902,
        "duration": 4714662.908163265,
        "dram": 14098.959183673469,
        "iteration": 98,
        "stdev": 56539.60015760348
    },
    "com.google.gson.functional.DefaultTypeAdaptersTest-testDateSerializationWithPattern": {
        "energy": 35644,
        "duration": 977362.05,
        "dram": 2875.883333333333,
        "iteration": 60,
        "stdev": 3392.5280224421963
    },
    "com.google.gson.DefaultDateTypeAdapterTest-testDatePattern": {
        "energy": 38269,
        "duration": 5829329.8965517245,
        "dram": 17681.0,
        "iteration": 58,
        "stdev": 297114.2289655597
    },
    "com.google.gson.functional.DefaultTypeAdaptersTest-testDateDeserializationWithPattern": {
        "energy": 34118,
        "duration": 985126.6571428571,
        "dram": 2928.6428571428573,
        "iteration": 70,
        "stdev": 3313.127596580683
    },
    "com.google.gson.functional.DefaultTypeAdaptersTest-testDefaultDateSerializationUsingBuilder": {
        "energy": 33203,
        "duration": 1149077.0,
        "dram": 3298.084745762712,
        "iteration": 59,
        "stdev": 35021.18553221979
    }
}