{
    "com.google.gson.functional.JsonParserTest-testBadTypeForDeserializingCustomTree": {
        "energy": 37646.05766772597,
        "duration": 1073102.710869285,
        "dram": 771.6853167670718,
        "iteration": 45
    },
    "com.google.gson.internal.bind.JsonElementReaderTest-testLenientNansAndInfinities": {
        "energy": 36171.26171579379,
        "duration": 1096033.4583010008,
        "dram": 2727.576803839009,
        "iteration": 38
    },
    "com.google.gson.internal.bind.JsonElementReaderTest-testStrictNansAndInfinities": {
        "energy": 36555.91675169964,
        "duration": 631122.5948414808,
        "dram": 2819.404074755381,
        "iteration": 33
    },
    "com.google.gson.internal.bind.JsonElementReaderTest-testArray": {
        "energy": 40971.61463543773,
        "duration": 804024.2196638286,
        "dram": 3746.745669424534,
        "iteration": 25
    },
    "com.google.gson.JsonParserTest-testParseUnquotedStringArrayFails": {
        "energy": 39110.98690094799,
        "duration": 702026.8221552148,
        "dram": 3462.9082744792104,
        "iteration": 30
    },
    "com.google.gson.JsonArrayTest-testSet": {
        "energy": 39813.143981434405,
        "duration": 1160422.7732811961,
        "dram": 3590.4159858804196,
        "iteration": 29
    },
    "com.google.gson.internal.bind.JsonElementReaderTest-testNestedArrays": {
        "energy": 37881.91017246246,
        "duration": 537070.1932077408,
        "dram": 2915.9285383224487,
        "iteration": 20
    },
    "com.google.gson.functional.DefaultTypeAdaptersTest-testJsonArraySerialization": {
        "energy": 34096.06318929233,
        "duration": 585723.3038622879,
        "dram": 2419.5285187296104,
        "iteration": 32
    },
    "com.google.gson.internal.bind.JsonElementReaderTest-testNulls": {
        "energy": 39646.71725773811,
        "duration": 462077.6880376339,
        "dram": 944.1769256591797,
        "iteration": 22
    },
    "com.google.gson.JsonArrayTest-testDeepCopy": {
        "energy": 41718.67378234863,
        "duration": 474212.9264984131,
        "dram": 810.8328475952148,
        "iteration": 20
    },
    "com.google.gson.internal.bind.JsonElementReaderTest-testEarlyClose": {
        "energy": 37142.950996398926,
        "duration": 524825.636384964,
        "dram": 2455.6451091766357,
        "iteration": 19
    },
    "com.google.gson.JsonParserTest-testParseInvalidJson": {
        "energy": 38499.704263687134,
        "duration": 578524.5353794098,
        "dram": 2498.317162513733,
        "iteration": 20
    },
    "com.google.gson.internal.bind.JsonElementReaderTest-testNumbers": {
        "energy": 37417.738863135455,
        "duration": 744155.577231273,
        "dram": 3473.402176912932,
        "iteration": 35
    },
    "com.google.gson.functional.TypeHierarchyAdapterTest-testTypeHierarchy": {
        "energy": 179766.91965179454,
        "duration": 5533500.3912904225,
        "dram": 18637.70196770234,
        "iteration": 99
    },
    "com.google.gson.functional.InheritanceTest-testClassWithBaseCollectionFieldSerialization": {
        "energy": 36685.056385644966,
        "duration": 1072607.8403261171,
        "dram": 4129.121233199786,
        "iteration": 78
    },
    "com.google.gson.JsonArrayTest-testEqualsNonEmptyArray": {
        "energy": 106892.20123884454,
        "duration": 2927140.2177435122,
        "dram": 13412.356415241957,
        "iteration": 28
    },
    "com.google.gson.JsonParserTest-testParseMixedArray": {
        "energy": 56755.642477131914,
        "duration": 1092468.1955375355,
        "dram": 2387.4272530288436,
        "iteration": 31
    },
    "com.google.gson.functional.StreamingTypeAdaptersTest-testFromJsonTree": {
        "energy": 37074.51308382266,
        "duration": 1106662.332703398,
        "dram": 2963.688852831763,
        "iteration": 47
    },
    "com.google.gson.JsonArrayTest-testRemove": {
        "energy": 37889.61535167694,
        "duration": 679109.3956308365,
        "dram": 1456.271029472351,
        "iteration": 21
    },
    "com.google.gson.internal.bind.JsonElementReaderTest-testStrings": {
        "energy": 44161.264099121094,
        "duration": 593169.9146499634,
        "dram": 2693.4451065063477,
        "iteration": 18
    },
    "com.google.gson.internal.bind.JsonTreeWriterTest-testLenientNansAndInfinities": {
        "energy": 37563.90924962796,
        "duration": 790498.7213605959,
        "dram": 1764.0678768139333,
        "iteration": 30
    },
    "com.google.gson.functional.InheritanceTest-testClassWithBaseArrayFieldSerialization": {
        "energy": 41397.94367965618,
        "duration": 993910.0919235761,
        "dram": 3721.1060508655423,
        "iteration": 72
    },
    "com.google.gson.functional.MapTest-testCustomSerializerForSpecificMapType": {
        "energy": 38430.836944383336,
        "duration": 900427.3779192375,
        "dram": 2513.9432748659174,
        "iteration": 74
    },
    "com.google.gson.functional.JsonParserTest-testBadFieldTypeForCustomDeserializerCustomTree": {
        "energy": 35091.39236056324,
        "duration": 856104.1638702166,
        "dram": 2482.392993074231,
        "iteration": 56
    },
    "com.google.gson.internal.bind.JsonTreeWriterTest-testWriteAfterClose": {
        "energy": 40321.90105304122,
        "duration": 517844.06287011504,
        "dram": 2541.6237615421414,
        "iteration": 28
    },
    "com.google.gson.functional.JsonParserTest-testBadFieldTypeForDeserializingCustomTree": {
        "energy": 38170.087925954154,
        "duration": 1237717.4751246436,
        "dram": 3396.0774560997106,
        "iteration": 60
    },
    "com.google.gson.functional.CustomSerializerTest-testSubClassSerializerInvokedForBaseClassFieldsHoldingArrayOfSubClassInstances": {
        "energy": 35616.62363873549,
        "duration": 1757652.976018135,
        "dram": 3410.3455268532875,
        "iteration": 61
    },
    "com.google.gson.internal.bind.JsonTreeWriterTest-testNestedArray": {
        "energy": 39459.21447658539,
        "duration": 638995.6708221436,
        "dram": 1733.0415048599243,
        "iteration": 21
    },
    "com.google.gson.internal.bind.JsonElementReaderTest-testSkipValue": {
        "energy": 36008.613654026965,
        "duration": 539061.3610689202,
        "dram": 2638.904983227534,
        "iteration": 38
    },
    "com.google.gson.internal.bind.JsonElementReaderTest-testNumbersFromStrings": {
        "energy": 36203.24526807666,
        "duration": 712551.3295281231,
        "dram": 3682.1913101375103,
        "iteration": 26
    },
    "com.google.gson.internal.bind.JsonTreeWriterTest-testArray": {
        "energy": 39617.2826230675,
        "duration": 706476.6327182502,
        "dram": 2386.02053552866,
        "iteration": 27
    },
    "com.google.gson.internal.bind.JsonElementReaderTest-testBooleans": {
        "energy": 37238.10171292722,
        "duration": 528654.2976233214,
        "dram": 1688.875170648098,
        "iteration": 27
    },
    "com.google.gson.internal.bind.JsonElementReaderTest-testStringsFromNumbers": {
        "energy": 35700.49136352539,
        "duration": 435778.804107666,
        "dram": 2936.499053955078,
        "iteration": 16
    },
    "com.google.gson.functional.DefaultTypeAdaptersTest-testJsonArrayDeserialization": {
        "energy": 33884.28917626481,
        "duration": 583816.1198790044,
        "dram": 3131.004204922283,
        "iteration": 37
    },
    "com.google.gson.internal.bind.JsonElementReaderTest-testWrongType": {
        "energy": 40261.513609149726,
        "duration": 629819.2569331378,
        "dram": 2883.5868397015147,
        "iteration": 33
    },
    "com.google.gson.JsonObjectTest-testDeepCopy": {
        "energy": 37041.027488708496,
        "duration": 565937.7341461182,
        "dram": 3443.35977935791,
        "iteration": 18
    }
}