{
    "com.google.gson.internal.bind.JsonElementReaderTest-testStrictNansAndInfinities": {
        "energy": 42140.70679500555,
        "duration": 856250.3289114856,
        "dram": 3798.9073080196868,
        "iteration": 38
    },
    "com.google.gson.internal.bind.JsonElementReaderTest-testNestedArrays": {
        "energy": 36372.639570236206,
        "duration": 429912.7079334259,
        "dram": 2362.8233165740967,
        "iteration": 20
    },
    "com.google.gson.functional.InheritanceTest-testClassWithBaseArrayFieldSerialization": {
        "energy": 41502.278748668265,
        "duration": 1159555.1071039254,
        "dram": 4072.7393974859556,
        "iteration": 71
    },
    "com.google.gson.internal.bind.JsonElementReaderTest-testBooleans": {
        "energy": 34681.788845062256,
        "duration": 497359.62478256226,
        "dram": 2445.2559814453125,
        "iteration": 18
    },
    "com.google.gson.internal.bind.JsonTreeWriterTest-testArray": {
        "energy": 36428.8536834924,
        "duration": 610545.1069202679,
        "dram": 4069.687937558396,
        "iteration": 32
    },
    "com.google.gson.internal.bind.JsonElementReaderTest-testWrongType": {
        "energy": 36454.72533021154,
        "duration": 759753.357858666,
        "dram": 3156.8792587945063,
        "iteration": 36
    },
    "com.google.gson.internal.bind.JsonElementReaderTest-testStringsFromNumbers": {
        "energy": 37106.45703125,
        "duration": 468167.9677734375,
        "dram": 3297.86328125,
        "iteration": 10
    },
    "com.google.gson.functional.TypeHierarchyAdapterTest-testTypeHierarchy": {
        "energy": 145908.9945550171,
        "duration": 4463523.050311154,
        "dram": 13664.410760833543,
        "iteration": 99
    },
    "com.google.gson.functional.InheritanceTest-testClassWithBaseCollectionFieldSerialization": {
        "energy": 47148.848691469226,
        "duration": 1467400.9386228975,
        "dram": 4940.38915532526,
        "iteration": 70
    },
    "com.google.gson.functional.JsonArrayTest-testMixedPrimitiveAddition": {
        "energy": 55424.28317664872,
        "duration": 1586509.1877984474,
        "dram": 4044.9969327333865,
        "iteration": 58
    },
    "com.google.gson.functional.CustomSerializerTest-testSubClassSerializerInvokedForBaseClassFieldsHoldingArrayOfSubClassInstances": {
        "energy": 41412.990204353664,
        "duration": 828440.8902063298,
        "dram": 3529.3583042380633,
        "iteration": 57
    },
    "com.google.gson.functional.JsonArrayTest-testNullPrimitiveAddition": {
        "energy": 33785.85168457031,
        "duration": 558786.779083252,
        "dram": 2728.5796508789062,
        "iteration": 17
    },
    "com.google.gson.functional.JsonArrayTest-testIntegerPrimitiveAddition": {
        "energy": 39666.447509765625,
        "duration": 472814.99462890625,
        "dram": 1570.017822265625,
        "iteration": 12
    },
    "com.google.gson.functional.StreamingTypeAdaptersTest-testFromJsonTree": {
        "energy": 38876.891316855515,
        "duration": 1373498.8401432664,
        "dram": 3863.9003752630997,
        "iteration": 39
    },
    "com.google.gson.JsonArrayTest-testRemove": {
        "energy": 40071.23595428467,
        "duration": 375270.61015319824,
        "dram": 2890.705659866333,
        "iteration": 21
    },
    "com.google.gson.internal.bind.JsonTreeWriterTest-testLenientNansAndInfinities": {
        "energy": 60757.31297148764,
        "duration": 1150347.9509611353,
        "dram": 2241.034643612802,
        "iteration": 28
    },
    "com.google.gson.internal.bind.JsonElementReaderTest-testNumbersFromStrings": {
        "energy": 38808.796999931335,
        "duration": 501780.4325609207,
        "dram": 3467.629807472229,
        "iteration": 22
    },
    "com.google.gson.functional.DefaultTypeAdaptersTest-testJsonArrayDeserialization": {
        "energy": 33904.562872173236,
        "duration": 602485.8362313756,
        "dram": 2153.249981542018,
        "iteration": 41
    },
    "com.google.gson.functional.MapTest-testCustomSerializerForSpecificMapType": {
        "energy": 37185.234749937124,
        "duration": 1577332.8145833681,
        "dram": 5583.304848721145,
        "iteration": 67
    },
    "com.google.gson.JsonArrayTest-testEqualsNonEmptyArray": {
        "energy": 44951.373795288615,
        "duration": 753727.8043573305,
        "dram": 4861.528187193442,
        "iteration": 33
    },
    "com.google.gson.JsonParserTest-testParseMixedArray": {
        "energy": 56286.36654557474,
        "duration": 1111025.5924440064,
        "dram": 2718.8751884438097,
        "iteration": 30
    },
    "com.google.gson.functional.JsonParserTest-testBadTypeForDeserializingCustomTree": {
        "energy": 36741.58347280859,
        "duration": 888172.9938419047,
        "dram": 3671.4977781525813,
        "iteration": 33
    },
    "com.google.gson.JsonParserTest-testParseUnquotedStringArrayFails": {
        "energy": 35591.385372845456,
        "duration": 1350099.3815719783,
        "dram": 3475.9952533245087,
        "iteration": 30
    },
    "com.google.gson.functional.DefaultTypeAdaptersTest-testJsonArraySerialization": {
        "energy": 34968.08656692505,
        "duration": 567503.562046051,
        "dram": 3195.3445892333984,
        "iteration": 19
    },
    "com.google.gson.functional.JsonArrayTest-testCharPrimitiveAddition": {
        "energy": 38408.23331028223,
        "duration": 491734.6726462841,
        "dram": 1426.1996423602104,
        "iteration": 25
    },
    "com.google.gson.functional.JsonArrayTest-testStringPrimitiveAddition": {
        "energy": 34060.64457702637,
        "duration": 441136.0990142822,
        "dram": 2986.5118408203125,
        "iteration": 17
    },
    "com.google.gson.internal.bind.JsonTreeWriterTest-testNestedArray": {
        "energy": 387968.3426192254,
        "duration": 11712664.167412724,
        "dram": 36683.83473858982,
        "iteration": 29
    },
    "com.google.gson.JsonArrayTest-testSet": {
        "energy": 66808.91210163385,
        "duration": 1881652.7200627401,
        "dram": 6051.261438637972,
        "iteration": 28
    },
    "com.google.gson.JsonArrayTest-testDeepCopy": {
        "energy": 37960.66091135144,
        "duration": 519721.08523727953,
        "dram": 3078.843281492591,
        "iteration": 27
    },
    "com.google.gson.JsonParserTest-testParseInvalidJson": {
        "energy": 33926.805582910776,
        "duration": 591355.4138009548,
        "dram": 3322.7729201316833,
        "iteration": 26
    },
    "com.google.gson.functional.JsonArrayTest-testSameAddition": {
        "energy": 315396.1339016526,
        "duration": 8148249.077981864,
        "dram": 26044.30270384182,
        "iteration": 60
    },
    "com.google.gson.internal.bind.JsonElementReaderTest-testEarlyClose": {
        "energy": 37735.95604431629,
        "duration": 452726.9145902395,
        "dram": 3190.1628534793854,
        "iteration": 24
    },
    "com.google.gson.JsonObjectTest-testDeepCopy": {
        "energy": 39747.28336119652,
        "duration": 513372.8268485069,
        "dram": 3022.0449442863464,
        "iteration": 23
    },
    "com.google.gson.internal.bind.JsonTreeWriterTest-testWriteAfterClose": {
        "energy": 37822.04253387451,
        "duration": 739984.7869262695,
        "dram": 1245.2777557373047,
        "iteration": 18
    },
    "com.google.gson.functional.JsonParserTest-testBadFieldTypeForDeserializingCustomTree": {
        "energy": 35134.616741632126,
        "duration": 725567.9744744019,
        "dram": 3361.900590131103,
        "iteration": 52
    },
    "com.google.gson.internal.bind.JsonElementReaderTest-testSkipValue": {
        "energy": 41707.53706073761,
        "duration": 470616.13555908203,
        "dram": 3148.7480516433716,
        "iteration": 21
    },