{
    "com.google.gson.functional.ParameterizedTypesTest-testParameterizedTypeGenericArraysSerialization": {
        "energy": 33753,
        "duration": 1136692.725,
        "dram": 2915.95,
        "iteration": 80,
        "stdev": 6147.397550882306
    },
    "com.google.gson.functional.ExposeFieldsTest-testNullExposeFieldSerialization": {
        "energy": 78002,
        "duration": 3112270.9484536084,
        "dram": 9026.19587628866,
        "iteration": 97,
        "stdev": 61958.45789366072
    },
    "com.google.gson.functional.CollectionTest-testRawCollectionSerialization": {
        "energy": 35706,
        "duration": 869572.2115384615,
        "dram": 2598.4423076923076,
        "iteration": 52,
        "stdev": 5304.763084264699
    },
    "com.google.gson.functional.ObjectTest-testDirectedAcyclicGraphSerialization": {
        "energy": 64087,
        "duration": 1921801.5975609757,
        "dram": 5657.365853658536,
        "iteration": 82,
        "stdev": 34318.20415165291
    },
    "com.google.gson.functional.ObjectTest-testNestedSerialization": {
        "energy": 35705,
        "duration": 1126489.559322034,
        "dram": 3443.0338983050847,
        "iteration": 59,
        "stdev": 28962.297501896093
    },
    "com.google.gson.functional.ParameterizedTypesTest-testVariableTypeArrayDeserialization": {
        "energy": 34607,
        "duration": 1485988.3636363635,
        "dram": 3600.6060606060605,
        "iteration": 99,
        "stdev": 12403.637018824998
    },
    "com.google.gson.functional.NamingPolicyTest-testGsonWithNonDefaultFieldNamingPolicySerialization": {
        "energy": 97107,
        "duration": 6865398.919191919,
        "dram": 21205.363636363636,
        "iteration": 99,
        "stdev": 448115.4212515608
    },
    "com.google.gson.functional.ObjectTest-testNullFieldsSerialization": {
        "energy": 35644,
        "duration": 726333.8793103448,
        "dram": 2503.9655172413795,
        "iteration": 58,
        "stdev": 3302.9310742629414
    },
    "com.google.gson.functional.CustomTypeAdaptersTest-testCustomNestedSerializers": {
        "energy": 36804,
        "duration": 1400282.6206896552,
        "dram": 3656.655172413793,
        "iteration": 58,
        "stdev": 21657.14259693626
    },
    "com.google.gson.functional.ParameterizedTypesTest-testParameterizedTypesSerialization": {
        "energy": 74524,
        "duration": 3355557.09375,
        "dram": 9618.0,
        "iteration": 96,
        "stdev": 79292.6594321472
    },
    "com.google.gson.functional.ConcurrencyTest-testSingleThreadSerialization": {
        "energy": 72632,
        "duration": 2574398.4583333335,
        "dram": 7246.197916666667,
        "iteration": 96,
        "stdev": 58577.75045629867
    },
    "com.google.gson.functional.CollectionTest-testCollectionOfBagOfPrimitivesSerialization": {
        "energy": 38147,
        "duration": 1337455.576923077,
        "dram": 4030.0576923076924,
        "iteration": 52,
        "stdev": 37245.8699986404
    },
    "com.google.gson.functional.ParameterizedTypesTest-testVariableTypeFieldsAndGenericArraysSerialization": {
        "energy": 97290,
        "duration": 3220572.7083333335,
        "dram": 8829.229166666666,
        "iteration": 96,
        "stdev": 45054.377839507455
    },
    "com.google.gson.functional.VersioningTest-testVersionedGsonWithUnversionedClassesSerialization": {
        "energy": 38086,
        "duration": 2111519.1694915253,
        "dram": 6350.135593220339,
        "iteration": 59,
        "stdev": 175480.88875243004
    },
    "com.google.gson.functional.NamingPolicyTest-testGsonWithSerializedNameFieldNamingPolicySerialization": {
        "energy": 75622,
        "duration": 3088046.6565656564,
        "dram": 8609.61616161616,
        "iteration": 99,
        "stdev": 54480.843044775866
    },
    "com.google.gson.functional.ConcurrencyTest-testMultiThreadSerialization": {
        "energy": 326781,
        "duration": 9527678.08080808,
        "dram": 29464.0,
        "iteration": 99,
        "stdev": 103057.92408807456
    },
    "com.google.gson.functional.ObjectTest-testSelfReferenceSerialization": {
        "energy": 34912,
        "duration": 577497.2857142857,
        "dram": 3004.714285714286,
        "iteration": 21,
        "stdev": 2907.770797593557
    },
    "com.google.gson.functional.ObjectTest-testInnerClassSerialization": {
        "energy": 34423,
        "duration": 857795.8909090909,
        "dram": 2844.109090909091,
        "iteration": 55,
        "stdev": 3047.3099588743094
    },
    "com.google.gson.functional.ParameterizedTypesTest-testParameterizedTypeGenericArraysDeserialization": {
        "energy": 36377,
        "duration": 1617596.5656565656,
        "dram": 4103.10101010101,
        "iteration": 99,
        "stdev": 17493.165016376377
    },
    "com.google.gson.functional.CustomTypeAdaptersTest-testCustomTypeAdapterDoesNotAppliesToSubClasses": {
        "energy": 68481,
        "duration": 2189819.98989899,
        "dram": 5824.49494949495,
        "iteration": 99,
        "stdev": 22846.31364950356
    },
    "com.google.gson.functional.VersioningTest-testVersionedClassesSerialization": {
        "energy": 143066,
        "duration": 7633270.323232323,
        "dram": 23009.31313131313,
        "iteration": 99,
        "stdev": 358052.1022912121
    },
    "com.google.gson.functional.EscapingTest-testEscapingObjectFields": {
        "energy": 38208,
        "duration": 1667618.012987013,
        "dram": 4677.961038961039,
        "iteration": 77,
        "stdev": 38534.37562678545
    },
    "com.google.gson.functional.ObjectTest-testBagOfPrimitiveWrappersSerialization": {
        "energy": 36621,
        "duration": 836656.4047619047,
        "dram": 2960.1666666666665,
        "iteration": 42,
        "stdev": 2989.8978919346073
    },
    "com.google.gson.functional.NullObjectAndFieldTest-testNullWrappedPrimitiveMemberSerialization": {
        "energy": 36438,
        "duration": 924178.6727272727,
        "dram": 2772.3818181818183,
        "iteration": 55,
        "stdev": 3226.3799774170566
    },
    "com.google.gson.functional.ExposeFieldsTest-testArrayWithOneNullExposeFieldObjectSerialization": {
        "energy": 35706,
        "duration": 1045069.0,
        "dram": 3276.0169491525426,
        "iteration": 59,
        "stdev": 13318.823732821511
    },
    "com.google.gson.FunctionalWithInternalDependenciesTest-testPrettyPrintList": {
        "energy": 82337,
        "duration": 3936861.9393939395,
        "dram": 11342.121212121212,
        "iteration": 99,
        "stdev": 96640.20555924333
    },
    "com.google.gson.functional.CustomTypeAdaptersTest-testCustomSerializerForLong": {
        "energy": 35950,
        "duration": 1255174.923076923,
        "dram": 3327.576923076923,
        "iteration": 78,
        "stdev": 8795.23050090801
    },
    "com.google.gson.FunctionalWithInternalDependenciesTest-testPrettyPrintArrayOfObjects": {
        "energy": 37659,
        "duration": 1424004.4197530865,
        "dram": 4067.135802469136,
        "iteration": 81,
        "stdev": 29163.285677937558
    },
    "com.google.gson.functional.PrintFormattingTest-testCompactFormattingLeavesNoWhiteSpace": {
        "energy": 39185,
        "duration": 8762705.824324325,
        "dram": 26205.364864864863,
        "iteration": 74,
        "stdev": 653992.3887039928
    },
    "com.google.gson.functional.ParameterizedTypesTest-testVariableTypeFieldsAndGenericArraysDeserialization": {
        "energy": 69641,
        "duration": 2708739.868686869,
        "dram": 7572.727272727273,
        "iteration": 99,
        "stdev": 44398.26999547806
    },
    "com.google.gson.functional.ObjectTest-testArrayOfArraysSerialization": {
        "energy": 36621,
        "duration": 1397989.7411764706,
        "dram": 3699.894117647059,
        "iteration": 85,
        "stdev": 15105.215805204482
    },