{
  "com.google.gson.functional.NamingPolicyTest#testGsonWithUpperCamelCaseSpacesPolicySerialiation": {
    "dataV1": {
      "energy": 39796.0,
      "instructions": 2265344.0,
      "durations": 2066464.0,
      "cycles": 3925778.0,
      "caches": 100332.0,
      "cacheMisses": 708.0,
      "branches": 415308.0,
      "branchMisses": 46256.0
    },
    "dataV2": {
      "energy": 38696.0,
      "instructions": 2266988.0,
      "durations": 2079388.0,
      "cycles": 3926980.0,
      "caches": 100296.0,
      "cacheMisses": 754.0,
      "branches": 415728.0,
      "branchMisses": 46114.0
    },
    "energy": -1100.0,
    "instructions": 1644.0,
    "durations": 12924.0,
    "cycles": 1202.0,
    "caches": -36.0,
    "cacheMisses": 46.0,
    "branches": 420.0,
    "branchMisses": -142.0
  },
  "com.google.gson.functional.NamingPolicyTest#testGsonWithNonDefaultFieldNamingPolicySerialization": {
    "dataV1": {
      "energy": 3636952.0,
      "instructions": 1.47664512E8,
      "durations": 1.82759098E8,
      "cycles": 1.80308746E8,
      "caches": 5266632.0,
      "cacheMisses": 69996.0,
      "branches": 2.9565772E7,
      "branchMisses": 1892790.0
    },
    "dataV2": {
      "energy": 3600578.0,
      "instructions": 1.47340876E8,
      "durations": 1.82727936E8,
      "cycles": 1.79409608E8,
      "caches": 5266470.0,
      "cacheMisses": 69948.0,
      "branches": 2.9499824E7,
      "branchMisses": 1874092.0
    },
    "energy": -36374.0,
    "instructions": -323636.0,
    "durations": -31162.0,
    "cycles": -899138.0,
    "caches": -162.0,
    "cacheMisses": -48.0,
    "branches": -65948.0,
    "branchMisses": -18698.0
  },
  "com.google.gson.functional.NamingPolicyTest#testGsonWithUpperCamelCaseSpacesPolicyDeserialiation": {
    "dataV1": {
      "energy": 201782.0,
      "instructions": 9564294.0,
      "durations": 1.192176E7,
      "cycles": 1.112134E7,
      "caches": 300158.0,
      "cacheMisses": 1792.0,
      "branches": 2003018.0,
      "branchMisses": 118684.0
    },
    "dataV2": {
      "energy": 201782.0,
      "instructions": 9555466.0,
      "durations": 1.1974634E7,
      "cycles": 1.1169088E7,
      "caches": 301944.0,
      "cacheMisses": 1820.0,
      "branches": 2001448.0,
      "branchMisses": 118890.0
    },
    "energy": 0.0,
    "instructions": -8828.0,
    "durations": 52874.0,
    "cycles": 47748.0,
    "caches": 1786.0,
    "cacheMisses": 28.0,
    "branches": -1570.0,
    "branchMisses": 206.0
  },
  "com.google.gson.functional.NamingPolicyTest#testGsonWithNonDefaultFieldNamingPolicyDeserialiation": {
    "dataV1": {
      "energy": 41992.0,
      "instructions": 2013842.0,
      "durations": 3843704.0,
      "cycles": 3777988.0,
      "caches": 109482.0,
      "cacheMisses": 268.0,
      "branches": 368304.0,
      "branchMisses": 46004.0
    },
    "dataV2": {
      "energy": 41870.0,
      "instructions": 2003510.0,
      "durations": 3641272.0,
      "cycles": 3742100.0,
      "caches": 108406.0,
      "cacheMisses": 262.0,
      "branches": 366820.0,
      "branchMisses": 45808.0
    },
    "energy": -122.0,
    "instructions": -10332.0,
    "durations": -202432.0,
    "cycles": -35888.0,
    "caches": -1076.0,
    "cacheMisses": -6.0,
    "branches": -1484.0,
    "branchMisses": -196.0
  }
}