{
    "com.google.gson.functional.MapTest-testSerializeMaps": {
        "energy": 60559.0404040404,
        "duration": 1881696.6464646466,
        "dram": 5300.333333333333,
        "iteration": 99,
        "stdev": 20629.731009238076
    },
    "com.google.gson.functional.CustomTypeAdaptersTest-testCustomAdapterInvokedForMapElementSerializationWithType": {
        "energy": 39262.45569620253,
        "duration": 1203028.7215189873,
        "dram": 3100.240506329114,
        "iteration": 79,
        "stdev": 6182.2379316048555
    },
    "com.google.gson.functional.TypeVariableTest-testAdvancedTypeVariables": {
        "energy": 409454.7878787879,
        "duration": 12355907.525252525,
        "dram": 37131.30303030303,
        "iteration": 99,
        "stdev": 771105.035151362
    },
    "com.google.gson.functional.MapTest-testMapSerializationWithNullValuesSerialized": {
        "energy": 38343.107142857145,
        "duration": 911001.4107142857,
        "dram": 3154.785714285714,
        "iteration": 56,
        "stdev": 5012.602452385714
    },
    "com.google.gson.functional.MapTest-testMapSerializationWithIntegerKeys": {
        "energy": 37724.94827586207,
        "duration": 961220.0344827586,
        "dram": 2854.7413793103447,
        "iteration": 58,
        "stdev": 4450.578398762514
    },
    "com.google.gson.functional.MapTest-testGeneralMapField": {
        "energy": 50947.257731958765,
        "duration": 1595420.1030927836,
        "dram": 4252.257731958763,
        "iteration": 97,
        "stdev": 17085.70971724094
    },
    "com.google.gson.functional.MapTest-testMapSerializationWithWildcardValues": {
        "energy": 52447.0,
        "duration": 1772672.888888889,
        "dram": 4818.747474747474,
        "iteration": 99,
        "stdev": 20577.741578823672
    },
    "com.google.gson.functional.PrettyPrintingTest-testMap": {
        "energy": 38410.44680851064,
        "duration": 828488.4042553192,
        "dram": 2334.3829787234044,
        "iteration": 47,
        "stdev": 5764.593956317584
    },
    "com.google.gson.DefaultMapJsonSerializerTest-testNonEmptyMapSerialization": {
        "energy": 258373.84146341463,
        "duration": 8104338.780487805,
        "dram": 23753.585365853658,
        "iteration": 82,
        "stdev": 616280.0557510552
    },
    "com.google.gson.functional.MoreSpecificTypeSerializationTest-testMapOfParameterizedSubclassFields": {
        "energy": 47094.945054945056,
        "duration": 1541330.923076923,
        "dram": 4151.956043956044,
        "iteration": 91,
        "stdev": 39805.43182779181
    },
    "com.google.gson.functional.MapTest-testMapSerialization": {
        "energy": 66875.02631578948,
        "duration": 2212089.4736842103,
        "dram": 6109.723684210527,
        "iteration": 76,
        "stdev": 86825.14842183105
    },
    "com.google.gson.functional.TypeVariableTest-testTypeVariablesViaTypeParameter": {
        "energy": 141122.19191919192,
        "duration": 4213513.545454546,
        "dram": 12754.29292929293,
        "iteration": 99,
        "stdev": 319194.5773492482
    },
    "com.google.gson.functional.MapTest-testMapSerializationWithNullKey": {
        "energy": 37982.92537313433,
        "duration": 1011299.0447761194,
        "dram": 2752.3432835820895,
        "iteration": 67,
        "stdev": 4707.407228541669
    },
    "com.google.gson.functional.MapTest-testMapSerializationWithNullValue": {
        "energy": 38915.578125,
        "duration": 1014885.921875,
        "dram": 3173.5625,
        "iteration": 64,
        "stdev": 4577.703165906073
    },
    "com.google.gson.functional.MapTest-testMapSerializationWithNullValues": {
        "energy": 52652.329113924054,
        "duration": 1665892.2658227847,
        "dram": 4632.455696202532,
        "iteration": 79,
        "stdev": 23727.22823870677
    },
    "com.google.gson.functional.MapTest-testMapWithQuotes": {
        "energy": 39775.78125,
        "duration": 669524.71875,
        "dram": 2029.59375,
        "iteration": 32,
        "stdev": 5287.724520850007
    },
    "com.google.gson.functional.MapTest-testMapOfMapSerialization": {
        "energy": 38092.885714285716,
        "duration": 727924.6571428571,
        "dram": 2205.4285714285716,
        "iteration": 35,
        "stdev": 5130.000856426709
    },
    "com.google.gson.functional.MapTest-testRawMapSerialization": {
        "energy": 38328.25,
        "duration": 831965.8611111111,
        "dram": 2161.222222222222,
        "iteration": 36,
        "stdev": 4147.54176440696
    },
    "com.google.gson.functional.MapTest-testMapSerializationWithNullValueButSerializeNulls": {
        "energy": 38445.43243243243,
        "duration": 1105122.9324324324,
        "dram": 3006.9189189189187,
        "iteration": 74,
        "stdev": 5987.232953094762
    },
    "com.google.gson.functional.DefaultTypeAdaptersTest-testPropertiesSerialization": {
        "energy": 35474.10526315789,
        "duration": 861545.5,
        "dram": 2499.5526315789475,
        "iteration": 38,
        "stdev": 5611.680172402978
    },
    "com.google.gson.functional.MapTest-testWriteMapsWithEmptyStringKey": {
        "energy": 39552.294117647056,
        "duration": 662057.5,
        "dram": 2754.970588235294,
        "iteration": 34,
        "stdev": 5160.723259442772
    },
    "com.google.gson.functional.CustomTypeAdaptersTest-testCustomAdapterInvokedForMapElementSerialization": {
        "energy": 81173.05555555556,
        "duration": 2209998.0555555555,
        "dram": 7065.75,
        "iteration": 36,
        "stdev": 247904.19118515035
    }
}