{
    "com.google.gson.functional.MapTest-testWriteMapsWithEmptyStringKey": {
        "energy": 38757,
        "duration": 644716.375,
        "dram": 2400.15625,
        "iteration": 32,
        "stdev": 5128.349499580128
    },
    "com.google.gson.functional.MapTest-testSerializeMaps": {
        "energy": 63476,
        "duration": 1942087.292929293,
        "dram": 5116.868686868687,
        "iteration": 99,
        "stdev": 20907.942944366412
    },
    "com.google.gson.functional.MapTest-testMapSerializationWithNullValues": {
        "energy": 45166,
        "duration": 1857411.0,
        "dram": 5500.682926829269,
        "iteration": 82,
        "stdev": 30377.54913593666
    },
    "com.google.gson.functional.CustomTypeAdaptersTest-testCustomAdapterInvokedForMapElementSerializationWithType": {
        "energy": 39062,
        "duration": 1261870.4675324676,
        "dram": 3193.4805194805194,
        "iteration": 77,
        "stdev": 7448.3993288480115
    },
    "com.google.gson.functional.TypeVariableTest-testAdvancedTypeVariables": {
        "energy": 144653,
        "duration": 11880615.95959596,
        "dram": 37275.90909090909,
        "iteration": 99,
        "stdev": 772573.1338166853
    },
    "com.google.gson.functional.MapTest-testGeneralMapField": {
        "energy": 42542,
        "duration": 1631863.5789473683,
        "dram": 4131.421052631579,
        "iteration": 95,
        "stdev": 15642.471656472504
    },
    "com.google.gson.functional.MapTest-testMapSerializationWithNullValueButSerializeNulls": {
        "energy": 36682,
        "duration": 1112664.3770491802,
        "dram": 2700.344262295082,
        "iteration": 61,
        "stdev": 4233.171393946158
    },
    "com.google.gson.functional.MapTest-testMapSerializationWithWildcardValues": {
        "energy": 46569,
        "duration": 1763543.7272727273,
        "dram": 4780.252525252526,
        "iteration": 99,
        "stdev": 21973.315326920507
    },
    "com.google.gson.functional.PrettyPrintingTest-testMap": {
        "energy": 40466,
        "duration": 838563.5789473684,
        "dram": 2802.7105263157896,
        "iteration": 38,
        "stdev": 5808.543002775908
    },
    "com.google.gson.DefaultMapJsonSerializerTest-testNonEmptyMapSerialization": {
        "energy": 45349,
        "duration": 13583403.42253521,
        "dram": 40709.788732394365,
        "iteration": 71,
        "stdev": 806063.8693209001
    },
    "com.google.gson.functional.MoreSpecificTypeSerializationTest-testMapOfParameterizedSubclassFields": {
        "energy": 41931,
        "duration": 1582536.2727272727,
        "dram": 4396.693181818182,
        "iteration": 88,
        "stdev": 44700.394298738356
    },
    "com.google.gson.functional.MapTest-testMapSerialization": {
        "energy": 39368,
        "duration": 3049292.3552631577,
        "dram": 8471.0,
        "iteration": 76,
        "stdev": 118058.13932040018
    },
    "com.google.gson.functional.TypeVariableTest-testTypeVariablesViaTypeParameter": {
        "energy": 91065,
        "duration": 3542608.5757575757,
        "dram": 11210.939393939394,
        "iteration": 99,
        "stdev": 293219.51173296483
    },
    "com.google.gson.functional.DefaultTypeAdaptersTest-testPropertiesSerialization": {
        "energy": 36438,
        "duration": 897700.5609756098,
        "dram": 2880.390243902439,
        "iteration": 41,
        "stdev": 5852.404742757609
    },
    "com.google.gson.functional.MapTest-testMapWithQuotes": {
        "energy": 41565,
        "duration": 682321.8461538461,
        "dram": 2640.923076923077,
        "iteration": 26,
        "stdev": 5832.904480150194
    },
    "com.google.gson.functional.MapTest-testMapSerializationWithNullKey": {
        "energy": 37109,
        "duration": 1058983.2413793104,
        "dram": 2789.1206896551726,
        "iteration": 58,
        "stdev": 4310.821938180602
    },
    "com.google.gson.functional.MapTest-testMapSerializationWithNullValue": {
        "energy": 36560,
        "duration": 1036807.5423728813,
        "dram": 2959.423728813559,
        "iteration": 59,
        "stdev": 4172.479105755142
    },
    "com.google.gson.functional.MapTest-testMapSerializationWithNullValuesSerialized": {
        "energy": 37597,
        "duration": 903887.7058823529,
        "dram": 2834.1372549019607,
        "iteration": 51,
        "stdev": 4975.4142181391035
    },
    "com.google.gson.functional.MapTest-testMapOfMapSerialization": {
        "energy": 37781,
        "duration": 705505.90625,
        "dram": 2653.15625,
        "iteration": 32,
        "stdev": 4885.3486501573
    },
    "com.google.gson.functional.CustomTypeAdaptersTest-testCustomAdapterInvokedForMapElementSerialization": {
        "energy": 39368,
        "duration": 834528.5384615385,
        "dram": 2323.230769230769,
        "iteration": 39,
        "stdev": 4976.8415422851385
    },
    "com.google.gson.functional.MapTest-testRawMapSerialization": {
        "energy": 38880,
        "duration": 730657.4666666667,
        "dram": 2825.4666666666667,
        "iteration": 30,
        "stdev": 5250.633847980219
    }
}