{
    "com.google.gson.functional.NamingPolicyTest-testComplexFieldNameStrategy": {
        "energy": 39422.53333333333,
        "duration": 1600131.1555555556,
        "dram": 3724.8,
        "iteration": 90,
        "stdev": 21620.626530751197
    },
    "com.google.gson.GsonTypeAdapterTest-testTypeAdapterThrowsException": {
        "energy": 39190.64,
        "duration": 1360577.76,
        "dram": 2848.58,
        "iteration": 50,
        "stdev": 11003.145975147288
    },
    "com.google.gson.functional.TypeHierarchyAdapterTest-testTypeHierarchy": {
        "energy": 705366.0,
        "duration": 19521587.29292929,
        "dram": 69015.06060606061,
        "iteration": 99,
        "stdev": 844817.2819585537
    },
    "com.google.gson.JsonParserTest-testParseMixedArray": {
        "energy": 155548.7258064516,
        "duration": 4655167.4677419355,
        "dram": 14860.90322580645,
        "iteration": 62,
        "stdev": 111954.14827381405
    }
}