{
    "com.google.gson.functional.NamingPolicyTest-testComplexFieldNameStrategy": {
        "energy": 34790,
        "duration": 1678525.9777777777,
        "dram": 3961.866666666667,
        "iteration": 90,
        "stdev": 37203.56547386816
    },
    "com.google.gson.GsonTypeAdapterTest-testTypeAdapterThrowsException": {
        "energy": 33631,
        "duration": 1971720.0,
        "dram": 5011.354838709677,
        "iteration": 62,
        "stdev": 67192.05861478779
    },
    "com.google.gson.functional.TypeHierarchyAdapterTest-testTypeHierarchy": {
        "energy": 191345,
        "duration": 14402910.222222222,
        "dram": 46225.0,
        "iteration": 99,
        "stdev": 651346.6906760421
    },
    "com.google.gson.JsonParserTest-testParseMixedArray": {
        "energy": 76598,
        "duration": 4130101.1756756757,
        "dram": 12882.432432432432,
        "iteration": 74,
        "stdev": 112665.13141213066
    }
}