{
    "com.google.gson.functional.ObjectTest-testDirectedAcyclicGraphDeserialization": {
        "energy": 34790,
        "duration": 1119090.4285714286,
        "dram": 3087.5142857142855,
        "iteration": 70,
        "stdev": 19949.011434133372
    },
    "com.google.gson.functional.ObjectTest-testEmptyCollectionInAnObjectDeserialization": {
        "energy": 34363,
        "duration": 1064921.9302325582,
        "dram": 3376.767441860465,
        "iteration": 43,
        "stdev": 19943.731914193602
    },
    "com.google.gson.functional.ObjectTest-testArrayOfArraysDeserialization": {
        "energy": 69457,
        "duration": 2138273.5555555555,
        "dram": 5693.484848484848,
        "iteration": 99,
        "stdev": 25776.538411274534
    },
    "com.google.gson.functional.ParameterizedTypesTest-testVariableTypeArrayDeserialization": {
        "energy": 33997,
        "duration": 1486585.5670103093,
        "dram": 3580.4845360824743,
        "iteration": 97,
        "stdev": 13614.801540318205
    },
    "com.google.gson.functional.ObjectTest-testSubInterfacesOfCollectionDeserialization": {
        "energy": 37293,
        "duration": 1834413.2903225806,
        "dram": 5021.0,
        "iteration": 93,
        "stdev": 28633.702847067976
    },
    "com.google.gson.functional.ParameterizedTypesTest-testParameterizedTypeWithReaderDeserialization": {
        "energy": 35339,
        "duration": 1332393.7160493827,
        "dram": 3245.2716049382716,
        "iteration": 81,
        "stdev": 10485.087500231799
    },
    "com.google.gson.functional.DefaultTypeAdaptersTest-testBigIntegerFieldDeserialization": {
        "energy": 34912,
        "duration": 789316.0,
        "dram": 2375.1666666666665,
        "iteration": 42,
        "stdev": 2910.0806835952185
    },
    "com.google.gson.functional.VersioningTest-testVersionedClassesDeserialization": {
        "energy": 36621,
        "duration": 1653797.2688172043,
        "dram": 4522.021505376344,
        "iteration": 93,
        "stdev": 41799.30333305709
    },
    "com.google.gson.functional.ObjectTest-testPrimitiveArrayInAnObjectDeserialization": {
        "energy": 33875,
        "duration": 1112064.3,
        "dram": 3111.785714285714,
        "iteration": 70,
        "stdev": 9555.013764650108
    },
    "com.google.gson.functional.ParameterizedTypesTest-testVariableTypeDeserialization": {
        "energy": 33874,
        "duration": 1427404.8282828282,
        "dram": 3481.2323232323233,
        "iteration": 99,
        "stdev": 11119.68739569516
    },
    "com.google.gson.functional.ReadersWritersTest-testReaderForDeserialization": {
        "energy": 39367,
        "duration": 1950264.462962963,
        "dram": 5419.833333333333,
        "iteration": 54,
        "stdev": 60025.06675260196
    },
    "com.google.gson.functional.CustomTypeAdaptersTest-testCustomNestedDeserializers": {
        "energy": 36743,
        "duration": 3977379.8333333335,
        "dram": 12098.236111111111,
        "iteration": 72,
        "stdev": 379027.9862010642
    },
    "com.google.gson.functional.ParameterizedTypesTest-testParameterizedTypeGenericArraysDeserialization": {
        "energy": 35828,
        "duration": 1638128.6836734693,
        "dram": 4096.581632653061,
        "iteration": 98,
        "stdev": 15641.390323403572
    },
    "com.google.gson.functional.ParameterizedTypesTest-testParameterizedTypeDeserialization": {
        "energy": 58471,
        "duration": 3145826.6597938146,
        "dram": 8749.216494845361,
        "iteration": 97,
        "stdev": 108205.12903966129
    },
    "com.google.gson.functional.ConcurrencyTest-testMultiThreadDeserialization": {
        "energy": 398131,
        "duration": 10842018.383838383,
        "dram": 33252.31313131313,
        "iteration": 99,
        "stdev": 111599.28845804985
    },
    "com.google.gson.functional.EscapingTest-testEscapingObjectFields": {
        "energy": 39734,
        "duration": 3624223.55,
        "dram": 10209.475,
        "iteration": 80,
        "stdev": 153439.18562345748
    },
    "com.google.gson.functional.ConcurrencyTest-testSingleThreadDeserialization": {
        "energy": 79528,
        "duration": 3241547.414141414,
        "dram": 8750.080808080807,
        "iteration": 99,
        "stdev": 69358.26139014859
    },
    "com.google.gson.functional.ExposeFieldsTest-testExposeAnnotationDeserialization": {
        "energy": 39978,
        "duration": 2059207.924528302,
        "dram": 6028.169811320755,
        "iteration": 53,
        "stdev": 64003.91338669596
    },
    "com.google.gson.functional.ParameterizedTypesTest-testVariableTypeFieldsAndGenericArraysDeserialization": {
        "energy": 69519,
        "duration": 2641140.696969697,
        "dram": 6899.262626262626,
        "iteration": 99,
        "stdev": 33626.77908141466
    },
    "com.google.gson.functional.ParameterizedTypesTest-testTypesWithMultipleParametersDeserialization": {
        "energy": 37598,
        "duration": 1644828.0425531915,
        "dram": 3979.946808510638,
        "iteration": 94,
        "stdev": 18057.149494442492
    },
    "com.google.gson.functional.ObjectTest-testNestedDeserialization": {
        "energy": 35035,
        "duration": 1063931.6712328766,
        "dram": 3039.904109589041,
        "iteration": 73,
        "stdev": 2741.1643124003726
    },
    "com.google.gson.functional.CustomTypeAdaptersTest-testCustomDeserializerForLong": {
        "energy": 36560,
        "duration": 1480189.811764706,
        "dram": 3786.3058823529414,
        "iteration": 85,
        "stdev": 32310.86792887972
    },
    "com.google.gson.functional.ObjectTest-testInheritenceDeserialization": {
        "energy": 35461,
        "duration": 1227884.3670886075,
        "dram": 3519.6075949367087,
        "iteration": 79,
        "stdev": 13126.690397941018
    },
    "com.google.gson.functional.VersioningTest-testVersionedGsonWithUnversionedClassesDeserialization": {
        "energy": 36316,
        "duration": 975594.54,
        "dram": 2843.6,
        "iteration": 50,
        "stdev": 8204.089447123306
    },
    "com.google.gson.functional.ObjectTest-testBagOfPrimitiveWrappersDeserialization": {
        "energy": 35278,
        "duration": 797568.4186046511,
        "dram": 2818.3023255813955,
        "iteration": 43,
        "stdev": 2491.9980122430384
    },
    "com.google.gson.functional.ParameterizedTypesTest-testParameterizedTypeWithVariableTypeDeserialization": {
        "energy": 34302,
        "duration": 1461610.2577319588,
        "dram": 3654.453608247423,
        "iteration": 97,
        "stdev": 14008.856680490613
    },
    "com.google.gson.functional.NullObjectAndFieldTest-testNullWrappedPrimitiveMemberDeserialization": {
        "energy": 35950,
        "duration": 938462.7115384615,
        "dram": 2738.173076923077,
        "iteration": 52,
        "stdev": 3238.026283330397
    },
    "com.google.gson.functional.ObjectTest-testInnerClassDeserialization": {
        "energy": 34912,
        "duration": 965609.8833333333,
        "dram": 2763.983333333333,
        "iteration": 60,
        "stdev": 3437.0224530915643
    },
    "com.google.gson.functional.ObjectTest-testClassWithTransientFieldsDeserialization": {
        "energy": 34484,
        "duration": 697176.8,
        "dram": 2630.0666666666666,
        "iteration": 30,
        "stdev": 2546.380041680084
    },
    "com.google.gson.functional.NamingPolicyTest-testGsonWithSerializedNameFieldNamingPolicyDeserialization": {
        "energy": 36438,
        "duration": 824599.4545454546,
        "dram": 2716.681818181818,
        "iteration": 44,
        "stdev": 3559.4292213380054
    },
    "com.google.gson.functional.NamingPolicyTest-testGsonWithNonDefaultFieldNamingPolicyDeserialiation": {
        "energy": 36682,
        "duration": 1634709.05,
        "dram": 4833.166666666667,
        "iteration": 60,
        "stdev": 58907.19894972987
    },