{
    "com.google.gson.functional.CustomTypeAdaptersTest-testCustomAdapterInvokedForCollectionElementDeserialization": {
        "energy": 42278.65217391304,
        "duration": 1094840.2898550725,
        "dram": 3311.449275362319,
        "iteration": 69,
        "stdev": 12495.372633152478
    },
    "com.google.gson.functional.DefaultTypeAdaptersTest-testDateSerializationWithPatternNotOverridenByTypeAdapter": {
        "energy": 94538.92929292929,
        "duration": 2787047.9393939395,
        "dram": 7730.858585858586,
        "iteration": 99,
        "stdev": 22654.799943273567
    },
    "com.google.gson.functional.CustomTypeAdaptersTest-testCustomTypeAdapterAppliesToSubClassesSerializedAsBaseClass": {
        "energy": 40000.47692307692,
        "duration": 917487.3538461538,
        "dram": 2952.7076923076925,
        "iteration": 65,
        "stdev": 4975.0167347463175
    },
    "com.google.gson.functional.CustomTypeAdaptersTest-testCustomAdapterInvokedForMapElementDeserialization": {
        "energy": 39659.4375,
        "duration": 970940.5625,
        "dram": 3170.4375,
        "iteration": 64,
        "stdev": 4597.6935313909025
    },
    "com.google.gson.functional.InheritanceTest-testSubInterfacesOfCollectionSerialization": {
        "energy": 103865.49494949495,
        "duration": 2962457.242424242,
        "dram": 8846.141414141413,
        "iteration": 99,
        "stdev": 64266.31607526867
    },
    "com.google.gson.functional.DefaultTypeAdaptersTest-testDateSerializationWithPattern": {
        "energy": 241437.18181818182,
        "duration": 6564453.858585859,
        "dram": 21196.949494949495,
        "iteration": 99,
        "stdev": 70303.68551963483
    },
    "com.google.gson.functional.CustomDeserializerTest-testCustomDeserializerReturnsNullForArrayElementsForArrayField": {
        "energy": 45662.26666666667,
        "duration": 1204853.6,
        "dram": 3544.5066666666667,
        "iteration": 75,
        "stdev": 20916.218725402756
    },
    "com.google.gson.functional.DefaultTypeAdaptersTest-testBitSetDeserialization": {
        "energy": 39833.42647058824,
        "duration": 1063540.7647058824,
        "dram": 3220.205882352941,
        "iteration": 68,
        "stdev": 4865.396547880022
    },
    "com.google.gson.functional.EnumTest-testEnumSubclassAsParameterizedType": {
        "energy": 39791.51351351351,
        "duration": 1022124.9459459459,
        "dram": 2898.324324324324,
        "iteration": 74,
        "stdev": 8061.977991889414
    },
    "com.google.gson.functional.CustomTypeAdaptersTest-testCustomAdapterInvokedForMapElementSerializationWithType": {
        "energy": 64355.0,
        "duration": 1736228.5151515151,
        "dram": 5218.954545454545,
        "iteration": 66,
        "stdev": 188887.75552179292
    },
    "com.google.gson.functional.CustomDeserializerTest-testCustomDeserializerReturnsNull": {
        "energy": 40268.04615384615,
        "duration": 1003343.4923076923,
        "dram": 3114.8615384615387,
        "iteration": 65,
        "stdev": 4657.879535486141
    },
    "com.google.gson.functional.CustomTypeAdaptersTest-testCustomNestedSerializers": {
        "energy": 51156.04761904762,
        "duration": 1504452.1785714286,
        "dram": 4256.142857142857,
        "iteration": 84,
        "stdev": 29784.2934098881
    },
    "com.google.gson.functional.EnumTest-testEnumSubclass": {
        "energy": 116468.63440860216,
        "duration": 3251129.6021505375,
        "dram": 10014.322580645161,
        "iteration": 93,
        "stdev": 85086.64105749496
    },
    "com.google.gson.functional.EnumTest-testEnumSubclassWithRegisteredTypeAdapter": {
        "energy": 66227.02197802198,
        "duration": 1895118.6813186812,
        "dram": 5429.846153846154,
        "iteration": 91,
        "stdev": 39852.55213303159
    },
    "com.google.gson.functional.DefaultTypeAdaptersTest-testDefaultGregorianCalendarDeserialization": {
        "energy": 39433.8,
        "duration": 683369.3428571429,
        "dram": 2655.0857142857144,
        "iteration": 35,
        "stdev": 5260.904288373679
    },
    "com.google.gson.functional.EnumTest-testClassWithEnumFieldSerialization": {
        "energy": 55473.829545454544,
        "duration": 1709012.0113636365,
        "dram": 4865.806818181818,
        "iteration": 88,
        "stdev": 51448.73471922882
    },
    "com.google.gson.functional.ParameterizedTypesTest-testParameterizedTypeWithCustomSerializer": {
        "energy": 60232.71134020619,
        "duration": 1845830.7835051545,
        "dram": 5023.01030927835,
        "iteration": 97,
        "stdev": 27825.332941000004
    },
    "com.google.gson.functional.DefaultTypeAdaptersTest-testSqlDateSerialization": {
        "energy": 81458.9191919192,
        "duration": 2382625.868686869,
        "dram": 6950.868686868687,
        "iteration": 99,
        "stdev": 15307.435300807889
    },
    "com.google.gson.functional.NullObjectAndFieldTest-testCustomSerializationOfNulls": {
        "energy": 42006.36666666667,
        "duration": 934076.6,
        "dram": 3395.133333333333,
        "iteration": 30,
        "stdev": 5668.842612522908
    },
    "com.google.gson.GsonTypeAdapterTest-testTypeAdapterProperlyConvertsTypes": {
        "energy": 39606.514285714286,
        "duration": 696688.2,
        "dram": 2970.942857142857,
        "iteration": 35,
        "stdev": 4880.802155216635
    },
    "com.google.gson.functional.EnumTest-testCollectionOfEnumsDeserialization": {
        "energy": 41205.3698630137,
        "duration": 1194788.2191780822,
        "dram": 3305.027397260274,
        "iteration": 73,
        "stdev": 7250.733541552788
    },
    "com.google.gson.functional.CustomTypeAdaptersTest-testCustomSerializers": {
        "energy": 150023.078125,
        "duration": 4603764.0,
        "dram": 13369.15625,
        "iteration": 64,
        "stdev": 399160.6648481794
    },
    "com.google.gson.functional.DefaultTypeAdaptersTest-testTimestampSerialization": {
        "energy": 82338.72727272728,
        "duration": 2439405.727272727,
        "dram": 6924.444444444444,
        "iteration": 99,
        "stdev": 15934.436612505106
    },
    "com.google.gson.functional.CustomTypeAdaptersTest-testCustomTypeAdapterDoesNotAppliesToSubClasses": {
        "energy": 98902.06060606061,
        "duration": 2696486.494949495,
        "dram": 8446.454545454546,
        "iteration": 99,
        "stdev": 32647.897595873925
    },
    "com.google.gson.functional.CustomTypeAdaptersTest-testCustomAdapterInvokedForCollectionElementSerialization": {
        "energy": 77940.32608695653,
        "duration": 1974113.0,
        "dram": 6866.152173913043,
        "iteration": 46,
        "stdev": 242530.34989945113
    },
    "com.google.gson.functional.CustomSerializerTest-testSubClassSerializerInvokedForBaseClassFieldsHoldingSubClassInstances": {
        "energy": 275000.02777777775,
        "duration": 7974162.819444444,
        "dram": 24470.875,
        "iteration": 72,
        "stdev": 661722.466972244
    },
    "com.google.gson.functional.UncategorizedTest-testReturningDerivedClassesDuringDeserialization": {
        "energy": 79388.0808080808,
        "duration": 2317700.0404040404,
        "dram": 6463.545454545455,
        "iteration": 99,
        "stdev": 31083.372886050638
    },
    "com.google.gson.functional.MapTest-testParameterizedMapSubclassSerialization": {
        "energy": 75285.101010101,
        "duration": 2322579.8383838385,
        "dram": 6343.161616161616,
        "iteration": 99,
        "stdev": 23943.499790381928
    },
    "com.google.gson.functional.CustomTypeAdaptersTest-testCustomDeserializers": {
        "energy": 40514.583333333336,
        "duration": 979422.9444444445,
        "dram": 3135.8194444444443,
        "iteration": 72,
        "stdev": 5789.776328797167
    },