{
    "com.google.gson.functional.CustomTypeAdaptersTest-testCustomAdapterInvokedForMapElementDeserialization": {
        "energy": 38846.01298701299,
        "duration": 1296318.1038961038,
        "dram": 3390.6103896103896,
        "iteration": 77,
        "stdev": 8075.809427476743
    },
    "com.google.gson.functional.MapTest-testMapDeserializationWithIntegerKeys": {
        "energy": 35334.913043478264,
        "duration": 1017157.6521739131,
        "dram": 3047.9565217391305,
        "iteration": 69,
        "stdev": 3617.6051079514255
    },
    "com.google.gson.functional.MapTest-testMapOfMapDeserialization": {
        "energy": 35978.22727272727,
        "duration": 1032077.5151515151,
        "dram": 2997.560606060606,
        "iteration": 66,
        "stdev": 3646.470417945712
    },
    "com.google.gson.functional.MapTest-testMapDeserializationWithNullKey": {
        "energy": 35131.94117647059,
        "duration": 999633.6176470588,
        "dram": 2896.8823529411766,
        "iteration": 68,
        "stdev": 4154.328507650901
    },
    "com.google.gson.functional.MapTest-testMapStandardSubclassDeserialization": {
        "energy": 35873.08,
        "duration": 1029997.5866666667,
        "dram": 2981.52,
        "iteration": 75,
        "stdev": 3808.667195612309
    },
    "com.google.gson.functional.TypeVariableTest-testAdvancedTypeVariables": {
        "energy": 293707.1919191919,
        "duration": 8639127.191919193,
        "dram": 27614.272727272728,
        "iteration": 99,
        "stdev": 530107.6285366978
    },
    "com.google.gson.functional.MapTest-testReadMapsWithEmptyStringKey": {
        "energy": 37150.34426229508,
        "duration": 945527.6229508197,
        "dram": 2986.9180327868853,
        "iteration": 61,
        "stdev": 5945.500361921998
    },
    "com.google.gson.functional.MapTest-testMapSubclassDeserialization": {
        "energy": 40084.22471910113,
        "duration": 1470017.8988764044,
        "dram": 3914.483146067416,
        "iteration": 89,
        "stdev": 12204.04980098848
    },
    "com.google.gson.functional.JsonParserTest-testExtraCommasInMaps": {
        "energy": 41996.730769230766,
        "duration": 1463881.923076923,
        "dram": 3540.4102564102564,
        "iteration": 78,
        "stdev": 10358.941878289075
    },
    "com.google.gson.internal.bind.JsonElementReaderTest-testNumbers": {
        "energy": 48983.58064516129,
        "duration": 1176085.3870967743,
        "dram": 4080.548387096774,
        "iteration": 31,
        "stdev": 58123.89674556118
    },
    "com.google.gson.functional.DefaultTypeAdaptersTest-testPropertiesDeserialization": {
        "energy": 33986.22222222222,
        "duration": 987136.8888888889,
        "dram": 2843.6388888888887,
        "iteration": 36,
        "stdev": 6256.7755589490125
    },
    "com.google.gson.functional.MapAsArrayTypeAdapterTest-testSerializeComplexMapWithTypeAdapter": {
        "energy": 347117.8181818182,
        "duration": 9779338.616161617,
        "dram": 32382.62626262626,
        "iteration": 99,
        "stdev": 595323.749055641
    },
    "com.google.gson.functional.MapTest-testMapDeserialization": {
        "energy": 37930.82894736842,
        "duration": 1410152.644736842,
        "dram": 3348.75,
        "iteration": 76,
        "stdev": 8279.895429653936
    },
    "com.google.gson.functional.MapTest-testMapDeserializationWithNullValue": {
        "energy": 36653.359375,
        "duration": 1027207.046875,
        "dram": 2745.21875,
        "iteration": 64,
        "stdev": 3560.073056515078
    },
    "com.google.gson.functional.TypeVariableTest-testTypeVariablesViaTypeParameter": {
        "energy": 82765.8686868687,
        "duration": 2572080.01010101,
        "dram": 7609.79797979798,
        "iteration": 99,
        "stdev": 28639.907532455574
    },
    "com.google.gson.internal.bind.JsonElementReaderTest-testNumbersFromStrings": {
        "energy": 90978.51351351352,
        "duration": 2524971.864864865,
        "dram": 7135.5675675675675,
        "iteration": 37,
        "stdev": 136196.96499944714
    },
    "com.google.gson.functional.MapTest-testParameterizedMapSubclassDeserialization": {
        "energy": 35046.47297297297,
        "duration": 1095332.6216216215,
        "dram": 3043.9054054054054,
        "iteration": 74,
        "stdev": 5131.736846339682
    },
    "com.google.gson.functional.MapTest-testMapDeserializationWithWildcardValues": {
        "energy": 34412.61818181818,
        "duration": 1020492.1272727273,
        "dram": 3014.181818181818,
        "iteration": 55,
        "stdev": 4001.2043981822594
    }
}