{
    "com.google.gson.functional.CustomTypeAdaptersTest-testCustomAdapterInvokedForMapElementDeserialization": {
        "energy": 36329.36111111111,
        "duration": 1267407.875,
        "dram": 2980.7083333333335,
        "iteration": 72,
        "stdev": 5840.081875628388
    },
    "com.google.gson.functional.MapTest-testMapDeserializationWithIntegerKeys": {
        "energy": 35524.39344262295,
        "duration": 1031090.8032786886,
        "dram": 2780.4918032786886,
        "iteration": 61,
        "stdev": 3874.137282191802
    },
    "com.google.gson.functional.MapTest-testMapOfMapDeserialization": {
        "energy": 35724.209677419356,
        "duration": 1032643.1290322581,
        "dram": 2986.1935483870966,
        "iteration": 62,
        "stdev": 3680.1104696650896
    },
    "com.google.gson.internal.bind.JsonElementReaderTest-testNumbersFromStrings": {
        "energy": 39377.125,
        "duration": 883863.375,
        "dram": 2593.8125,
        "iteration": 32,
        "stdev": 8160.3317363251235
    },
    "com.google.gson.functional.TypeVariableTest-testAdvancedTypeVariables": {
        "energy": 406234.7878787879,
        "duration": 12207367.222222222,
        "dram": 37725.919191919194,
        "iteration": 99,
        "stdev": 664554.7679017392
    },
    "com.google.gson.functional.MapTest-testMapSubclassDeserialization": {
        "energy": 40179.74725274725,
        "duration": 1420175.076923077,
        "dram": 3495.6263736263736,
        "iteration": 91,
        "stdev": 10953.672367873354
    },
    "com.google.gson.functional.JsonParserTest-testExtraCommasInMaps": {
        "energy": 38872.06578947369,
        "duration": 1372569.8026315789,
        "dram": 3319.5,
        "iteration": 76,
        "stdev": 8723.644784413169
    },
    "com.google.gson.functional.MapTest-testParameterizedMapSubclassDeserialization": {
        "energy": 35045.86111111111,
        "duration": 1084502.638888889,
        "dram": 2926.972222222222,
        "iteration": 72,
        "stdev": 3844.9598621859486
    },
    "com.google.gson.functional.MapAsArrayTypeAdapterTest-testSerializeComplexMapWithTypeAdapter": {
        "energy": 337267.71717171714,
        "duration": 10010338.242424242,
        "dram": 31019.252525252527,
        "iteration": 99,
        "stdev": 591477.4618573671
    },
    "com.google.gson.functional.MapTest-testMapDeserialization": {
        "energy": 35790.96,
        "duration": 1270265.6266666667,
        "dram": 3243.5866666666666,
        "iteration": 75,
        "stdev": 4604.549757041037
    },
    "com.google.gson.functional.TypeVariableTest-testTypeVariablesViaTypeParameter": {
        "energy": 87490.8686868687,
        "duration": 2730345.3333333335,
        "dram": 7505.555555555556,
        "iteration": 99,
        "stdev": 30200.30021947453
    },
    "com.google.gson.functional.MapTest-testMapDeserializationWithWildcardValues": {
        "energy": 34295.03125,
        "duration": 1012090.84375,
        "dram": 2922.28125,
        "iteration": 64,
        "stdev": 3365.133884635712
    },
    "com.google.gson.functional.MapTest-testMapDeserializationWithNullKey": {
        "energy": 35176.52380952381,
        "duration": 1003827.3492063492,
        "dram": 2725.3015873015875,
        "iteration": 63,
        "stdev": 4172.208744177196
    },
    "com.google.gson.functional.MapTest-testMapDeserializationWithNullValue": {
        "energy": 36135.737704918036,
        "duration": 1075077.8524590165,
        "dram": 2805.901639344262,
        "iteration": 61,
        "stdev": 3337.874713546397
    },
    "com.google.gson.functional.MapTest-testMapStandardSubclassDeserialization": {
        "energy": 36136.75409836065,
        "duration": 1039392.7868852459,
        "dram": 2842.8196721311474,
        "iteration": 61,
        "stdev": 4161.168809068571
    },
    "com.google.gson.internal.bind.JsonElementReaderTest-testNumbers": {
        "energy": 86511.26190476191,
        "duration": 2451432.5476190476,
        "dram": 7287.190476190476,
        "iteration": 42,
        "stdev": 138669.2064462453
    },
    "com.google.gson.functional.DefaultTypeAdaptersTest-testPropertiesDeserialization": {
        "energy": 34201.205882352944,
        "duration": 751900.0588235294,
        "dram": 2058.264705882353,
        "iteration": 34,
        "stdev": 3545.0825575669455
    },
    "com.google.gson.functional.MapTest-testReadMapsWithEmptyStringKey": {
        "energy": 36247.09523809524,
        "duration": 955023.2857142857,
        "dram": 2836.7936507936506,
        "iteration": 63,
        "stdev": 3300.4491792149292
    }
}