{
    "com.google.gson.functional.PrimitiveTest-testDeserializeJsonObjectAsShortPrimitive": {
        "energy": 35228.51851851852,
        "duration": 573989.0,
        "dram": 2122.6666666666665,
        "iteration": 27,
        "stdev": 3699.114592463389
    },
    "com.google.gson.functional.PrimitiveTest-testDeserializeJsonObjectAsBigInteger": {
        "energy": 36737.86956521739,
        "duration": 540371.2173913043,
        "dram": 2315.6521739130435,
        "iteration": 23,
        "stdev": 2995.7228539651956
    },
    "com.google.gson.MixedStreamTest-testReadInvalidState": {
        "energy": 38124.0,
        "duration": 962591.59375,
        "dram": 3261.78125,
        "iteration": 32,
        "stdev": 6737.342646585522
    },
    "com.google.gson.functional.PrimitiveTest-testDeserializeJsonArrayAsInt": {
        "energy": 33902.57692307692,
        "duration": 593422.1153846154,
        "dram": 1963.0384615384614,
        "iteration": 26,
        "stdev": 3309.1055283760575
    },
    "com.google.gson.functional.PrimitiveTest-testDeserializeJsonArrayAsByteWrapper": {
        "energy": 35721.8,
        "duration": 564413.2666666667,
        "dram": 2102.266666666667,
        "iteration": 15,
        "stdev": 2686.4559851224067
    },
    "com.google.gson.functional.ObjectTest-testTruncatedDeserialization": {
        "energy": 53435.74025974026,
        "duration": 1947423.87012987,
        "dram": 4970.779220779221,
        "iteration": 77,
        "stdev": 23367.521900635737
    },
    "com.google.gson.functional.PrimitiveTest-testDeserializeJsonArrayAsBooleanWrapper": {
        "energy": 36336.22222222222,
        "duration": 513377.8333333333,
        "dram": 2256.722222222222,
        "iteration": 18,
        "stdev": 3175.522818818896
    },
    "com.google.gson.functional.PrimitiveTest-testDeserializeJsonObjectAsBigDecimal": {
        "energy": 35638.619047619046,
        "duration": 564998.0952380953,
        "dram": 2914.9523809523807,
        "iteration": 21,
        "stdev": 3264.8940254979834
    },
    "com.google.gson.GsonTypeAdapterTest-testDefaultTypeAdapterThrowsParseException": {
        "energy": 38348.125,
        "duration": 1644170.65625,
        "dram": 3675.328125,
        "iteration": 64,
        "stdev": 15188.940044383446
    },
    "com.google.gson.functional.PrimitiveTest-testDeserializeJsonArrayAsDoublePrimitive": {
        "energy": 35205.0,
        "duration": 563627.04,
        "dram": 2001.12,
        "iteration": 25,
        "stdev": 2956.6445846601177
    },
    "com.google.gson.functional.PrimitiveTest-testDeserializeJsonArrayAsFloatWrapper": {
        "energy": 36509.11111111111,
        "duration": 513169.44444444444,
        "dram": 2789.5,
        "iteration": 18,
        "stdev": 2379.020991194321
    },
    "com.google.gson.MixedStreamTest-testReadClosed": {
        "energy": 38601.47368421053,
        "duration": 1269109.2368421052,
        "dram": 3479.75,
        "iteration": 76,
        "stdev": 9921.385688811295
    },
    "com.google.gson.functional.PrimitiveTest-testDeserializeJsonArrayAsLongWrapper": {
        "energy": 37280.26666666667,
        "duration": 572616.3333333334,
        "dram": 2779.6,
        "iteration": 15,
        "stdev": 3156.0882849220525
    },
    "com.google.gson.functional.PrimitiveTest-testDeserializeJsonObjectAsDoubleWrapper": {
        "energy": 36196.583333333336,
        "duration": 554999.0833333334,
        "dram": 2622.5416666666665,
        "iteration": 24,
        "stdev": 3517.1584164476994
    },
    "com.google.gson.functional.PrimitiveTest-testDeserializeJsonObjectAsBooleanPrimitive": {
        "energy": 35528.19047619047,
        "duration": 520985.71428571426,
        "dram": 2774.3809523809523,
        "iteration": 21,
        "stdev": 2575.0368766485217
    },
    "com.google.gson.functional.PrimitiveTest-testDeserializeJsonArrayAsShortWrapper": {
        "energy": 35095.055555555555,
        "duration": 626084.6666666666,
        "dram": 2827.0,
        "iteration": 18,
        "stdev": 4355.83487943627
    },
    "com.google.gson.functional.PrimitiveTest-testDeserializeJsonObjectAsFloatPrimitive": {
        "energy": 35644.47368421053,
        "duration": 541458.1578947369,
        "dram": 2820.0526315789475,
        "iteration": 19,
        "stdev": 3289.6721700117146
    },
    "com.google.gson.functional.PrimitiveTest-testDeserializeJsonArrayAsBigDecimal": {
        "energy": 37715.28571428572,
        "duration": 528230.2142857143,
        "dram": 1656.7857142857142,
        "iteration": 14,
        "stdev": 3398.8644412209082
    },
    "com.google.gson.functional.PrimitiveTest-testDeserializeJsonObjectAsInteger": {
        "energy": 36498.86363636364,
        "duration": 559853.5909090909,
        "dram": 2256.818181818182,
        "iteration": 22,
        "stdev": 3034.1182977994317
    },
    "com.google.gson.functional.PrimitiveTest-testDeserializeJsonObjectAsLongPrimitive": {
        "energy": 35160.74074074074,
        "duration": 719276.7407407408,
        "dram": 2696.1111111111113,
        "iteration": 27,
        "stdev": 3678.895774273827
    },
    "com.google.gson.functional.PrimitiveTest-testDeserializeJsonArrayAsBigInteger": {
        "energy": 35445.0,
        "duration": 551919.2,
        "dram": 2225.6,
        "iteration": 15,
        "stdev": 2647.6428762202804
    },
    "com.google.gson.functional.PrimitiveTest-testDeserializeJsonObjectAsBytePrimitive": {
        "energy": 35475.46666666667,
        "duration": 536983.3333333334,
        "dram": 1669.7,
        "iteration": 30,
        "stdev": 3082.0666414310745
    }
}