{
    "com.google.gson.JsonArrayTest-testDeepCopy": {
        "energy": 34515.43022581538,
        "duration": 2224692.8800333366,
        "dram": 3280.2655305124026,
        "iteration": 63
    },
    "com.google.gson.JsonObjectTest-testDeepCopy": {
        "energy": 101637.92336566243,
        "duration": 3479295.921713099,
        "dram": 9134.222337711384,
        "iteration": 99
    }
}