{
    "com.google.gson.JsonArrayTest-testDeepCopy": {
        "energy": 36857.444444444445,
        "duration": 2058904.3333333333,
        "dram": 3223.746031746032,
        "iteration": 63,
        "stdev": 9587.882224375773
    },
    "com.google.gson.JsonObjectTest-testDeepCopy": {
        "energy": 104942.55555555556,
        "duration": 3879063.212121212,
        "dram": 9676.222222222223,
        "iteration": 99,
        "stdev": 23622.338232275924
    }
}