{
    "com.google.gson.functional.CustomDeserializerTest-testDefaultConstructorNotCalledOnField": {
        "energy": 38574,
        "duration": 753376.2156862745,
        "dram": 3306.627450980392,
        "iteration": 51,
        "stdev": 4443.247055130493
    },
    "com.google.gson.functional.CustomDeserializerTest-testDefaultConstructorNotCalledOnObject": {
        "energy": 44373,
        "duration": 2124112.9595959596,
        "dram": 5965.050505050505,
        "iteration": 99,
        "stdev": 67423.8029472425
    },
    "com.google.gson.functional.JsonParserTest-testBadTypeForDeserializingCustomTree": {
        "energy": 37109,
        "duration": 770599.5882352941,
        "dram": 2849.9117647058824,
        "iteration": 34,
        "stdev": 3954.8606987090925
    },
    "com.google.gson.functional.CustomTypeAdaptersTest-testCustomTypeAdapterAppliesToSubClassesSerializedAsBaseClass": {
        "energy": 38636,
        "duration": 818639.5818181818,
        "dram": 3284.4545454545455,
        "iteration": 55,
        "stdev": 4009.3255324460706
    },
    "com.google.gson.functional.ReadersWritersTest-testReadWriteTwoObjects": {
        "energy": 39673,
        "duration": 1226629.7205882352,
        "dram": 3759.573529411765,
        "iteration": 68,
        "stdev": 16439.833692746277
    },
    "com.google.gson.functional.MapTest-testInterfaceTypeMapWithSerializer": {
        "energy": 41442,
        "duration": 1880770.686868687,
        "dram": 4886.121212121212,
        "iteration": 99,
        "stdev": 23706.779278992737
    },
    "com.google.gson.JsonObjectTest-testEqualsNonEmptyObject": {
        "energy": 35767,
        "duration": 500166.1818181818,
        "dram": 2380.3636363636365,
        "iteration": 22,
        "stdev": 4254.452389473588
    },
    "com.google.gson.internal.bind.JsonElementReaderTest-testObject": {
        "energy": 38330,
        "duration": 850206.4782608695,
        "dram": 2861.1739130434785,
        "iteration": 23,
        "stdev": 17212.26831611718
    },
    "com.google.gson.JsonParserTest-testReadWriteTwoObjects": {
        "energy": 43517,
        "duration": 4681519.402777778,
        "dram": 15034.375,
        "iteration": 72,
        "stdev": 430634.8339805788
    },
    "com.google.gson.internal.bind.JsonElementReaderTest-testNestedObjects": {
        "energy": 41687,
        "duration": 684045.7857142857,
        "dram": 3317.9285714285716,
        "iteration": 28,
        "stdev": 10451.327752286514
    },
    "com.google.gson.functional.JsonTreeTest-testJsonTreeNull": {
        "energy": 36987,
        "duration": 622548.9411764706,
        "dram": 2723.8823529411766,
        "iteration": 34,
        "stdev": 3676.092684224703
    },
    "com.google.gson.functional.CustomDeserializerTest-testCustomDeserializerReturnsNull": {
        "energy": 40832,
        "duration": 1659936.6666666667,
        "dram": 5445.75,
        "iteration": 60,
        "stdev": 46095.954940826065
    },
    "com.google.gson.functional.InheritanceTest-testClassWithBaseArrayFieldSerialization": {
        "energy": 38757,
        "duration": 893025.828125,
        "dram": 3327.03125,
        "iteration": 64,
        "stdev": 4524.134726463543
    },
    "com.google.gson.functional.MapAsArrayTypeAdapterTest-testMultipleEnableComplexKeyRegistrationHasNoEffect": {
        "energy": 39001,
        "duration": 1112655.5454545454,
        "dram": 3423.4155844155844,
        "iteration": 77,
        "stdev": 9220.867056248924
    },
    "com.google.gson.JsonObjectTest-testAddingNullPropertyValue": {
        "energy": 40222,
        "duration": 554760.5238095238,
        "dram": 2144.904761904762,
        "iteration": 21,
        "stdev": 5071.242638219118
    },
    "com.google.gson.JsonObjectTest-testAddingAndRemovingObjectProperties": {
        "energy": 42236,
        "duration": 1633899.9130434783,
        "dram": 5273.95652173913,
        "iteration": 23,
        "stdev": 41113.55130769458
    },
    "com.google.gson.functional.ParameterizedTypesTest-testParameterizedTypeWithCustomSerializer": {
        "energy": 41137,
        "duration": 1749751.105263158,
        "dram": 4847.357894736842,
        "iteration": 95,
        "stdev": 24981.231629101363
    },
    "com.google.gson.functional.CustomDeserializerTest-testJsonTypeFieldBasedDeserialization": {
        "energy": 40955,
        "duration": 1288665.012987013,
        "dram": 3838.194805194805,
        "iteration": 77,
        "stdev": 13972.060062458066
    },
    "com.google.gson.JsonObjectTest-testReadPropertyWithEmptyStringName": {
        "energy": 39246,
        "duration": 1462638.3333333333,
        "dram": 5028.972222222223,
        "iteration": 36,
        "stdev": 32910.308590541834
    },
    "com.google.gson.functional.MapAsArrayTypeAdapterTest-testSerializeComplexMapWithTypeAdapter": {
        "energy": 85388,
        "duration": 6635008.636363637,
        "dram": 20838.282828282827,
        "iteration": 99,
        "stdev": 471762.59551407286
    },
    "com.google.gson.functional.CustomTypeAdaptersTest-testCustomTypeAdapterDoesNotAppliesToSubClasses": {
        "energy": 82276,
        "duration": 2738841.606060606,
        "dram": 8162.393939393939,
        "iteration": 99,
        "stdev": 26387.570428871604
    },
    "com.google.gson.functional.JsonTreeTest-testJsonTreeToString": {
        "energy": 39429,
        "duration": 1507083.9295774647,
        "dram": 4924.69014084507,
        "iteration": 71,
        "stdev": 35023.09404802333
    },
    "com.google.gson.functional.UncategorizedTest-testReturningDerivedClassesDuringDeserialization": {
        "energy": 73852,
        "duration": 2302463.4444444445,
        "dram": 6946.050505050505,
        "iteration": 99,
        "stdev": 34080.69106043211
    },
    "com.google.gson.ObjectTypeAdapterTest-testDeserialize": {
        "energy": 39429,
        "duration": 1435696.6835443038,
        "dram": 4238.139240506329,
        "iteration": 79,
        "stdev": 29160.148040462827
    },
    "com.google.gson.JsonObjectTest-testPropertyWithQuotes": {
        "energy": 36499,
        "duration": 921418.2272727273,
        "dram": 2670.4545454545455,
        "iteration": 22,
        "stdev": 6817.837711468157
    },
    "com.google.gson.functional.CustomTypeAdaptersTest-testCustomDeserializers": {
        "energy": 38574,
        "duration": 1088052.440677966,
        "dram": 3762.3050847457625,
        "iteration": 59,
        "stdev": 22714.252727321746
    },
    "com.google.gson.functional.TypeHierarchyAdapterTest-testTypeHierarchy": {
        "energy": 122863,
        "duration": 5748600.212121212,
        "dram": 17930.89898989899,
        "iteration": 99,
        "stdev": 365149.64200379106
    },
    "com.google.gson.JsonObjectTest-testWritePropertyWithEmptyStringName": {
        "energy": 36316,
        "duration": 485499.28571428574,
        "dram": 2419.5714285714284,
        "iteration": 14,
        "stdev": 4042.548943325693
    },
    "com.google.gson.JsonObjectTest-testAddingStringProperties": {
        "energy": 39123,
        "duration": 458775.5,
        "dram": 1959.2777777777778,
        "iteration": 18,
        "stdev": 4869.268755149642
    },
    "com.google.gson.internal.bind.JsonTreeWriterTest-testNestedObject": {
        "energy": 40284,
        "duration": 1588915.1666666667,
        "dram": 6158.375,
        "iteration": 24,
        "stdev": 168999.15833312768
    },
    "com.google.gson.functional.CustomSerializerTest-testBaseClassSerializerInvokedForBaseClassFields": {
        "energy": 38513,
        "duration": 673401.5454545454,
        "dram": 2725.787878787879,
        "iteration": 33,
        "stdev": 4268.266599560289
    },
    "com.google.gson.functional.CustomSerializerTest-testSubClassSerializerInvokedForBaseClassFieldsHoldingArrayOfSubClassInstances": {
        "energy": 44251,
        "duration": 6501970.831168831,
        "dram": 20496.18181818182,