{
    "com.google.gson.functional.StreamingTypeAdaptersTest-testNullSafe": {
        "energy": 45416.364583333336,
        "duration": 1543311.4583333333,
        "dram": 4114.239583333333,
        "iteration": 96,
        "stdev": 16718.27925762185
    },
    "com.google.gson.functional.CustomDeserializerTest-testDefaultConstructorNotCalledOnObject": {
        "energy": 85164.36734693877,
        "duration": 2679947.8469387754,
        "dram": 8054.948979591837,
        "iteration": 98,
        "stdev": 100844.15844802088
    },
    "com.google.gson.functional.DefaultTypeAdaptersTest-testBitSetDeserialization": {
        "energy": 35675.96551724138,
        "duration": 715683.551724138,
        "dram": 2924.448275862069,
        "iteration": 29,
        "stdev": 5256.745574335294
    },
    "com.google.gson.functional.EnumTest-testEnumSubclassAsParameterizedType": {
        "energy": 46947.31428571429,
        "duration": 1313487.3,
        "dram": 4116.785714285715,
        "iteration": 70,
        "stdev": 69428.36994476349
    },
    "com.google.gson.functional.DelegateTypeAdapterTest-testDelegateInvokedOnStrings": {
        "energy": 37591.107142857145,
        "duration": 744685.0714285715,
        "dram": 2997.214285714286,
        "iteration": 28,
        "stdev": 5023.030526195499
    },
    "com.google.gson.functional.TypeAdapterPrecedenceTest-testSerializeNonstreamingTypeAdapterFollowedByStreamingTypeAdapter": {
        "energy": 37250.57894736842,
        "duration": 594573.8947368421,
        "dram": 2365.842105263158,
        "iteration": 19,
        "stdev": 4326.030370915477
    },
    "com.google.gson.functional.StringTest-testSingleQuoteInStringSerialization": {
        "energy": 38290.13043478261,
        "duration": 656264.1739130435,
        "dram": 2354.782608695652,
        "iteration": 23,
        "stdev": 4016.075959617989
    },
    "com.google.gson.functional.ParameterizedTypesTest-testVariableTypeArrayDeserialization": {
        "energy": 40178.326315789476,
        "duration": 1353381.3368421053,
        "dram": 3693.442105263158,
        "iteration": 95,
        "stdev": 11991.073948164949
    },
    "com.google.gson.functional.EnumTest-testEnumCaseMapping": {
        "energy": 110891.5945945946,
        "duration": 3121060.608108108,
        "dram": 10189.527027027027,
        "iteration": 74,
        "stdev": 62336.084645602794
    },
    "com.google.gson.functional.EnumTest-testEnumSubclass": {
        "energy": 95858.5,
        "duration": 2851582.612244898,
        "dram": 8869.57142857143,
        "iteration": 98,
        "stdev": 35631.22803941704
    },
    "com.google.gson.functional.TypeVariableTest-testBasicTypeVariables": {
        "energy": 36593.098360655735,
        "duration": 993579.9672131147,
        "dram": 3239.44262295082,
        "iteration": 61,
        "stdev": 4998.11342016335
    },
    "com.google.gson.functional.EnumTest-testEnumSubclassWithRegisteredTypeAdapter": {
        "energy": 51750.67816091954,
        "duration": 1590268.0344827587,
        "dram": 4895.057471264367,
        "iteration": 87,
        "stdev": 27268.648731529505
    },
    "com.google.gson.functional.MapAsArrayTypeAdapterTest-testMultipleEnableComplexKeyRegistrationHasNoEffect": {
        "energy": 37333.11538461538,
        "duration": 1218654.3846153845,
        "dram": 3211.4871794871797,
        "iteration": 78,
        "stdev": 6373.408637940419
    },
    "com.google.gson.functional.CollectionTest-testFieldIsArrayList": {
        "energy": 38432.81428571429,
        "duration": 991475.4142857143,
        "dram": 3107.842857142857,
        "iteration": 70,
        "stdev": 4524.021628383493
    },
    "com.google.gson.functional.TypeVariableTest-testAdvancedTypeVariables": {
        "energy": 115978.26262626263,
        "duration": 3573835.3232323234,
        "dram": 11177.787878787878,
        "iteration": 99,
        "stdev": 273185.4135062439
    },
    "com.google.gson.functional.PrimitiveTest-testQuotedStringSerializationAndDeserialization": {
        "energy": 39940.38461538462,
        "duration": 612723.2307692308,
        "dram": 2728.153846153846,
        "iteration": 13,
        "stdev": 2872.3355155011864
    },
    "com.google.gson.functional.ParameterizedTypesTest-testVariableTypeDeserialization": {
        "energy": 38979.05376344086,
        "duration": 1348443.4086021506,
        "dram": 3696.462365591398,
        "iteration": 93,
        "stdev": 11019.164830251397
    },
    "com.google.gson.functional.MapAsArrayTypeAdapterTest-testSerializeComplexMapWithTypeAdapter": {
        "energy": 156015.9696969697,
        "duration": 4361679.151515151,
        "dram": 14720.151515151516,
        "iteration": 99,
        "stdev": 250233.51418873036
    },
    "com.google.gson.functional.ParameterizedTypesTest-testParameterizedTypeGenericArraysDeserialization": {
        "energy": 41186.265957446805,
        "duration": 1347566.8936170214,
        "dram": 3543.4574468085107,
        "iteration": 94,
        "stdev": 13677.803450765674
    },
    "com.google.gson.functional.DefaultTypeAdaptersTest-testTimestampSerialization": {
        "energy": 35568.75925925926,
        "duration": 806259.3333333334,
        "dram": 3261.4074074074074,
        "iteration": 54,
        "stdev": 3086.731886371117
    },
    "com.google.gson.functional.DefaultTypeAdaptersTest-testDefaultDateDeserializationUsingBuilder": {
        "energy": 111020.76767676767,
        "duration": 3561806.525252525,
        "dram": 10704.79797979798,
        "iteration": 99,
        "stdev": 20459.705824888475
    },
    "com.google.gson.functional.EnumTest-testEnumSet": {
        "energy": 41089.5125,
        "duration": 1243549.3,
        "dram": 3853.325,
        "iteration": 80,
        "stdev": 16423.725165133637
    },
    "com.google.gson.functional.TypeHierarchyAdapterTest-testTypeHierarchy": {
        "energy": 236883.0,
        "duration": 6708495.515151516,
        "dram": 21707.18181818182,
        "iteration": 99,
        "stdev": 392712.2027692014
    },
    "com.google.gson.DefaultInetAddressTypeAdapterTest-testInetAddressSerializationAndDeserialization": {
        "energy": 193033.41414141413,
        "duration": 5674198.151515151,
        "dram": 18375.58585858586,
        "iteration": 99,
        "stdev": 74959.1060015103
    },
    "com.google.gson.functional.ReadersWritersTest-testReadWriteTwoStrings": {
        "energy": 44603.74647887324,
        "duration": 1293159.3943661973,
        "dram": 3868.1830985915494,
        "iteration": 71,
        "stdev": 14362.37765411386
    },
    "com.google.gson.functional.CollectionTest-testWildcardCollectionField": {
        "energy": 43752.275862068964,
        "duration": 1476093.2988505748,
        "dram": 3898.9310344827586,
        "iteration": 87,
        "stdev": 13833.191898755984
    },
    "com.google.gson.functional.TypeAdapterPrecedenceTest-testNonstreamingFollowedByNonstreaming": {
        "energy": 63234.903225806454,
        "duration": 2007005.7849462365,
        "dram": 5842.784946236559,
        "iteration": 93,
        "stdev": 178570.54748850793
    },
    "com.google.gson.functional.ParameterizedTypesTest-testVariableTypeFieldsAndGenericArraysDeserialization": {
        "energy": 47727.45918367347,
        "duration": 1636172.3265306123,
        "dram": 4636.102040816327,
        "iteration": 98,
        "stdev": 17658.354496204913
    },
    "com.google.gson.functional.DefaultTypeAdaptersTest-testDateSerializationInCollection": {
        "energy": 39757.14606741573,
        "duration": 1345837.573033708,
        "dram": 3663.932584269663,
        "iteration": 89,
        "stdev": 12302.755401202221
    },
    "com.google.gson.functional.TypeAdapterPrecedenceTest-testStreamingFollowedByNonstreamingHierarchical": {
        "energy": 36840.181818181816,
        "duration": 496560.63636363635,
        "dram": 3299.9545454545455,
        "iteration": 22,