{
    "com.google.gson.functional.StreamingTypeAdaptersTest-testNullSafe": {
        "energy": 44342.218306736904,
        "duration": 1304140.1523858875,
        "dram": 1709.9348907113554,
        "iteration": 95
    },
    "com.google.gson.functional.CustomDeserializerTest-testDefaultConstructorNotCalledOnField": {
        "energy": 39147.58878432572,
        "duration": 703041.886474486,
        "dram": 3302.8283251065395,
        "iteration": 49
    },
    "com.google.gson.functional.CustomDeserializerTest-testDefaultConstructorNotCalledOnObject": {
        "energy": 78853.0249084878,
        "duration": 1556064.3738205628,
        "dram": 6592.58779527444,
        "iteration": 99
    },
    "com.google.gson.functional.EnumTest-testEnumSubclassAsParameterizedType": {
        "energy": 37366.67575285343,
        "duration": 1022902.0954901036,
        "dram": 3400.7488013748643,
        "iteration": 65
    },
    "com.google.gson.functional.TypeAdapterPrecedenceTest-testStreamingHierarchicalFollowedByNonstreaming": {
        "energy": 35813.32540600002,
        "duration": 452023.85215236247,
        "dram": 1823.5355048030615,
        "iteration": 26
    },
    "com.google.gson.functional.StringTest-testSingleQuoteInStringSerialization": {
        "energy": 37108.068450927734,
        "duration": 463875.0608520508,
        "dram": 3384.9508056640625,
        "iteration": 15
    },
    "com.google.gson.functional.ParameterizedTypesTest-testVariableTypeArrayDeserialization": {
        "energy": 43506.61626578696,
        "duration": 1285385.4821570583,
        "dram": 4791.717217907325,
        "iteration": 96
    },
    "com.google.gson.functional.ObjectTest-testSingletonLists": {
        "energy": 40469.13838606251,
        "duration": 1250506.6944037802,
        "dram": 3810.0804245044924,
        "iteration": 86
    },
    "com.google.gson.functional.EnumTest-testEnumCaseMapping": {
        "energy": 70130.7788950912,
        "duration": 2191533.20775293,
        "dram": 5054.02047910549,
        "iteration": 79
    },
    "com.google.gson.functional.TypeVariableTest-testBasicTypeVariables": {
        "energy": 34039.285838594355,
        "duration": 1054402.2990677624,
        "dram": 3369.5491527564386,
        "iteration": 60
    },
    "com.google.gson.functional.EnumTest-testEnumSubclassWithRegisteredTypeAdapter": {
        "energy": 38094.952173834055,
        "duration": 1210453.0872354456,
        "dram": 3453.703303648155,
        "iteration": 85
    },
    "com.google.gson.functional.DefaultTypeAdaptersTest-testOverrideBigIntegerTypeAdapter": {
        "energy": 40239.07786555674,
        "duration": 754830.3132178542,
        "dram": 3414.0724917741777,
        "iteration": 41
    },
    "com.google.gson.functional.MapAsArrayTypeAdapterTest-testMultipleEnableComplexKeyRegistrationHasNoEffect": {
        "energy": 39250.2849828795,
        "duration": 1330590.6569251968,
        "dram": 3206.9126578100413,
        "iteration": 73
    },
    "com.google.gson.functional.TypeVariableTest-testAdvancedTypeVariables": {
        "energy": 66129.93153785219,
        "duration": 2018536.95994435,
        "dram": 6960.682318639976,
        "iteration": 99
    },
    "com.google.gson.GsonTypeAdapterTest-testTypeAdapterDoesNotAffectNonAdaptedTypes": {
        "energy": 81244.95563616231,
        "duration": 2624920.2965882234,
        "dram": 8700.43211735785,
        "iteration": 28
    },
    "com.google.gson.functional.DefaultTypeAdaptersTest-testSqlDateSerialization": {
        "energy": 36702.87745565176,
        "duration": 864234.577241027,
        "dram": 2868.765188932235,
        "iteration": 55
    },
    "com.google.gson.functional.EscapingTest-testGsonDoubleDeserialization": {
        "energy": 42744.8059785731,
        "duration": 1196178.2691969133,
        "dram": 2719.1464223874596,
        "iteration": 49
    },
    "com.google.gson.functional.ParameterizedTypesTest-testVariableTypeDeserialization": {
        "energy": 42062.53718813878,
        "duration": 1343355.6797308354,
        "dram": 3444.865997456019,
        "iteration": 94
    },
    "com.google.gson.functional.MapAsArrayTypeAdapterTest-testSerializeComplexMapWithTypeAdapter": {
        "energy": 120975.71250648395,
        "duration": 3877965.3098715516,
        "dram": 10827.389776030075,
        "iteration": 99
    },
    "com.google.gson.functional.ParameterizedTypesTest-testParameterizedTypeGenericArraysDeserialization": {
        "energy": 39742.41689816903,
        "duration": 1306853.675311247,
        "dram": 3984.220087986395,
        "iteration": 93
    },
    "com.google.gson.functional.EscapingTest-testGsonAcceptsEscapedAndNonEscapedJsonDeserialization": {
        "energy": 39358.27165956738,
        "duration": 1304381.4018744277,
        "dram": 3680.1194394831286,
        "iteration": 72
    },
    "com.google.gson.functional.DefaultTypeAdaptersTest-testDefaultDateDeserializationUsingBuilder": {
        "energy": 120020.19785344851,
        "duration": 3611232.895272942,
        "dram": 10002.996136439206,
        "iteration": 99
    },
    "com.google.gson.functional.EscapingTest-testEscapingObjectFields": {
        "energy": 128395.81020075065,
        "duration": 4142049.4121128535,
        "dram": 12418.149609416367,
        "iteration": 54
    },
    "com.google.gson.functional.EnumTest-testEnumSet": {
        "energy": 34386.39348953253,
        "duration": 1001457.6447505143,
        "dram": 2981.2317569813035,
        "iteration": 77
    },
    "com.google.gson.functional.TypeVariableTest-testTypeVariablesViaTypeParameter": {
        "energy": 34064.01666759646,
        "duration": 1281597.4459936563,
        "dram": 3370.3756811653384,
        "iteration": 91
    },
    "com.google.gson.functional.TypeHierarchyAdapterTest-testTypeHierarchy": {
        "energy": 94049.381602494,
        "duration": 3195342.685516741,
        "dram": 9313.242707205995,
        "iteration": 99
    },
    "com.google.gson.DefaultInetAddressTypeAdapterTest-testInetAddressSerializationAndDeserialization": {
        "energy": 163374.9522336399,
        "duration": 5309243.075970933,
        "dram": 16320.376318687388,
        "iteration": 99
    },
    "com.google.gson.functional.ReadersWritersTest-testReadWriteTwoStrings": {
        "energy": 75510.9844679301,
        "duration": 2411152.247463383,
        "dram": 6406.2975742337985,
        "iteration": 79
    },
    "com.google.gson.functional.CollectionTest-testWildcardCollectionField": {
        "energy": 46792.98911195516,
        "duration": 1735287.7417593356,
        "dram": 3777.624906285372,
        "iteration": 92
    },
    "com.google.gson.functional.TypeAdapterPrecedenceTest-testNonstreamingFollowedByNonstreaming": {
        "energy": 37921.65601845618,
        "duration": 1237523.271552389,
        "dram": 3531.7048564376973,
        "iteration": 90
    },
    "com.google.gson.functional.ParameterizedTypesTest-testVariableTypeFieldsAndGenericArraysDeserialization": {
        "energy": 41009.692065579846,
        "duration": 1525335.8434979622,
        "dram": 5440.187811133423,
        "iteration": 99
    },
    "com.google.gson.functional.DefaultTypeAdaptersTest-testDateSerializationInCollection": {
        "energy": 42125.59457366971,
        "duration": 1354309.8328946703,
        "dram": 4822.386729665285,
        "iteration": 86
    },
    "com.google.gson.functional.TypeAdapterPrecedenceTest-testStreamingFollowedByNonstreamingHierarchical": {
        "energy": 37682.98921203613,
        "duration": 642893.6262054443,
        "dram": 2229.2193603515625,
        "iteration": 16
    },
    "com.google.gson.functional.ParameterizedTypesTest-testParameterizedTypeWithVariableTypeDeserialization": {
        "energy": 37094.92310286572,
        "duration": 1237025.8212810778,
        "dram": 3405.101266714054,
        "iteration": 89
    },