{
    "com.google.gson.functional.CustomDeserializerTest-testDefaultConstructorNotCalledOnObject": {
        "energy": 63837.09090909091,
        "duration": 2060078.3434343433,
        "dram": 5576.484848484848,
        "iteration": 99,
        "stdev": 55543.801068828136
    },
    "com.google.gson.functional.ReadersWritersTest-testReadWriteTwoObjects": {
        "energy": 42164.218181818185,
        "duration": 1226303.4,
        "dram": 3556.7818181818184,
        "iteration": 55,
        "stdev": 13885.518146865898
    },
    "com.google.gson.functional.MapTest-testInterfaceTypeMapWithSerializer": {
        "energy": 54275.59595959596,
        "duration": 1767005.5353535353,
        "dram": 5038.616161616162,
        "iteration": 99,
        "stdev": 24767.013050279416
    },
    "com.google.gson.functional.CollectionTest-testRawCollectionOfBagOfPrimitivesNotAllowed": {
        "energy": 39979.282608695656,
        "duration": 981552.9347826086,
        "dram": 3549.282608695652,
        "iteration": 46,
        "stdev": 8174.709117715613
    },
    "com.google.gson.functional.CustomDeserializerTest-testCustomDeserializerReturnsNullForArrayElementsForArrayField": {
        "energy": 37241.06349206349,
        "duration": 917575.9682539683,
        "dram": 3121.904761904762,
        "iteration": 63,
        "stdev": 7060.065706050231
    },
    "com.google.gson.internal.bind.JsonElementReaderTest-testObject": {
        "energy": 39996.23333333333,
        "duration": 585434.8,
        "dram": 2709.5,
        "iteration": 30,
        "stdev": 4393.175485404101
    },
    "com.google.gson.JsonParserTest-testReadWriteTwoObjects": {
        "energy": 214925.4927536232,
        "duration": 6181684.043478261,
        "dram": 19033.463768115944,
        "iteration": 69,
        "stdev": 457823.4131227043
    },
    "com.google.gson.functional.JsonTreeTest-testJsonTreeNull": {
        "energy": 36835.68965517241,
        "duration": 697518.7586206896,
        "dram": 2954.103448275862,
        "iteration": 29,
        "stdev": 3117.0044317940938
    },
    "com.google.gson.internal.bind.JsonElementReaderTest-testSkipValue": {
        "energy": 38204.35294117647,
        "duration": 573771.5294117647,
        "dram": 2632.3529411764707,
        "iteration": 17,
        "stdev": 3667.890769769724
    },
    "com.google.gson.functional.NullObjectAndFieldTest-testCustomTypeAdapterPassesNullDesrialization": {
        "energy": 38506.770833333336,
        "duration": 854444.2916666666,
        "dram": 2906.3958333333335,
        "iteration": 48,
        "stdev": 5211.061864916079
    },
    "com.google.gson.functional.ExclusionStrategyFunctionalTest-testExclusionStrategyWithMode": {
        "energy": 37312.3023255814,
        "duration": 839113.4186046511,
        "dram": 2856.1162790697676,
        "iteration": 43,
        "stdev": 4673.6711158677945
    },
    "com.google.gson.JsonObjectTest-testAddingNullPropertyValue": {
        "energy": 35600.181818181816,
        "duration": 547467.3636363636,
        "dram": 1897.1818181818182,
        "iteration": 11,
        "stdev": 3246.769438245341
    },
    "com.google.gson.JsonObjectTest-testAddingAndRemovingObjectProperties": {
        "energy": 48376.32,
        "duration": 958889.44,
        "dram": 2662.12,
        "iteration": 25,
        "stdev": 25638.55116767716
    },
    "com.google.gson.functional.ParameterizedTypesTest-testParameterizedTypeWithCustomSerializer": {
        "energy": 70359.02127659574,
        "duration": 2279791.1063829786,
        "dram": 6712.308510638298,
        "iteration": 94,
        "stdev": 76187.96826829424
    },
    "com.google.gson.functional.CustomDeserializerTest-testJsonTypeFieldBasedDeserialization": {
        "energy": 43971.29268292683,
        "duration": 1378787.3170731708,
        "dram": 3854.5,
        "iteration": 82,
        "stdev": 15242.69269830054
    },
    "com.google.gson.functional.JsonParserTest-testChangingCustomTreeAndDeserializing": {
        "energy": 41262.31914893617,
        "duration": 975180.1702127659,
        "dram": 3440.936170212766,
        "iteration": 47,
        "stdev": 10905.227836901882
    },
    "com.google.gson.JsonParserTest-testParseReader": {
        "energy": 39139.73333333333,
        "duration": 553765.0,
        "dram": 2747.6666666666665,
        "iteration": 15,
        "stdev": 5155.750543055998
    },
    "com.google.gson.functional.MapAsArrayTypeAdapterTest-testSerializeComplexMapWithTypeAdapter": {
        "energy": 138866.9696969697,
        "duration": 4140109.474747475,
        "dram": 12407.222222222223,
        "iteration": 99,
        "stdev": 273251.1690553034
    },
    "com.google.gson.functional.CustomTypeAdaptersTest-testCustomSerializers": {
        "energy": 91330.34,
        "duration": 2378712.2,
        "dram": 7706.28,
        "iteration": 50,
        "stdev": 236734.639802595
    },
    "com.google.gson.functional.CustomTypeAdaptersTest-testCustomTypeAdapterDoesNotAppliesToSubClasses": {
        "energy": 90800.35353535354,
        "duration": 2692784.797979798,
        "dram": 8045.646464646465,
        "iteration": 99,
        "stdev": 27304.315718856837
    },
    "com.google.gson.functional.JsonTreeTest-testJsonTreeToString": {
        "energy": 66225.74626865672,
        "duration": 1923432.865671642,
        "dram": 5925.582089552238,
        "iteration": 67,
        "stdev": 46313.27526403082
    },
    "com.google.gson.functional.UncategorizedTest-testReturningDerivedClassesDuringDeserialization": {
        "energy": 69919.0,
        "duration": 2134766.4444444445,
        "dram": 6326.949494949495,
        "iteration": 99,
        "stdev": 31654.581529345476
    },
    "com.google.gson.DefaultMapJsonSerializerTest-testNonEmptyMapSerialization": {
        "energy": 39463.96,
        "duration": 930108.08,
        "dram": 3165.54,
        "iteration": 50,
        "stdev": 4240.982334129677
    },
    "com.google.gson.ObjectTypeAdapterTest-testDeserialize": {
        "energy": 52812.67901234568,
        "duration": 1655911.6543209876,
        "dram": 5079.3456790123455,
        "iteration": 81,
        "stdev": 32500.445904187858
    },
    "com.google.gson.functional.CustomTypeAdaptersTest-testCustomDeserializers": {
        "energy": 42116.01587301587,
        "duration": 1031302.6349206349,
        "dram": 3672.6507936507937,
        "iteration": 63,
        "stdev": 16770.696339095783
    },
    "com.google.gson.functional.TypeHierarchyAdapterTest-testTypeHierarchy": {
        "energy": 164422.0707070707,
        "duration": 4728170.333333333,
        "dram": 15013.959595959595,
        "iteration": 99,
        "stdev": 291260.6172487212
    },
    "com.google.gson.functional.CustomDeserializerTest-testCustomDeserializerReturnsNullForArrayElements": {
        "energy": 38384.32727272727,
        "duration": 896608.4727272728,
        "dram": 3342.509090909091,
        "iteration": 55,
        "stdev": 7493.387900019942
    },
    "com.google.gson.JsonObjectTest-testWritePropertyWithEmptyStringName": {
        "energy": 38101.69565217391,
        "duration": 464627.47826086957,
        "dram": 2654.304347826087,
        "iteration": 23,
        "stdev": 3138.451507335128
    },
    "com.google.gson.functional.JsonTreeTest-testToJsonTreeObjectType": {
        "energy": 37215.22448979592,
        "duration": 950397.3469387755,
        "dram": 2880.5714285714284,
        "iteration": 49,
        "stdev": 4287.401559602016
    },
    "com.google.gson.functional.MoreSpecificTypeSerializationTest-testMapOfSubclassFields": {
        "energy": 49607.267857142855,
        "duration": 1432321.375,
        "dram": 4186.732142857143,
        "iteration": 56,
        "stdev": 25987.894597080525
    },
    "com.google.gson.internal.bind.JsonTreeWriterTest-testSerializeNullsTrue": {
        "energy": 68351.84,
        "duration": 1594731.16,
        "dram": 4603.52,
        "iteration": 25,