{
    "com.google.gson.functional.CustomDeserializerTest-testDefaultConstructorNotCalledOnObject": {
        "energy": 43579,
        "duration": 2260845.6530612246,
        "dram": 6681.397959183673,
        "iteration": 98,
        "stdev": 56779.68130774145
    },
    "com.google.gson.functional.JsonParserTest-testBadTypeForDeserializingCustomTree": {
        "energy": 38757,
        "duration": 851526.0,
        "dram": 3224.864864864865,
        "iteration": 37,
        "stdev": 29947.35781299491
    },
    "com.google.gson.functional.CustomTypeAdaptersTest-testCustomTypeAdapterAppliesToSubClassesSerializedAsBaseClass": {
        "energy": 36011,
        "duration": 859609.7735849057,
        "dram": 2797.0754716981132,
        "iteration": 53,
        "stdev": 5673.275466836236
    },
    "com.google.gson.functional.ReadersWritersTest-testReadWriteTwoObjects": {
        "energy": 40100,
        "duration": 1306362.0892857143,
        "dram": 4205.410714285715,
        "iteration": 56,
        "stdev": 19871.129920986747
    },
    "com.google.gson.functional.MapTest-testInterfaceTypeMapWithSerializer": {
        "energy": 41442,
        "duration": 1773634.4141414142,
        "dram": 4790.959595959596,
        "iteration": 99,
        "stdev": 28191.780573697688
    },
    "com.google.gson.functional.CollectionTest-testRawCollectionOfBagOfPrimitivesNotAllowed": {
        "energy": 37353,
        "duration": 1054061.2916666667,
        "dram": 3700.9583333333335,
        "iteration": 48,
        "stdev": 16258.929064720014
    },
    "com.google.gson.JsonObjectTest-testAddingCharacterProperties": {
        "energy": 36743,
        "duration": 662800.0357142857,
        "dram": 2683.5714285714284,
        "iteration": 28,
        "stdev": 4788.064247667937
    },
    "com.google.gson.internal.bind.JsonElementReaderTest-testObject": {
        "energy": 37903,
        "duration": 630083.76,
        "dram": 3105.76,
        "iteration": 25,
        "stdev": 17603.9572798391
    },
    "com.google.gson.JsonParserTest-testReadWriteTwoObjects": {
        "energy": 40405,
        "duration": 3672518.4691358022,
        "dram": 12935.716049382716,
        "iteration": 81,
        "stdev": 383314.3861805173
    },
    "com.google.gson.functional.MapAsArrayTypeAdapterTest-testMultipleEnableComplexKeyRegistrationHasNoEffect": {
        "energy": 37049,
        "duration": 1152168.8666666667,
        "dram": 3395.36,
        "iteration": 75,
        "stdev": 11357.26770847441
    },
    "com.google.gson.JsonParserTest-testParseString": {
        "energy": 38025,
        "duration": 530351.9375,
        "dram": 2291.25,
        "iteration": 16,
        "stdev": 3940.5222369630146
    },
    "com.google.gson.functional.CustomDeserializerTest-testJsonTypeFieldBasedDeserialization": {
        "energy": 39795,
        "duration": 1368092.911111111,
        "dram": 4011.0222222222224,
        "iteration": 90,
        "stdev": 18334.165106532128
    },
    "com.google.gson.functional.MapAsArrayTypeAdapterTest-testSerializeComplexMapWithTypeAdapter": {
        "energy": 82031,
        "duration": 4944821.202020202,
        "dram": 15603.333333333334,
        "iteration": 99,
        "stdev": 341056.0153384245
    },
    "com.google.gson.functional.CustomTypeAdaptersTest-testCustomTypeAdapterDoesNotAppliesToSubClasses": {
        "energy": 79590,
        "duration": 2780084.757575758,
        "dram": 8016.888888888889,
        "iteration": 99,
        "stdev": 22657.307396532666
    },
    "com.google.gson.functional.CustomSerializerTest-testSubClassSerializerInvokedForBaseClassFieldsHoldingSubClassInstances": {
        "energy": 41748,
        "duration": 5492241.333333333,
        "dram": 17060.13888888889,
        "iteration": 72,
        "stdev": 420385.0032682012
    },
    "com.google.gson.functional.JsonTreeTest-testJsonTreeToString": {
        "energy": 38757,
        "duration": 1605103.1617647058,
        "dram": 5408.132352941177,
        "iteration": 68,
        "stdev": 50483.30313795484
    },
    "com.google.gson.functional.UncategorizedTest-testReturningDerivedClassesDuringDeserialization": {
        "energy": 72815,
        "duration": 2086905.616161616,
        "dram": 6227.929292929293,
        "iteration": 99,
        "stdev": 27297.76278192174
    },
    "com.google.gson.ObjectTypeAdapterTest-testDeserialize": {
        "energy": 38513,
        "duration": 1382261.1014492754,
        "dram": 3935.8840579710145,
        "iteration": 69,
        "stdev": 17133.965971184294
    },
    "com.google.gson.functional.CustomTypeAdaptersTest-testCustomDeserializers": {
        "energy": 39978,
        "duration": 1259674.8666666667,
        "dram": 3871.2166666666667,
        "iteration": 60,
        "stdev": 29917.140262435212
    },
    "com.google.gson.functional.TypeHierarchyAdapterTest-testTypeHierarchy": {
        "energy": 116699,
        "duration": 5820000.303030303,
        "dram": 18509.363636363636,
        "iteration": 99,
        "stdev": 378604.5281596258
    },
    "com.google.gson.functional.ExclusionStrategyFunctionalTest-testExclusionStrategyDeserialization": {
        "energy": 39734,
        "duration": 939189.8888888889,
        "dram": 3117.0,
        "iteration": 36,
        "stdev": 14667.449913324284
    },
    "com.google.gson.functional.PrintFormattingTest-testJsonObjectWithNullValuesSerialized": {
        "energy": 34790,
        "duration": 592451.76,
        "dram": 2311.04,
        "iteration": 25,
        "stdev": 5044.218400347075
    },
    "com.google.gson.functional.JsonTreeTest-testToJsonTreeObjectType": {
        "energy": 37475,
        "duration": 889576.6393442623,
        "dram": 3253.6393442622953,
        "iteration": 61,
        "stdev": 3870.28051485145
    },
    "com.google.gson.functional.MoreSpecificTypeSerializationTest-testMapOfSubclassFields": {
        "energy": 38330,
        "duration": 1331548.2096774194,
        "dram": 3835.0967741935483,
        "iteration": 62,
        "stdev": 18239.82866751328
    },
    "com.google.gson.functional.InheritanceTest-testClassWithBaseCollectionFieldSerialization": {
        "energy": 38453,
        "duration": 1047767.9705882353,
        "dram": 3471.1029411764707,
        "iteration": 68,
        "stdev": 15944.531679107
    },
    "com.google.gson.functional.CustomSerializerTest-testBaseClassSerializerInvokedForBaseClassFieldsHoldingSubClassInstances": {
        "energy": 37353,
        "duration": 792835.65,
        "dram": 2723.075,
        "iteration": 40,
        "stdev": 4956.516054649677
    },
    "com.google.gson.functional.MapTest-testMapNamePromotionWithJsonElementReader": {
        "energy": 37780,
        "duration": 1163837.6964285714,
        "dram": 3669.625,
        "iteration": 56,
        "stdev": 9654.21887328294
    },
    "com.google.gson.functional.CustomSerializerTest-testBaseClassSerializerInvokedForBaseClassFields": {
        "energy": 37963,
        "duration": 660607.1714285715,
        "dram": 2682.3142857142857,
        "iteration": 35,
        "stdev": 4532.801803633202
    },
    "com.google.gson.functional.CustomSerializerTest-testSubClassSerializerInvokedForBaseClassFieldsHoldingArrayOfSubClassInstances": {
        "energy": 38208,
        "duration": 897113.9583333334,
        "dram": 3414.375,
        "iteration": 48,
        "stdev": 7208.788605926141
    },
    "com.google.gson.functional.CircularReferenceTest-testSelfReferenceCustomHandlerSerialization": {
        "energy": 254882,
        "duration": 7332419.464646464,
        "dram": 22642.737373737375,
        "iteration": 99,
        "stdev": 81027.71665384318
    },
    "com.google.gson.internal.bind.JsonTreeWriterTest-testObject": {
        "energy": 41321,
        "duration": 504416.3,
        "dram": 2891.8,
        "iteration": 20,
        "stdev": 2763.5025221627716
    },