{
    "com.google.gson.functional.JsonAdapterAnnotationOnClassesTest-testJsonAdapterInvoked": {
        "energy": 558909.8181818182,
        "duration": 16323111.04040404,
        "dram": 52375.62626262626,
        "iteration": 99,
        "stdev": 796979.7273521646
    },
    "com.google.gson.functional.RuntimeTypeAdapterFactoryFunctionalTest-testSubclassesAutomaticallySerialzed": {
        "energy": 545705.8787878788,
        "duration": 17129509.585858587,
        "dram": 52731.0404040404,
        "iteration": 99,
        "stdev": 367024.53255998314
    },
    "com.google.gson.functional.JsonAdapterAnnotationOnFieldsTest-testClassAnnotationAdapterFactoryTakesPrecedenceOverDefault": {
        "energy": 44402.62626262626,
        "duration": 1685487.4040404041,
        "dram": 4067.191919191919,
        "iteration": 99,
        "stdev": 16007.42214186897
    },
    "com.google.gson.functional.JsonAdapterAnnotationOnClassesTest-testRegisteredDeserializerOverridesJsonAdapter": {
        "energy": 35890.8125,
        "duration": 1155613.4,
        "dram": 3066.9125,
        "iteration": 80,
        "stdev": 6836.083601181583
    },
    "com.google.gson.functional.JsonAdapterAnnotationOnFieldsTest-testJsonAdapterWrappedInNullSafeAsRequested": {
        "energy": 394933.0888888889,
        "duration": 11971987.51111111,
        "dram": 37091.311111111114,
        "iteration": 90,
        "stdev": 731663.5994764055
    },
    "com.google.gson.functional.JsonAdapterAnnotationOnFieldsTest-testClassAnnotationAdapterTakesPrecedenceOverDefault": {
        "energy": 304063.48484848486,
        "duration": 9174250.414141415,
        "dram": 28668.828282828283,
        "iteration": 99,
        "stdev": 653133.8919376824
    },
    "com.google.gson.functional.JsonAdapterAnnotationOnClassesTest-testRegisteredSerializerOverridesJsonAdapter": {
        "energy": 51005.295918367345,
        "duration": 1813060.693877551,
        "dram": 4651.173469387755,
        "iteration": 98,
        "stdev": 35389.31737991726
    },
    "com.google.gson.functional.JsonAdapterAnnotationOnClassesTest-testJsonAdapterFactoryInvoked": {
        "energy": 39814.9381443299,
        "duration": 1491375.5670103093,
        "dram": 3923.340206185567,
        "iteration": 97,
        "stdev": 11412.437397725282
    },
    "com.google.gson.functional.JsonAdapterAnnotationOnFieldsTest-testFieldAnnotationTakesPrecedenceOverClassAnnotation": {
        "energy": 38593.208333333336,
        "duration": 1478891.0833333333,
        "dram": 3622.78125,
        "iteration": 96,
        "stdev": 22102.192378018313
    },
    "com.google.gson.functional.JsonAdapterAnnotationOnFieldsTest-testJsonAdapterInvokedOnlyForAnnotatedFields": {
        "energy": 95542.34020618557,
        "duration": 3133102.4226804124,
        "dram": 9072.20618556701,
        "iteration": 97,
        "stdev": 298572.1708955408
    },
    "com.google.gson.functional.JsonAdapterAnnotationOnFieldsTest-testFieldAnnotationTakesPrecedenceOverRegisteredTypeAdapter": {
        "energy": 37216.36734693877,
        "duration": 1473349.7551020407,
        "dram": 3638.0510204081634,
        "iteration": 98,
        "stdev": 9690.084899259251
    },
    "com.google.gson.functional.JsonAdapterAnnotationOnClassesTest-testNullSafeObjectFromJson": {
        "energy": 34897.417721518985,
        "duration": 1220062.759493671,
        "dram": 3096.3417721518986,
        "iteration": 79,
        "stdev": 5739.224608254127
    },
    "com.google.gson.functional.JsonAdapterAnnotationOnClassesTest-testIncorrectTypeAdapterFails": {
        "energy": 60517.2,
        "duration": 1908103.1,
        "dram": 5666.133333333333,
        "iteration": 60,
        "stdev": 199314.95818200233
    }
}