{
    "com.google.gson.functional.JsonAdapterAnnotationOnClassesTest-testJsonAdapterInvoked": {
        "energy": 76111,
        "duration": 12749024.525252525,
        "dram": 39876.42424242424,
        "iteration": 99,
        "stdev": 670932.8376662586
    },
    "com.google.gson.functional.RuntimeTypeAdapterFactoryFunctionalTest-testSubclassesAutomaticallySerialzed": {
        "energy": 178832,
        "duration": 12741674.848484848,
        "dram": 38923.666666666664,
        "iteration": 99,
        "stdev": 365896.6750951011
    },
    "com.google.gson.functional.JsonAdapterAnnotationOnFieldsTest-testClassAnnotationAdapterFactoryTakesPrecedenceOverDefault": {
        "energy": 38025,
        "duration": 1868679.7676767677,
        "dram": 5198.292929292929,
        "iteration": 99,
        "stdev": 20610.913364447577
    },
    "com.google.gson.functional.JsonAdapterAnnotationOnFieldsTest-testJsonAdapterWrappedInNullSafeAsRequested": {
        "energy": 35279,
        "duration": 2121194.5581395347,
        "dram": 6185.616279069767,
        "iteration": 86,
        "stdev": 187997.23075700286
    },
    "com.google.gson.functional.JsonAdapterAnnotationOnFieldsTest-testClassAnnotationAdapterTakesPrecedenceOverDefault": {
        "energy": 62317,
        "duration": 12061299.052083334,
        "dram": 37025.5,
        "iteration": 96,
        "stdev": 719799.7802801798
    },
    "com.google.gson.functional.JsonAdapterAnnotationOnClassesTest-testRegisteredSerializerOverridesJsonAdapter": {
        "energy": 36438,
        "duration": 2241375.092783505,
        "dram": 5946.556701030928,
        "iteration": 97,
        "stdev": 168165.44653648496
    },
    "com.google.gson.functional.JsonAdapterAnnotationOnClassesTest-testNullSafeObjectFromJson": {
        "energy": 33264,
        "duration": 1207879.7027027027,
        "dram": 2801.364864864865,
        "iteration": 74,
        "stdev": 4767.306965456002
    },
    "com.google.gson.regression.JsonAdapterNullSafeTest-testTypeAdapterFactoryNullSafeBug": {
        "energy": 276184,
        "duration": 13977359.606060605,
        "dram": 43807.90909090909,
        "iteration": 99,
        "stdev": 348504.72400431393
    },
    "com.google.gson.functional.JsonAdapterAnnotationOnClassesTest-testJsonAdapterFactoryInvoked": {
        "energy": 35034,
        "duration": 1460814.5578947368,
        "dram": 3693.7263157894736,
        "iteration": 95,
        "stdev": 11574.844677639012
    },
    "com.google.gson.functional.JsonAdapterAnnotationOnFieldsTest-testFieldAnnotationTakesPrecedenceOverClassAnnotation": {
        "energy": 34546,
        "duration": 1443549.4639175257,
        "dram": 3317.4123711340208,
        "iteration": 97,
        "stdev": 10121.21978648894
    },
    "com.google.gson.functional.JsonAdapterAnnotationOnFieldsTest-testJsonAdapterInvokedOnlyForAnnotatedFields": {
        "energy": 36499,
        "duration": 1811379.6597938144,
        "dram": 4541.041237113402,
        "iteration": 97,
        "stdev": 23496.462181825627
    },
    "com.google.gson.functional.JsonAdapterAnnotationOnFieldsTest-testFieldAnnotationTakesPrecedenceOverRegisteredTypeAdapter": {
        "energy": 36988,
        "duration": 1843399.6836734693,
        "dram": 5056.173469387755,
        "iteration": 98,
        "stdev": 21593.778132738105
    },
    "com.google.gson.functional.JsonAdapterAnnotationOnClassesTest-testRegisteredDeserializerOverridesJsonAdapter": {
        "energy": 34241,
        "duration": 1173152.2112676057,
        "dram": 2995.9014084507044,
        "iteration": 71,
        "stdev": 13595.42485549417
    },
    "com.google.gson.functional.JsonAdapterAnnotationOnClassesTest-testIncorrectTypeAdapterFails": {
        "energy": 33996,
        "duration": 1843229.7068965517,
        "dram": 5706.5,
        "iteration": 58,
        "stdev": 197428.33497351335
    }
}