{
    "com.google.gson.functional.EnumTest-testEnumSubclassWithRegisteredTypeAdapter": {
        "energy": 94277.89795918367,
        "duration": 3455143.7346938774,
        "dram": 9020.5,
        "iteration": 98,
        "stdev": 47749.07936637656
    },
    "com.google.gson.functional.StreamingTypeAdaptersTest-testSerializeWithCustomTypeAdapter": {
        "energy": 44479.73626373626,
        "duration": 1906492.4285714286,
        "dram": 4158.197802197802,
        "iteration": 91,
        "stdev": 14253.889972881601
    },
    "com.google.gson.functional.TypeHierarchyAdapterTest-testTypeHierarchy": {
        "energy": 709879.5656565657,
        "duration": 20863435.404040404,
        "dram": 65609.53535353535,
        "iteration": 99,
        "stdev": 767775.1559194756
    },
    "com.google.gson.functional.StreamingTypeAdaptersTest-testDeserializeWithCustomTypeAdapter": {
        "energy": 41408.217391304344,
        "duration": 1293015.4057971016,
        "dram": 3329.289855072464,
        "iteration": 69,
        "stdev": 18152.01607509265
    },
    "com.google.gson.functional.TypeHierarchyAdapterTest-testRegisterSubTypeFirstNotAllowed": {
        "energy": 35231.8,
        "duration": 696271.68,
        "dram": 2712.4,
        "iteration": 25,
        "stdev": 3967.6580195374704
    },
    "com.google.gson.functional.TypeHierarchyAdapterTest-testRegisterSuperTypeFirst": {
        "energy": 35833.106060606064,
        "duration": 1216312.4848484849,
        "dram": 3235.060606060606,
        "iteration": 66,
        "stdev": 7485.764504446013
    }
}