{
    "com.google.gson.functional.TypeHierarchyAdapterTest-testRegisterSuperTypeFirst": {
        "energy": 35034,
        "duration": 1791498.1470588236,
        "dram": 4894.308823529412,
        "iteration": 68,
        "stdev": 163585.56702912215
    },
    "com.google.gson.functional.EnumTest-testEnumSubclassWithRegisteredTypeAdapter": {
        "energy": 91980,
        "duration": 3153315.6836734693,
        "dram": 8537.69387755102,
        "iteration": 98,
        "stdev": 45355.4567832721
    },
    "com.google.gson.functional.StreamingTypeAdaptersTest-testSerializeWithCustomTypeAdapter": {
        "energy": 35583,
        "duration": 1435210.2191780822,
        "dram": 3114.2328767123286,
        "iteration": 73,
        "stdev": 6668.4451331833425
    },
    "com.google.gson.functional.TypeHierarchyAdapterTest-testTypeHierarchy": {
        "energy": 258423,
        "duration": 22952058.08080808,
        "dram": 72455.42424242424,
        "iteration": 99,
        "stdev": 803354.3613334474
    },
    "com.google.gson.functional.StreamingTypeAdaptersTest-testDeserializeWithCustomTypeAdapter": {
        "energy": 34973,
        "duration": 1159843.9047619049,
        "dram": 3072.0,
        "iteration": 63,
        "stdev": 11458.405751954208
    },
    "com.google.gson.functional.TypeHierarchyAdapterTest-testRegisterSubTypeFirstNotAllowed": {
        "energy": 34607,
        "duration": 637770.1111111111,
        "dram": 2234.259259259259,
        "iteration": 27,
        "stdev": 2742.5037087655132
    }
}