{
    "com.google.gson.functional.ReadersWritersTest-testReadWriteTwoObjects": {
        "energy": 46998.46428571428,
        "duration": 1482094.4642857143,
        "dram": 4217.464285714285,
        "iteration": 84,
        "stdev": 17922.9459402548
    },
    "com.google.gson.functional.ObjectTest-testArrayOfArraysDeserialization": {
        "energy": 40043.39506172839,
        "duration": 1308711.2469135802,
        "dram": 3354.296296296296,
        "iteration": 81,
        "stdev": 10808.503876182729
    },
    "com.google.gson.JsonParserTest-testReadWriteTwoObjects": {
        "energy": 176588.5918367347,
        "duration": 5586237.367346939,
        "dram": 16904.581632653062,
        "iteration": 98,
        "stdev": 419913.79266521655
    },
    "com.google.gson.functional.TypeVariableTest-testAdvancedTypeVariables": {
        "energy": 161427.0707070707,
        "duration": 4769974.2727272725,
        "dram": 14945.69696969697,
        "iteration": 99,
        "stdev": 365205.67915357684
    },
    "com.google.gson.functional.ParameterizedTypesTest-testParameterizedTypeWithReaderDeserialization": {
        "energy": 39994.73626373626,
        "duration": 1323516.120879121,
        "dram": 3422.3296703296705,
        "iteration": 91,
        "stdev": 24328.50924861845
    },
    "com.google.gson.functional.EscapingTest-testGsonDoubleDeserialization": {
        "energy": 37690.56923076923,
        "duration": 979926.7384615385,
        "dram": 3130.153846153846,
        "iteration": 65,
        "stdev": 4472.801957710559
    },
    "com.google.gson.functional.InheritanceTest-testSubClassDeserialization": {
        "energy": 53633.307692307695,
        "duration": 1704922.3974358975,
        "dram": 4815.205128205128,
        "iteration": 78,
        "stdev": 40035.58476844667
    },
    "com.google.gson.functional.ReadersWritersTest-testReaderForDeserialization": {
        "energy": 50017.41025641026,
        "duration": 1333678.923076923,
        "dram": 4205.589743589743,
        "iteration": 39,
        "stdev": 28679.553051194944
    },
    "com.google.gson.functional.MapAsArrayTypeAdapterTest-testSerializeComplexMapWithTypeAdapter": {
        "energy": 263666.9090909091,
        "duration": 7766888.090909091,
        "dram": 24449.10101010101,
        "iteration": 99,
        "stdev": 509568.4747363726
    },
    "com.google.gson.functional.EscapingTest-testGsonAcceptsEscapedAndNonEscapedJsonDeserialization": {
        "energy": 48768.17525773196,
        "duration": 1581379.9484536082,
        "dram": 4135.618556701031,
        "iteration": 97,
        "stdev": 17833.052365201147
    },
    "com.google.gson.functional.ParameterizedTypesTest-testParameterizedTypeDeserialization": {
        "energy": 72137.24444444444,
        "duration": 2361708.0555555555,
        "dram": 6701.522222222222,
        "iteration": 90,
        "stdev": 77444.91338254008
    },
    "com.google.gson.functional.ObjectTest-testObjectFieldNamesWithoutQuotesDeserialization": {
        "energy": 36303.575,
        "duration": 783915.2,
        "dram": 2730.35,
        "iteration": 40,
        "stdev": 4554.262848625999
    },
    "com.google.gson.functional.TypeVariableTest-testTypeVariablesViaTypeParameter": {
        "energy": 60760.34693877551,
        "duration": 1902988.030612245,
        "dram": 5507.377551020408,
        "iteration": 98,
        "stdev": 25014.63833564873
    },
    "com.google.gson.functional.DefaultTypeAdaptersTest-testNullSerialization": {
        "energy": 377581.62626262626,
        "duration": 11405963.757575758,
        "dram": 35897.51515151515,
        "iteration": 99,
        "stdev": 280005.84296448936
    },
    "com.google.gson.functional.ObjectTest-testArrayOfObjectsDeserialization": {
        "energy": 38227.257575757576,
        "duration": 1136347.4393939395,
        "dram": 3180.0,
        "iteration": 66,
        "stdev": 9248.774795697727
    },
    "com.google.gson.functional.CollectionTest-testWildcardCollectionField": {
        "energy": 53645.989795918365,
        "duration": 1905457.5102040817,
        "dram": 4735.102040816327,
        "iteration": 98,
        "stdev": 21401.941518114512
    },
    "com.google.gson.functional.ParameterizedTypesTest-testTypesWithMultipleParametersDeserialization": {
        "energy": 41745.90804597701,
        "duration": 1466410.7471264368,
        "dram": 3551.609195402299,
        "iteration": 87,
        "stdev": 11935.341464600075
    },
    "com.google.gson.functional.ObjectTest-testNestedDeserialization": {
        "energy": 37614.92857142857,
        "duration": 1004542.9642857143,
        "dram": 3048.0,
        "iteration": 56,
        "stdev": 3971.7034482212093
    },
    "com.google.gson.functional.PrimitiveTest-testDeserializeJsonArrayAsBooleanWrapper": {
        "energy": 38999.148148148146,
        "duration": 513983.962962963,
        "dram": 2679.1111111111113,
        "iteration": 27,
        "stdev": 4379.124778983122
    },
    "com.google.gson.functional.VersioningTest-testVersionedGsonWithUnversionedClassesDeserialization": {
        "energy": 37797.53448275862,
        "duration": 1130789.4655172413,
        "dram": 2985.6724137931033,
        "iteration": 58,
        "stdev": 6124.570048851895
    },
    "com.google.gson.functional.ObjectTest-testBagOfPrimitiveWrappersDeserialization": {
        "energy": 37260.565217391304,
        "duration": 896819.9782608695,
        "dram": 2934.891304347826,
        "iteration": 46,
        "stdev": 6281.330579936257
    },
    "com.google.gson.functional.ObjectTest-testNullFieldsDeserialization": {
        "energy": 37973.38596491228,
        "duration": 997698.4385964912,
        "dram": 3192.8596491228072,
        "iteration": 57,
        "stdev": 6739.027749529291
    },
    "com.google.gson.functional.ObjectTest-testBagOfPrimitivesDeserialization": {
        "energy": 36221.18421052631,
        "duration": 815614.8157894737,
        "dram": 2737.0789473684213,
        "iteration": 38,
        "stdev": 3531.775674279852
    },
    "com.google.gson.functional.TypeVariableTest-testBasicTypeVariables": {
        "energy": 39054.86486486487,
        "duration": 1171216.6351351351,
        "dram": 3376.554054054054,
        "iteration": 74,
        "stdev": 6576.239322773095
    },
    "com.google.gson.functional.UncategorizedTest-testGsonInstanceReusableForSerializationAndDeserialization": {
        "energy": 41938.0,
        "duration": 1188232.9672131147,
        "dram": 3428.754098360656,
        "iteration": 61,
        "stdev": 9181.776596901595
    },
    "com.google.gson.JsonPrimitiveTest-testParsingStringAsBoolean": {
        "energy": 43783.11538461538,
        "duration": 906776.5769230769,
        "dram": 2860.5,
        "iteration": 26,
        "stdev": 15315.668285293592
    },
    "com.google.gson.functional.EscapingTest-testEscapingObjectFields": {
        "energy": 60957.84722222222,
        "duration": 1864602.875,
        "dram": 5367.222222222223,
        "iteration": 72,
        "stdev": 56694.82446412834
    },
    "com.google.gson.functional.MapTest-testReadMapsWithEmptyStringKey": {
        "energy": 38617.84905660377,
        "duration": 1001384.283018868,
        "dram": 3143.9622641509436,
        "iteration": 53,
        "stdev": 4812.099523728983
    },
    "com.google.gson.functional.PrimitiveTest-testBooleanDeserialization": {
        "energy": 38777.444444444445,
        "duration": 700580.1851851852,
        "dram": 2408.3333333333335,
        "iteration": 27,
        "stdev": 5792.143531660627
    },
    "com.google.gson.functional.PrimitiveTest-testDeserializeJsonObjectAsBooleanPrimitive": {
        "energy": 37857.78947368421,
        "duration": 625016.8947368421,
        "dram": 2298.8947368421054,
        "iteration": 19,
        "stdev": 3452.4849720157304
    }
}