{
    "com.google.gson.functional.ReadersWritersTest-testReadWriteTwoObjects": {
        "energy": 40954,
        "duration": 1560996.5128205128,
        "dram": 4437.141025641025,
        "iteration": 78,
        "stdev": 19616.11560914196
    },
    "com.google.gson.functional.ObjectTest-testArrayOfArraysDeserialization": {
        "energy": 36377,
        "duration": 1278024.5,
        "dram": 3317.824324324324,
        "iteration": 74,
        "stdev": 11522.646371714998
    },
    "com.google.gson.JsonParserTest-testReadWriteTwoObjects": {
        "energy": 44006,
        "duration": 5315416.261363637,
        "dram": 16545.738636363636,
        "iteration": 88,
        "stdev": 432828.8686213575
    },
    "com.google.gson.functional.TypeVariableTest-testBasicTypeVariables": {
        "energy": 37720,
        "duration": 1189731.2028985508,
        "dram": 3186.057971014493,
        "iteration": 69,
        "stdev": 7066.569863712617
    },
    "com.google.gson.functional.TypeVariableTest-testAdvancedTypeVariables": {
        "energy": 82459,
        "duration": 5786677.555555556,
        "dram": 18061.858585858587,
        "iteration": 99,
        "stdev": 440400.5352266452
    },
    "com.google.gson.functional.MapTest-testReadMapsWithEmptyStringKey": {
        "energy": 36805,
        "duration": 973270.1228070175,
        "dram": 2875.280701754386,
        "iteration": 57,
        "stdev": 5269.647979596968
    },
    "com.google.gson.functional.UncategorizedTest-testGsonInstanceReusableForSerializationAndDeserialization": {
        "energy": 39612,
        "duration": 1152605.8709677418,
        "dram": 3346.983870967742,
        "iteration": 62,
        "stdev": 8418.58872932681
    },
    "com.google.gson.functional.InheritanceTest-testSubClassDeserialization": {
        "energy": 39062,
        "duration": 1389247.894736842,
        "dram": 3651.4736842105262,
        "iteration": 76,
        "stdev": 13997.580666075459
    },
    "com.google.gson.functional.ReadersWritersTest-testReaderForDeserialization": {
        "energy": 38818,
        "duration": 1299666.8181818181,
        "dram": 3517.25,
        "iteration": 44,
        "stdev": 24227.35136726108
    },
    "com.google.gson.functional.MapAsArrayTypeAdapterTest-testSerializeComplexMapWithTypeAdapter": {
        "energy": 98266,
        "duration": 5866089.636363637,
        "dram": 18144.23232323232,
        "iteration": 99,
        "stdev": 398818.5049899886
    },
    "com.google.gson.functional.EscapingTest-testGsonAcceptsEscapedAndNonEscapedJsonDeserialization": {
        "energy": 40100,
        "duration": 1595709.6170212766,
        "dram": 4238.265957446809,
        "iteration": 94,
        "stdev": 17622.9387301507
    },
    "com.google.gson.functional.ParameterizedTypesTest-testParameterizedTypeDeserialization": {
        "energy": 39978,
        "duration": 2161112.213483146,
        "dram": 6060.842696629214,
        "iteration": 89,
        "stdev": 60031.65770831404
    },
    "com.google.gson.functional.EscapingTest-testEscapingObjectFields": {
        "energy": 39978,
        "duration": 2043257.12987013,
        "dram": 6086.285714285715,
        "iteration": 77,
        "stdev": 67701.2207658252
    },
    "com.google.gson.functional.TypeVariableTest-testTypeVariablesViaTypeParameter": {
        "energy": 44067,
        "duration": 3016366.1224489794,
        "dram": 8724.755102040815,
        "iteration": 98,
        "stdev": 229053.36046948264
    },
    "com.google.gson.functional.DefaultTypeAdaptersTest-testNullSerialization": {
        "energy": 162170,
        "duration": 9561821.606060605,
        "dram": 29833.10101010101,
        "iteration": 99,
        "stdev": 240897.24954966802
    },
    "com.google.gson.functional.CollectionTest-testWildcardCollectionField": {
        "energy": 46692,
        "duration": 1869721.7959183673,
        "dram": 5156.540816326531,
        "iteration": 98,
        "stdev": 23025.714572197045
    },
    "com.google.gson.functional.ObjectTest-testNestedDeserialization": {
        "energy": 35340,
        "duration": 988897.5614035088,
        "dram": 2977.59649122807,
        "iteration": 57,
        "stdev": 5360.9784308962035
    },
    "com.google.gson.functional.VersioningTest-testVersionedGsonWithUnversionedClassesDeserialization": {
        "energy": 36438,
        "duration": 1101444.4736842106,
        "dram": 3041.1929824561403,
        "iteration": 57,
        "stdev": 5710.47528012336
    },
    "com.google.gson.functional.ObjectTest-testBagOfPrimitiveWrappersDeserialization": {
        "energy": 36255,
        "duration": 930037.6666666666,
        "dram": 2705.190476190476,
        "iteration": 42,
        "stdev": 11919.481440581141
    },
    "com.google.gson.functional.ObjectTest-testNullFieldsDeserialization": {
        "energy": 36621,
        "duration": 976235.3272727273,
        "dram": 2843.890909090909,
        "iteration": 55,
        "stdev": 3927.7681442571584
    },
    "com.google.gson.functional.ObjectTest-testBagOfPrimitivesDeserialization": {
        "energy": 37292,
        "duration": 762141.4,
        "dram": 2717.1,
        "iteration": 50,
        "stdev": 4544.399093389576
    },
    "com.google.gson.functional.ParameterizedTypesTest-testParameterizedTypeWithReaderDeserialization": {
        "energy": 36682,
        "duration": 1232716.7647058824,
        "dram": 3310.5882352941176,
        "iteration": 85,
        "stdev": 6995.097425303023
    },
    "com.google.gson.functional.PrimitiveTest-testBooleanDeserialization": {
        "energy": 38208,
        "duration": 739164.0645161291,
        "dram": 2519.5806451612902,
        "iteration": 31,
        "stdev": 4667.213591160692
    },
    "com.google.gson.functional.ObjectTest-testObjectFieldNamesWithoutQuotesDeserialization": {
        "energy": 34912,
        "duration": 800440.9555555555,
        "dram": 2812.6666666666665,
        "iteration": 45,
        "stdev": 5182.011199534286
    },
    "com.google.gson.functional.ObjectTest-testArrayOfObjectsDeserialization": {
        "energy": 36804,
        "duration": 1118255.794117647,
        "dram": 3218.9411764705883,
        "iteration": 68,
        "stdev": 6916.429994978085
    },
    "com.google.gson.functional.EscapingTest-testGsonDoubleDeserialization": {
        "energy": 36011,
        "duration": 1018248.0363636364,
        "dram": 3145.7454545454543,
        "iteration": 55,
        "stdev": 3710.5623817368073
    },
    "com.google.gson.functional.ParameterizedTypesTest-testTypesWithMultipleParametersDeserialization": {
        "energy": 39002,
        "duration": 1457208.625,
        "dram": 3926.3295454545455,
        "iteration": 88,
        "stdev": 15564.903814019199
    },
    "com.google.gson.functional.PrimitiveTest-testDeserializeJsonObjectAsBooleanPrimitive": {
        "energy": 39673,
        "duration": 550858.0476190476,
        "dram": 2842.285714285714,
        "iteration": 21,
        "stdev": 2822.9765839713928
    },
    "com.google.gson.functional.PrimitiveTest-testDeserializeJsonArrayAsBooleanWrapper": {
        "energy": 41381,
        "duration": 540858.3,
        "dram": 2339.4,
        "iteration": 20,
        "stdev": 4577.082482051203
    },
    "com.google.gson.JsonPrimitiveTest-testParsingStringAsBoolean": {
        "energy": 40771,
        "duration": 1556872.16,
        "dram": 4256.4,
        "iteration": 25,
        "stdev": 27856.36108938854
    }
}