{
    "com.google.gson.FunctionalWithInternalDependenciesTest-testAnonymousLocalClassesSerialization": {
        "energy": 34790,
        "duration": 4654455.4949494945,
        "dram": 13515.878787878788,
        "iteration": 99,
        "stdev": 359486.53395215573
    },
    "com.google.gson.FunctionalWithInternalDependenciesTest-testPrettyPrintListOfPrimitiveArrays": {
        "energy": 35278,
        "duration": 10236260.791666666,
        "dram": 29451.652777777777,
        "iteration": 72,
        "stdev": 545243.7012380828
    }
}