{
    "com.google.gson.functional.CustomDeserializerTest-testDefaultConstructorNotCalledOnObject": {
        "energy": 70578.75,
        "duration": 2255868.3229166665,
        "dram": 6394.270833333333,
        "iteration": 96,
        "stdev": 61225.84163093772
    },
    "com.google.gson.functional.StringTest-testEscapingQuotesInStringSerialization": {
        "energy": 39120.4,
        "duration": 614651.1,
        "dram": 2552.75,
        "iteration": 20,
        "stdev": 3837.685414413224
    },
    "com.google.gson.functional.ReadersWritersTest-testReadWriteTwoObjects": {
        "energy": 41909.47692307692,
        "duration": 1107543.7692307692,
        "dram": 3453.5538461538463,
        "iteration": 65,
        "stdev": 12443.9492916254
    },
    "com.google.gson.functional.EnumTest-testEnumSubclassAsParameterizedType": {
        "energy": 39286.393939393936,
        "duration": 1048649.2727272727,
        "dram": 3083.3939393939395,
        "iteration": 66,
        "stdev": 8336.446741211397
    },
    "com.google.gson.JsonParserTest-testReadWriteTwoObjects": {
        "energy": 184930.13414634147,
        "duration": 5628070.353658536,
        "dram": 17118.146341463416,
        "iteration": 82,
        "stdev": 547857.0088693866
    },
    "com.google.gson.functional.StringTest-testSingleQuoteInStringSerialization": {
        "energy": 80802.63829787234,
        "duration": 2362381.659574468,
        "dram": 7018.744680851064,
        "iteration": 47,
        "stdev": 39990.29803000655
    },
    "com.google.gson.functional.ParameterizedTypesTest-testVariableTypeArrayDeserialization": {
        "energy": 37950.57831325301,
        "duration": 1153103.8554216868,
        "dram": 2937.9397590361446,
        "iteration": 83,
        "stdev": 6456.897656948011
    },
    "com.google.gson.functional.ObjectTest-testSingletonLists": {
        "energy": 77696.9797979798,
        "duration": 2435948.97979798,
        "dram": 6957.49494949495,
        "iteration": 99,
        "stdev": 23250.265054633313
    },
    "com.google.gson.functional.TypeHierarchyAdapterTest-testRegisterSuperTypeFirst": {
        "energy": 38520.25,
        "duration": 975423.2058823529,
        "dram": 3074.6176470588234,
        "iteration": 68,
        "stdev": 3486.936255827726
    },
    "com.google.gson.functional.EnumTest-testEnumSubclass": {
        "energy": 80582.33684210526,
        "duration": 2473876.6736842105,
        "dram": 7059.421052631579,
        "iteration": 95,
        "stdev": 62582.98991454812
    },
    "com.google.gson.functional.TypeVariableTest-testBasicTypeVariables": {
        "energy": 38014.115942028984,
        "duration": 1099847.4492753623,
        "dram": 3228.9565217391305,
        "iteration": 69,
        "stdev": 7385.736468014767
    },
    "com.google.gson.functional.MapAsArrayTypeAdapterTest-testMultipleEnableComplexKeyRegistrationHasNoEffect": {
        "energy": 126985.47474747474,
        "duration": 3755632.272727273,
        "dram": 11250.565656565657,
        "iteration": 99,
        "stdev": 28542.06338033286
    },
    "com.google.gson.functional.CollectionTest-testFieldIsArrayList": {
        "energy": 43786.78723404255,
        "duration": 1369446.2978723405,
        "dram": 3571.053191489362,
        "iteration": 94,
        "stdev": 14999.455494281896
    },
    "com.google.gson.functional.TypeVariableTest-testAdvancedTypeVariables": {
        "energy": 251432.7373737374,
        "duration": 7540340.131313131,
        "dram": 23026.949494949495,
        "iteration": 99,
        "stdev": 569073.5736176928
    },
    "com.google.gson.functional.UncategorizedTest-testGsonInstanceReusableForSerializationAndDeserialization": {
        "energy": 41056.651162790695,
        "duration": 1176940.0232558139,
        "dram": 3562.4418604651164,
        "iteration": 43,
        "stdev": 10240.697209830434
    },
    "com.google.gson.GsonTypeAdapterTest-testTypeAdapterDoesNotAffectNonAdaptedTypes": {
        "energy": 124482.04,
        "duration": 3795982.32,
        "dram": 11363.08,
        "iteration": 25,
        "stdev": 155170.36341685356
    },
    "com.google.gson.functional.DefaultTypeAdaptersTest-testSqlDateSerialization": {
        "energy": 36970.10526315789,
        "duration": 912401.4912280702,
        "dram": 3019.4561403508774,
        "iteration": 57,
        "stdev": 3946.3644814561426
    },
    "com.google.gson.functional.ParameterizedTypesTest-testVariableTypeDeserialization": {
        "energy": 38233.230769230766,
        "duration": 1096104.8461538462,
        "dram": 3049.230769230769,
        "iteration": 65,
        "stdev": 6897.918059975065
    },
    "com.google.gson.functional.MapAsArrayTypeAdapterTest-testSerializeComplexMapWithTypeAdapter": {
        "energy": 360612.69696969696,
        "duration": 10241761.1010101,
        "dram": 33487.767676767675,
        "iteration": 99,
        "stdev": 471244.7124763506
    },
    "com.google.gson.functional.ParameterizedTypesTest-testParameterizedTypeGenericArraysDeserialization": {
        "energy": 39219.7,
        "duration": 1285759.9888888889,
        "dram": 3340.4555555555557,
        "iteration": 90,
        "stdev": 10697.327433055418
    },
    "com.google.gson.functional.EscapingTest-testGsonAcceptsEscapedAndNonEscapedJsonDeserialization": {
        "energy": 46840.41176470588,
        "duration": 1448425.9411764706,
        "dram": 4002.670588235294,
        "iteration": 85,
        "stdev": 15769.655489014802
    },
    "com.google.gson.functional.DefaultTypeAdaptersTest-testDefaultDateDeserializationUsingBuilder": {
        "energy": 115510.83838383839,
        "duration": 3478124.2525252528,
        "dram": 10356.525252525253,
        "iteration": 99,
        "stdev": 26312.835601048777
    },
    "com.google.gson.functional.NamingPolicyTest-testComplexFieldNameStrategy": {
        "energy": 36968.02857142857,
        "duration": 1120262.6,
        "dram": 3417.785714285714,
        "iteration": 70,
        "stdev": 5094.951588081868
    },
    "com.google.gson.functional.TypeVariableTest-testTypeVariablesViaTypeParameter": {
        "energy": 51575.770833333336,
        "duration": 1711390.71875,
        "dram": 4646.083333333333,
        "iteration": 96,
        "stdev": 22488.155548847255
    },
    "com.google.gson.functional.TypeHierarchyAdapterTest-testTypeHierarchy": {
        "energy": 179191.91919191918,
        "duration": 5241748.7272727275,
        "dram": 16039.787878787878,
        "iteration": 99,
        "stdev": 393782.54748012
    },
    "com.google.gson.DefaultInetAddressTypeAdapterTest-testInetAddressSerializationAndDeserialization": {
        "energy": 185561.19191919192,
        "duration": 5478111.909090909,
        "dram": 16876.939393939392,
        "iteration": 99,
        "stdev": 96272.04109899822
    },
    "com.google.gson.functional.ReadersWritersTest-testReadWriteTwoStrings": {
        "energy": 40116.630952380954,
        "duration": 1192377.107142857,
        "dram": 3471.0,
        "iteration": 84,
        "stdev": 7878.965350523903
    },
    "com.google.gson.functional.CollectionTest-testWildcardCollectionField": {
        "energy": 54582.28865979381,
        "duration": 1834923.175257732,
        "dram": 4786.773195876289,
        "iteration": 97,
        "stdev": 22616.45617547749
    },
    "com.google.gson.functional.EscapingTest-testEscapingQuotesInStringArray": {
        "energy": 116746.37777777777,
        "duration": 3434047.0444444446,
        "dram": 10887.4,
        "iteration": 45,
        "stdev": 156301.91297390356
    },
    "com.google.gson.functional.DefaultTypeAdaptersTest-testDateDeserializationWithPattern": {
        "energy": 37967.68253968254,
        "duration": 1070973.0634920634,
        "dram": 3107.8253968253966,
        "iteration": 63,
        "stdev": 6506.486048003925
    },