{
    "com.google.gson.JsonPrimitiveTest-testDoubleEqualsBigDecimal": {
        "energy": 38704.17391304348,
        "duration": 772999.3478260869,
        "dram": 2302.9565217391305,
        "iteration": 23,
        "stdev": 22360.397341597083
    },
    "com.google.gson.JsonPrimitiveTest-testEquals": {
        "energy": 59096.23611111111,
        "duration": 2217853.1944444445,
        "dram": 5162.680555555556,
        "iteration": 72,
        "stdev": 44363.39796451733
    },
    "com.google.gson.JsonPrimitiveTest-testEqualsDoesNotEquateStringAndNonStringTypes": {
        "energy": 34877.47826086957,
        "duration": 691648.6086956522,
        "dram": 2245.782608695652,
        "iteration": 23,
        "stdev": 2111.408284813618
    },
    "com.google.gson.JsonPrimitiveTest-testEqualsAcrossTypes": {
        "energy": 33614.53846153846,
        "duration": 894709.1282051282,
        "dram": 2760.25641025641,
        "iteration": 39,
        "stdev": 3148.1205939674123
    },
    "com.google.gson.JsonPrimitiveTest-testFloatEqualsBigDecimal": {
        "energy": 35121.846153846156,
        "duration": 873621.6666666666,
        "dram": 2965.051282051282,
        "iteration": 39,
        "stdev": 2776.643505352918
    },
    "com.google.gson.JsonPrimitiveTest-testFloatEqualsDouble": {
        "energy": 39345.64,
        "duration": 895523.68,
        "dram": 2246.04,
        "iteration": 25,
        "stdev": 16735.43679233978
    }
}