{
    "com.google.gson.JsonPrimitiveTest-testDoubleEqualsBigDecimal": {
        "energy": 34790,
        "duration": 715676.7714285714,
        "dram": 2227.2285714285713,
        "iteration": 35,
        "stdev": 11872.648648873252
    },
    "com.google.gson.JsonPrimitiveTest-testEquals": {
        "energy": 36499,
        "duration": 2136018.7285714285,
        "dram": 5037.528571428571,
        "iteration": 70,
        "stdev": 39356.18115545019
    },
    "com.google.gson.functional.JsonTreeTest-testToJsonTreeObjectType": {
        "energy": 37475,
        "duration": 4613114.666666667,
        "dram": 14059.880952380952,
        "iteration": 84,
        "stdev": 158519.43118583292
    },
    "com.google.gson.JsonPrimitiveTest-testEqualsAcrossTypes": {
        "energy": 36011,
        "duration": 1093174.2162162163,
        "dram": 2925.972972972973,
        "iteration": 37,
        "stdev": 32568.107811847458
    },
    "com.google.gson.functional.JsonTreeTest-testToJsonTree": {
        "energy": 240172,
        "duration": 8441368.147727273,
        "dram": 25704.0,
        "iteration": 88,
        "stdev": 174391.60016591748
    },
    "com.google.gson.JsonPrimitiveTest-testFloatEqualsDouble": {
        "energy": 36377,
        "duration": 714751.8076923077,
        "dram": 1325.7692307692307,
        "iteration": 26,
        "stdev": 2591.3222838917745
    },
    "com.google.gson.JsonPrimitiveTest-testFloatEqualsBigDecimal": {
        "energy": 34118,
        "duration": 841884.4857142858,
        "dram": 2659.1428571428573,
        "iteration": 35,
        "stdev": 4057.328360547877
    },
    "com.google.gson.JsonPrimitiveTest-testEqualsDoesNotEquateStringAndNonStringTypes": {
        "energy": 34912,
        "duration": 700198.7368421053,
        "dram": 1745.0526315789473,
        "iteration": 19,
        "stdev": 2903.7718769857606
    }
}