{
    "com.google.gson.functional.MapTest-testInterfaceTypeMapWithSerializer": {
        "energy": 67322,
        "duration": 2511162.2525252528,
        "dram": 7197.646464646465,
        "iteration": 99,
        "stdev": 22157.518221035927
    },
    "com.google.gson.functional.MapAsArrayTypeAdapterTest-testMultipleEnableComplexKeyRegistrationHasNoEffect": {
        "energy": 37048,
        "duration": 2273688.432989691,
        "dram": 5867.731958762886,
        "iteration": 97,
        "stdev": 35646.00652651487
    },
    "com.google.gson.functional.MapTest-testGeneralMapField": {
        "energy": 33508,
        "duration": 1408233.2315789473,
        "dram": 3394.242105263158,
        "iteration": 95,
        "stdev": 10981.98670332064
    },
    "com.google.gson.functional.MapAsArrayTypeAdapterTest-testSerializeComplexMapWithTypeAdapter": {
        "energy": 71472,
        "duration": 2978917.777777778,
        "dram": 7947.656565656565,
        "iteration": 99,
        "stdev": 32457.078693483312
    },
    "com.google.gson.functional.MapTest-testInterfaceTypeMap": {
        "energy": 192932,
        "duration": 6440331.121212121,
        "dram": 19547.52525252525,
        "iteration": 99,
        "stdev": 32263.333870208906
    },
    "com.google.gson.functional.MapAsArrayTypeAdapterTest-testMapWithTypeVariableSerialization": {
        "energy": 35095,
        "duration": 2247424.0425531915,
        "dram": 5915.117021276596,
        "iteration": 94,
        "stdev": 160898.36701825407
    }
}