{
    "com.google.gson.functional.CustomTypeAdaptersTest-testCustomAdapterInvokedForMapElementDeserialization": {
        "energy": 34814.53246753247,
        "duration": 1163522.961038961,
        "dram": 2794.5714285714284,
        "iteration": 77,
        "stdev": 3706.052612043112
    },
    "com.google.gson.DefaultMapJsonSerializerTest-testEmptyMapSerialization": {
        "energy": 63643.23333333333,
        "duration": 1878323.3,
        "dram": 5726.066666666667,
        "iteration": 60,
        "stdev": 45661.426130220185
    },
    "com.google.gson.functional.CustomTypeAdaptersTest-testCustomAdapterInvokedForMapElementSerializationWithType": {
        "energy": 33682.15,
        "duration": 1326420.1,
        "dram": 3026.925,
        "iteration": 80,
        "stdev": 6178.875282160986
    },
    "com.google.gson.functional.CustomTypeAdaptersTest-testCustomAdapterInvokedForMapElementSerialization": {
        "energy": 33018.2972972973,
        "duration": 720439.027027027,
        "dram": 2339.2702702702704,
        "iteration": 37,
        "stdev": 2907.853902282527
    },
    "com.google.gson.functional.MapTest-testParameterizedMapSubclassDeserialization": {
        "energy": 48100.88043478261,
        "duration": 1571382.7608695652,
        "dram": 4039.6739130434785,
        "iteration": 92,
        "stdev": 55245.217706631374
    },
    "com.google.gson.TypeInfoMapTest-testInvalidConstruction": {
        "energy": 35346.41176470588,
        "duration": 625631.8235294118,
        "dram": 2041.235294117647,
        "iteration": 17,
        "stdev": 4447.943768937091
    },
    "com.google.gson.functional.MapTest-testMapSerializationWithNullValueButSerializeNulls": {
        "energy": 36359.23188405797,
        "duration": 1024977.1884057971,
        "dram": 2896.246376811594,
        "iteration": 69,
        "stdev": 3493.71427344748
    },
    "com.google.gson.TypeInfoMapTest-testBasicGetters": {
        "energy": 73169.72307692308,
        "duration": 2138438.707692308,
        "dram": 5479.692307692308,
        "iteration": 65,
        "stdev": 67109.39054925581
    },
    "com.google.gson.functional.MapTest-testMapSerializationWithWildcardValues": {
        "energy": 36850.186046511626,
        "duration": 1273408.0697674418,
        "dram": 3071.0697674418607,
        "iteration": 86,
        "stdev": 7900.634053907241
    },
    "com.google.gson.functional.MapTest-testMapDeserialization": {
        "energy": 151922.33333333334,
        "duration": 4597972.384615385,
        "dram": 13827.807692307691,
        "iteration": 78,
        "stdev": 125033.0995408269
    },
    "com.google.gson.functional.MapTest-testParameterizedMapSubclassSerialization": {
        "energy": 41354.416666666664,
        "duration": 1445812.0416666667,
        "dram": 3794.7083333333335,
        "iteration": 96,
        "stdev": 14663.355045875038
    },
    "com.google.gson.functional.MapTest-testMapDeserializationWithNullValue": {
        "energy": 40378.11475409836,
        "duration": 1135415.8196721312,
        "dram": 3263.8524590163934,
        "iteration": 61,
        "stdev": 30199.270426589897
    },
    "com.google.gson.functional.MapTest-testMapSerializationWithNullKey": {
        "energy": 36956.74137931035,
        "duration": 925728.1379310344,
        "dram": 2779.3275862068967,
        "iteration": 58,
        "stdev": 3677.272628571273
    },
    "com.google.gson.functional.MapTest-testMapDeserializationEmpty": {
        "energy": 40717.771929824565,
        "duration": 1088195.4561403508,
        "dram": 3288.157894736842,
        "iteration": 57,
        "stdev": 27597.70711237194
    },
    "com.google.gson.functional.MapTest-testMapSerializationWithNullValue": {
        "energy": 36258.65625,
        "duration": 994165.21875,
        "dram": 2879.890625,
        "iteration": 64,
        "stdev": 3366.035860338677
    },
    "com.google.gson.functional.MapTest-testMapDeserializationWithNullKey": {
        "energy": 41372.4406779661,
        "duration": 1117964.4915254237,
        "dram": 3343.3898305084745,
        "iteration": 59,
        "stdev": 35536.74955294665
    },
    "com.google.gson.TypeInfoMapTest-testNonMapConstruction": {
        "energy": 44055.65079365079,
        "duration": 1307622.0476190476,
        "dram": 3591.4126984126983,
        "iteration": 63,
        "stdev": 37682.47346680506
    },
    "com.google.gson.functional.MapTest-testMapSerialization": {
        "energy": 98805.10666666667,
        "duration": 3032726.2266666666,
        "dram": 8852.533333333333,
        "iteration": 75,
        "stdev": 120964.47593742257
    },
    "com.google.gson.DefaultMapJsonSerializerTest-testEmptyMapNoTypeSerialization": {
        "energy": 45589.72222222222,
        "duration": 1378674.4166666667,
        "dram": 2935.4444444444443,
        "iteration": 36,
        "stdev": 18614.762514692342
    },
    "com.google.gson.TypeInfoMapTest-testMapImplementations": {
        "energy": 74136.7794117647,
        "duration": 2270637.9852941176,
        "dram": 5955.10294117647,
        "iteration": 68,
        "stdev": 75890.06266029627
    },
    "com.google.gson.functional.MapTest-testMapDeserializationWithWildcardValues": {
        "energy": 38558.85294117647,
        "duration": 1113912.6764705882,
        "dram": 2921.0588235294117,
        "iteration": 68,
        "stdev": 27260.039260396774
    },
    "com.google.gson.functional.MapTest-testMapSerializationEmpty": {
        "energy": 36860.163265306124,
        "duration": 942779.1020408163,
        "dram": 2758.9591836734694,
        "iteration": 49,
        "stdev": 3316.871161181129
    },
    "com.google.gson.functional.MapTest-testRawMapSerialization": {
        "energy": 36771.07692307692,
        "duration": 759985.1538461539,
        "dram": 2718.0384615384614,
        "iteration": 26,
        "stdev": 3532.3740646404335
    },
    "com.google.gson.functional.MapTest-testMapSubclassSerialization": {
        "energy": 37852.46428571428,
        "duration": 634832.4285714285,
        "dram": 2616.214285714286,
        "iteration": 28,
        "stdev": 4189.9157635765605
    }
}