{
    "com.google.gson.functional.CustomTypeAdaptersTest-testCustomAdapterInvokedForMapElementDeserialization": {
        "energy": 34729,
        "duration": 1220121.4714285715,
        "dram": 3368.2571428571428,
        "iteration": 70,
        "stdev": 35034.621495294785
    },
    "com.google.gson.DefaultMapJsonSerializerTest-testEmptyMapSerialization": {
        "energy": 41382,
        "duration": 2198431.5507246377,
        "dram": 6546.04347826087,
        "iteration": 69,
        "stdev": 53524.00966141105
    },
    "com.google.gson.functional.CustomTypeAdaptersTest-testCustomAdapterInvokedForMapElementSerializationWithType": {
        "energy": 33875,
        "duration": 1226405.962962963,
        "dram": 2985.617283950617,
        "iteration": 81,
        "stdev": 5659.010341734548
    },
    "com.google.gson.functional.MapTest-testMapSerializationEmpty": {
        "energy": 36560,
        "duration": 947054.3793103448,
        "dram": 2745.603448275862,
        "iteration": 58,
        "stdev": 3683.055707255421
    },
    "com.google.gson.functional.MapTest-testMapDeserializationWithNullKey": {
        "energy": 36011,
        "duration": 990586.0508474576,
        "dram": 2957.271186440678,
        "iteration": 59,
        "stdev": 6873.841351834683
    },
    "com.google.gson.TypeInfoMapTest-testNonMapConstruction": {
        "energy": 37414,
        "duration": 1336035.109375,
        "dram": 3438.671875,
        "iteration": 64,
        "stdev": 40411.62903155638
    },
    "com.google.gson.functional.MapTest-testParameterizedMapSubclassDeserialization": {
        "energy": 36010,
        "duration": 1662518.2717391304,
        "dram": 4125.054347826087,
        "iteration": 92,
        "stdev": 67152.12671929863
    },
    "com.google.gson.functional.MapTest-testMapSerializationWithNullValueButSerializeNulls": {
        "energy": 34912,
        "duration": 1049478.2222222222,
        "dram": 2849.3888888888887,
        "iteration": 72,
        "stdev": 3663.9820938359708
    },
    "com.google.gson.functional.MapTest-testMapSerializationWithWildcardValues": {
        "energy": 34973,
        "duration": 1234995.402173913,
        "dram": 3009.9347826086955,
        "iteration": 92,
        "stdev": 6389.211247131203
    },
    "com.google.gson.functional.MapTest-testMapDeserialization": {
        "energy": 211181,
        "duration": 5128873.056818182,
        "dram": 15403.579545454546,
        "iteration": 88,
        "stdev": 120836.13857388143
    },
    "com.google.gson.functional.MapTest-testParameterizedMapSubclassSerialization": {
        "energy": 36438,
        "duration": 1413688.9484536082,
        "dram": 3563.659793814433,
        "iteration": 97,
        "stdev": 11107.024913636387
    },
    "com.google.gson.functional.MapTest-testMapDeserializationWithNullValue": {
        "energy": 35766,
        "duration": 1118838.2241379311,
        "dram": 3276.7758620689656,
        "iteration": 58,
        "stdev": 38682.74623663433
    },
    "com.google.gson.DefaultMapJsonSerializerTest-testEmptyMapNoTypeSerialization": {
        "energy": 39611,
        "duration": 1618819.625,
        "dram": 3533.475,
        "iteration": 40,
        "stdev": 16822.997602222233
    },
    "com.google.gson.TypeInfoMapTest-testMapImplementations": {
        "energy": 36621,
        "duration": 1806666.5970149254,
        "dram": 5044.0,
        "iteration": 67,
        "stdev": 61872.10355127828
    },
    "com.google.gson.functional.MapTest-testMapSerializationWithNullValue": {
        "energy": 36011,
        "duration": 975690.2033898305,
        "dram": 2690.7118644067796,
        "iteration": 59,
        "stdev": 3076.148815794626
    },
    "com.google.gson.functional.CustomTypeAdaptersTest-testCustomAdapterInvokedForMapElementSerialization": {
        "energy": 33203,
        "duration": 803838.3333333334,
        "dram": 2296.848484848485,
        "iteration": 33,
        "stdev": 7792.515500499694
    },
    "com.google.gson.functional.MapTest-testMapSerialization": {
        "energy": 40222,
        "duration": 4244162.7875,
        "dram": 11965.7375,
        "iteration": 80,
        "stdev": 123000.97814811212
    },
    "com.google.gson.functional.MapTest-testMapDeserializationWithWildcardValues": {
        "energy": 34424,
        "duration": 1028209.1315789474,
        "dram": 2863.4736842105262,
        "iteration": 76,
        "stdev": 3398.7930482349047
    },
    "com.google.gson.functional.MapTest-testMapSerializationWithNullKey": {
        "energy": 35095,
        "duration": 903554.0,
        "dram": 3052.866666666667,
        "iteration": 60,
        "stdev": 3716.494738736429
    },
    "com.google.gson.functional.MapTest-testRawMapSerialization": {
        "energy": 36255,
        "duration": 761919.7419354839,
        "dram": 2452.032258064516,
        "iteration": 31,
        "stdev": 3610.6683430432568
    },
    "com.google.gson.functional.MapTest-testMapDeserializationEmpty": {
        "energy": 36560,
        "duration": 975772.0158730159,
        "dram": 2884.5873015873017,
        "iteration": 63,
        "stdev": 3502.138364587635
    },
    "com.google.gson.TypeInfoMapTest-testInvalidConstruction": {
        "energy": 37597,
        "duration": 561823.9,
        "dram": 2895.65,
        "iteration": 20,
        "stdev": 4337.276639493958
    },
    "com.google.gson.functional.MapTest-testMapSubclassSerialization": {
        "energy": 35095,
        "duration": 619976.6666666666,
        "dram": 2495.818181818182,
        "iteration": 33,
        "stdev": 3474.9446691461408
    },
    "com.google.gson.TypeInfoMapTest-testBasicGetters": {
        "energy": 37536,
        "duration": 1912470.88,
        "dram": 5491.36,
        "iteration": 50,
        "stdev": 64762.57455918813
    }
}