{
    "com.google.gson.functional.StreamingTypeAdaptersTest-testNullSafe": {
        "energy": 35400,
        "duration": 1429028.7311827957,
        "dram": 3616.2043010752686,
        "iteration": 93,
        "stdev": 13320.168762786672
    },
    "com.google.gson.functional.CustomDeserializerTest-testDefaultConstructorNotCalledOnObject": {
        "energy": 40955,
        "duration": 2364943.6464646463,
        "dram": 6548.646464646465,
        "iteration": 99,
        "stdev": 83908.92804320567
    },
    "com.google.gson.OverrideCoreTypeAdaptersTest-testOverrideStringAdapter": {
        "energy": 37659,
        "duration": 636695.8518518518,
        "dram": 1799.7407407407406,
        "iteration": 27,
        "stdev": 4127.445159155738
    },
    "com.google.gson.functional.EnumTest-testEnumSubclassAsParameterizedType": {
        "energy": 36010,
        "duration": 1120075.5084745763,
        "dram": 3174.3728813559323,
        "iteration": 59,
        "stdev": 8605.831135976146
    },
    "com.google.gson.JsonParserTest-testReadWriteTwoObjects": {
        "energy": 40467,
        "duration": 5209848.47368421,
        "dram": 16398.38157894737,
        "iteration": 76,
        "stdev": 396224.04103694425
    },
    "com.google.gson.functional.ParameterizedTypesTest-testVariableTypeArrayDeserialization": {
        "energy": 35645,
        "duration": 1419360.3404255318,
        "dram": 3619.936170212766,
        "iteration": 94,
        "stdev": 15707.041739418188
    },
    "com.google.gson.functional.ObjectTest-testSingletonLists": {
        "energy": 35522,
        "duration": 1328958.0352941176,
        "dram": 3192.823529411765,
        "iteration": 85,
        "stdev": 10738.73479616122
    },
    "com.google.gson.functional.TypeHierarchyAdapterTest-testRegisterSuperTypeFirst": {
        "energy": 36316,
        "duration": 894586.8367346938,
        "dram": 2887.9795918367345,
        "iteration": 49,
        "stdev": 4600.981678746751
    },
    "com.google.gson.functional.EnumTest-testEnumSubclass": {
        "energy": 87585,
        "duration": 2806226.3232323234,
        "dram": 8174.545454545455,
        "iteration": 99,
        "stdev": 33906.84522577373
    },
    "com.google.gson.functional.TypeVariableTest-testBasicTypeVariables": {
        "energy": 41504,
        "duration": 3145612.14893617,
        "dram": 9872.691489361701,
        "iteration": 94,
        "stdev": 318924.9207585971
    },
    "com.google.gson.functional.EnumTest-testEnumSubclassWithRegisteredTypeAdapter": {
        "energy": 38697,
        "duration": 1662430.7717391304,
        "dram": 4681.478260869565,
        "iteration": 92,
        "stdev": 35842.40871245911
    },
    "com.google.gson.functional.DefaultTypeAdaptersTest-testOverrideBigIntegerTypeAdapter": {
        "energy": 34424,
        "duration": 867765.8095238095,
        "dram": 2799.0238095238096,
        "iteration": 42,
        "stdev": 4641.032957693696
    },
    "com.google.gson.functional.TypeVariableTest-testAdvancedTypeVariables": {
        "energy": 38574,
        "duration": 2318603.404494382,
        "dram": 6573.011235955056,
        "iteration": 89,
        "stdev": 174677.1081043232
    },
    "com.google.gson.GsonTypeAdapterTest-testTypeAdapterDoesNotAffectNonAdaptedTypes": {
        "energy": 43212,
        "duration": 925090.48,
        "dram": 3531.28,
        "iteration": 25,
        "stdev": 34803.6260754537
    },
    "com.google.gson.functional.EscapingTest-testGsonDoubleDeserialization": {
        "energy": 36621,
        "duration": 831244.7352941176,
        "dram": 2765.764705882353,
        "iteration": 34,
        "stdev": 3830.96042327585
    },
    "com.google.gson.functional.ParameterizedTypesTest-testVariableTypeDeserialization": {
        "energy": 35949,
        "duration": 1419692.7216494845,
        "dram": 3686.6701030927834,
        "iteration": 97,
        "stdev": 17362.989730037705
    },
    "com.google.gson.functional.MapAsArrayTypeAdapterTest-testSerializeComplexMapWithTypeAdapter": {
        "energy": 111633,
        "duration": 7805805.919191919,
        "dram": 23853.40404040404,
        "iteration": 99,
        "stdev": 490986.444945841
    },
    "com.google.gson.functional.ParameterizedTypesTest-testParameterizedTypeGenericArraysDeserialization": {
        "energy": 36438,
        "duration": 1415299.3608247424,
        "dram": 3691.958762886598,
        "iteration": 97,
        "stdev": 12707.823426919374
    },
    "com.google.gson.functional.EscapingTest-testGsonAcceptsEscapedAndNonEscapedJsonDeserialization": {
        "energy": 37415,
        "duration": 1063347.4393939395,
        "dram": 3189.151515151515,
        "iteration": 66,
        "stdev": 8285.805921434363
    },
    "com.google.gson.functional.DefaultTypeAdaptersTest-testTimestampSerialization": {
        "energy": 34973,
        "duration": 859084.6545454545,
        "dram": 2912.5454545454545,
        "iteration": 55,
        "stdev": 2894.4249087507337
    },
    "com.google.gson.functional.DefaultTypeAdaptersTest-testDefaultDateDeserializationUsingBuilder": {
        "energy": 106018,
        "duration": 3628249.4646464647,
        "dram": 10937.949494949495,
        "iteration": 99,
        "stdev": 27089.131275474138
    },
    "com.google.gson.functional.TypeVariableTest-testTypeVariablesViaTypeParameter": {
        "energy": 38208,
        "duration": 1893799.147368421,
        "dram": 5439.694736842105,
        "iteration": 95,
        "stdev": 171661.25415022243
    },
    "com.google.gson.functional.TypeHierarchyAdapterTest-testTypeHierarchy": {
        "energy": 129761,
        "duration": 6078637.01010101,
        "dram": 19275.383838383837,
        "iteration": 99,
        "stdev": 347653.2379214986
    },
    "com.google.gson.DefaultInetAddressTypeAdapterTest-testInetAddressSerializationAndDeserialization": {
        "energy": 193664,
        "duration": 6174824.696969697,
        "dram": 19235.989898989897,
        "iteration": 99,
        "stdev": 69236.93745690507
    },
    "com.google.gson.functional.ReadersWritersTest-testReadWriteTwoStrings": {
        "energy": 39001,
        "duration": 1365869.831168831,
        "dram": 4015.4805194805194,
        "iteration": 77,
        "stdev": 15763.908996536078
    },
    "com.google.gson.functional.CollectionTest-testWildcardCollectionField": {
        "energy": 37598,
        "duration": 1471166.3793103448,
        "dram": 3731.5862068965516,
        "iteration": 87,
        "stdev": 13707.00102249881
    },
    "com.google.gson.functional.DefaultTypeAdaptersTest-testDateDeserializationWithPattern": {
        "energy": 34301,
        "duration": 952930.578125,
        "dram": 2822.546875,
        "iteration": 64,
        "stdev": 3296.7123785425892
    },
    "com.google.gson.functional.ParameterizedTypesTest-testVariableTypeFieldsAndGenericArraysDeserialization": {
        "energy": 37415,
        "duration": 1704431.175257732,
        "dram": 4445.711340206186,
        "iteration": 97,
        "stdev": 19901.90725333992
    },
    "com.google.gson.functional.DefaultTypeAdaptersTest-testDateSerializationInCollection": {
        "energy": 35766,
        "duration": 1374345.8602150537,
        "dram": 3614.8924731182797,
        "iteration": 93,
        "stdev": 14113.646590347738
    },
    "com.google.gson.functional.ParameterizedTypesTest-testParameterizedTypeWithVariableTypeDeserialization": {
        "energy": 35157,
        "duration": 1387012.797752809,
        "dram": 3631.112359550562,
        "iteration": 89,
        "stdev": 12215.38372827834
    },
    "com.google.gson.functional.DelegateTypeAdapterTest-testDelegateInvoked": {
        "energy": 62988,
        "duration": 2749169.525252525,
        "dram": 7949.040404040404,
        "iteration": 99,
        "stdev": 101481.03596106438
    },
    "com.google.gson.functional.ReadersWritersTest-testReadWriteTwoObjects": {
        "energy": 37659,