{
    "com.google.gson.functional.StreamingTypeAdaptersTest-testNullSafe": {
        "energy": 37293,
        "duration": 1419250.247311828,
        "dram": 3504.3978494623657,
        "iteration": 93,
        "stdev": 12110.76954236654
    },
    "com.google.gson.functional.CustomDeserializerTest-testDefaultConstructorNotCalledOnObject": {
        "energy": 46020,
        "duration": 1862875.2323232323,
        "dram": 5296.252525252526,
        "iteration": 99,
        "stdev": 39055.098800733664
    },
    "com.google.gson.functional.EnumTest-testEnumSubclassAsParameterizedType": {
        "energy": 36254,
        "duration": 1071472.0338983051,
        "dram": 3111.9322033898306,
        "iteration": 59,
        "stdev": 7992.746572444925
    },
    "com.google.gson.JsonParserTest-testReadWriteTwoObjects": {
        "energy": 42603,
        "duration": 4583321.706666667,
        "dram": 14125.6,
        "iteration": 75,
        "stdev": 387382.34932448843
    },
    "com.google.gson.functional.ParameterizedTypesTest-testVariableTypeArrayDeserialization": {
        "energy": 36011,
        "duration": 1361281.1875,
        "dram": 3727.7291666666665,
        "iteration": 96,
        "stdev": 17955.138356278978
    },
    "com.google.gson.functional.ObjectTest-testSingletonLists": {
        "energy": 36560,
        "duration": 1343102.1125,
        "dram": 3452.7,
        "iteration": 80,
        "stdev": 6874.98547266647
    },
    "com.google.gson.functional.EnumTest-testEnumCaseMapping": {
        "energy": 121093,
        "duration": 3250729.8554216865,
        "dram": 10093.939759036144,
        "iteration": 83,
        "stdev": 57717.893359022164
    },
    "com.google.gson.functional.TypeHierarchyAdapterTest-testRegisterSuperTypeFirst": {
        "energy": 36438,
        "duration": 859684.6333333333,
        "dram": 2778.2166666666667,
        "iteration": 60,
        "stdev": 4179.904139617185
    },
    "com.google.gson.functional.EnumTest-testEnumSubclass": {
        "energy": 75256,
        "duration": 2608013.797979798,
        "dram": 7558.090909090909,
        "iteration": 99,
        "stdev": 28810.674245355538
    },
    "com.google.gson.functional.DefaultTypeAdaptersTest-testOverrideBigIntegerTypeAdapter": {
        "energy": 34057,
        "duration": 816656.7058823529,
        "dram": 2571.9411764705883,
        "iteration": 51,
        "stdev": 3953.84892802397
    },
    "com.google.gson.functional.MapAsArrayTypeAdapterTest-testMultipleEnableComplexKeyRegistrationHasNoEffect": {
        "energy": 37354,
        "duration": 1142326.0384615385,
        "dram": 3282.6923076923076,
        "iteration": 78,
        "stdev": 7762.8670363847605
    },
    "com.google.gson.functional.TypeVariableTest-testAdvancedTypeVariables": {
        "energy": 40893,
        "duration": 2276532.395604396,
        "dram": 7232.659340659341,
        "iteration": 91,
        "stdev": 211917.32418863516
    },
    "com.google.gson.functional.ParameterizedTypesTest-testVariableTypeDeserialization": {
        "energy": 36010,
        "duration": 1372332.8260869565,
        "dram": 3550.054347826087,
        "iteration": 92,
        "stdev": 18913.923792706122
    },
    "com.google.gson.functional.MapAsArrayTypeAdapterTest-testSerializeComplexMapWithTypeAdapter": {
        "energy": 100098,
        "duration": 5703039.131313131,
        "dram": 18498.0,
        "iteration": 99,
        "stdev": 396596.34361428785
    },
    "com.google.gson.functional.ParameterizedTypesTest-testParameterizedTypeGenericArraysDeserialization": {
        "energy": 36010,
        "duration": 1314094.3010752688,
        "dram": 3463.2150537634407,
        "iteration": 93,
        "stdev": 10368.789085944352
    },
    "com.google.gson.functional.DefaultTypeAdaptersTest-testTimestampSerialization": {
        "energy": 35401,
        "duration": 829096.3157894737,
        "dram": 3028.8245614035086,
        "iteration": 57,
        "stdev": 3744.5214643836557
    },
    "com.google.gson.functional.DefaultTypeAdaptersTest-testDefaultDateDeserializationUsingBuilder": {
        "energy": 106751,
        "duration": 3671499.97979798,
        "dram": 10796.505050505051,
        "iteration": 99,
        "stdev": 24813.36134285125
    },
    "com.google.gson.functional.NamingPolicyTest-testComplexFieldNameStrategy": {
        "energy": 37049,
        "duration": 1099156.1351351351,
        "dram": 3025.2972972972975,
        "iteration": 74,
        "stdev": 4996.718519993133
    },
    "com.google.gson.functional.EscapingTest-testEscapingObjectFields": {
        "energy": 42663,
        "duration": 2212094.18,
        "dram": 7139.9,
        "iteration": 50,
        "stdev": 64887.309042505374
    },
    "com.google.gson.functional.TypeVariableTest-testTypeVariablesViaTypeParameter": {
        "energy": 37536,
        "duration": 1352964.6875,
        "dram": 3603.4583333333335,
        "iteration": 96,
        "stdev": 13014.621467565255
    },
    "com.google.gson.functional.TypeHierarchyAdapterTest-testTypeHierarchy": {
        "energy": 131469,
        "duration": 6871294.767676768,
        "dram": 22239.10101010101,
        "iteration": 99,
        "stdev": 400669.8786776754
    },
    "com.google.gson.DefaultInetAddressTypeAdapterTest-testInetAddressSerializationAndDeserialization": {
        "energy": 182495,
        "duration": 5890357.303030303,
        "dram": 18653.464646464647,
        "iteration": 99,
        "stdev": 78485.45387643094
    },
    "com.google.gson.functional.ReadersWritersTest-testReadWriteTwoStrings": {
        "energy": 40222,
        "duration": 1444890.8313253012,
        "dram": 3998.409638554217,
        "iteration": 83,
        "stdev": 16398.761157745488
    },
    "com.google.gson.functional.CollectionTest-testWildcardCollectionField": {
        "energy": 39185,
        "duration": 1476558.4606741574,
        "dram": 3948.8651685393256,
        "iteration": 89,
        "stdev": 14498.222188659487
    },
    "com.google.gson.functional.EscapingTest-testEscapingQuotesInStringArray": {
        "energy": 39367,
        "duration": 3258874.222222222,
        "dram": 10112.777777777777,
        "iteration": 36,
        "stdev": 135084.11389118055
    },
    "com.google.gson.functional.DefaultTypeAdaptersTest-testDateDeserializationWithPattern": {
        "energy": 34179,
        "duration": 959167.298245614,
        "dram": 3206.5087719298244,
        "iteration": 57,
        "stdev": 4264.439348521399
    },
    "com.google.gson.functional.ParameterizedTypesTest-testVariableTypeFieldsAndGenericArraysDeserialization": {
        "energy": 36866,
        "duration": 1586751.878787879,
        "dram": 4066.8888888888887,
        "iteration": 99,
        "stdev": 18712.03745882373
    },
    "com.google.gson.functional.DefaultTypeAdaptersTest-testDateSerializationInCollection": {
        "energy": 35889,
        "duration": 1399193.4845360825,
        "dram": 3647.494845360825,
        "iteration": 97,
        "stdev": 11344.399471759354
    },
    "com.google.gson.functional.ParameterizedTypesTest-testParameterizedTypeWithVariableTypeDeserialization": {
        "energy": 34729,
        "duration": 1284164.5604395603,
        "dram": 3374.5604395604396,
        "iteration": 91,
        "stdev": 9146.216312823639
    },
    "com.google.gson.functional.DelegateTypeAdapterTest-testDelegateInvoked": {
        "energy": 42358,
        "duration": 2838651.212121212,
        "dram": 7730.131313131313,
        "iteration": 99,
        "stdev": 108275.93845670295
    },
    "com.google.gson.functional.CustomDeserializerTest-testDefaultConstructorNotCalledOnField": {
        "energy": 38513,
        "duration": 755598.3488372093,
        "dram": 3207.6511627906975,
        "iteration": 43,
        "stdev": 4379.239654104357
    },
    "com.google.gson.functional.StringTest-testEscapingQuotesInStringSerialization": {
        "energy": 38086,