{
    "com.google.gson.functional.ParameterizedTypesTest-testParameterizedTypeWithCustomSerializer": {
        "energy": 35307.89749311493,
        "duration": 1787611.2791954894,
        "dram": 5022.29735928471,
        "iteration": 96
    },
    "com.google.gson.functional.CustomDeserializerTest-testJsonTypeFieldBasedDeserialization": {
        "energy": 98031.51149004805,
        "duration": 3268775.328262713,
        "dram": 8846.526190059983,
        "iteration": 99
    },
    "com.google.gson.functional.TypeHierarchyAdapterTest-testTypeHierarchy": {
        "energy": 144770.085056233,
        "duration": 4840110.619953005,
        "dram": 14362.963263679041,
        "iteration": 99
    },
    "com.google.gson.functional.CircularReferenceTest-testSelfReferenceCustomHandlerSerialization": {
        "energy": 270935.9467156746,
        "duration": 8102352.263087474,
        "dram": 24285.19310450527,
        "iteration": 99
    },
    "com.google.gson.functional.NullObjectAndFieldTest-testCustomTypeAdapterPassesNullSerialization": {
        "energy": 31584.40449597512,
        "duration": 1306369.3833792075,
        "dram": 2656.8253836606164,
        "iteration": 34
    },
    "com.google.gson.functional.NullObjectAndFieldTest-testCustomTypeAdapterPassesNullDesrialization": {
        "energy": 35934.24452076726,
        "duration": 1332711.524612323,
        "dram": 3553.019392686657,
        "iteration": 57
    }
}