{
    "com.google.gson.functional.NullObjectAndFieldTest-testCustomTypeAdapterPassesNullDesrialization": {
        "energy": 36087.53670446114,
        "duration": 950808.7957672869,
        "dram": 1732.7245820284513,
        "iteration": 66
    },
    "com.google.gson.functional.ParameterizedTypesTest-testParameterizedTypeWithCustomSerializer": {
        "energy": 54062.0803384147,
        "duration": 2263639.276886397,
        "dram": 7271.23872689726,
        "iteration": 97
    },
    "com.google.gson.functional.CustomDeserializerTest-testJsonTypeFieldBasedDeserialization": {
        "energy": 54890.82383410778,
        "duration": 2005939.115784458,
        "dram": 6723.7254755997055,
        "iteration": 99
    },
    "com.google.gson.functional.TypeHierarchyAdapterTest-testTypeHierarchy": {
        "energy": 957303.8981029589,
        "duration": 29583951.484066766,
        "dram": 92183.43089113396,
        "iteration": 99
    },
    "com.google.gson.functional.CircularReferenceTest-testSelfReferenceCustomHandlerSerialization": {
        "energy": 304697.25159585034,
        "duration": 9162346.371206114,
        "dram": 26657.720693341504,
        "iteration": 99
    },
    "com.google.gson.functional.NullObjectAndFieldTest-testCustomTypeAdapterPassesNullSerialization": {
        "energy": 39136.278013193834,
        "duration": 813073.7614461861,
        "dram": 1209.758271125058,
        "iteration": 36
    }
}