{
    "com.google.gson.FunctionalWithInternalDependenciesTest-testAnonymousLocalClassesSerialization": {
        "energy": 52444.275,
        "duration": 1864132.65,
        "dram": 4899.5875,
        "iteration": 80,
        "stdev": 140333.8601427837
    },
    "com.google.gson.functional.DefaultTypeAdaptersTest-testLocaleDeserializationWithLanguageCountry": {
        "energy": 64805.142857142855,
        "duration": 1720246.6,
        "dram": 5269.342857142857,
        "iteration": 35,
        "stdev": 64578.181708306256
    },
    "com.google.gson.functional.DefaultTypeAdaptersTest-testLocaleDeserializationWithLanguage": {
        "energy": 41693.1724137931,
        "duration": 1028821.8620689656,
        "dram": 3249.862068965517,
        "iteration": 29,
        "stdev": 44456.69113369191
    },
    "com.google.gson.functional.DefaultTypeAdaptersTest-testLocaleDeserializationWithLanguageCountryVariant": {
        "energy": 44108.58064516129,
        "duration": 999846.9032258064,
        "dram": 3200.6451612903224,
        "iteration": 31,
        "stdev": 45106.890690801156
    }
}