{
    "com.google.gson.functional.DefaultTypeAdaptersTest-testLocaleDeserializationWithLanguageCountryVariant": {
        "energy": 70803.31818181818,
        "duration": 1947040.2272727273,
        "dram": 6109.0,
        "iteration": 22,
        "stdev": 65965.91098396364
    },
    "com.google.gson.FunctionalWithInternalDependenciesTest-testAnonymousLocalClassesSerialization": {
        "energy": 123659.16049382716,
        "duration": 4062474.827160494,
        "dram": 11160.728395061727,
        "iteration": 81,
        "stdev": 301505.92236672365
    },
    "com.google.gson.functional.DefaultTypeAdaptersTest-testLocaleDeserializationWithLanguage": {
        "energy": 43173.77272727273,
        "duration": 1077809.1363636365,
        "dram": 3360.590909090909,
        "iteration": 22,
        "stdev": 43187.85187140626
    },
    "com.google.gson.functional.DefaultTypeAdaptersTest-testLocaleDeserializationWithLanguageCountry": {
        "energy": 34496.0,
        "duration": 739040.4545454546,
        "dram": 2286.590909090909,
        "iteration": 22,
        "stdev": 2888.1354633301835
    }
}