{
    "com.google.gson.functional.ReadersWritersTest-testReadWriteTwoObjects": {
        "energy": 178222.26935014012,
        "duration": 6423868.323156256,
        "dram": 17489.2672490382,
        "iteration": 99
    },
    "com.google.gson.JsonParserTest-testReadWriteTwoObjects": {
        "energy": 67651.47498581944,
        "duration": 2150883.7518621697,
        "dram": 6383.962853912568,
        "iteration": 98
    },
    "com.google.gson.internal.bind.JsonElementReaderTest-testBooleans": {
        "energy": 220175.73920435796,
        "duration": 7330017.927789634,
        "dram": 22069.899293932103,
        "iteration": 54
    },
    "com.google.gson.functional.JsonArrayTest-testBooleanPrimitiveAddition": {
        "energy": 41312.455628607786,
        "duration": 709757.9210986904,
        "dram": 2934.7489375822333,
        "iteration": 36
    },
    "com.google.gson.JsonObjectTest-testReadPropertyWithEmptyStringName": {
        "energy": 49805.15726194061,
        "duration": 2043567.9621831737,
        "dram": 6600.265895983806,
        "iteration": 48
    },
    "com.google.gson.functional.JsonTreeTest-testJsonTreeToString": {
        "energy": 126333.38047315108,
        "duration": 3845521.329018645,
        "dram": 10258.670411431778,
        "iteration": 99
    },
    "com.google.gson.functional.JsonArrayTest-testSameAddition": {
        "energy": 76223.27107099445,
        "duration": 2349547.3193163597,
        "dram": 6919.274005937529,
        "iteration": 70
    },
    "com.google.gson.JsonObjectTest-testWritePropertyWithEmptyStringName": {
        "energy": 35545.031810476445,
        "duration": 1372759.7219671947,
        "dram": 3353.4285659307743,
        "iteration": 49
    },
    "com.google.gson.JsonPrimitiveTest-testBoolean": {
        "energy": 48112.00905700865,
        "duration": 1570348.6580159809,
        "dram": 4243.8523895309845,
        "iteration": 39
    },
    "com.google.gson.JsonObjectTest-testAddingBooleanProperties": {
        "energy": 68614.2220578015,
        "duration": 2863483.7964115404,
        "dram": 6584.359883038057,
        "iteration": 49
    },
    "com.google.gson.functional.DefaultTypeAdaptersTest-testJsonPrimitiveSerialization": {
        "energy": 40160.30577137759,
        "duration": 1047664.4472032728,
        "dram": 2846.111989883891,
        "iteration": 56
    }
}