{
    "com.google.gson.functional.ReadersWritersTest-testReadWriteTwoObjects": {
        "energy": 194757.19835396812,
        "duration": 6364444.507161744,
        "dram": 19457.77411380019,
        "iteration": 99
    },
    "com.google.gson.JsonObjectTest-testAddingBooleanProperties": {
        "energy": 38249.49387061162,
        "duration": 1235756.7904800638,
        "dram": 2227.8639311604875,
        "iteration": 50
    },
    "com.google.gson.JsonParserTest-testReadWriteTwoObjects": {
        "energy": 115633.63356021294,
        "duration": 3510700.644762365,
        "dram": 11297.621977673738,
        "iteration": 96
    },
    "com.google.gson.JsonObjectTest-testReadPropertyWithEmptyStringName": {
        "energy": 37684.196710134274,
        "duration": 702796.7412090164,
        "dram": 3075.516217805808,
        "iteration": 53
    },
    "com.google.gson.functional.JsonTreeTest-testJsonTreeToString": {
        "energy": 155385.17486885673,
        "duration": 3931215.462595208,
        "dram": 15071.429563984893,
        "iteration": 99
    },
    "com.google.gson.JsonObjectTest-testWritePropertyWithEmptyStringName": {
        "energy": 37975.43231847286,
        "duration": 1181930.427135222,
        "dram": 3526.6053923361214,
        "iteration": 53
    },
    "com.google.gson.functional.JsonArrayTest-testSameAddition": {
        "energy": 71125.09047525073,
        "duration": 2491388.7120275893,
        "dram": 6570.649424182341,
        "iteration": 72
    },
    "com.google.gson.JsonPrimitiveTest-testBoolean": {
        "energy": 41090.8674031113,
        "duration": 1971644.100752403,
        "dram": 3608.062408472604,
        "iteration": 38
    },
    "com.google.gson.functional.JsonArrayTest-testBooleanPrimitiveAddition": {
        "energy": 214156.9797016232,
        "duration": 6241468.3931101635,
        "dram": 19387.960055156505,
        "iteration": 47
    },
    "com.google.gson.functional.DefaultTypeAdaptersTest-testJsonPrimitiveSerialization": {
        "energy": 48735.245744330474,
        "duration": 1602766.4685717195,
        "dram": 5206.750722669735,
        "iteration": 53
    },
    "com.google.gson.internal.bind.JsonElementReaderTest-testBooleans": {
        "energy": 225227.80792934418,
        "duration": 6815130.3013559375,
        "dram": 20825.130159540146,
        "iteration": 47
    }
}