{
    "com.google.gson.internal.LazilyParsedNumberTest-testHashCode": {
        "energy": 38649.267857142855,
        "duration": 1851700.482142857,
        "dram": 3102.910714285714,
        "iteration": 56,
        "stdev": 6381.708748701442
    },
    "com.google.gson.internal.LazilyParsedNumberTest-testEquals": {
        "energy": 38750.264150943396,
        "duration": 1637811.2264150945,
        "dram": 2812.0188679245284,
        "iteration": 53,
        "stdev": 6610.435175784055
    }
}