{
    "com.google.gson.internal.LazilyParsedNumberTest-testHashCode": {
        "energy": 37920.85439843789,
        "duration": 2215304.240141244,
        "dram": 3315.333190346112,
        "iteration": 56
    },
    "com.google.gson.internal.LazilyParsedNumberTest-testEquals": {
        "energy": 37783.616411121286,
        "duration": 1295798.9050373246,
        "dram": 3868.3541193298875,
        "iteration": 53
    }
}