{
    "com.google.gson.functional.InheritanceTest-testBaseSerializedAsBaseWhenSpecifiedWithExplicitType": {
        "energy": 175719,
        "duration": 4576030.777777778,
        "dram": 14245.777777777777,
        "iteration": 9,
        "stdev": 16541.237096017536
    },
    "com.google.gson.functional.InheritanceTest-testBaseSerializedAsSubWhenSpecifiedWithExplicitType": {
        "energy": 165344,
        "duration": 3999471.0,
        "dram": 12782.222222222223,
        "iteration": 9,
        "stdev": 30012.75441878784
    },
    "com.google.gson.functional.MapTest-testInterfaceTypeMapWithSerializer": {
        "energy": 875364,
        "duration": 22710758.222222224,
        "dram": 73433.22222222222,
        "iteration": 9,
        "stdev": 63661.89028505725
    },
    "com.google.gson.functional.JsonTreeTest-testJsonTreeNull": {
        "energy": 316405,
        "duration": 9058788.444444444,
        "dram": 27602.88888888889,
        "iteration": 9,
        "stdev": 40878.27210265578
    },
    "com.google.gson.functional.InheritanceTest-testClassWithBaseArrayFieldSerialization": {
        "energy": 352599,
        "duration": 8460961.111111112,
        "dram": 27456.777777777777,
        "iteration": 9,
        "stdev": 29414.373429026535
    },
    "com.google.gson.functional.MapAsArrayTypeAdapterTest-testMultipleEnableComplexKeyRegistrationHasNoEffect": {
        "energy": 349059,
        "duration": 9163659.0,
        "dram": 30212.555555555555,
        "iteration": 9,
        "stdev": 46439.21141651367
    },
    "com.google.gson.functional.ExclusionStrategyFunctionalTest-testExclusionStrategyWithMode": {
        "energy": 538023,
        "duration": 14644282.666666666,
        "dram": 45558.444444444445,
        "iteration": 9,
        "stdev": 54562.460884547516
    },
    "com.google.gson.internal.bind.JsonTreeWriterTest-testSerializeNullsFalse": {
        "energy": 137084,
        "duration": 4415800.444444444,
        "dram": 13358.666666666666,
        "iteration": 9,
        "stdev": 24038.19283793148
    },
    "com.google.gson.functional.InheritanceTest-testBaseSerializedAsSub": {
        "energy": 189087,
        "duration": 6920637.222222222,
        "dram": 22535.222222222223,
        "iteration": 9,
        "stdev": 148259.99736482286
    },
    "com.google.gson.functional.MapAsArrayTypeAdapterTest-testSerializeComplexMapWithTypeAdapter": {
        "energy": 716917,
        "duration": 17661641.888888888,
        "dram": 57137.0,
        "iteration": 9,
        "stdev": 51746.972608054726
    },
    "com.google.gson.functional.CustomSerializerTest-testSubClassSerializerInvokedForBaseClassFieldsHoldingSubClassInstances": {
        "energy": 408934,
        "duration": 10936237.555555556,
        "dram": 33967.555555555555,
        "iteration": 9,
        "stdev": 42240.31958908046
    },
    "com.google.gson.functional.JsonTreeTest-testJsonTreeToString": {
        "energy": 415526,
        "duration": 9709250.777777778,
        "dram": 33122.88888888889,
        "iteration": 9,
        "stdev": 31088.793252175983
    },
    "com.google.gson.DefaultMapJsonSerializerTest-testNonEmptyMapSerialization": {
        "energy": 353088,
        "duration": 9611853.777777778,
        "dram": 27694.777777777777,
        "iteration": 9,
        "stdev": 34381.41761489594
    },
    "com.google.gson.functional.MoreSpecificTypeSerializationTest-testMapOfParameterizedSubclassFields": {
        "energy": 380431,
        "duration": 10555468.888888888,
        "dram": 33246.88888888889,
        "iteration": 9,
        "stdev": 44635.52634393371
    },
    "com.google.gson.functional.TypeHierarchyAdapterTest-testTypeHierarchy": {
        "energy": 614562,
        "duration": 14769985.0,
        "dram": 48478.88888888889,
        "iteration": 9,
        "stdev": 57921.07304953765
    },
    "com.google.gson.functional.JsonTreeTest-testToJsonTreeObjectType": {
        "energy": 203796,
        "duration": 4982161.333333333,
        "dram": 15511.0,
        "iteration": 9,
        "stdev": 21343.94244420951
    },
    "com.google.gson.functional.MoreSpecificTypeSerializationTest-testMapOfSubclassFields": {
        "energy": 244811,
        "duration": 6612443.444444444,
        "dram": 22064.11111111111,
        "iteration": 9,
        "stdev": 40808.16307348444
    },
    "com.google.gson.internal.bind.JsonTreeWriterTest-testSerializeNullsTrue": {
        "energy": 1193235,
        "duration": 35647744.88888889,
        "dram": 110183.88888888889,
        "iteration": 9,
        "stdev": 93285.22273233967
    },
    "com.google.gson.functional.InheritanceTest-testClassWithBaseCollectionFieldSerialization": {
        "energy": 290405,
        "duration": 6917234.0,
        "dram": 22176.333333333332,
        "iteration": 9,
        "stdev": 26573.708318608245
    },
    "com.google.gson.functional.CustomSerializerTest-testBaseClassSerializerInvokedForBaseClassFieldsHoldingSubClassInstances": {
        "energy": 127075,
        "duration": 3555213.222222222,
        "dram": 11501.888888888889,
        "iteration": 9,
        "stdev": 29096.62088734237
    },
    "com.google.gson.internal.bind.JsonTreeWriterTest-testNestedObject": {
        "energy": 171691,
        "duration": 4502208.444444444,
        "dram": 13149.666666666666,
        "iteration": 9,
        "stdev": 25127.60116379822
    },
    "com.google.gson.functional.CustomSerializerTest-testBaseClassSerializerInvokedForBaseClassFields": {
        "energy": 194580,
        "duration": 5146289.777777778,
        "dram": 15368.0,
        "iteration": 9,
        "stdev": 23821.400343409445
    },
    "com.google.gson.functional.CustomSerializerTest-testSubClassSerializerInvokedForBaseClassFieldsHoldingArrayOfSubClassInstances": {
        "energy": 155029,
        "duration": 3765229.777777778,
        "dram": 12290.777777777777,
        "iteration": 9,
        "stdev": 29547.328426370503
    },
    "com.google.gson.functional.InheritanceTest-testClassWithBaseFieldSerialization": {
        "energy": 263000,
        "duration": 5990354.888888889,
        "dram": 19506.0,
        "iteration": 9,
        "stdev": 28409.927601473886
    },
    "com.google.gson.internal.bind.JsonTreeWriterTest-testObject": {
        "energy": 147644,
        "duration": 4823165.222222222,
        "dram": 14613.0,
        "iteration": 9,
        "stdev": 53938.980464783046
    },
    "com.google.gson.functional.MapAsArrayTypeAdapterTest-testMapWithTypeVariableSerialization": {
        "energy": 339781,
        "duration": 8948017.111111112,
        "dram": 28354.222222222223,
        "iteration": 9,
        "stdev": 53428.61017132587
    },
    "com.google.gson.functional.JsonTreeTest-testToJsonTree": {
        "energy": 220947,
        "duration": 4659606.333333333,
        "dram": 16602.0,
        "iteration": 9,
        "stdev": 36532.45133701485
    }
}