{
    "com.google.gson.functional.InheritanceTest-testBaseSerializedAsBaseWhenSpecifiedWithExplicitType": {
        "energy": 183349,
        "duration": 11571761.222222222,
        "dram": 35435.11111111111,
        "iteration": 9,
        "stdev": 577485.3607451133
    },
    "com.google.gson.functional.InheritanceTest-testBaseSerializedAsSubWhenSpecifiedWithExplicitType": {
        "energy": 173767,
        "duration": 4486294.888888889,
        "dram": 13594.777777777777,
        "iteration": 9,
        "stdev": 47101.445099322
    },
    "com.google.gson.functional.MapTest-testInterfaceTypeMapWithSerializer": {
        "energy": 665770,
        "duration": 15564661.333333334,
        "dram": 50177.11111111111,
        "iteration": 9,
        "stdev": 143110.99523485647
    },
    "com.google.gson.functional.JsonTreeTest-testJsonTreeNull": {
        "energy": 230896,
        "duration": 5744893.0,
        "dram": 17930.0,
        "iteration": 9,
        "stdev": 75899.83302003461
    },
    "com.google.gson.functional.InheritanceTest-testClassWithBaseArrayFieldSerialization": {
        "energy": 268004,
        "duration": 7181728.444444444,
        "dram": 20969.444444444445,
        "iteration": 9,
        "stdev": 80816.96398668223
    },
    "com.google.gson.functional.MapAsArrayTypeAdapterTest-testMultipleEnableComplexKeyRegistrationHasNoEffect": {
        "energy": 363341,
        "duration": 8876949.555555556,
        "dram": 29542.666666666668,
        "iteration": 9,
        "stdev": 47306.86775135768
    },
    "com.google.gson.functional.ExclusionStrategyFunctionalTest-testExclusionStrategyWithMode": {
        "energy": 386962,
        "duration": 10461298.888888888,
        "dram": 32390.11111111111,
        "iteration": 9,
        "stdev": 95914.96100552488
    },
    "com.google.gson.internal.bind.JsonTreeWriterTest-testSerializeNullsFalse": {
        "energy": 85143,
        "duration": 2565314.777777778,
        "dram": 6336.111111111111,
        "iteration": 9,
        "stdev": 30923.827833509604
    },
    "com.google.gson.functional.InheritanceTest-testBaseSerializedAsSub": {
        "energy": 187194,
        "duration": 5791536.222222222,
        "dram": 16583.444444444445,
        "iteration": 9,
        "stdev": 108240.17827424115
    },
    "com.google.gson.functional.MapAsArrayTypeAdapterTest-testSerializeComplexMapWithTypeAdapter": {
        "energy": 723448,
        "duration": 24909530.111111112,
        "dram": 78210.22222222222,
        "iteration": 9,
        "stdev": 637221.9383486727
    },
    "com.google.gson.functional.CustomSerializerTest-testSubClassSerializerInvokedForBaseClassFieldsHoldingSubClassInstances": {
        "energy": 209838,
        "duration": 5798265.333333333,
        "dram": 17448.88888888889,
        "iteration": 9,
        "stdev": 130054.74893442015
    },
    "com.google.gson.functional.JsonTreeTest-testJsonTreeToString": {
        "energy": 331237,
        "duration": 9090254.777777778,
        "dram": 28753.777777777777,
        "iteration": 9,
        "stdev": 68998.45642628448
    },
    "com.google.gson.DefaultMapJsonSerializerTest-testNonEmptyMapSerialization": {
        "energy": 275512,
        "duration": 9623658.333333334,
        "dram": 32748.555555555555,
        "iteration": 9,
        "stdev": 207673.59817419565
    },
    "com.google.gson.functional.MoreSpecificTypeSerializationTest-testMapOfParameterizedSubclassFields": {
        "energy": 420165,
        "duration": 11209367.333333334,
        "dram": 36694.333333333336,
        "iteration": 9,
        "stdev": 158641.65581687866
    },
    "com.google.gson.functional.TypeHierarchyAdapterTest-testTypeHierarchy": {
        "energy": 606261,
        "duration": 15279784.444444444,
        "dram": 48013.22222222222,
        "iteration": 9,
        "stdev": 78463.63346445565
    },
    "com.google.gson.functional.JsonTreeTest-testToJsonTreeObjectType": {
        "energy": 176330,
        "duration": 5798692.222222222,
        "dram": 17358.777777777777,
        "iteration": 9,
        "stdev": 98123.09029359721
    },
    "com.google.gson.functional.MoreSpecificTypeSerializationTest-testMapOfSubclassFields": {
        "energy": 461730,
        "duration": 23977046.111111112,
        "dram": 77151.22222222222,
        "iteration": 9,
        "stdev": 873681.300089582
    },
    "com.google.gson.internal.bind.JsonTreeWriterTest-testSerializeNullsTrue": {
        "energy": 115906,
        "duration": 2913511.888888889,
        "dram": 7877.666666666667,
        "iteration": 9,
        "stdev": 35948.126656319175
    },
    "com.google.gson.functional.InheritanceTest-testClassWithBaseCollectionFieldSerialization": {
        "energy": 257812,
        "duration": 16089406.111111112,
        "dram": 50068.555555555555,
        "iteration": 9,
        "stdev": 773603.7287312152
    },
    "com.google.gson.functional.CustomSerializerTest-testBaseClassSerializerInvokedForBaseClassFieldsHoldingSubClassInstances": {
        "energy": 167236,
        "duration": 11593770.111111112,
        "dram": 33858.666666666664,
        "iteration": 9,
        "stdev": 651669.8609805958
    },
    "com.google.gson.internal.bind.JsonTreeWriterTest-testNestedObject": {
        "energy": 117187,
        "duration": 7168784.333333333,
        "dram": 21275.333333333332,
        "iteration": 9,
        "stdev": 380720.77291032096
    },
    "com.google.gson.functional.CustomSerializerTest-testBaseClassSerializerInvokedForBaseClassFields": {
        "energy": 166198,
        "duration": 4111094.0,
        "dram": 12090.555555555555,
        "iteration": 9,
        "stdev": 55274.75938291822
    },
    "com.google.gson.functional.CustomSerializerTest-testSubClassSerializerInvokedForBaseClassFieldsHoldingArrayOfSubClassInstances": {
        "energy": 200134,
        "duration": 12252892.111111112,
        "dram": 36650.333333333336,
        "iteration": 9,
        "stdev": 635210.0951509889
    },
    "com.google.gson.functional.InheritanceTest-testClassWithBaseFieldSerialization": {
        "energy": 212341,
        "duration": 5700859.666666667,
        "dram": 18400.666666666668,
        "iteration": 9,
        "stdev": 66977.64582933254
    },
    "com.google.gson.internal.bind.JsonTreeWriterTest-testObject": {
        "energy": 96314,
        "duration": 2745737.888888889,
        "dram": 8270.555555555555,
        "iteration": 9,
        "stdev": 30354.0947793958
    },
    "com.google.gson.functional.MapAsArrayTypeAdapterTest-testMapWithTypeVariableSerialization": {
        "energy": 353515,
        "duration": 10057312.888888888,
        "dram": 32927.333333333336,
        "iteration": 9,
        "stdev": 86561.71224687685
    },
    "com.google.gson.functional.JsonTreeTest-testToJsonTree": {
        "energy": 192016,
        "duration": 5291694.666666667,
        "dram": 15702.555555555555,
        "iteration": 9,
        "stdev": 45477.03105095886
    }
}