{
    "com.google.gson.functional.InheritanceTest-testBaseSerializedAsBaseWhenSpecifiedWithExplicitType": {
        "energy": 173950,
        "duration": 4365449.666666667,
        "dram": 14727.222222222223,
        "iteration": 9,
        "stdev": 24069.978069099136
    },
    "com.google.gson.functional.InheritanceTest-testBaseSerializedAsSubWhenSpecifiedWithExplicitType": {
        "energy": 162414,
        "duration": 3987230.3333333335,
        "dram": 12862.111111111111,
        "iteration": 9,
        "stdev": 21271.612797050777
    },
    "com.google.gson.functional.MapTest-testInterfaceTypeMapWithSerializer": {
        "energy": 932492,
        "duration": 22760857.444444444,
        "dram": 74174.44444444444,
        "iteration": 9,
        "stdev": 83424.61886674537
    },
    "com.google.gson.functional.JsonTreeTest-testJsonTreeNull": {
        "energy": 343261,
        "duration": 9489743.111111112,
        "dram": 30931.555555555555,
        "iteration": 9,
        "stdev": 47528.86879791982
    },
    "com.google.gson.functional.InheritanceTest-testClassWithBaseArrayFieldSerialization": {
        "energy": 358031,
        "duration": 8262861.666666667,
        "dram": 27885.222222222223,
        "iteration": 9,
        "stdev": 37401.1260360625
    },
    "com.google.gson.functional.MapAsArrayTypeAdapterTest-testMultipleEnableComplexKeyRegistrationHasNoEffect": {
        "energy": 392516,
        "duration": 10362051.555555556,
        "dram": 34766.77777777778,
        "iteration": 9,
        "stdev": 111472.83511740029
    },
    "com.google.gson.functional.ExclusionStrategyFunctionalTest-testExclusionStrategyWithMode": {
        "energy": 519102,
        "duration": 14958353.333333334,
        "dram": 47676.444444444445,
        "iteration": 9,
        "stdev": 59394.14579228379
    },
    "com.google.gson.internal.bind.JsonTreeWriterTest-testSerializeNullsFalse": {
        "energy": 138305,
        "duration": 4362671.333333333,
        "dram": 11796.222222222223,
        "iteration": 9,
        "stdev": 15026.540015569326
    },
    "com.google.gson.functional.InheritanceTest-testBaseSerializedAsSub": {
        "energy": 371703,
        "duration": 8481625.111111112,
        "dram": 28219.88888888889,
        "iteration": 9,
        "stdev": 184199.04737056114
    },
    "com.google.gson.functional.MapAsArrayTypeAdapterTest-testSerializeComplexMapWithTypeAdapter": {
        "energy": 734373,
        "duration": 18026256.777777776,
        "dram": 59992.88888888889,
        "iteration": 9,
        "stdev": 76898.26433527467
    },
    "com.google.gson.functional.CustomSerializerTest-testSubClassSerializerInvokedForBaseClassFieldsHoldingSubClassInstances": {
        "energy": 412231,
        "duration": 11010094.888888888,
        "dram": 34278.77777777778,
        "iteration": 9,
        "stdev": 58634.75441669534
    },
    "com.google.gson.functional.JsonTreeTest-testJsonTreeToString": {
        "energy": 413879,
        "duration": 9620573.777777778,
        "dram": 34411.444444444445,
        "iteration": 9,
        "stdev": 37820.32132773772
    },
    "com.google.gson.DefaultMapJsonSerializerTest-testNonEmptyMapSerialization": {
        "energy": 386413,
        "duration": 9749083.666666666,
        "dram": 30527.11111111111,
        "iteration": 9,
        "stdev": 26902.8210572703
    },
    "com.google.gson.functional.MoreSpecificTypeSerializationTest-testMapOfParameterizedSubclassFields": {
        "energy": 438232,
        "duration": 10586242.666666666,
        "dram": 34955.555555555555,
        "iteration": 9,
        "stdev": 40019.97336084157
    },
    "com.google.gson.functional.TypeHierarchyAdapterTest-testTypeHierarchy": {
        "energy": 648558,
        "duration": 15492383.777777778,
        "dram": 52310.555555555555,
        "iteration": 9,
        "stdev": 73291.50153570349
    },
    "com.google.gson.functional.JsonTreeTest-testToJsonTreeObjectType": {
        "energy": 221130,
        "duration": 5288255.0,
        "dram": 16437.333333333332,
        "iteration": 9,
        "stdev": 19990.222668119222
    },
    "com.google.gson.functional.MoreSpecificTypeSerializationTest-testMapOfSubclassFields": {
        "energy": 238891,
        "duration": 6463559.888888889,
        "dram": 21741.11111111111,
        "iteration": 9,
        "stdev": 18838.36953312751
    },
    "com.google.gson.internal.bind.JsonTreeWriterTest-testSerializeNullsTrue": {
        "energy": 1210141,
        "duration": 36101087.11111111,
        "dram": 111256.55555555556,
        "iteration": 9,
        "stdev": 115375.39696985063
    },
    "com.google.gson.functional.InheritanceTest-testClassWithBaseCollectionFieldSerialization": {
        "energy": 265563,
        "duration": 6660655.444444444,
        "dram": 21087.0,
        "iteration": 9,
        "stdev": 32732.54993329732
    },
    "com.google.gson.functional.CustomSerializerTest-testBaseClassSerializerInvokedForBaseClassFieldsHoldingSubClassInstances": {
        "energy": 130065,
        "duration": 3370779.888888889,
        "dram": 10524.666666666666,
        "iteration": 9,
        "stdev": 30394.507334364964
    },
    "com.google.gson.internal.bind.JsonTreeWriterTest-testNestedObject": {
        "energy": 180359,
        "duration": 4542323.555555556,
        "dram": 13545.555555555555,
        "iteration": 9,
        "stdev": 27302.02310958921
    },
    "com.google.gson.functional.CustomSerializerTest-testBaseClassSerializerInvokedForBaseClassFields": {
        "energy": 198425,
        "duration": 5136524.777777778,
        "dram": 15320.222222222223,
        "iteration": 9,
        "stdev": 23421.313494389444
    },
    "com.google.gson.functional.CustomSerializerTest-testSubClassSerializerInvokedForBaseClassFieldsHoldingArrayOfSubClassInstances": {
        "energy": 164001,
        "duration": 4031559.888888889,
        "dram": 13358.444444444445,
        "iteration": 9,
        "stdev": 27867.091855253497
    },
    "com.google.gson.functional.InheritanceTest-testClassWithBaseFieldSerialization": {
        "energy": 252013,
        "duration": 6573705.111111111,
        "dram": 21763.333333333332,
        "iteration": 9,
        "stdev": 55173.609608978375
    },
    "com.google.gson.internal.bind.JsonTreeWriterTest-testObject": {
        "energy": 154235,
        "duration": 4445517.333333333,
        "dram": 13096.888888888889,
        "iteration": 9,
        "stdev": 29508.597248184393
    },
    "com.google.gson.functional.MapAsArrayTypeAdapterTest-testMapWithTypeVariableSerialization": {
        "energy": 348448,
        "duration": 8742934.444444444,
        "dram": 27529.666666666668,
        "iteration": 9,
        "stdev": 47236.266875368
    },
    "com.google.gson.functional.JsonTreeTest-testToJsonTree": {
        "energy": 186828,
        "duration": 4514210.222222222,
        "dram": 13858.555555555555,
        "iteration": 9,
        "stdev": 35463.66065825623
    }
}