{
    "com.google.gson.functional.CustomDeserializerTest-testDefaultConstructorNotCalledOnField": {
        "energy": 36762.27450980392,
        "duration": 849332.8627450981,
        "dram": 2718.823529411765,
        "iteration": 51,
        "stdev": 4075.7933863931244
    },
    "com.google.gson.functional.ObjectTest-testDirectedAcyclicGraphDeserialization": {
        "energy": 45979.15,
        "duration": 1432627.8375,
        "dram": 3953.5,
        "iteration": 80,
        "stdev": 21580.56921926527
    },
    "com.google.gson.functional.ObjectTest-testEmptyCollectionInAnObjectDeserialization": {
        "energy": 34909.93548387097,
        "duration": 692496.8709677419,
        "dram": 2658.1612903225805,
        "iteration": 31,
        "stdev": 7647.127316148598
    },
    "com.google.gson.functional.NullObjectAndFieldTest-testExplicitDeserializationOfNulls": {
        "energy": 43413.625,
        "duration": 1182460.6458333333,
        "dram": 3466.7083333333335,
        "iteration": 48,
        "stdev": 16484.528398654347
    },
    "com.google.gson.functional.ObjectTest-testArrayOfArraysDeserialization": {
        "energy": 55633.4,
        "duration": 1816265.4888888889,
        "dram": 4918.166666666667,
        "iteration": 90,
        "stdev": 19127.792388621907
    },
    "com.google.gson.functional.ParameterizedTypesTest-testVariableTypeArrayDeserialization": {
        "energy": 38488.70526315789,
        "duration": 1362717.1263157895,
        "dram": 3437.694736842105,
        "iteration": 95,
        "stdev": 10662.177724504489
    },
    "com.google.gson.functional.NullObjectAndFieldTest-testExplicitSerializationOfNullStringMembers": {
        "energy": 36003.32352941176,
        "duration": 614033.9411764706,
        "dram": 2834.0588235294117,
        "iteration": 34,
        "stdev": 3399.089296030268
    },
    "com.google.gson.functional.VersioningTest-testVersionedGsonMixingSinceAndUntilDeserialization": {
        "energy": 37750.611940298506,
        "duration": 1155255.6417910447,
        "dram": 3075.0746268656717,
        "iteration": 67,
        "stdev": 7660.6576935124085
    },
    "com.google.gson.functional.ObjectTest-testClassWithTransientFieldsDeserialization": {
        "energy": 36714.13157894737,
        "duration": 773672.7105263158,
        "dram": 2509.5789473684213,
        "iteration": 38,
        "stdev": 7456.448432030433
    },
    "com.google.gson.functional.ObjectTest-testSubInterfacesOfCollectionDeserialization": {
        "energy": 44868.170731707316,
        "duration": 1470170.6097560977,
        "dram": 4211.243902439024,
        "iteration": 82,
        "stdev": 14303.61640422251
    },
    "com.google.gson.functional.NullObjectAndFieldTest-testExplicitSerializationOfNullCollectionMembers": {
        "energy": 35955.40625,
        "duration": 627821.15625,
        "dram": 2692.8125,
        "iteration": 32,
        "stdev": 3941.2100208832994
    },
    "com.google.gson.functional.ParameterizedTypesTest-testParameterizedTypeWithReaderDeserialization": {
        "energy": 38864.8,
        "duration": 1238143.175,
        "dram": 3091.0,
        "iteration": 80,
        "stdev": 15543.768030468033
    },
    "com.google.gson.functional.ObjectTest-testClassWithTransientFieldsDeserializationTransientFieldsPassedInJsonAreIgnored": {
        "energy": 51842.95348837209,
        "duration": 1365509.2790697673,
        "dram": 4175.093023255814,
        "iteration": 43,
        "stdev": 67784.03692060286
    },
    "com.google.gson.functional.NullObjectAndFieldTest-testCustomSerializationOfNulls": {
        "energy": 35792.97297297297,
        "duration": 587222.5405405406,
        "dram": 2481.4594594594596,
        "iteration": 37,
        "stdev": 4563.252713097738
    },
    "com.google.gson.functional.ParameterizedTypesTest-testVariableTypeDeserialization": {
        "energy": 39823.67741935484,
        "duration": 1307247.0,
        "dram": 3500.1075268817203,
        "iteration": 93,
        "stdev": 12408.41423429764
    },
    "com.google.gson.functional.MapTest-testMapSerializationWithNullValueButSerializeNulls": {
        "energy": 37112.57142857143,
        "duration": 849133.1964285715,
        "dram": 2962.3214285714284,
        "iteration": 56,
        "stdev": 3477.3629574370148
    },
    "com.google.gson.functional.ReadersWritersTest-testReaderForDeserialization": {
        "energy": 72881.59615384616,
        "duration": 2067103.5,
        "dram": 6352.134615384615,
        "iteration": 52,
        "stdev": 65349.275172032205
    },
    "com.google.gson.functional.CustomTypeAdaptersTest-testCustomNestedDeserializers": {
        "energy": 36368.88524590164,
        "duration": 992355.8524590164,
        "dram": 2953.7377049180327,
        "iteration": 61,
        "stdev": 3831.194215643347
    },
    "com.google.gson.functional.NamingPolicyTest-testGsonWithNonDefaultFieldNamingPolicyDeserialiation": {
        "energy": 60504.11320754717,
        "duration": 1808491.8490566039,
        "dram": 5402.547169811321,
        "iteration": 53,
        "stdev": 51466.35355502986
    },
    "com.google.gson.functional.ParameterizedTypesTest-testParameterizedTypeGenericArraysDeserialization": {
        "energy": 41302.0306122449,
        "duration": 1416740.3673469387,
        "dram": 3570.4897959183672,
        "iteration": 98,
        "stdev": 12923.294074018155
    },
    "com.google.gson.functional.ParameterizedTypesTest-testParameterizedTypeDeserialization": {
        "energy": 59277.27777777778,
        "duration": 1975342.5,
        "dram": 5355.277777777777,
        "iteration": 90,
        "stdev": 64914.627030008116
    },
    "com.google.gson.functional.ConcurrencyTest-testMultiThreadDeserialization": {
        "energy": 489229.41414141416,
        "duration": 12853043.04040404,
        "dram": 40628.818181818184,
        "iteration": 99,
        "stdev": 154644.39943119363
    },
    "com.google.gson.functional.EscapingTest-testEscapingObjectFields": {
        "energy": 64015.65753424657,
        "duration": 1846026.4794520547,
        "dram": 5394.6164383561645,
        "iteration": 73,
        "stdev": 57187.50467390515
    },
    "com.google.gson.functional.ObjectTest-testClassWithEnumFieldDeserialization": {
        "energy": 36100.725,
        "duration": 729475.05,
        "dram": 2918.025,
        "iteration": 40,
        "stdev": 3157.3643279442745
    },
    "com.google.gson.functional.UncategorizedTest-testReturningDerivedClassesDuringDeserialization": {
        "energy": 76856.68686868687,
        "duration": 2421586.515151515,
        "dram": 6871.848484848485,
        "iteration": 99,
        "stdev": 26125.95684532466
    },
    "com.google.gson.functional.ConcurrencyTest-testSingleThreadDeserialization": {
        "energy": 60072.62626262626,
        "duration": 2035898.5454545454,
        "dram": 5368.080808080808,
        "iteration": 99,
        "stdev": 29082.1189547929
    },
    "com.google.gson.functional.MapTest-testMapDeserializationWithNullValue": {
        "energy": 36225.608695652176,
        "duration": 830040.5652173914,
        "dram": 3001.7391304347825,
        "iteration": 46,
        "stdev": 3695.7679997194723
    },
    "com.google.gson.functional.CustomTypeAdaptersTest-testCustomDeserializers": {
        "energy": 70160.34545454546,
        "duration": 2041804.7454545454,
        "dram": 6294.4,
        "iteration": 55,
        "stdev": 193274.33247656678
    },
    "com.google.gson.functional.ObjectTest-testArrayOfObjectsDeserialization": {
        "energy": 42905.873239436616,
        "duration": 1393081.281690141,
        "dram": 3739.676056338028,
        "iteration": 71,
        "stdev": 46665.10331688425
    },
    "com.google.gson.functional.CustomTypeAdaptersTest-testCustomSerializerForLong": {
        "energy": 36938.71428571428,
        "duration": 1090403.126984127,
        "dram": 2952.6825396825398,
        "iteration": 63,