{
    "com.google.gson.functional.CustomDeserializerTest-testDefaultConstructorNotCalledOnField": {
        "energy": 36561.16071428572,
        "duration": 851706.8035714285,
        "dram": 2811.6785714285716,
        "iteration": 56,
        "stdev": 3362.546966091465
    },
    "com.google.gson.functional.CustomDeserializerTest-testDefaultConstructorNotCalledOnObject": {
        "energy": 43451.544117647056,
        "duration": 1236536.7352941176,
        "dram": 3505.705882352941,
        "iteration": 68,
        "stdev": 42525.8177797475
    },
    "com.google.gson.functional.ObjectTest-testDirectedAcyclicGraphDeserialization": {
        "energy": 45876.51190476191,
        "duration": 1384571.988095238,
        "dram": 3878.559523809524,
        "iteration": 84,
        "stdev": 26382.624817740707
    },
    "com.google.gson.functional.CollectionTest-testNullsInListDeserialization": {
        "energy": 37060.57627118644,
        "duration": 844288.7627118644,
        "dram": 2940.4745762711864,
        "iteration": 59,
        "stdev": 3516.985608387733
    },
    "com.google.gson.functional.ObjectTest-testEmptyCollectionInAnObjectDeserialization": {
        "energy": 36960.32352941176,
        "duration": 717961.0294117647,
        "dram": 2830.3529411764707,
        "iteration": 34,
        "stdev": 8114.783548708342
    },
    "com.google.gson.functional.ObjectTest-testArrayOfArraysDeserialization": {
        "energy": 49348.58064516129,
        "duration": 1658814.9677419355,
        "dram": 4243.956989247312,
        "iteration": 93,
        "stdev": 17491.125447674658
    },
    "com.google.gson.functional.ParameterizedTypesTest-testVariableTypeArrayDeserialization": {
        "energy": 39034.072164948455,
        "duration": 1419940.8041237113,
        "dram": 3502.9484536082473,
        "iteration": 97,
        "stdev": 10431.484835889381
    },
    "com.google.gson.functional.VersioningTest-testVersionedGsonMixingSinceAndUntilDeserialization": {
        "energy": 37335.94285714286,
        "duration": 1125338.9,
        "dram": 2989.7428571428572,
        "iteration": 70,
        "stdev": 7575.284169843238
    },
    "com.google.gson.functional.ObjectTest-testClassWithTransientFieldsDeserialization": {
        "energy": 36754.22727272727,
        "duration": 739101.4090909091,
        "dram": 2702.2272727272725,
        "iteration": 44,
        "stdev": 3856.7173445327617
    },
    "com.google.gson.functional.ReadersWritersTest-testTopLevelNullObjectDeserializationWithReaderAndSerializeNulls": {
        "energy": 38710.307692307695,
        "duration": 619711.2307692308,
        "dram": 2605.6923076923076,
        "iteration": 26,
        "stdev": 3557.211308024985
    },
    "com.google.gson.functional.ObjectTest-testSubInterfacesOfCollectionDeserialization": {
        "energy": 41048.45945945946,
        "duration": 1416097.2027027027,
        "dram": 3723.527027027027,
        "iteration": 74,
        "stdev": 14776.902831866035
    },
    "com.google.gson.functional.ParameterizedTypesTest-testParameterizedTypeWithReaderDeserialization": {
        "energy": 36253.380952380954,
        "duration": 1188401.2142857143,
        "dram": 3092.2976190476193,
        "iteration": 84,
        "stdev": 5491.679908007944
    },
    "com.google.gson.functional.DefaultTypeAdaptersTest-testBigIntegerFieldDeserialization": {
        "energy": 36564.55,
        "duration": 755359.275,
        "dram": 3061.15,
        "iteration": 40,
        "stdev": 4012.0932937183807
    },
    "com.google.gson.functional.VersioningTest-testVersionedClassesDeserialization": {
        "energy": 36514.52542372881,
        "duration": 960570.8305084746,
        "dram": 2948.6949152542375,
        "iteration": 59,
        "stdev": 3575.201553431459
    },
    "com.google.gson.functional.ParameterizedTypesTest-testVariableTypeDeserialization": {
        "energy": 38258.4623655914,
        "duration": 1339430.8387096773,
        "dram": 3416.3118279569894,
        "iteration": 93,
        "stdev": 10083.775608776385
    },
    "com.google.gson.functional.MapTest-testMapSerializationWithNullValueButSerializeNulls": {
        "energy": 35585.607142857145,
        "duration": 867686.9464285715,
        "dram": 2847.214285714286,
        "iteration": 56,
        "stdev": 3948.616225421669
    },
    "com.google.gson.functional.NamingPolicyTest-testGsonWithNonDefaultFieldNamingPolicyDeserialiation": {
        "energy": 72788.24528301887,
        "duration": 2212536.3396226414,
        "dram": 6764.320754716981,
        "iteration": 53,
        "stdev": 63901.66482991015
    },
    "com.google.gson.functional.ParameterizedTypesTest-testParameterizedTypeGenericArraysDeserialization": {
        "energy": 43121.55670103093,
        "duration": 1442987.206185567,
        "dram": 3898.814432989691,
        "iteration": 97,
        "stdev": 14150.578337945466
    },
    "com.google.gson.functional.ParameterizedTypesTest-testParameterizedTypeDeserialization": {
        "energy": 59840.32978723404,
        "duration": 1971717.4361702127,
        "dram": 5148.148936170212,
        "iteration": 94,
        "stdev": 69200.32292975755
    },
    "com.google.gson.functional.ConcurrencyTest-testMultiThreadDeserialization": {
        "energy": 477236.37373737374,
        "duration": 12646335.232323233,
        "dram": 40128.545454545456,
        "iteration": 99,
        "stdev": 161836.7201760626
    },
    "com.google.gson.functional.EscapingTest-testEscapingObjectFields": {
        "energy": 61351.55714285714,
        "duration": 1870176.842857143,
        "dram": 5268.671428571429,
        "iteration": 70,
        "stdev": 48364.54039262227
    },
    "com.google.gson.functional.UncategorizedTest-testReturningDerivedClassesDuringDeserialization": {
        "energy": 76344.40404040404,
        "duration": 2494143.1515151514,
        "dram": 6867.69696969697,
        "iteration": 99,
        "stdev": 25635.15173788972
    },
    "com.google.gson.functional.ConcurrencyTest-testSingleThreadDeserialization": {
        "energy": 59758.21212121212,
        "duration": 2016337.2121212122,
        "dram": 5560.575757575758,
        "iteration": 99,
        "stdev": 21636.131741436177
    },
    "com.google.gson.functional.ObjectTest-testObjectFieldNamesWithoutQuotesDeserialization": {
        "energy": 34121.94285714286,
        "duration": 626805.0,
        "dram": 2478.6285714285714,
        "iteration": 35,
        "stdev": 3155.2892368471175
    },
    "com.google.gson.functional.MapTest-testMapDeserializationWithNullValue": {
        "energy": 36114.45,
        "duration": 874970.45,
        "dram": 2776.0333333333333,
        "iteration": 60,
        "stdev": 3725.7262308843897
    },
    "com.google.gson.functional.CustomTypeAdaptersTest-testCustomDeserializers": {
        "energy": 69574.80281690141,
        "duration": 2064017.8591549296,
        "dram": 6300.30985915493,
        "iteration": 71,
        "stdev": 155045.30402330612
    },
    "com.google.gson.functional.CustomTypeAdaptersTest-testCustomSerializerForLong": {
        "energy": 37002.44736842105,
        "duration": 1139162.3684210526,
        "dram": 3116.1315789473683,
        "iteration": 76,
        "stdev": 7648.043412318184
    },
    "com.google.gson.functional.ExposeFieldsTest-testExposeAnnotationDeserialization": {
        "energy": 59665.818181818184,
        "duration": 1561966.9545454546,
        "dram": 5050.0,
        "iteration": 44,
        "stdev": 54129.33064231559
    },
    "com.google.gson.functional.ParameterizedTypesTest-testVariableTypeFieldsAndGenericArraysDeserialization": {
        "energy": 64493.080808080806,
        "duration": 2145798.101010101,
        "dram": 5972.373737373738,
        "iteration": 99,
        "stdev": 20814.532302777527
    },
    "com.google.gson.functional.ParameterizedTypesTest-testTypesWithMultipleParametersDeserialization": {
        "energy": 61102.08791208791,