{
    "com.google.gson.functional.StreamingTypeAdaptersTest-testNullSafe": {
        "energy": 43331.03157894737,
        "duration": 1526538.0631578946,
        "dram": 3967.1894736842105,
        "iteration": 95,
        "stdev": 13522.7572441131
    },
    "com.google.gson.functional.CustomDeserializerTest-testDefaultConstructorNotCalledOnField": {
        "energy": 37434.43636363636,
        "duration": 798609.0545454546,
        "dram": 2504.7454545454543,
        "iteration": 55,
        "stdev": 4005.3515100022973
    },
    "com.google.gson.functional.CustomDeserializerTest-testDefaultConstructorNotCalledOnObject": {
        "energy": 68084.18181818182,
        "duration": 2185317.1818181816,
        "dram": 6059.838383838384,
        "iteration": 99,
        "stdev": 58697.82820296439
    },
    "com.google.gson.functional.ReadersWritersTest-testReadWriteTwoObjects": {
        "energy": 40694.34426229508,
        "duration": 1138218.7213114754,
        "dram": 3512.3278688524592,
        "iteration": 61,
        "stdev": 11356.65015243325
    },
    "com.google.gson.functional.EnumTest-testEnumSubclassAsParameterizedType": {
        "energy": 38182.432835820895,
        "duration": 985936.9850746269,
        "dram": 3345.8358208955224,
        "iteration": 67,
        "stdev": 6644.499970458972
    },
    "com.google.gson.functional.TypeAdapterPrecedenceTest-testStreamingHierarchicalFollowedByNonstreaming": {
        "energy": 36828.46666666667,
        "duration": 574659.1,
        "dram": 2364.233333333333,
        "iteration": 30,
        "stdev": 3936.1716826830047
    },
    "com.google.gson.functional.TypeAdapterPrecedenceTest-testSerializeNonstreamingTypeAdapterFollowedByStreamingTypeAdapter": {
        "energy": 38602.805555555555,
        "duration": 660713.7222222222,
        "dram": 2499.0,
        "iteration": 36,
        "stdev": 7734.467426969876
    },
    "com.google.gson.JsonParserTest-testReadWriteTwoObjects": {
        "energy": 108984.56756756757,
        "duration": 3245351.2027027025,
        "dram": 9967.837837837838,
        "iteration": 74,
        "stdev": 289097.891539194
    },
    "com.google.gson.functional.ParameterizedTypesTest-testVariableTypeArrayDeserialization": {
        "energy": 41879.57894736842,
        "duration": 1384911.505263158,
        "dram": 3659.684210526316,
        "iteration": 95,
        "stdev": 13359.87087203509
    },
    "com.google.gson.functional.ObjectTest-testSingletonLists": {
        "energy": 41247.62962962963,
        "duration": 1392737.1604938272,
        "dram": 3486.753086419753,
        "iteration": 81,
        "stdev": 12795.632044505706
    },
    "com.google.gson.functional.TypeHierarchyAdapterTest-testRegisterSuperTypeFirst": {
        "energy": 38199.26315789474,
        "duration": 870829.1754385965,
        "dram": 3196.2631578947367,
        "iteration": 57,
        "stdev": 4239.08057114307
    },
    "com.google.gson.functional.EnumTest-testEnumSubclass": {
        "energy": 78014.83333333333,
        "duration": 2342388.03125,
        "dram": 6796.197916666667,
        "iteration": 96,
        "stdev": 27726.618702245723
    },
    "com.google.gson.functional.TypeVariableTest-testBasicTypeVariables": {
        "energy": 37227.24590163935,
        "duration": 912003.0,
        "dram": 3007.590163934426,
        "iteration": 61,
        "stdev": 4318.245320086668
    },
    "com.google.gson.functional.EnumTest-testEnumSubclassWithRegisteredTypeAdapter": {
        "energy": 51966.92857142857,
        "duration": 1621433.6904761905,
        "dram": 4627.3452380952385,
        "iteration": 84,
        "stdev": 28454.235285967243
    },
    "com.google.gson.functional.MapAsArrayTypeAdapterTest-testMultipleEnableComplexKeyRegistrationHasNoEffect": {
        "energy": 37833.769230769234,
        "duration": 1102979.7051282052,
        "dram": 3189.846153846154,
        "iteration": 78,
        "stdev": 7176.500339736125
    },
    "com.google.gson.functional.TypeVariableTest-testAdvancedTypeVariables": {
        "energy": 82799.22222222222,
        "duration": 2512740.9595959596,
        "dram": 7370.555555555556,
        "iteration": 99,
        "stdev": 160888.0480502681
    },
    "com.google.gson.GsonTypeAdapterTest-testTypeAdapterDoesNotAffectNonAdaptedTypes": {
        "energy": 58959.68965517241,
        "duration": 1721389.2068965517,
        "dram": 4554.068965517241,
        "iteration": 29,
        "stdev": 39624.10012475728
    },
    "com.google.gson.functional.EscapingTest-testGsonDoubleDeserialization": {
        "energy": 35672.914893617024,
        "duration": 748531.5744680851,
        "dram": 3205.5106382978724,
        "iteration": 47,
        "stdev": 4394.505640290399
    },
    "com.google.gson.functional.ParameterizedTypesTest-testVariableTypeDeserialization": {
        "energy": 40512.87628865979,
        "duration": 1370689.8865979381,
        "dram": 3592.6082474226805,
        "iteration": 97,
        "stdev": 11803.052588083585
    },
    "com.google.gson.functional.MapAsArrayTypeAdapterTest-testSerializeComplexMapWithTypeAdapter": {
        "energy": 169365.33333333334,
        "duration": 5046742.232323232,
        "dram": 15376.929292929293,
        "iteration": 99,
        "stdev": 346492.3737040847
    },
    "com.google.gson.functional.ParameterizedTypesTest-testParameterizedTypeGenericArraysDeserialization": {
        "energy": 41355.085106382976,
        "duration": 1421304.0319148935,
        "dram": 3525.3297872340427,
        "iteration": 94,
        "stdev": 17811.620766600172
    },
    "com.google.gson.functional.EscapingTest-testGsonAcceptsEscapedAndNonEscapedJsonDeserialization": {
        "energy": 39051.7027027027,
        "duration": 1185354.2162162163,
        "dram": 3463.0675675675675,
        "iteration": 74,
        "stdev": 10293.152534612684
    },
    "com.google.gson.functional.DefaultTypeAdaptersTest-testTimestampSerialization": {
        "energy": 34829.71666666667,
        "duration": 821892.9833333333,
        "dram": 2981.8,
        "iteration": 60,
        "stdev": 2946.2169760087636
    },
    "com.google.gson.functional.DefaultTypeAdaptersTest-testDefaultDateDeserializationUsingBuilder": {
        "energy": 109903.66666666667,
        "duration": 3554607.797979798,
        "dram": 10608.717171717171,
        "iteration": 99,
        "stdev": 23672.89715939289
    },
    "com.google.gson.functional.NamingPolicyTest-testComplexFieldNameStrategy": {
        "energy": 37754.028169014084,
        "duration": 1035457.985915493,
        "dram": 2917.943661971831,
        "iteration": 71,
        "stdev": 5300.444565388436
    },
    "com.google.gson.functional.TypeVariableTest-testTypeVariablesViaTypeParameter": {
        "energy": 40021.22471910113,
        "duration": 1328866.1123595505,
        "dram": 3674.3146067415732,
        "iteration": 89,
        "stdev": 11888.048663601314
    },
    "com.google.gson.functional.TypeAdapterPrecedenceTest-testStreamingHierarchicalFollowedByNonstreamingHierarchical": {
        "energy": 36420.42857142857,
        "duration": 559195.0,
        "dram": 2061.1428571428573,
        "iteration": 28,
        "stdev": 3833.764043977923
    },
    "com.google.gson.functional.DefaultTypeAdaptersTest-testNullSerialization": {
        "energy": 292675.797979798,
        "duration": 8954276.353535354,
        "dram": 27965.636363636364,
        "iteration": 99,
        "stdev": 256448.3798296888
    },
    "com.google.gson.functional.TypeHierarchyAdapterTest-testTypeHierarchy": {
        "energy": 229320.80808080808,
        "duration": 6610794.171717172,
        "dram": 20929.39393939394,
        "iteration": 99,
        "stdev": 355087.2486335079
    },
    "com.google.gson.DefaultInetAddressTypeAdapterTest-testInetAddressSerializationAndDeserialization": {
        "energy": 200072.71717171717,
        "duration": 5873010.7272727275,
        "dram": 18501.40404040404,