{
    "com.google.gson.JsonObjectTest-testDeepCopy": {
        "energy": 73570.97409639502,
        "duration": 1971725.9074927499,
        "dram": 4906.563800589315,
        "iteration": 45
    },
    "com.google.gson.JsonParserTest-testParseMixedArray": {
        "energy": 41785.77887827746,
        "duration": 1392305.1007872978,
        "dram": 4113.441075355204,
        "iteration": 50
    },
    "com.google.gson.JsonParserTest-testParseUnquotedStringArrayFails": {
        "energy": 34070.29566930281,
        "duration": 950287.2064688331,
        "dram": 896.6836647675373,
        "iteration": 32
    },
    "com.google.gson.JsonArrayTest-testDeepCopy": {
        "energy": 52961.82186223102,
        "duration": 1956951.2118781102,
        "dram": 4858.205688134622,
        "iteration": 37
    }
}