{
    "com.google.gson.JsonArrayTest-testDeepCopy": {
        "energy": 43396,
        "duration": 2155248.285714286,
        "dram": 4734.839285714285,
        "iteration": 56,
        "stdev": 25074.87218276145
    },
    "com.google.gson.JsonObjectTest-testDeepCopy": {
        "energy": 37903,
        "duration": 2364185.5897435895,
        "dram": 6470.333333333333,
        "iteration": 39,
        "stdev": 68230.28498268114
    },
    "com.google.gson.JsonParserTest-testParseMixedArray": {
        "energy": 36743,
        "duration": 1597866.7450980393,
        "dram": 4485.274509803921,
        "iteration": 51,
        "stdev": 38131.881835110275
    },
    "com.google.gson.JsonParserTest-testParseUnquotedStringArrayFails": {
        "energy": 39185,
        "duration": 1192380.5526315789,
        "dram": 2670.315789473684,
        "iteration": 38,
        "stdev": 16235.730141677628
    }
}