{
    "com.google.gson.JsonObjectTest-testSize": {
        "energy": 62708.43837581728,
        "duration": 3470905.8822272466,
        "dram": 6249.574826372473,
        "iteration": 99
    }
}