{
    "com.google.gson.JsonObjectTest-testSize": {
        "energy": 81733.30557083384,
        "duration": 3533210.6137228883,
        "dram": 6903.874604797101,
        "iteration": 99
    }
}