{
    "com.google.gson.JsonObjectTest-testSize": {
        "energy": 81103.101010101,
        "duration": 3481739.4444444445,
        "dram": 7456.959595959596,
        "iteration": 99,
        "stdev": 19966.42252266122
    }
}