{
  "energy": 2069.604060913706,
  "instructions": -7456116.802030457,
  "durations": -2783764.8426395943,
  "cycles": -6868013.025380712,
  "caches": -83615.46192893403,
  "cacheMisses": -6486.10152284264,
  "branches": -1624758.5989847719,
  "branchMisses": -51106.35532994925
}