{
  "com.google.gson.internal.bind.JsonElementReaderTest#testBooleans": {
    "energy": 2069.604060913706,
    "instructions": -4577196.42639594,
    "durations": -1566556.7512690357,
    "cycles": -4157166.944162437,
    "caches": -62188.263959390875,
    "cacheMisses": -6509.238578680204,
    "branches": -1001387.9390862946,
    "branchMisses": -33414.09137055838
  },
  "com.google.gson.JsonPrimitiveTest#testEqualsAcrossTypes": {
    "energy": 0.0,
    "instructions": -33131.340101522845,
    "durations": -30440.375634517764,
    "cycles": -93381.10659898477,
    "caches": -4486.48730964467,
    "cacheMisses": -60.31472081218274,
    "branches": -6077.868020304569,
    "branchMisses": -668.1015228426396
  },
  "com.google.gson.functional.JsonArrayTest#testBooleanPrimitiveAddition": {
    "energy": 0.0,
    "instructions": -2845789.035532995,
    "durations": -1186767.7157360406,
    "cycles": -2617464.9746192894,
    "caches": -16940.710659898476,
    "cacheMisses": 83.4517766497462,
    "branches": -617292.7918781725,
    "branchMisses": -17024.162436548224
  }
}