{
    "com.google.gson.functional.ReadersWritersTest-testReadWriteTwoObjects": {
        "energy": 157161.47474747474,
        "duration": 4973604.262626262,
        "dram": 14987.787878787878,
        "iteration": 99,
        "stdev": 162573.62528221137
    },
    "com.google.gson.functional.ReadersWritersTest-testReadWriteTwoStrings": {
        "energy": 107537.57746478873,
        "duration": 3437266.0704225353,
        "dram": 10059.676056338029,
        "iteration": 71,
        "stdev": 115612.00413508677
    },
    "com.google.gson.JsonStreamParserTest-testNoSideEffectForHasNext": {
        "energy": 42283.666666666664,
        "duration": 1022679.6666666666,
        "dram": 3454.4074074074074,
        "iteration": 27,
        "stdev": 22351.23688515462
    },
    "com.google.gson.JsonStreamParserTest-testIterator": {
        "energy": 82208.91489361702,
        "duration": 2451266.787234043,
        "dram": 6790.340425531915,
        "iteration": 47,
        "stdev": 47999.5062199025
    },
    "com.google.gson.JsonStreamParserTest-testCallingNextBeyondAvailableInput": {
        "energy": 40590.818181818184,
        "duration": 830303.5,
        "dram": 2795.0,
        "iteration": 22,
        "stdev": 19142.675683680653
    },
    "com.google.gson.JsonStreamParserTest-testParseTwoStrings": {
        "energy": 92766.71428571429,
        "duration": 3033371.4285714286,
        "dram": 8276.142857142857,
        "iteration": 28,
        "stdev": 49315.54283377397
    }
}