{
    "com.google.gson.functional.ReadersWritersTest-testReadWriteTwoObjects": {
        "energy": 72326,
        "duration": 4274700.636363637,
        "dram": 12587.434343434343,
        "iteration": 99,
        "stdev": 130569.1784661744
    },
    "com.google.gson.JsonStreamParserTest-testNoSideEffectForHasNext": {
        "energy": 36254,
        "duration": 1050157.225,
        "dram": 3203.75,
        "iteration": 40,
        "stdev": 25933.111366925783
    },
    "com.google.gson.functional.ReadersWritersTest-testReadWriteTwoStrings": {
        "energy": 71594,
        "duration": 2929572.4210526315,
        "dram": 8315.105263157895,
        "iteration": 76,
        "stdev": 78746.05837742363
    },
    "com.google.gson.JsonStreamParserTest-testParseTwoStrings": {
        "energy": 91735,
        "duration": 2889013.7586206896,
        "dram": 7444.758620689655,
        "iteration": 29,
        "stdev": 47640.32619962481
    },
    "com.google.gson.JsonStreamParserTest-testCallingNextBeyondAvailableInput": {
        "energy": 37354,
        "duration": 709032.2352941176,
        "dram": 1839.4705882352941,
        "iteration": 17,
        "stdev": 3206.49376252862
    },
    "com.google.gson.JsonStreamParserTest-testIterator": {
        "energy": 118591,
        "duration": 3033033.7,
        "dram": 7959.26,
        "iteration": 50,
        "stdev": 48441.78616749799
    }
}