{
    "com.google.gson.functional.ReadersWritersTest-testReadWriteTwoObjects": {
        "energy": 75989,
        "duration": 4973604.262626262,
        "dram": 14987.787878787878,
        "iteration": 99,
        "stdev": 162573.62528221137
    },
    "com.google.gson.functional.ReadersWritersTest-testReadWriteTwoStrings": {
        "energy": 66162,
        "duration": 3437266.0704225353,
        "dram": 10059.676056338029,
        "iteration": 71,
        "stdev": 115612.00413508677
    },
    "com.google.gson.JsonStreamParserTest-testNoSideEffectForHasNext": {
        "energy": 36254,
        "duration": 1022679.6666666666,
        "dram": 3454.4074074074074,
        "iteration": 27,
        "stdev": 22351.23688515462
    },
    "com.google.gson.JsonStreamParserTest-testIterator": {
        "energy": 46997,
        "duration": 2451266.787234043,
        "dram": 6790.340425531915,
        "iteration": 47,
        "stdev": 47999.5062199025
    },
    "com.google.gson.JsonStreamParserTest-testCallingNextBeyondAvailableInput": {
        "energy": 36560,
        "duration": 830303.5,
        "dram": 2795.0,
        "iteration": 22,
        "stdev": 19142.675683680653
    },
    "com.google.gson.JsonStreamParserTest-testParseTwoStrings": {
        "energy": 120606,
        "duration": 3033371.4285714286,
        "dram": 8276.142857142857,
        "iteration": 28,
        "stdev": 49315.54283377397
    }
}