{
    "com.google.gson.JsonArrayTest-testDeepCopy": {
        "energy": 39772.79337002512,
        "duration": 2431735.948287432,
        "dram": 3571.185123097784,
        "iteration": 99
    }
}