{
    "com.google.gson.EscaperTest-testRequiredEscapingUnicodeCharacter": {
        "energy": 38147,
        "duration": 593021.619047619,
        "dram": 2504.809523809524,
        "iteration": 21,
        "stdev": 2777.446061735554
    },
    "com.google.gson.functional.StringTest-testSingleQuoteInStringSerialization": {
        "energy": 37414,
        "duration": 1039907.2571428572,
        "dram": 2843.1714285714284,
        "iteration": 35,
        "stdev": 16480.089402620582
    },
    "com.google.gson.functional.PrimitiveTest-testHtmlCharacterSerialization": {
        "energy": 35767,
        "duration": 917767.6,
        "dram": 2457.44,
        "iteration": 50,
        "stdev": 4043.2567069628412
    },
    "com.google.gson.DefaultDateTypeAdapterTest-testDatePattern": {
        "energy": 41076,
        "duration": 2892529.24,
        "dram": 9153.466666666667,
        "iteration": 75,
        "stdev": 196885.28380301956
    },
    "com.google.gson.EscaperTest-testGreaterThanAndLessThanEscaping": {
        "energy": 38086,
        "duration": 605553.1923076923,
        "dram": 2451.5,
        "iteration": 26,
        "stdev": 4601.0365511126465
    },
    "com.google.gson.functional.EscapingTest-testGsonAcceptsEscapedAndNonEscapedJsonDeserialization": {
        "energy": 46692,
        "duration": 2054281.797979798,
        "dram": 5715.636363636364,
        "iteration": 99,
        "stdev": 53295.46024652083
    },
    "com.google.gson.functional.EscapingTest-testEscapingObjectFields": {
        "energy": 133056,
        "duration": 4154481.1505376343,
        "dram": 12733.602150537634,
        "iteration": 93,
        "stdev": 120119.22312266585
    },
    "com.google.gson.EscaperTest-testControlCharBlockEscaping": {
        "energy": 37842,
        "duration": 1159251.794117647,
        "dram": 3046.529411764706,
        "iteration": 68,
        "stdev": 6579.513277570248
    },
    "com.google.gson.functional.EscapingTest-testEscapingQuotesInStringArray": {
        "energy": 43824,
        "duration": 5077570.802816901,
        "dram": 15692.18309859155,
        "iteration": 71,
        "stdev": 194718.395390526
    },
    "com.google.gson.EscaperTest-testDoubleQuoteEscaping": {
        "energy": 39795,
        "duration": 827279.25,
        "dram": 2364.3571428571427,
        "iteration": 28,
        "stdev": 3563.3009738663873
    },
    "com.google.gson.EscaperTest-testSingleQuoteEscaping": {
        "energy": 38085,
        "duration": 650682.05,
        "dram": 1983.6,
        "iteration": 20,
        "stdev": 5272.9247792378
    },
    "com.google.gson.functional.StringTest-testEscapingQuotesInStringSerialization": {
        "energy": 37964,
        "duration": 706689.1111111111,
        "dram": 2722.5555555555557,
        "iteration": 36,
        "stdev": 3836.6223172936316
    },
    "com.google.gson.EscaperTest-testParagraphSeparatorEscaping": {
        "energy": 39794,
        "duration": 589324.8571428572,
        "dram": 2265.5714285714284,
        "iteration": 14,
        "stdev": 4104.152541845234
    },
    "com.google.gson.functional.StringTest-testAssignmentCharSerialization": {
        "energy": 38757,
        "duration": 575283.7368421053,
        "dram": 2228.9473684210525,
        "iteration": 19,
        "stdev": 3885.0291920028967
    },
    "com.google.gson.EscaperTest-testAmpersandEscaping": {
        "energy": 39123,
        "duration": 659684.6363636364,
        "dram": 2352.0454545454545,
        "iteration": 22,
        "stdev": 4040.234206859918
    },
    "com.google.gson.EscaperTest-testLineSeparatorEscaping": {
        "energy": 37903,
        "duration": 616210.4230769231,
        "dram": 2187.769230769231,
        "iteration": 26,
        "stdev": 4350.443465968926
    },
    "com.google.gson.functional.SecurityTest-testJsonWithNonExectuableTokenSerialization": {
        "energy": 40038,
        "duration": 814873.3888888889,
        "dram": 2476.8888888888887,
        "iteration": 36,
        "stdev": 4557.592739197842
    },
    "com.google.gson.EscaperTest-testEqualsEscaping": {
        "energy": 39124,
        "duration": 614456.9444444445,
        "dram": 2386.722222222222,
        "iteration": 18,
        "stdev": 3160.2255413533735
    }
}