{
    "com.squareup.javapoet.MethodSpecTest-overrideExtendsOthersWorksWithActualTypeParameters": {
        "energy": 315423.5859375,
        "duration": 8016886.205078125,
        "dram": 27253.41796875
    },
    "com.squareup.javapoet.MethodSpecTest-overrideEverything": {
        "energy": 517275.38671875,
        "duration": 14674882.728515625,
        "dram": 47724.048828125
    },
    "com.squareup.javapoet.MethodSpecTest-overrideDoesNotCopyDefaultModifier": {
        "energy": 295740.681640625,
        "duration": 7582922.0078125,
        "dram": 25661.689453125
    },
    "com.squareup.javapoet.MethodSpecTest-overrideGenerics": {
        "energy": 293609.099609375,
        "duration": 8909090.7265625,
        "dram": 27629.64453125
    },
    "com.squareup.javapoet.MethodSpecTest-overrideDoesNotCopyOverrideAnnotation": {
        "energy": 127926.345703125,
        "duration": 3919801.705078125,
        "dram": 10509.509765625
    },
    "com.squareup.javapoet.ParameterSpecTest-parameterVariableElement": {
        "energy": 132907.734375,
        "duration": 3746785.58984375,
        "dram": 11899.033203125
    },
    "com.squareup.javapoet.MethodSpecTest-equalsAndHashCode": {
        "energy": 2620093.591796875,
        "duration": 77154058.38867188,
        "dram": 261871.328125
    }
}