{
    "com.squareup.javapoet.MethodSpecTest-overrideExtendsOthersWorksWithActualTypeParameters": {
        "energy": 299901.03515625,
        "duration": 7931678.26953125,
        "dram": 26315.46484375
    },
    "com.squareup.javapoet.MethodSpecTest-overrideEverything": {
        "energy": 1692714.990234375,
        "duration": 48487083.82421875,
        "dram": 159572.681640625
    },
    "com.squareup.javapoet.MethodSpecTest-overrideDoesNotCopyDefaultModifier": {
        "energy": 290220.998046875,
        "duration": 7632288.169921875,
        "dram": 25902.818359375
    },
    "com.squareup.javapoet.MethodSpecTest-overrideGenerics": {
        "energy": 177812.671875,
        "duration": 5484482.080078125,
        "dram": 17396.626953125
    },
    "com.squareup.javapoet.MethodSpecTest-overrideDoesNotCopyOverrideAnnotation": {
        "energy": 133447.6640625,
        "duration": 4077051.228515625,
        "dram": 11172.119140625
    },
    "com.squareup.javapoet.ParameterSpecTest-parameterVariableElement": {
        "energy": 129455.470703125,
        "duration": 3769132.2265625,
        "dram": 12814.64453125
    },
    "com.squareup.javapoet.MethodSpecTest-equalsAndHashCode": {
        "energy": 1628536.634765625,
        "duration": 49965651.037109375,
        "dram": 161134.208984375
    }
}