{
    "com.google.gson.functional.DefaultTypeAdaptersTest-testDateSerializationWithPatternNotOverridenByTypeAdapter": {
        "energy": 75612.12842380922,
        "duration": 2572458.043536163,
        "dram": 6973.765194737156,
        "iteration": 99
    },
    "com.google.gson.DefaultDateTypeAdapterTest-testDateDeserializationISO8601": {
        "energy": 370536.03942525515,
        "duration": 10764236.701052895,
        "dram": 31170.708351222027,
        "iteration": 99
    },
    "com.google.gson.DefaultDateTypeAdapterTest-testDatePattern": {
        "energy": 560940.9307360263,
        "duration": 17574992.90555715,
        "dram": 51108.21395567594,
        "iteration": 53
    },
    "com.google.gson.functional.DefaultTypeAdaptersTest-testSqlDateSerialization": {
        "energy": 36828.618076967454,
        "duration": 1261759.741823841,
        "dram": 3063.2269067337797,
        "iteration": 85
    },
    "com.google.gson.functional.DefaultTypeAdaptersTest-testTimestampSerialization": {
        "energy": 35875.3300430019,
        "duration": 1369894.2982812598,
        "dram": 3216.7939711812787,
        "iteration": 97
    },
    "com.google.gson.DefaultDateTypeAdapterTest-testDateSerialization": {
        "energy": 38375.976434557044,
        "duration": 1157641.3385063927,
        "dram": 3297.461944548753,
        "iteration": 67
    },
    "com.google.gson.functional.DefaultTypeAdaptersTest-testDateDeserializationWithPattern": {
        "energy": 69745.93203946698,
        "duration": 2716595.079942703,
        "dram": 6341.297006259598,
        "iteration": 99
    },
    "com.google.gson.functional.DefaultTypeAdaptersTest-testDateSerializationInCollection": {
        "energy": 83720.18612366891,
        "duration": 2645769.0065043797,
        "dram": 7951.5399541570605,
        "iteration": 99
    },
    "com.google.gson.functional.DefaultTypeAdaptersTest-testDateSerializationWithPattern": {
        "energy": 399566.54795521847,
        "duration": 13115473.022235112,
        "dram": 39679.308660139824,
        "iteration": 91
    }
}