{
    "com.google.gson.functional.DefaultTypeAdaptersTest-testDateSerializationWithPatternNotOverridenByTypeAdapter": {
        "energy": 71534.4035386925,
        "duration": 2460098.089860487,
        "dram": 6810.743677521946,
        "iteration": 99
    },
    "com.google.gson.functional.DefaultTypeAdaptersTest-testDateSerializationWithPattern": {
        "energy": 678685.3330119168,
        "duration": 21803999.020886112,
        "dram": 64974.34445750922,
        "iteration": 91
    },
    "com.google.gson.DefaultDateTypeAdapterTest-testDateDeserializationISO8601": {
        "energy": 375911.4144988615,
        "duration": 10204997.82843747,
        "dram": 32622.225701291136,
        "iteration": 99
    },
    "com.google.gson.functional.DefaultTypeAdaptersTest-testSqlDateSerialization": {
        "energy": 35448.93236393258,
        "duration": 1211632.181297414,
        "dram": 2812.5147776283557,
        "iteration": 90
    },
    "com.google.gson.functional.DefaultTypeAdaptersTest-testTimestampSerialization": {
        "energy": 36506.24126771861,
        "duration": 1355218.306117151,
        "dram": 5193.428980320536,
        "iteration": 93
    },
    "com.google.gson.DefaultDateTypeAdapterTest-testDateSerialization": {
        "energy": 35670.84549604636,
        "duration": 970484.7762611404,
        "dram": 3170.312887123452,
        "iteration": 55
    },
    "com.google.gson.functional.DefaultTypeAdaptersTest-testDateDeserializationWithPattern": {
        "energy": 67252.23963985738,
        "duration": 2546391.1311409394,
        "dram": 6312.55017003475,
        "iteration": 99
    },
    "com.google.gson.functional.DefaultTypeAdaptersTest-testDateSerializationInCollection": {
        "energy": 94598.50392851056,
        "duration": 2596171.5566732497,
        "dram": 8752.294391232037,
        "iteration": 99
    },
    "com.google.gson.DefaultDateTypeAdapterTest-testDatePattern": {
        "energy": 82569.25627337546,
        "duration": 2379887.2271781997,
        "dram": 6165.2566422620575,
        "iteration": 65
    }
}