{
    "com.google.gson.functional.MapAsArrayTypeAdapterTest-testMultipleEnableComplexKeyRegistrationHasNoEffect": {
        "energy": 38147,
        "duration": 1597120.4040404041,
        "dram": 3911.5555555555557,
        "iteration": 99,
        "stdev": 16728.015365291318
    },
    "com.google.gson.functional.ExclusionStrategyFunctionalTest-testExclusionStrategyWithMode": {
        "energy": 38330,
        "duration": 1554787.0909090908,
        "dram": 3738.7954545454545,
        "iteration": 88,
        "stdev": 10591.038010572895
    },
    "com.google.gson.functional.ParameterizedTypesTest-testParameterizedTypeWithCustomSerializer": {
        "energy": 82397,
        "duration": 4144603.787878788,
        "dram": 11181.747474747475,
        "iteration": 99,
        "stdev": 110877.27226107763
    },
    "com.google.gson.functional.MapAsArrayTypeAdapterTest-testSerializeComplexMapWithTypeAdapter": {
        "energy": 111877,
        "duration": 9557105.292929294,
        "dram": 28814.60606060606,
        "iteration": 99,
        "stdev": 567254.9872721764
    },
    "com.google.gson.functional.JsonTreeTest-testJsonTreeToString": {
        "energy": 63964,
        "duration": 2879056.8333333335,
        "dram": 7835.989583333333,
        "iteration": 96,
        "stdev": 51202.4891285916
    },
    "com.google.gson.functional.TypeHierarchyAdapterTest-testTypeHierarchy": {
        "energy": 190856,
        "duration": 15796196.464646464,
        "dram": 47986.57575757576,
        "iteration": 99,
        "stdev": 693548.2008515779
    },
    "com.google.gson.functional.JsonTreeTest-testToJsonTreeObjectType": {
        "energy": 62927,
        "duration": 3962078.425531915,
        "dram": 10894.148936170213,
        "iteration": 94,
        "stdev": 116379.92775142542
    },
    "com.google.gson.functional.MoreSpecificTypeSerializationTest-testMapOfSubclassFields": {
        "energy": 38086,
        "duration": 1770732.6153846155,
        "dram": 4380.208791208791,
        "iteration": 91,
        "stdev": 26650.955127600588
    },
    "com.google.gson.functional.MapAsArrayTypeAdapterTest-testMapWithTypeVariableSerialization": {
        "energy": 37903,
        "duration": 1612462.142857143,
        "dram": 3860.7755102040815,
        "iteration": 98,
        "stdev": 14598.627005554788
    },
    "com.google.gson.functional.MapTest-testMapSerializationWithIntegerKeys": {
        "energy": 33508,
        "duration": 1107938.6129032257,
        "dram": 2680.516129032258,
        "iteration": 62,
        "stdev": 3363.16282575016
    },
    "com.google.gson.functional.JsonTreeTest-testToJsonTree": {
        "energy": 35706,
        "duration": 932117.0980392157,
        "dram": 2873.078431372549,
        "iteration": 51,
        "stdev": 3195.1104376778735
    }
}