{
    "org.apache.commons.io.file.PathUtilsTest-testNewDirectoryStream": {
        "energy": 551903.928833029,
        "duration": 15955591.028399495,
        "dram": 52485.290509689
    },
    "org.apache.commons.io.FileUtilsTestCase-testIterateFiles": {
        "energy": 128241.7716546776,
        "duration": 4366651.6456287755,
        "dram": 14180.080252524182
    },
    "org.apache.commons.io.filefilter.FileFilterTestCase-testSuffix": {
        "energy": 31106.98017460812,
        "duration": 1449997.8147984724,
        "dram": 3446.367560310108
    },
    "org.apache.commons.io.FileUtilsTestCase-testListFiles": {
        "energy": 160877.14165791738,
        "duration": 4959460.853314633,
        "dram": 19796.983960808728
    },
    "org.apache.commons.io.filefilter.FileFilterTestCase-testDeprecatedWildcard": {
        "energy": 95851.92518164075,
        "duration": 3241698.965869979,
        "dram": 9840.47258752622
    },
    "org.apache.commons.io.filefilter.NameFileFilterTest-testJavadocExampleUsingNio": {
        "energy": 1697232.7904464127,
        "duration": 60458382.55939901,
        "dram": 153046.40964538182
    },
    "org.apache.commons.io.filefilter.FileFilterTestCase-testNameFilter": {
        "energy": 446196.27333557815,
        "duration": 13993539.822510585,
        "dram": 44030.416938313654
    },
    "org.apache.commons.io.FileUtilsTestCase-testIterateFilesAndDirs": {
        "energy": 86473.77528126852,
        "duration": 3136598.1037999634,
        "dram": 10601.574657753948
    },
    "org.apache.commons.io.filefilter.FileFilterTestCase-testFileEqualsFilter": {
        "energy": 66880.80348859022,
        "duration": 2264599.7740407186,
        "dram": 6630.635556413481
    },
    "org.apache.commons.io.FileUtilsListFilesTestCase-testListFilesByExtension": {
        "energy": 35472.33295359998,
        "duration": 2620344.670405958,
        "dram": 3692.1319964497316
    },
    "org.apache.commons.io.filefilter.FileFilterTestCase-testFilterArray_PathVisitorFileFilter_FileExistsNo": {
        "energy": 139235.91717260817,
        "duration": 5157654.640774883,
        "dram": 15606.914096108172
    },
    "org.apache.commons.io.filefilter.FileFilterTestCase-testPathEqualsFilter": {
        "energy": 61888.12302238529,
        "duration": 1506076.887964021,
        "dram": 6390.499870280297
    },
    "org.apache.commons.io.FileUtilsTestCase-testListFilesWithDirs": {
        "energy": 471546.3177789433,
        "duration": 13973117.788880805,
        "dram": 45461.12793228467
    },
    "org.apache.commons.io.filefilter.FileFilterTestCase-testWildcard": {
        "energy": 78840.50458240346,
        "duration": 2355692.9684336428,
        "dram": 7746.16634185496
    },
    "org.apache.commons.io.filefilter.FileFilterTestCase-testPrefix": {
        "energy": 31853.97306390591,
        "duration": 3353220.418678157,
        "dram": 5223.741796087836
    },
    "org.apache.commons.io.file.DirectoryStreamFilterTest-testFilterByNameNot": {
        "energy": 58268.02020798769,
        "duration": 2208822.7246151315,
        "dram": 5698.374248473794
    },
    "org.apache.commons.io.file.DirectoryStreamFilterTest-testFilterByName": {
        "energy": 516299.86451105017,
        "duration": 16133666.01118856,
        "dram": 48364.829079700714
    },
    "org.apache.commons.io.filefilter.NameFileFilterTest-testNoCounting": {
        "energy": 30507.56535859635,
        "duration": 1104790.7774199713,
        "dram": 2579.3224838343745
    },
    "org.apache.commons.io.filefilter.FileFilterTestCase-testPrefixCaseInsensitive": {
        "energy": 33092.95410238378,
        "duration": 1070034.1192902671,
        "dram": 3339.6232747843173
    },
    "org.apache.commons.io.filefilter.FileFilterTestCase-testFilterArray_PathVisitorFileFilter_FileExistsYes": {
        "energy": 121461.07797489638,
        "duration": 4092491.753607927,
        "dram": 13288.373664591276
    },
    "org.apache.commons.io.FileUtilsDirectoryContainsTestCase-testCanonicalPath": {
        "energy": 33521.409084573694,
        "duration": 1119031.9328131038,
        "dram": 3724.6223864514136
    },
    "org.apache.commons.io.FileUtilsDirectoryContainsTestCase-testDirectoryDoesNotContainsDirectory": {
        "energy": 164085.9102356076,
        "duration": 6061634.4597166125,
        "dram": 16458.654557445436
    },
    "org.apache.commons.io.FileUtilsListFilesTestCase-testListFiles": {
        "energy": 500186.2629743413,
        "duration": 16575403.974575266,
        "dram": 52462.0315820289
    },
    "org.apache.commons.io.FileUtilsListFilesTestCase-testIterateFilesByExtension": {
        "energy": 173698.7764599151,
        "duration": 5991020.277646061,
        "dram": 19505.98776664047
    },
    "org.apache.commons.io.FileUtilsDirectoryContainsTestCase-testDirectoryContainsFile": {
        "energy": 36969.59955951209,
        "duration": 638600.0278528613,
        "dram": 1538.107712907291
    },
    "org.apache.commons.io.IOCaseTestCase-test_checkStartsWith_case": {
        "energy": 462670.31201053807,
        "duration": 14111896.787287321,
        "dram": 42840.84102925559
    },
    "org.apache.commons.io.FileUtilsDirectoryContainsTestCase-testDirectoryContainsDirectory": {
        "energy": 32274.658769124435,
        "duration": 765941.3982561334,
        "dram": 2334.889288246017
    },
    "org.apache.commons.io.IOCaseTestCase-test_checkStartsWith_functionality": {
        "energy": 31876.445110038614,
        "duration": 948490.1052903421,
        "dram": 2740.7300254802926
    },
    "org.apache.commons.io.FileUtilsDirectoryContainsTestCase-testDirectoryDoesNotContainFile": {
        "energy": 34874.57757292764,
        "duration": 767915.3056485254,
        "dram": 1431.0576153214588
    }
}