{
    "org.apache.commons.io.file.PathUtilsTest-testNewDirectoryStream": {
        "energy": 582537.7685818132,
        "duration": 16780866.8188149,
        "dram": 53135.05737709524,
        "iteration": 99
    },
    "org.apache.commons.io.FileUtilsTestCase-testIterateFiles": {
        "energy": 144363.11235719116,
        "duration": 3931864.050863414,
        "dram": 14180.635767359796,
        "iteration": 99
    },
    "org.apache.commons.io.filefilter.FileFilterTestCase-testSuffix": {
        "energy": 38743.19902998631,
        "duration": 1633175.992329556,
        "dram": 4294.845864845438,
        "iteration": 99
    },
    "org.apache.commons.io.FileUtilsTestCase-testListFiles": {
        "energy": 168311.01660195243,
        "duration": 4663666.713477753,
        "dram": 17473.82332081446,
        "iteration": 99
    },
    "org.apache.commons.io.filefilter.FileFilterTestCase-testDeprecatedWildcard": {
        "energy": 116005.05847740354,
        "duration": 3476515.979154185,
        "dram": 8771.538261907743,
        "iteration": 99
    },
    "org.apache.commons.io.filefilter.NameFileFilterTest-testJavadocExampleUsingNio": {
        "energy": 1702990.8888274264,
        "duration": 54022572.23822746,
        "dram": 145285.00718572421,
        "iteration": 99
    },
    "org.apache.commons.io.filefilter.FileFilterTestCase-testNameFilter": {
        "energy": 438586.7556678575,
        "duration": 14254927.116470184,
        "dram": 42569.67464893564,
        "iteration": 99
    },
    "org.apache.commons.io.FileUtilsTestCase-testIterateFilesAndDirs": {
        "energy": 86765.44120874479,
        "duration": 3226507.81919598,
        "dram": 11145.557481809077,
        "iteration": 99
    },
    "org.apache.commons.io.filefilter.FileFilterTestCase-testFileEqualsFilter": {
        "energy": 61243.51301812018,
        "duration": 2485272.9582945374,
        "dram": 5578.058242201298,
        "iteration": 99
    },
    "org.apache.commons.io.FileUtilsListFilesTestCase-testListFilesByExtension": {
        "energy": 38031.78564889962,
        "duration": 2553722.53357128,
        "dram": 2495.144614875037,
        "iteration": 99
    },
    "org.apache.commons.io.filefilter.FileFilterTestCase-testFilterArray_PathVisitorFileFilter_FileExistsNo": {
        "energy": 169584.9917228698,
        "duration": 5769038.225756493,
        "dram": 16224.719446051113,
        "iteration": 99
    },
    "org.apache.commons.io.FileUtilsDirectoryContainsTestCase-testDirectoryDoesNotContainFile": {
        "energy": 28564.11065039084,
        "duration": 1136177.7993984378,
        "dram": 3026.1887174590925,
        "iteration": 47
    },
    "org.apache.commons.io.filefilter.FileFilterTestCase-testPathEqualsFilter": {
        "energy": 31256.034270803655,
        "duration": 1519175.4497482171,
        "dram": 3099.468584460069,
        "iteration": 99
    },
    "org.apache.commons.io.FileUtilsTestCase-testListFilesWithDirs": {
        "energy": 547471.2188380557,
        "duration": 15630181.390680972,
        "dram": 55700.81751745479,
        "iteration": 99
    },
    "org.apache.commons.io.filefilter.FileFilterTestCase-testWildcard": {
        "energy": 56387.35828519314,
        "duration": 2365441.12600655,
        "dram": 7252.508161789088,
        "iteration": 99
    },
    "org.apache.commons.io.filefilter.FileFilterTestCase-testPrefix": {
        "energy": 32413.74732853045,
        "duration": 2108953.4354475923,
        "dram": 6160.979496563379,
        "iteration": 66
    },
    "org.apache.commons.io.file.DirectoryStreamFilterTest-testFilterByNameNot": {
        "energy": 62993.701693891955,
        "duration": 2120401.566721288,
        "dram": 3427.4430628379714,
        "iteration": 99
    },
    "org.apache.commons.io.file.DirectoryStreamFilterTest-testFilterByName": {
        "energy": 539396.2625742912,
        "duration": 16911491.7380816,
        "dram": 43698.18115473572,
        "iteration": 99
    },
    "org.apache.commons.io.filefilter.NameFileFilterTest-testNoCounting": {
        "energy": 30053.594487753937,
        "duration": 1098079.6802639107,
        "dram": 859.349954905543,
        "iteration": 76
    },
    "org.apache.commons.io.filefilter.FileFilterTestCase-testPrefixCaseInsensitive": {
        "energy": 40239.12833106218,
        "duration": 1228628.5718981917,
        "dram": 3279.0046555517865,
        "iteration": 79
    },
    "org.apache.commons.io.filefilter.FileFilterTestCase-testFilterArray_PathVisitorFileFilter_FileExistsYes": {
        "energy": 122456.34911490195,
        "duration": 4664840.675961285,
        "dram": 12334.05002234491,
        "iteration": 99
    },
    "org.apache.commons.io.FileUtilsDirectoryContainsTestCase-testCanonicalPath": {
        "energy": 30014.706060681943,
        "duration": 1531613.277084187,
        "dram": 3457.1241138344712,
        "iteration": 78
    },
    "org.apache.commons.io.FileUtilsDirectoryContainsTestCase-testDirectoryDoesNotContainsDirectory": {
        "energy": 201866.89372076278,
        "duration": 7398470.7387803085,
        "dram": 16693.46736872596,
        "iteration": 99
    },
    "org.apache.commons.io.FileUtilsListFilesTestCase-testListFiles": {
        "energy": 505767.23563878227,
        "duration": 18123610.606031336,
        "dram": 49127.859805997556,
        "iteration": 99
    },
    "org.apache.commons.io.FileUtilsListFilesTestCase-testIterateFilesByExtension": {
        "energy": 169842.57302366546,
        "duration": 6438159.520019583,
        "dram": 14491.96825246104,
        "iteration": 99
    },
    "org.apache.commons.io.FileUtilsDirectoryContainsTestCase-testDirectoryContainsFile": {
        "energy": 35037.207916969506,
        "duration": 924591.7274608293,
        "dram": 3644.808567730004,
        "iteration": 41
    },
    "org.apache.commons.io.IOCaseTestCase-test_checkStartsWith_case": {
        "energy": 594967.8752618986,
        "duration": 17093228.33999574,
        "dram": 52048.415535100736,
        "iteration": 99
    },
    "org.apache.commons.io.FileUtilsDirectoryContainsTestCase-testDirectoryContainsDirectory": {
        "energy": 31672.71979337353,
        "duration": 1200052.4453586228,
        "dram": 3194.791014261845,
        "iteration": 55
    },
    "org.apache.commons.io.IOCaseTestCase-test_checkStartsWith_functionality": {
        "energy": 31510.461015230034,
        "duration": 730612.8767766369,
        "dram": 784.6992170902574,
        "iteration": 43
    }
}