{
    "com.google.gson.functional.PrimitiveTest-testNumberDeserialization": {
        "energy": 74696.25,
        "duration": 2972449.565217391,
        "dram": 7264.826086956522,
        "iteration": 92,
        "stdev": 39289.56814048432
    },
    "com.google.gson.JavaSerializationTest-testNumberIsSerializable": {
        "energy": 675002.7070707071,
        "duration": 21407548.98989899,
        "dram": 65762.58585858585,
        "iteration": 99,
        "stdev": 54604.13066945319
    }
}