{
    "com.google.gson.functional.PrimitiveTest-testNumberDeserialization": {
        "energy": 80030.18478260869,
        "duration": 3149669.5760869565,
        "dram": 7566.695652173913,
        "iteration": 92,
        "stdev": 41452.688579593065
    },
    "com.google.gson.JavaSerializationTest-testNumberIsSerializable": {
        "energy": 673336.2626262626,
        "duration": 21192783.414141413,
        "dram": 66021.32323232324,
        "iteration": 99,
        "stdev": 51848.404813735666
    }
}