{
  "energy": 490345.84210526315,
  "instructions": 4.1267016673684206E9,
  "durations": 2.854371688342105E9,
  "cycles": 3.881321534526317E9,
  "caches": 1.0294296026315792E7,
  "cacheMisses": 490345.84210526315,
  "branches": 7.200073284736841E8,
  "branchMisses": 8930554.184210528
}