{
  "com.google.gson.functional.CustomTypeAdaptersTest#testCustomTypeAdapterAppliesToSubClassesSerializedAsBaseClass": {
    "energy": 383.55263157894734,
    "instructions": 1266085.1315789472,
    "durations": 1926992.6315789472,
    "cycles": 1035003.1578947367,
    "caches": -11998.157894736842,
    "cacheMisses": 383.55263157894734,
    "branches": 215598.81578947368,
    "branchMisses": 49.21052631578947
  },
  "com.google.gson.functional.JsonParserTest#testBadTypeForDeserializingCustomTree": {
    "energy": 1301.4736842105262,
    "instructions": 5764220.2105263155,
    "durations": 6592757.052631578,
    "cycles": 5509591.578947368,
    "caches": -5535.578947368421,
    "cacheMisses": 1301.4736842105262,
    "branches": 1026251.3684210526,
    "branchMisses": 6824.0
  },
  "com.google.gson.functional.CircularReferenceTest#testSelfReferenceCustomHandlerSerialization": {
    "energy": 474678.94736842107,
    "instructions": 4.080485004605263E9,
    "durations": 2.797088294E9,
    "cycles": 3.837894449052632E9,
    "caches": 1.056093355263158E7,
    "cacheMisses": 474678.94736842107,
    "branches": 7.119247696578947E8,
    "branchMisses": 8920793.02631579
  },
  "com.google.gson.JsonObjectTest#testAddingBooleanProperties": {
    "energy": 93.26315789473684,
    "instructions": 362697.0,
    "durations": 452797.63157894736,
    "cycles": 336779.36842105264,
    "caches": 754.3684210526316,
    "cacheMisses": 93.26315789473684,
    "branches": 63270.10526315789,
    "branchMisses": 776.6842105263157
  },
  "com.google.gson.JsonObjectTest#testAddingCharacterProperties": {
    "energy": 42.39473684210526,
    "instructions": 108391.65789473684,
    "durations": 228784.02631578947,
    "cycles": 92514.31578947368,
    "caches": 275.6842105263158,
    "cacheMisses": 42.39473684210526,
    "branches": 17663.552631578947,
    "branchMisses": 238.36842105263156
  },
  "com.google.gson.functional.CustomTypeAdaptersTest#testEnsureCustomSerializerNotInvokedForNullValues": {
    "energy": 4479.026315789474,
    "instructions": -4093566.921052632,
    "durations": 4833056.684210527,
    "cycles": -4787799.7894736845,
    "caches": -168090.42105263157,
    "cacheMisses": 4479.026315789474,
    "branches": -827015.0263157896,
    "branchMisses": -47016.31578947369
  },
  "com.google.gson.functional.JsonParserTest#testBadFieldTypeForDeserializingCustomTree": {
    "energy": 720.0,
    "instructions": 5222304.421052631,
    "durations": 5790580.631578947,
    "cycles": 4331792.842105263,
    "caches": -59177.26315789473,
    "cacheMisses": 720.0,
    "branches": 904277.4736842104,
    "branchMisses": -6436.631578947368
  },
  "com.google.gson.functional.JsonParserTest#testBadFieldTypeForCustomDeserializerCustomTree": {
    "energy": 1220.2105263157894,
    "instructions": 5211178.105263158,
    "durations": 6692630.736842105,
    "cycles": 4721340.631578947,
    "caches": -13369.684210526315,
    "cacheMisses": 1220.2105263157894,
    "branches": 916234.1052631579,
    "branchMisses": 3536.4210526315787
  },
  "com.google.gson.functional.PrintFormattingTest#testJsonObjectWithNullValuesSerialized": {
    "energy": 936.1578947368422,
    "instructions": 4348386.552631579,
    "durations": 4567946.842105263,
    "cycles": 4242306.315789474,
    "caches": 6377.973684210527,
    "cacheMisses": 936.1578947368422,
    "branches": 771034.2894736843,
    "branchMisses": 8618.5
  },
  "com.google.gson.functional.CustomSerializerTest#testBaseClassSerializerInvokedForBaseClassFields": {
    "energy": 523.6578947368421,
    "instructions": 1761339.105263158,
    "durations": 2324330.3947368423,
    "cycles": 1467200.8421052631,
    "caches": -7935.0526315789475,
    "cacheMisses": 523.6578947368421,
    "branches": 304535.86842105264,
    "branchMisses": -184.39473684210526
  },
  "com.google.gson.internal.bind.JsonTreeReaderTest#testSkipValue_filledJsonObject": {
    "energy": 3848.2105263157896,
    "instructions": 1.6802763157894738E7,
    "durations": 1.4348516684210528E7,
    "cycles": 1.7274440842105266E7,
    "caches": -17533.42105263158,
    "cacheMisses": 3848.2105263157896,
    "branches": 2999008.421052632,
    "branchMisses": 26559.473684210527
  },
  "com.google.gson.functional.PrintFormattingTest#testJsonObjectWithNullValues": {
    "energy": 979.0,
    "instructions": 5343023.921052632,
    "durations": 4689436.631578947,
    "cycles": 5356532.210526316,
    "caches": 8404.289473684212,
    "cacheMisses": 979.0,
    "branches": 966735.8684210527,
    "branchMisses": 11090.026315789473
  },
  "com.google.gson.JsonObjectTest#testAddingStringProperties": {
    "energy": 569.9736842105264,
    "instructions": 2326955.9210526315,
    "durations": 2510294.0789473685,
    "cycles": 2274603.157894737,
    "caches": 4668.0526315789475,
    "cacheMisses": 569.9736842105264,
    "branches": 413688.0,
    "branchMisses": 5015.71052631579
  },
  "com.google.gson.functional.CustomSerializerTest#testSubClassSerializerInvokedForBaseClassFieldsHoldingSubClassInstances": {
    "energy": 569.9736842105264,
    "instructions": 1792884.5,
    "durations": 2325270.3157894737,
    "cycles": 1572780.0,
    "caches": -3478.315789473684,
    "cacheMisses": 569.9736842105264,
    "branches": 311275.97368421056,
    "branchMisses": 690.1052631578948
  }
}