{
    "com.google.gson.functional.DefaultTypeAdaptersTest-testBadValueForBigDecimalDeserialization": {
        "energy": 37641.78700839967,
        "duration": 921583.9636278909,
        "dram": 3496.745884462045,
        "iteration": 49
    },
    "com.google.gson.functional.RuntimeTypeAdapterFactoryFunctionalTest-testSubclassesAutomaticallySerialzed": {
        "energy": 146230.4198178365,
        "duration": 3757325.048646466,
        "dram": 13393.177417091134,
        "iteration": 99
    },
    "com.google.gson.functional.JsonAdapterAnnotationOnFieldsTest-testClassAnnotationAdapterFactoryTakesPrecedenceOverDefault": {
        "energy": 52536.43716887107,
        "duration": 2130604.19968696,
        "dram": 5089.05823740901,
        "iteration": 99
    },
    "com.google.gson.functional.JsonAdapterAnnotationOnFieldsTest-testJsonAdapterWrappedInNullSafeAsRequested": {
        "energy": 39742.264812979374,
        "duration": 1089279.1138253147,
        "dram": 3520.2464036768215,
        "iteration": 70
    },
    "com.google.gson.functional.InheritanceTest-testSubClassDeserialization": {
        "energy": 67592.77851166675,
        "duration": 1896048.8309022174,
        "dram": 6193.473635183553,
        "iteration": 62
    },
    "com.google.gson.functional.JsonAdapterAnnotationOnFieldsTest-testClassAnnotationAdapterTakesPrecedenceOverDefault": {
        "energy": 71462.09948270381,
        "duration": 2409511.611419613,
        "dram": 6715.097482982823,
        "iteration": 94
    },
    "com.google.gson.functional.NamingPolicyTest-testGsonWithUpperCamelCaseSpacesPolicyDeserialiation": {
        "energy": 37951.341837632455,
        "duration": 617220.4912864788,
        "dram": 3355.1185001706745,
        "iteration": 52
    },
    "com.google.gson.functional.SerializedNameTest-testMultipleNamesDeserializedCorrectly": {
        "energy": 40255.99245546384,
        "duration": 782555.9715792452,
        "dram": 1643.9267042490214,
        "iteration": 64
    },
    "com.google.gson.functional.SerializedNameTest-testMultipleNamesInTheSameString": {
        "energy": 226928.8738945899,
        "duration": 7439884.583329924,
        "dram": 21831.734118203465,
        "iteration": 39
    },
    "com.google.gson.functional.NamingPolicyTest-testGsonWithNonDefaultFieldNamingPolicyDeserialiation": {
        "energy": 93009.47582019871,
        "duration": 3124743.279724819,
        "dram": 8476.282710615726,
        "iteration": 46
    },
    "com.google.gson.functional.NamingPolicyTest-testComplexFieldNameStrategy": {
        "energy": 34287.56178152059,
        "duration": 1085489.4696809412,
        "dram": 3347.498612069865,
        "iteration": 82
    },
    "com.google.gson.functional.JsonAdapterAnnotationOnFieldsTest-testRegisteredTypeAdapterTakesPrecedenceOverClassAnnotationAdapter": {
        "energy": 51616.31827970168,
        "duration": 1945379.4771416285,
        "dram": 4963.967066584939,
        "iteration": 72
    },
    "com.google.gson.functional.InheritanceTest-testSubInterfacesOfCollectionDeserialization": {
        "energy": 39878.57662880362,
        "duration": 1272628.5592702504,
        "dram": 3639.8657177814184,
        "iteration": 90
    },
    "com.google.gson.functional.CollectionTest-testSetDeserialization": {
        "energy": 40188.69392351302,
        "duration": 1480643.720436825,
        "dram": 5362.828508546506,
        "iteration": 79
    },
    "com.google.gson.functional.CollectionTest-testWildcardCollectionField": {
        "energy": 64372.22792956505,
        "duration": 2537354.7401726753,
        "dram": 5842.772049568485,
        "iteration": 95
    },
    "com.google.gson.functional.MapTest-testComplexKeysDeserialization": {
        "energy": 44224.06758590326,
        "duration": 1246163.0740343048,
        "dram": 3635.2084817624373,
        "iteration": 74
    },
    "com.google.gson.functional.NamingPolicyTest-testGsonWithLowerCaseUnderscorePolicyDeserialiation": {
        "energy": 36181.43905706183,
        "duration": 902988.1406026334,
        "dram": 3367.5514829437166,
        "iteration": 47
    },
    "com.google.gson.functional.JsonAdapterAnnotationOnFieldsTest-testFieldAnnotationTakesPrecedenceOverClassAnnotation": {
        "energy": 36671.703750656685,
        "duration": 1669327.1197388875,
        "dram": 3327.6307397945357,
        "iteration": 90
    },
    "com.google.gson.functional.JsonAdapterAnnotationOnFieldsTest-testJsonAdapterInvokedOnlyForAnnotatedFields": {
        "energy": 38400.401848160545,
        "duration": 1400548.2950747348,
        "dram": 3799.6703289176935,
        "iteration": 84
    },
    "com.google.gson.functional.JsonAdapterAnnotationOnFieldsTest-testFieldAnnotationTakesPrecedenceOverRegisteredTypeAdapter": {
        "energy": 35459.58281151773,
        "duration": 1616524.0192102818,
        "dram": 3263.6348536170335,
        "iteration": 94
    },
    "com.google.gson.functional.CustomDeserializerTest-testCustomDeserializerReturnsNull": {
        "energy": 43485.03934252028,
        "duration": 888510.8222270072,
        "dram": 3561.6564765749335,
        "iteration": 55
    },
    "com.google.gson.functional.StreamingTypeAdaptersTest-testDeserialize": {
        "energy": 35535.85025997821,
        "duration": 669200.8678125679,
        "dram": 2675.121172909392,
        "iteration": 34
    },
    "com.google.gson.functional.InstanceCreatorTest-testInstanceCreatorReturnsSubTypeForField": {
        "energy": 40236.945649907575,
        "duration": 1355922.4845968462,
        "dram": 3824.6163310308193,
        "iteration": 69
    },
    "com.google.gson.regression.JsonAdapterNullSafeTest-testNullSafeBugDeserialize": {
        "energy": 102908.21221236643,
        "duration": 4112102.3972986983,
        "dram": 9476.03792776442,
        "iteration": 49
    },
    "com.google.gson.functional.StreamingTypeAdaptersTest-testFromJsonTree": {
        "energy": 52724.369947510335,
        "duration": 1352800.330478579,
        "dram": 3114.6865270019807,
        "iteration": 50
    },
    "com.google.gson.functional.NamingPolicyTest-testGsonWithLowerCaseDashPolicyDeserialiation": {
        "energy": 34770.37538821158,
        "duration": 827443.1193950957,
        "dram": 1821.1895561758747,
        "iteration": 41
    },
    "com.google.gson.functional.DefaultTypeAdaptersTest-testBigIntegerFieldDeserialization": {
        "energy": 33872.253864340266,
        "duration": 841548.3246492941,
        "dram": 3140.0715930080332,
        "iteration": 38
    },
    "com.google.gson.functional.ExposeFieldsTest-testExposedInterfaceFieldDeserialization": {
        "energy": 37136.10734002286,
        "duration": 774476.9607976155,
        "dram": 3542.158497891156,
        "iteration": 35
    },
    "com.google.gson.functional.ExposeFieldsTest-testExposeAnnotationDeserialization": {
        "energy": 37579.325752711025,
        "duration": 957166.297255001,
        "dram": 1824.3819340663517,
        "iteration": 56
    },
    "com.google.gson.functional.DefaultTypeAdaptersTest-testBigDecimalFieldDeserialization": {
        "energy": 39776.03676796041,
        "duration": 942254.0835246781,
        "dram": 1239.0116445896929,
        "iteration": 51
    },
    "com.google.gson.functional.CustomTypeAdaptersTest-testEnsureCustomDeserializerNotInvokedForNullValues": {
        "energy": 30590.076414637002,
        "duration": 1111167.10427419,
        "dram": 3276.5927746967163,
        "iteration": 55
    },
    "com.google.gson.functional.ObjectTest-testBagOfPrimitiveWrappersDeserialization": {
        "energy": 118503.96456867068,
        "duration": 3914709.3535330715,
        "dram": 10747.87922277441,
        "iteration": 44
    }
}