{
    "com.google.gson.functional.NullObjectAndFieldTest-testExplicitSerializationOfNullStringMembers": {
        "energy": 35156,
        "duration": 1725899.612244898,
        "dram": 5357.163265306122,
        "iteration": 49,
        "stdev": 158975.9145785113
    },
    "com.google.gson.functional.NullObjectAndFieldTest-testTopLevelNullObjectDeserialization": {
        "energy": 174804,
        "duration": 5173491.367647059,
        "dram": 14832.89705882353,
        "iteration": 68,
        "stdev": 66258.43036119793
    },
    "com.google.gson.functional.ReadersWritersTest-testTopLevelNullObjectDeserializationWithReader": {
        "energy": 92285,
        "duration": 3259722.606060606,
        "dram": 9073.454545454546,
        "iteration": 33,
        "stdev": 71368.93130134723
    },
    "com.google.gson.functional.NullObjectAndFieldTest-testExplicitSerializationOfNullArrayMembers": {
        "energy": 104370,
        "duration": 3629900.663265306,
        "dram": 10255.040816326531,
        "iteration": 98,
        "stdev": 24937.178495771463
    },
    "com.google.gson.functional.NullObjectAndFieldTest-testExplicitSerializationOfNullCollectionMembers": {
        "energy": 35217,
        "duration": 913024.4,
        "dram": 2807.86,
        "iteration": 50,
        "stdev": 3349.4727932019387
    },
    "com.google.gson.functional.ReadersWritersTest-testTopLevelNullObjectDeserializationWithReaderAndSerializeNulls": {
        "energy": 37963,
        "duration": 2775456.1794871795,
        "dram": 7858.74358974359,
        "iteration": 39,
        "stdev": 78414.7730703714
    }
}