{
    "com.google.gson.functional.JsonTreeTest-testToJsonTreeObjectType": {
        "energy": 119728.5625,
        "duration": 3752209.2875,
        "dram": 10459.9875,
        "iteration": 80,
        "stdev": 106021.02470616899
    },
    "com.google.gson.functional.JsonTreeTest-testToJsonTree": {
        "energy": 208513.57692307694,
        "duration": 6538013.153846154,
        "dram": 18709.73076923077,
        "iteration": 78,
        "stdev": 91194.24055792336
    },
    "com.google.gson.JsonObjectTest-testAddingAndRemovingObjectProperties": {
        "energy": 67588.6,
        "duration": 2578021.325,
        "dram": 5436.05,
        "iteration": 40,
        "stdev": 33851.3514832126
    }
}