{
    "com.google.gson.functional.StreamingTypeAdaptersTest-testFromJsonTree": {
        "energy": 207519,
        "duration": 6581588.777777778,
        "dram": 18877.0,
        "iteration": 9,
        "stdev": 20413.80954944441
    },
    "com.google.gson.functional.JsonParserTest-testBadTypeForDeserializingCustomTree": {
        "energy": 74157,
        "duration": 2663376.5555555555,
        "dram": 7180.444444444444,
        "iteration": 9,
        "stdev": 16183.334119083018
    },
    "com.google.gson.internal.bind.JsonElementReaderTest-testLenientNansAndInfinities": {
        "energy": 108093,
        "duration": 3236845.777777778,
        "dram": 8960.777777777777,
        "iteration": 9,
        "stdev": 14598.869155427208
    },
    "com.google.gson.functional.ReadersWritersTest-testReadWriteTwoObjects": {
        "energy": 178406,
        "duration": 5149438.777777778,
        "dram": 15657.0,
        "iteration": 9,
        "stdev": 6519.067281614926
    },
    "com.google.gson.internal.bind.JsonElementReaderTest-testStrictNansAndInfinities": {
        "energy": 94482,
        "duration": 2722390.888888889,
        "dram": 7774.222222222223,
        "iteration": 9,
        "stdev": 20118.83741824384
    },
    "com.google.gson.functional.RuntimeTypeAdapterFactoryFunctionalTest-testSubclassesAutomaticallySerialzed": {
        "energy": 389220,
        "duration": 11895888.888888888,
        "dram": 35203.77777777778,
        "iteration": 9,
        "stdev": 24936.265783189683
    },
    "com.google.gson.internal.bind.JsonElementReaderTest-testArray": {
        "energy": 68359,
        "duration": 2495591.888888889,
        "dram": 6859.333333333333,
        "iteration": 9,
        "stdev": 9820.197992774074
    },
    "com.google.gson.internal.bind.JsonElementReaderTest-testObject": {
        "energy": 121337,
        "duration": 3002675.111111111,
        "dram": 9434.888888888889,
        "iteration": 9,
        "stdev": 28851.6424874256
    },
    "com.google.gson.JsonParserTest-testReadWriteTwoObjects": {
        "energy": 427306,
        "duration": 10639480.222222222,
        "dram": 35018.444444444445,
        "iteration": 9,
        "stdev": 31674.038806583976
    },
    "com.google.gson.internal.bind.JsonElementReaderTest-testEmptyArray": {
        "energy": 74951,
        "duration": 1768795.888888889,
        "dram": 4459.0,
        "iteration": 9,
        "stdev": 22134.638092956768
    },
    "com.google.gson.internal.bind.JsonElementReaderTest-testNestedObjects": {
        "energy": 89783,
        "duration": 2468063.5555555555,
        "dram": 6750.777777777777,
        "iteration": 9,
        "stdev": 19833.36115404211
    },
    "com.google.gson.internal.bind.JsonElementReaderTest-testStrings": {
        "energy": 85693,
        "duration": 2289127.888888889,
        "dram": 6777.777777777777,
        "iteration": 9,
        "stdev": 21716.457445909542
    },
    "com.google.gson.internal.bind.JsonElementReaderTest-testNestedArrays": {
        "energy": 85327,
        "duration": 2211767.777777778,
        "dram": 5426.111111111111,
        "iteration": 9,
        "stdev": 30764.11933758683
    },
    "com.google.gson.internal.bind.JsonElementReaderTest-testSkipValue": {
        "energy": 88928,
        "duration": 2735360.888888889,
        "dram": 7583.555555555556,
        "iteration": 9,
        "stdev": 27443.91814205206
    },
    "com.google.gson.functional.PrimitiveTest-testPrimitiveClassLiteral": {
        "energy": 77087,
        "duration": 2501079.3333333335,
        "dram": 6434.555555555556,
        "iteration": 9,
        "stdev": 12218.63901414657
    },
    "com.google.gson.functional.ExclusionStrategyFunctionalTest-testExclusionStrategyWithMode": {
        "energy": 356261,
        "duration": 10221678.555555556,
        "dram": 31623.222222222223,
        "iteration": 9,
        "stdev": 47338.121771875245
    },
    "com.google.gson.internal.bind.JsonElementReaderTest-testNumbersFromStrings": {
        "energy": 84900,
        "duration": 2292066.4444444445,
        "dram": 6191.333333333333,
        "iteration": 9,
        "stdev": 22104.213896902103
    },
    "com.google.gson.internal.bind.JsonElementReaderTest-testBooleans": {
        "energy": 82642,
        "duration": 2271291.111111111,
        "dram": 6181.222222222223,
        "iteration": 9,
        "stdev": 22228.758058863885
    },
    "com.google.gson.internal.bind.JsonElementReaderTest-testNulls": {
        "energy": 44738,
        "duration": 1909914.7777777778,
        "dram": 4437.111111111111,
        "iteration": 9,
        "stdev": 20851.274508223327
    },
    "com.google.gson.functional.CustomDeserializerTest-testJsonTypeFieldBasedDeserialization": {
        "energy": 336547,
        "duration": 9900591.666666666,
        "dram": 29685.444444444445,
        "iteration": 9,
        "stdev": 36362.378774948695
    },
    "com.google.gson.internal.bind.JsonElementReaderTest-testEarlyClose": {
        "energy": 70679,
        "duration": 2843016.6666666665,
        "dram": 8508.222222222223,
        "iteration": 9,
        "stdev": 18479.266447682505
    },
    "com.google.gson.functional.JsonParserTest-testBadFieldTypeForCustomDeserializerCustomTree": {
        "energy": 158386,
        "duration": 3804927.4444444445,
        "dram": 11922.333333333334,
        "iteration": 9,
        "stdev": 24786.505341853426
    },
    "com.google.gson.internal.bind.JsonElementReaderTest-testWrongType": {
        "energy": 122864,
        "duration": 3523711.3333333335,
        "dram": 9234.444444444445,
        "iteration": 9,
        "stdev": 14498.713356282837
    },
    "com.google.gson.internal.bind.JsonElementReaderTest-testNumbers": {
        "energy": 81359,
        "duration": 2646790.0,
        "dram": 6087.555555555556,
        "iteration": 9,
        "stdev": 5969.743415293864
    },
    "com.google.gson.functional.JsonParserTest-testChangingCustomTreeAndDeserializing": {
        "energy": 80139,
        "duration": 3002911.777777778,
        "dram": 8076.777777777777,
        "iteration": 9,
        "stdev": 21334.996282986827
    },
    "com.google.gson.internal.bind.JsonElementReaderTest-testEmptyObject": {
        "energy": 839170,
        "duration": 25495115.777777776,
        "dram": 78030.11111111111,
        "iteration": 9,
        "stdev": 98260.77513433322
    },
    "com.google.gson.internal.bind.JsonElementReaderTest-testStringsFromNumbers": {
        "energy": 69457,
        "duration": 2048231.6666666667,
        "dram": 4877.666666666667,
        "iteration": 9,
        "stdev": 15312.813306444532
    },
    "com.google.gson.functional.TypeHierarchyAdapterTest-testTypeHierarchy": {
        "energy": 462279,
        "duration": 13501017.222222222,
        "dram": 40256.0,
        "iteration": 9,
        "stdev": 52334.082936127124
    },
    "com.google.gson.functional.ReadersWritersTest-testReadWriteTwoStrings": {
        "energy": 79895,
        "duration": 2569544.888888889,
        "dram": 6749.111111111111,
        "iteration": 9,
        "stdev": 16829.63684826397
    },
    "com.google.gson.functional.ExclusionStrategyFunctionalTest-testExclusionStrategyDeserialization": {
        "energy": 199951,
        "duration": 5676125.444444444,
        "dram": 17586.444444444445,
        "iteration": 9,
        "stdev": 24417.128054798835
    },
    "com.google.gson.functional.MapTest-testMapNamePromotionWithJsonElementReader": {
        "energy": 230224,
        "duration": 6148727.0,
        "dram": 19133.444444444445,
        "iteration": 9,
        "stdev": 27988.219880849254
    },
    "com.google.gson.functional.JsonParserTest-testBadFieldTypeForDeserializingCustomTree": {
        "energy": 122741,
        "duration": 3282062.888888889,
        "dram": 9581.333333333334,
        "iteration": 9,
        "stdev": 15940.810556865561
    },