{
    "com.google.gson.functional.JsonParserTest-testBadTypeForDeserializingCustomTree": {
        "energy": 68394.17647058824,
        "duration": 2173369.838235294,
        "dram": 5803.632352941177,
        "iteration": 68,
        "stdev": 85614.90306564298
    },
    "com.google.gson.functional.JsonParserTest-testBadFieldTypeForDeserializingCustomTree": {
        "energy": 45767.35365853659,
        "duration": 1504498.219512195,
        "dram": 3839.512195121951,
        "iteration": 82,
        "stdev": 16386.98630931737
    },
    "com.google.gson.functional.JsonParserTest-testBadFieldTypeForCustomDeserializerCustomTree": {
        "energy": 36091.61818181818,
        "duration": 1071165.7272727273,
        "dram": 2666.890909090909,
        "iteration": 55,
        "stdev": 4410.520424830979
    },
    "com.google.gson.functional.UncategorizedTest-testInvalidJsonDeserializationFails": {
        "energy": 131568.0987654321,
        "duration": 4339962.530864198,
        "dram": 12469.666666666666,
        "iteration": 81,
        "stdev": 133935.75447958228
    }
}