{
    "com.google.gson.functional.CustomDeserializerTest-testDefaultConstructorNotCalledOnField": {
        "energy": 38024,
        "duration": 948053.08,
        "dram": 2881.88,
        "iteration": 50,
        "stdev": 4079.7769243428006
    },
    "com.google.gson.functional.ObjectTest-testNullObjectFieldsDeserialization": {
        "energy": 33814,
        "duration": 893620.6666666666,
        "dram": 3229.8333333333335,
        "iteration": 30,
        "stdev": 18624.419223308832
    },
    "com.google.gson.functional.EnumTest-testEnumFieldDeserialization": {
        "energy": 38513,
        "duration": 2117491.268656716,
        "dram": 5975.044776119403,
        "iteration": 67,
        "stdev": 90597.5490755406
    },
    "com.google.gson.functional.DefaultTypeAdaptersTest-testUrlDeserialization": {
        "energy": 37659,
        "duration": 1092607.4444444445,
        "dram": 3733.9555555555557,
        "iteration": 45,
        "stdev": 41988.66595526952
    },
    "com.google.gson.functional.NullObjectAndFieldTest-testExplicitDeserializationOfNulls": {
        "energy": 39367,
        "duration": 1127820.641509434,
        "dram": 3384.811320754717,
        "iteration": 53,
        "stdev": 15949.500615548073
    },
    "com.google.gson.functional.ObjectTest-testArrayOfArraysDeserialization": {
        "energy": 39368,
        "duration": 1679883.7894736843,
        "dram": 4493.747368421053,
        "iteration": 95,
        "stdev": 17832.85870362602
    },
    "com.google.gson.functional.ParameterizedTypesTest-testVariableTypeArrayDeserialization": {
        "energy": 36682,
        "duration": 1417242.4081632653,
        "dram": 3756.5408163265306,
        "iteration": 98,
        "stdev": 12999.70336003786
    },
    "com.google.gson.functional.VersioningTest-testVersionedGsonMixingSinceAndUntilDeserialization": {
        "energy": 36377,
        "duration": 1167838.2894736843,
        "dram": 3140.5131578947367,
        "iteration": 76,
        "stdev": 8614.316539609996
    },
    "com.google.gson.functional.ObjectTest-testStringFieldWithNumberValueDeserialization": {
        "energy": 36194,
        "duration": 1258558.0555555555,
        "dram": 3638.625,
        "iteration": 72,
        "stdev": 16908.211809978933
    },
    "com.google.gson.functional.ObjectTest-testSubInterfacesOfCollectionDeserialization": {
        "energy": 35949,
        "duration": 2038816.606741573,
        "dram": 5991.741573033708,
        "iteration": 89,
        "stdev": 104431.32280236487
    },
    "com.google.gson.functional.ArrayTest-testArrayOfStringsDeserialization": {
        "energy": 37353,
        "duration": 608559.4347826086,
        "dram": 2622.304347826087,
        "iteration": 23,
        "stdev": 3964.184436870642
    },
    "com.google.gson.functional.ParameterizedTypesTest-testParameterizedTypeWithReaderDeserialization": {
        "energy": 36621,
        "duration": 1190236.6219512196,
        "dram": 3087.2195121951218,
        "iteration": 82,
        "stdev": 7366.521993433821
    },
    "com.google.gson.functional.NamingPolicyTest-testGsonWithSerializedNameFieldNamingPolicyDeserialization": {
        "energy": 36011,
        "duration": 943007.6857142857,
        "dram": 3233.942857142857,
        "iteration": 35,
        "stdev": 10221.533801434967
    },
    "com.google.gson.functional.DefaultTypeAdaptersTest-testUrlNullDeserialization": {
        "energy": 36743,
        "duration": 864129.8367346938,
        "dram": 2821.3469387755104,
        "iteration": 49,
        "stdev": 6789.8262959761605
    },
    "com.google.gson.functional.VersioningTest-testVersionedClassesDeserialization": {
        "energy": 36011,
        "duration": 1024211.9230769231,
        "dram": 3061.6769230769232,
        "iteration": 65,
        "stdev": 4867.696263831904
    },
    "com.google.gson.functional.ObjectTest-testPrimitiveArrayInAnObjectDeserialization": {
        "energy": 34851,
        "duration": 848200.1379310344,
        "dram": 2956.2586206896553,
        "iteration": 58,
        "stdev": 7322.877873133457
    },
    "com.google.gson.functional.ParameterizedTypesTest-testVariableTypeDeserialization": {
        "energy": 36255,
        "duration": 1342181.9462365592,
        "dram": 3553.3870967741937,
        "iteration": 93,
        "stdev": 11669.420983659973
    },
    "com.google.gson.functional.ObjectTest-testNullArraysDeserialization": {
        "energy": 34790,
        "duration": 986278.625,
        "dram": 2886.8958333333335,
        "iteration": 48,
        "stdev": 7721.4340737855155
    },
    "com.google.gson.functional.ParameterizedTypesTest-testParameterizedTypeGenericArraysDeserialization": {
        "energy": 36438,
        "duration": 1477707.4020618557,
        "dram": 3701.773195876289,
        "iteration": 97,
        "stdev": 14528.953810049066
    },
    "com.google.gson.functional.ParameterizedTypesTest-testParameterizedTypeDeserialization": {
        "energy": 36682,
        "duration": 2034498.2666666666,
        "dram": 5493.7,
        "iteration": 90,
        "stdev": 76369.25515245882
    },
    "com.google.gson.functional.ConcurrencyTest-testMultiThreadDeserialization": {
        "energy": 364440,
        "duration": 10345332.545454545,
        "dram": 32283.81818181818,
        "iteration": 99,
        "stdev": 89710.62125621416
    },
    "com.google.gson.functional.EscapingTest-testEscapingObjectFields": {
        "energy": 38696,
        "duration": 1590709.7837837837,
        "dram": 4713.6621621621625,
        "iteration": 74,
        "stdev": 46918.398259729445
    },
    "com.google.gson.functional.ObjectTest-testClassWithEnumFieldDeserialization": {
        "energy": 35767,
        "duration": 672564.6285714286,
        "dram": 2749.1714285714284,
        "iteration": 35,
        "stdev": 2872.917026299228
    },
    "com.google.gson.functional.ConcurrencyTest-testSingleThreadDeserialization": {
        "energy": 72693,
        "duration": 2295636.9595959596,
        "dram": 6177.232323232323,
        "iteration": 99,
        "stdev": 45619.34860751457
    },
    "com.google.gson.functional.ExposeFieldsTest-testExposedInterfaceFieldDeserialization": {
        "energy": 38269,
        "duration": 736691.90625,
        "dram": 2759.625,
        "iteration": 32,
        "stdev": 4058.1320980224386
    },
    "com.google.gson.functional.CollectionTest-testWildcardCollectionField": {
        "energy": 43274,
        "duration": 1888253.0303030303,
        "dram": 5050.838383838384,
        "iteration": 99,
        "stdev": 23544.981247369597
    },
    "com.google.gson.functional.EscapingTest-testEscapingQuotesInStringArray": {
        "energy": 38635,
        "duration": 2561597.6585365855,
        "dram": 7922.414634146341,
        "iteration": 41,
        "stdev": 133749.51476288636
    },
    "com.google.gson.functional.ExposeFieldsTest-testExposeAnnotationDeserialization": {
        "energy": 39062,
        "duration": 1398685.9069767443,
        "dram": 4569.3488372093025,
        "iteration": 43,
        "stdev": 50325.61497941965
    },
    "com.google.gson.functional.ParameterizedTypesTest-testVariableTypeFieldsAndGenericArraysDeserialization": {
        "energy": 67932,
        "duration": 2135934.8484848486,
        "dram": 5813.525252525253,
        "iteration": 99,
        "stdev": 20541.521325731257
    },
    "com.google.gson.functional.ParameterizedTypesTest-testTypesWithMultipleParametersDeserialization": {
        "energy": 40954,
        "duration": 1636674.819148936,
        "dram": 4351.574468085107,
        "iteration": 94,
        "stdev": 20597.868287457262
    },
    "com.google.gson.functional.ObjectTest-testJsonInSingleQuotesDeserialization": {
        "energy": 37293,
        "duration": 2187125.0545454547,
        "dram": 6677.181818181818,
        "iteration": 55,
        "stdev": 122764.54135655763
    },