{
    "com.google.gson.functional.DefaultTypeAdaptersTest-testDateSerializationWithPattern": {
        "energy": 36222.206896551725,
        "duration": 1019866.948275862,
        "dram": 2967.9310344827586,
        "iteration": 58,
        "stdev": 3309.2692065366564
    },
    "com.google.gson.DefaultDateTypeAdapterTest-testDatePattern": {
        "energy": 230976.85714285713,
        "duration": 6888920.015873016,
        "dram": 20585.603174603173,
        "iteration": 63,
        "stdev": 316807.98230788857
    },
    "com.google.gson.functional.DefaultTypeAdaptersTest-testDefaultDateDeserializationUsingBuilder": {
        "energy": 33745.5306122449,
        "duration": 1284619.8673469387,
        "dram": 3050.816326530612,
        "iteration": 98,
        "stdev": 3111.644555681067
    },
    "com.google.gson.functional.DefaultTypeAdaptersTest-testDefaultDateSerialization": {
        "energy": 41196.150684931505,
        "duration": 1455010.506849315,
        "dram": 3294.1643835616437,
        "iteration": 73,
        "stdev": 29501.418184007787
    },
    "com.google.gson.functional.DefaultTypeAdaptersTest-testDefaultDateDeserialization": {
        "energy": 177299.9696969697,
        "duration": 5752080.282828283,
        "dram": 16846.39393939394,
        "iteration": 99,
        "stdev": 62238.53711058566
    },
    "com.google.gson.functional.DefaultTypeAdaptersTest-testDefaultDateSerializationUsingBuilder": {
        "energy": 33502.93103448276,
        "duration": 965789.775862069,
        "dram": 2843.948275862069,
        "iteration": 58,
        "stdev": 2887.830989311868
    },
    "com.google.gson.functional.DefaultTypeAdaptersTest-testDateDeserializationWithPattern": {
        "energy": 41937.857142857145,
        "duration": 1243380.9682539683,
        "dram": 3553.4920634920636,
        "iteration": 63,
        "stdev": 43302.167321343426
    },
    "com.google.gson.DefaultDateTypeAdapterTest-testDateSerialization": {
        "energy": 117687.85185185185,
        "duration": 3388600.296296296,
        "dram": 9971.0,
        "iteration": 54,
        "stdev": 195536.79449652965
    }
}