{
    "com.google.gson.functional.DefaultTypeAdaptersTest-testDateSerializationWithPattern": {
        "energy": 35400,
        "duration": 1028532.7704918033,
        "dram": 2921.7868852459014,
        "iteration": 61,
        "stdev": 4116.973211614878
    },
    "com.google.gson.DefaultDateTypeAdapterTest-testDatePattern": {
        "energy": 156677,
        "duration": 8656014.260869564,
        "dram": 26948.608695652172,
        "iteration": 69,
        "stdev": 390943.7964022118
    },
    "com.google.gson.DefaultDateTypeAdapterTest-testDateSerialization": {
        "energy": 37231,
        "duration": 3175555.553846154,
        "dram": 9933.092307692308,
        "iteration": 65,
        "stdev": 159691.64565499348
    },
    "com.google.gson.functional.DefaultTypeAdaptersTest-testDateDeserializationWithPattern": {
        "energy": 34790,
        "duration": 1829269.8769230768,
        "dram": 5124.123076923077,
        "iteration": 65,
        "stdev": 89655.71763220304
    },
    "com.google.gson.functional.DefaultTypeAdaptersTest-testDefaultDateDeserialization": {
        "energy": 168030,
        "duration": 5769430.818181818,
        "dram": 17096.484848484848,
        "iteration": 99,
        "stdev": 72448.6135600608
    },
    "com.google.gson.functional.DefaultTypeAdaptersTest-testDefaultDateDeserializationUsingBuilder": {
        "energy": 33325,
        "duration": 1450058.752688172,
        "dram": 3647.94623655914,
        "iteration": 93,
        "stdev": 40090.51329645773
    },
    "com.google.gson.functional.DefaultTypeAdaptersTest-testDefaultDateSerialization": {
        "energy": 34667,
        "duration": 1288966.9852941176,
        "dram": 3150.676470588235,
        "iteration": 68,
        "stdev": 5045.931217276052
    },
    "com.google.gson.functional.DefaultTypeAdaptersTest-testDefaultDateSerializationUsingBuilder": {
        "energy": 33752,
        "duration": 977852.0161290322,
        "dram": 2860.6129032258063,
        "iteration": 62,
        "stdev": 6091.6344425221005
    }
}