{
    "com.google.gson.functional.CustomTypeAdaptersTest-testCustomAdapterInvokedForMapElementDeserialization": {
        "energy": 40714.075,
        "duration": 1154144.075,
        "dram": 3274.4,
        "iteration": 80,
        "stdev": 9760.435667498403
    },
    "com.google.gson.functional.MapTest-testSerializeMaps": {
        "energy": 44370.4623655914,
        "duration": 1468834.559139785,
        "dram": 4151.043010752688,
        "iteration": 93,
        "stdev": 16911.84777143771
    },
    "com.google.gson.functional.MapTest-testMapSerializationWithNullValues": {
        "energy": 52651.53164556962,
        "duration": 1653249.8101265824,
        "dram": 4945.7468354430375,
        "iteration": 79,
        "stdev": 27869.694966758027
    },
    "com.google.gson.functional.MapTest-testInterfaceTypeMapWithSerializer": {
        "energy": 70740.29292929293,
        "duration": 2268075.1616161615,
        "dram": 6581.0,
        "iteration": 99,
        "stdev": 18991.303457509242
    },
    "com.google.gson.functional.MapTest-testMapDeserializationWithIntegerKeys": {
        "energy": 35666.32,
        "duration": 902958.84,
        "dram": 3202.4,
        "iteration": 50,
        "stdev": 3781.6487115542604
    },
    "com.google.gson.functional.MapTest-testMapSerializationEmpty": {
        "energy": 36650.016393442624,
        "duration": 917779.7540983607,
        "dram": 3047.3278688524592,
        "iteration": 61,
        "stdev": 3443.941515715051
    },
    "com.google.gson.functional.MapTest-testMapOfMapDeserialization": {
        "energy": 35227.1129032258,
        "duration": 948460.8548387097,
        "dram": 3138.8064516129034,
        "iteration": 62,
        "stdev": 3468.2819075845996
    },
    "com.google.gson.functional.MapAsArrayTypeAdapterTest-testMultipleEnableComplexKeyRegistrationHasNoEffect": {
        "energy": 41175.544444444444,
        "duration": 1351991.9666666666,
        "dram": 3556.5333333333333,
        "iteration": 90,
        "stdev": 11673.443762242869
    },
    "com.google.gson.functional.MapTest-testMapDeserializationWithNullKey": {
        "energy": 36611.76666666667,
        "duration": 956063.1666666666,
        "dram": 3064.633333333333,
        "iteration": 60,
        "stdev": 4339.42373811188
    },
    "com.google.gson.functional.MapTest-testMapStandardSubclassDeserialization": {
        "energy": 35406.079365079364,
        "duration": 938841.7619047619,
        "dram": 3074.6031746031745,
        "iteration": 63,
        "stdev": 3720.4006496211114
    },
    "com.google.gson.functional.TypeVariableTest-testAdvancedTypeVariables": {
        "energy": 213404.2626262626,
        "duration": 6244800.414141414,
        "dram": 20019.515151515152,
        "iteration": 99,
        "stdev": 466331.7945254916
    },
    "com.google.gson.functional.MapTest-testReadMapsWithEmptyStringKey": {
        "energy": 35255.30357142857,
        "duration": 822144.7321428572,
        "dram": 3252.125,
        "iteration": 56,
        "stdev": 3373.2277353112345
    },
    "com.google.gson.functional.MapTest-testMapSerializationWithNullValuesSerialized": {
        "energy": 34761.02380952381,
        "duration": 746757.8333333334,
        "dram": 2740.9761904761904,
        "iteration": 42,
        "stdev": 2960.0644659010804
    },
    "com.google.gson.functional.MapTest-testMapSubclassDeserialization": {
        "energy": 40277.64935064935,
        "duration": 1249249.038961039,
        "dram": 3677.5714285714284,
        "iteration": 77,
        "stdev": 12900.838664740695
    },
    "com.google.gson.functional.JsonParserTest-testExtraCommasInMaps": {
        "energy": 38915.08571428571,
        "duration": 1311892.9142857143,
        "dram": 3298.7,
        "iteration": 70,
        "stdev": 6946.420286208794
    },
    "com.google.gson.functional.MapTest-testMapSerializationWithIntegerKeys": {
        "energy": 36141.03921568627,
        "duration": 881091.9803921569,
        "dram": 3167.0196078431372,
        "iteration": 51,
        "stdev": 4283.721915512551
    },
    "com.google.gson.functional.ObjectTest-testDateAsMapObjectField": {
        "energy": 246085.73626373627,
        "duration": 7482448.142857143,
        "dram": 23289.69230769231,
        "iteration": 91,
        "stdev": 217140.4364487674
    },
    "com.google.gson.functional.MapTest-testParameterizedMapSubclassDeserialization": {
        "energy": 36067.10769230769,
        "duration": 994070.9384615384,
        "dram": 3037.0,
        "iteration": 65,
        "stdev": 3804.2083544131724
    },
    "com.google.gson.functional.MapAsArrayTypeAdapterTest-testMapWithTypeVariableDeserialization": {
        "energy": 42784.846153846156,
        "duration": 1405233.076923077,
        "dram": 3801.934065934066,
        "iteration": 91,
        "stdev": 12840.99586696656
    },
    "com.google.gson.functional.MapTest-testGeneralMapField": {
        "energy": 36208.01298701299,
        "duration": 1065783.6103896103,
        "dram": 3006.0779220779223,
        "iteration": 77,
        "stdev": 5632.679961198391
    },
    "com.google.gson.functional.MapTest-testMapSerializationWithNullValueButSerializeNulls": {
        "energy": 36926.1875,
        "duration": 959356.8125,
        "dram": 2859.21875,
        "iteration": 64,
        "stdev": 4134.611937182709
    },
    "com.google.gson.functional.MapAsArrayTypeAdapterTest-testSerializeComplexMapWithTypeAdapter": {
        "energy": 304194.1313131313,
        "duration": 9026418.131313132,
        "dram": 29115.434343434343,
        "iteration": 99,
        "stdev": 562723.7272295385
    },
    "com.google.gson.functional.MapTest-testInterfaceTypeMap": {
        "energy": 119962.71717171717,
        "duration": 3689509.383838384,
        "dram": 11568.666666666666,
        "iteration": 99,
        "stdev": 41722.861788218645
    },
    "com.google.gson.functional.MapTest-testMapSerializationWithWildcardValues": {
        "energy": 47712.666666666664,
        "duration": 1655823.111111111,
        "dram": 4743.454545454545,
        "iteration": 99,
        "stdev": 16355.773593394586
    },
    "com.google.gson.functional.PrettyPrintingTest-testMap": {
        "energy": 60221.67441860465,
        "duration": 1704447.441860465,
        "dram": 5097.976744186047,
        "iteration": 43,
        "stdev": 57879.34337380106
    },
    "com.google.gson.functional.MapTest-testMapDeserialization": {
        "energy": 57500.82191780822,
        "duration": 1656716.98630137,
        "dram": 5360.630136986301,
        "iteration": 73,
        "stdev": 40316.06627240083
    },
    "com.google.gson.functional.MoreSpecificTypeSerializationTest-testListOfParameterizedSubclassFields": {
        "energy": 39341.348837209305,
        "duration": 1285238.2209302327,
        "dram": 3573.720930232558,
        "iteration": 86,
        "stdev": 7868.620723329785
    },
    "com.google.gson.functional.MapTest-testParameterizedMapSubclassSerialization": {
        "energy": 62743.9595959596,
        "duration": 2057195.878787879,
        "dram": 5681.212121212121,
        "iteration": 99,
        "stdev": 19544.591422103284
    },
    "com.google.gson.DefaultMapJsonSerializerTest-testNonEmptyMapSerialization": {
        "energy": 54939.72972972973,
        "duration": 1649011.6756756757,
        "dram": 5196.378378378378,
        "iteration": 74,
        "stdev": 53742.31315350238
    },
    "com.google.gson.functional.MoreSpecificTypeSerializationTest-testMapOfParameterizedSubclassFields": {
        "energy": 38130.125,
        "duration": 1170558.9875,
        "dram": 3207.85,
        "iteration": 80,
        "stdev": 6137.810388027232
    },
    "com.google.gson.functional.MoreSpecificTypeSerializationTest-testListOfSubclassFields": {
        "energy": 53844.760869565216,
        "duration": 1737306.9347826086,
        "dram": 4767.467391304348,
        "iteration": 92,
        "stdev": 26257.264109347605
    },