{
    "com.google.gson.functional.CustomTypeAdaptersTest-testCustomAdapterInvokedForMapElementDeserialization": {
        "energy": 37658,
        "duration": 1199219.6833333333,
        "dram": 3790.05,
        "iteration": 60,
        "stdev": 10556.817882245054
    },
    "com.google.gson.functional.MapTest-testSerializeMaps": {
        "energy": 39734,
        "duration": 1516054.6224489796,
        "dram": 4157.969387755102,
        "iteration": 98,
        "stdev": 13790.076982031162
    },
    "com.google.gson.functional.PrettyPrintingTest-testEmptyMapField": {
        "energy": 39733,
        "duration": 1173101.5764705883,
        "dram": 3428.6823529411763,
        "iteration": 85,
        "stdev": 8478.199155097433
    },
    "com.google.gson.functional.MapTest-testMapSerializationWithNullValues": {
        "energy": 40832,
        "duration": 1856640.4722222222,
        "dram": 5601.972222222223,
        "iteration": 72,
        "stdev": 30046.189824217847
    },
    "com.google.gson.functional.MapTest-testInterfaceTypeMapWithSerializer": {
        "energy": 73303,
        "duration": 2248709.131313131,
        "dram": 6542.959595959596,
        "iteration": 99,
        "stdev": 20151.54056121028
    },
    "com.google.gson.functional.MapTest-testMapDeserializationWithIntegerKeys": {
        "energy": 37170,
        "duration": 949229.131147541,
        "dram": 2980.4262295081967,
        "iteration": 61,
        "stdev": 4474.034051370699
    },
    "com.google.gson.functional.CustomTypeAdaptersTest-testCustomAdapterInvokedForMapElementSerializationWithType": {
        "energy": 39795,
        "duration": 1304475.7857142857,
        "dram": 3940.9285714285716,
        "iteration": 70,
        "stdev": 12170.151651697119
    },
    "com.google.gson.functional.MapTest-testMapOfMapDeserialization": {
        "energy": 35767,
        "duration": 917095.9705882353,
        "dram": 3188.0,
        "iteration": 68,
        "stdev": 4065.942703736638
    },
    "com.google.gson.functional.MapAsArrayTypeAdapterTest-testMultipleEnableComplexKeyRegistrationHasNoEffect": {
        "energy": 39062,
        "duration": 1319372.4222222222,
        "dram": 3788.511111111111,
        "iteration": 90,
        "stdev": 13100.399176276185
    },
    "com.google.gson.functional.MapTest-testMapDeserializationWithNullKey": {
        "energy": 37293,
        "duration": 890918.5344827586,
        "dram": 2912.637931034483,
        "iteration": 58,
        "stdev": 4163.985157275647
    },
    "com.google.gson.functional.TypeVariableTest-testAdvancedTypeVariables": {
        "energy": 88683,
        "duration": 6848630.151515151,
        "dram": 21750.171717171717,
        "iteration": 99,
        "stdev": 501042.8635681753
    },
    "com.google.gson.functional.MapTest-testMapSerializationWithNullValuesSerialized": {
        "energy": 35522,
        "duration": 715872.1315789474,
        "dram": 3016.8947368421054,
        "iteration": 38,
        "stdev": 3584.698916798972
    },
    "com.google.gson.functional.MapTest-testMapSubclassDeserialization": {
        "energy": 38208,
        "duration": 1311512.3918918918,
        "dram": 4061.0810810810813,
        "iteration": 74,
        "stdev": 14894.575935592533
    },
    "com.google.gson.functional.ObjectTest-testDateAsMapObjectField": {
        "energy": 409789,
        "duration": 7853411.695652174,
        "dram": 24149.880434782608,
        "iteration": 92,
        "stdev": 217249.0429221608
    },
    "com.google.gson.functional.MapAsArrayTypeAdapterTest-testMapWithTypeVariableDeserialization": {
        "energy": 39489,
        "duration": 1357260.3666666667,
        "dram": 3906.5,
        "iteration": 90,
        "stdev": 13904.299866068608
    },
    "com.google.gson.functional.MapTest-testGeneralMapField": {
        "energy": 37475,
        "duration": 1052318.28,
        "dram": 3295.6133333333332,
        "iteration": 75,
        "stdev": 7468.797929162809
    },
    "com.google.gson.functional.MapTest-testMapSerializationWithNullValueButSerializeNulls": {
        "energy": 37171,
        "duration": 966493.9122807018,
        "dram": 3278.4912280701756,
        "iteration": 57,
        "stdev": 3751.3818632147427
    },
    "com.google.gson.functional.MapAsArrayTypeAdapterTest-testSerializeComplexMapWithTypeAdapter": {
        "energy": 103881,
        "duration": 7575461.252525252,
        "dram": 24109.282828282827,
        "iteration": 99,
        "stdev": 507822.9970431436
    },
    "com.google.gson.functional.MapTest-testInterfaceTypeMap": {
        "energy": 111938,
        "duration": 3642258.0303030303,
        "dram": 11196.949494949495,
        "iteration": 99,
        "stdev": 40768.23076452577
    },
    "com.google.gson.functional.MapTest-testMapSerializationWithWildcardValues": {
        "energy": 40771,
        "duration": 1698767.7857142857,
        "dram": 4871.938775510204,
        "iteration": 98,
        "stdev": 17432.340719515152
    },
    "com.google.gson.functional.MapTest-testMapDeserialization": {
        "energy": 40406,
        "duration": 1647653.6625,
        "dram": 4984.7375,
        "iteration": 80,
        "stdev": 37546.74609262931
    },
    "com.google.gson.functional.MoreSpecificTypeSerializationTest-testListOfParameterizedSubclassFields": {
        "energy": 38635,
        "duration": 1229178.8705882353,
        "dram": 3365.211764705882,
        "iteration": 85,
        "stdev": 9646.455986372623
    },
    "com.google.gson.functional.MapTest-testParameterizedMapSubclassSerialization": {
        "energy": 61768,
        "duration": 1870560.2323232323,
        "dram": 5223.828282828283,
        "iteration": 99,
        "stdev": 18620.97060494368
    },
    "com.google.gson.DefaultMapJsonSerializerTest-testNonEmptyMapSerialization": {
        "energy": 39368,
        "duration": 1007738.8939393939,
        "dram": 3222.318181818182,
        "iteration": 66,
        "stdev": 4419.463671578095
    },
    "com.google.gson.functional.MoreSpecificTypeSerializationTest-testMapOfParameterizedSubclassFields": {
        "energy": 38208,
        "duration": 1168335.4166666667,
        "dram": 3347.7916666666665,
        "iteration": 72,
        "stdev": 7646.737272582017
    },
    "com.google.gson.functional.TypeVariableTest-testTypeVariablesViaTypeParameter": {
        "energy": 68909,
        "duration": 2098671.767676768,
        "dram": 6275.464646464647,
        "iteration": 99,
        "stdev": 29849.11054101932
    },
    "com.google.gson.functional.DefaultTypeAdaptersTest-testNullSerialization": {
        "energy": 242553,
        "duration": 11708696.202020202,
        "dram": 37396.919191919194,
        "iteration": 99,
        "stdev": 272659.23084227217
    },
    "com.google.gson.functional.MoreSpecificTypeSerializationTest-testMapOfSubclassFields": {
        "energy": 39734,
        "duration": 1248278.4606741574,
        "dram": 3444.3483146067415,
        "iteration": 89,
        "stdev": 12743.946757340129
    },
    "com.google.gson.functional.PrimitiveTest-testDeserializingNonZeroDecimalPointValuesAsIntegerFails": {
        "energy": 39490,
        "duration": 703077.5,
        "dram": 2730.8863636363635,
        "iteration": 44,
        "stdev": 4808.692217265788
    },
    "com.google.gson.functional.MapTest-testMapSubclassSerialization": {
        "energy": 35644,
        "duration": 721125.2972972973,
        "dram": 2662.162162162162,
        "iteration": 37,
        "stdev": 3361.0136545356618
    },
    "com.google.gson.functional.MapTest-testMapDeserializationWithWildcardValues": {
        "energy": 36560,
        "duration": 892937.1016949152,
        "dram": 3085.4745762711864,
        "iteration": 59,
        "stdev": 3989.1603796199042
    },
    "com.google.gson.functional.PrimitiveTest-testDeserializeJsonObjectAsBytePrimitive": {
        "energy": 38391,
        "duration": 626956.6842105263,
        "dram": 2343.315789473684,