{
  "com.google.gson.functional.JsonAdapterAnnotationOnFieldsTest#testJsonAdapterInvokedOnlyForAnnotatedFields": {
    "dataV1": {
      "energy": 763670.0,
      "instructions": 7.4609898E7,
      "durations": 4.944851E7,
      "cycles": 8.4434547E7,
      "caches": 6931103.0,
      "cacheMisses": 1059325.0,
      "branches": 1.4991764E7,
      "branchMisses": 602025.0
    },
    "dataV2": {
      "energy": 707457.0,
      "instructions": 6.9554336E7,
      "durations": 4.6227425E7,
      "cycles": 7.7625871E7,
      "caches": 6507883.0,
      "cacheMisses": 843270.0,
      "branches": 1.4338442E7,
      "branchMisses": 584506.0
    },
    "energy": -56213.0,
    "instructions": -5055562.0,
    "durations": -3221085.0,
    "cycles": -6808676.0,
    "caches": -423220.0,
    "cacheMisses": -216055.0,
    "branches": -653322.0,
    "branchMisses": -17519.0
  },
  "com.google.gson.functional.NullObjectAndFieldTest#testPrintPrintingObjectWithNulls": {
    "dataV1": {
      "energy": 100891.0,
      "instructions": 6475586.0,
      "durations": 8303996.0,
      "cycles": 1.4415586E7,
      "caches": 1386660.0,
      "cacheMisses": 192807.0,
      "branches": 2050723.0,
      "branchMisses": 20844.0
    },
    "dataV2": {
      "energy": 92041.0,
      "instructions": 4339300.0,
      "durations": 6372336.0,
      "cycles": 1.2918627E7,
      "caches": 1364940.0,
      "cacheMisses": 172548.0,
      "branches": 2054322.0,
      "branchMisses": 19604.0
    },
    "energy": -8850.0,
    "instructions": -2136286.0,
    "durations": -1931660.0,
    "cycles": -1496959.0,
    "caches": -21720.0,
    "cacheMisses": -20259.0,
    "branches": 3599.0,
    "branchMisses": -1240.0
  },
  "com.google.gson.functional.JsonParserTest#testChangingCustomTreeAndDeserializing": {
    "dataV1": {
      "energy": 114136.0,
      "instructions": 6919820.0,
      "durations": 8062204.0,
      "cycles": 1.3788555E7,
      "caches": 1270698.0,
      "cacheMisses": 211680.0,
      "branches": 2829401.0,
      "branchMisses": 47162.0
    },
    "dataV2": {
      "energy": 101623.0,
      "instructions": 6013854.0,
      "durations": 6623598.0,
      "cycles": 1.3959592E7,
      "caches": 1230398.0,
      "cacheMisses": 155180.0,
      "branches": 2812895.0,
      "branchMisses": 19175.0
    },
    "energy": -12513.0,
    "instructions": -905966.0,
    "durations": -1438606.0,
    "cycles": 171037.0,
    "caches": -40300.0,
    "cacheMisses": -56500.0,
    "branches": -16506.0,
    "branchMisses": -27987.0
  },
  "com.google.gson.functional.DefaultTypeAdaptersTest#testTreeSetDeserialization": {
    "dataV1": {
      "energy": 28320.0,
      "instructions": 4616351.0,
      "durations": 2907632.0,
      "cycles": 6350710.0,
      "caches": 562879.0,
      "cacheMisses": 75242.0,
      "branches": 893766.0,
      "branchMisses": 0.0
    },
    "dataV2": {
      "energy": 34485.0,
      "instructions": 1384881.0,
      "durations": 2778362.0,
      "cycles": 6474681.0,
      "caches": 561566.0,
      "cacheMisses": 65961.0,
      "branches": 906035.0,
      "branchMisses": 0.0
    },
    "energy": 6165.0,
    "instructions": -3231470.0,
    "durations": -129270.0,
    "cycles": 123971.0,
    "caches": -1313.0,
    "cacheMisses": -9281.0,
    "branches": 12269.0,
    "branchMisses": 0.0
  }
}