{
  "com.google.gson.functional.NamingPolicyTest#testGsonWithLowerCaseDashPolicyDeserialiation": {
    "dataV1": {
      "energy": 143433.0,
      "instructions": 5003710.0,
      "durations": 7348492.0,
      "cycles": 6473642.0,
      "caches": 196201.0,
      "cacheMisses": 2594.0,
      "branches": 936184.0,
      "branchMisses": 65068.0
    },
    "dataV2": {
      "energy": 80811.0,
      "instructions": 3626598.0,
      "durations": 7439202.0,
      "cycles": 5609348.0,
      "caches": 193512.0,
      "cacheMisses": 1575.0,
      "branches": 694928.0,
      "branchMisses": 60282.0
    },
    "energy": -62622.0,
    "instructions": -1377112.0,
    "durations": 90710.0,
    "cycles": -864294.0,
    "caches": -2689.0,
    "cacheMisses": -1019.0,
    "branches": -241256.0,
    "branchMisses": -4786.0
  },
  "com.google.gson.functional.MapTest#testConcurrentSkipListMap": {
    "dataV1": {
      "energy": 288635.0,
      "instructions": 1.1119454E7,
      "durations": 1.5920576E7,
      "cycles": 1.4023188E7,
      "caches": 383721.0,
      "cacheMisses": 9969.0,
      "branches": 2167520.0,
      "branchMisses": 131413.0
    },
    "dataV2": {
      "energy": 328612.0,
      "instructions": 1.0848903E7,
      "durations": 1.5797313E7,
      "cycles": 1.3672367E7,
      "caches": 368650.0,
      "cacheMisses": 9596.0,
      "branches": 2127045.0,
      "branchMisses": 128550.0
    },
    "energy": 39977.0,
    "instructions": -270551.0,
    "durations": -123263.0,
    "cycles": -350821.0,
    "caches": -15071.0,
    "cacheMisses": -373.0,
    "branches": -40475.0,
    "branchMisses": -2863.0
  },
  "com.google.gson.functional.DefaultTypeAdaptersTest#testBigIntegerFieldSerialization": {
    "dataV1": {
      "energy": 121887.0,
      "instructions": 3881967.0,
      "durations": 6217561.0,
      "cycles": 4265248.0,
      "caches": 88803.0,
      "cacheMisses": 4465.0,
      "branches": 790662.0,
      "branchMisses": 40102.0
    },
    "dataV2": {
      "energy": 126221.0,
      "instructions": 3881883.0,
      "durations": 6140314.0,
      "cycles": 4331900.0,
      "caches": 91759.0,
      "cacheMisses": 4483.0,
      "branches": 792373.0,
      "branchMisses": 43064.0
    },
    "energy": 4334.0,
    "instructions": -84.0,
    "durations": -77247.0,
    "cycles": 66652.0,
    "caches": 2956.0,
    "cacheMisses": 18.0,
    "branches": 1711.0,
    "branchMisses": 2962.0
  },
  "com.google.gson.functional.InheritanceTest#testClassWithBaseArrayFieldSerialization": {
    "dataV1": {
      "energy": 557372.0,
      "instructions": 1.6913006E7,
      "durations": 2.7003231E7,
      "cycles": 1.826396E7,
      "caches": 519772.0,
      "cacheMisses": 8379.0,
      "branches": 3279021.0,
      "branchMisses": 165060.0
    },
    "dataV2": {
      "energy": 515318.0,
      "instructions": 1.5723101E7,
      "durations": 2.5211466E7,
      "cycles": 1.8271269E7,
      "caches": 545864.0,
      "cacheMisses": 7784.0,
      "branches": 3097669.0,
      "branchMisses": 175855.0
    },
    "energy": -42054.0,
    "instructions": -1189905.0,
    "durations": -1791765.0,
    "cycles": 7309.0,
    "caches": 26092.0,
    "cacheMisses": -595.0,
    "branches": -181352.0,
    "branchMisses": 10795.0
  },
  "com.google.gson.functional.SecurityTest#testJsonWithNonExectuableTokenWithRegularGsonDeserialization": {
    "dataV1": {
      "energy": 2056819.0,
      "instructions": 7.2779943E7,
      "durations": 1.01471393E8,
      "cycles": 8.1881424E7,
      "caches": 2356684.0,
      "cacheMisses": 41569.0,
      "branches": 1.449363E7,
      "branchMisses": 805647.0
    },
    "dataV2": {
      "energy": 1995296.0,
      "instructions": 6.7597815E7,
      "durations": 1.02366537E8,
      "cycles": 7.7965124E7,
      "caches": 2261718.0,
      "cacheMisses": 39564.0,
      "branches": 1.3594437E7,
      "branchMisses": 788185.0
    },
    "energy": -61523.0,
    "instructions": -5182128.0,
    "durations": 895144.0,
    "cycles": -3916300.0,
    "caches": -94966.0,
    "cacheMisses": -2005.0,
    "branches": -899193.0,
    "branchMisses": -17462.0
  },
  "com.google.gson.functional.NullObjectAndFieldTest#testExplicitDeserializationOfNulls": {
    "dataV1": {
      "energy": 41443.0,
      "instructions": 2293223.0,
      "durations": 4265992.0,
      "cycles": 3662627.0,
      "caches": 111123.0,
      "cacheMisses": 1020.0,
      "branches": 423669.0,
      "branchMisses": 38859.0
    },
    "dataV2": {
      "energy": 121216.0,
      "instructions": 3268161.0,
      "durations": 6210519.0,
      "cycles": 4371318.0,
      "caches": 116350.0,
      "cacheMisses": 1572.0,
      "branches": 599944.0,
      "branchMisses": 45059.0
    },
    "energy": 79773.0,
    "instructions": 974938.0,
    "durations": 1944527.0,
    "cycles": 708691.0,
    "caches": 5227.0,
    "cacheMisses": 552.0,
    "branches": 176275.0,
    "branchMisses": 6200.0
  }
}