{
  "com.google.gson.functional.MapTest#testMapDeserializationWithNullKey": {
    "dataV1": {
      "energy": 819578.0,
      "instructions": 2.559799E7,
      "durations": 4.2902996E7,
      "cycles": 2.763133E7,
      "caches": 712244.0,
      "cacheMisses": 10702.0,
      "branches": 5268338.0,
      "branchMisses": 266514.0
    },
    "dataV2": {
      "energy": 567626.0,
      "instructions": 2.4851108E7,
      "durations": 3.0053084E7,
      "cycles": 2.7306096E7,
      "caches": 724042.0,
      "cacheMisses": 9322.0,
      "branches": 5168932.0,
      "branchMisses": 269972.0
    },
    "energy": -251952.0,
    "instructions": -746882.0,
    "durations": -1.2849912E7,
    "cycles": -325234.0,
    "caches": 11798.0,
    "cacheMisses": -1380.0,
    "branches": -99406.0,
    "branchMisses": 3458.0
  }
}