{
  "energy": -321049.28000000014,
  "instructions": -3.396888884E7,
  "durations": -1017585.9800000004,
  "cycles": -1.594508294E7,
  "caches": -159215.1,
  "cacheMisses": -14318.220000000003,
  "branches": -5584738.08,
  "branchMisses": 61582.84000000001
}