{
  "com.google.gson.functional.EnumTest#testClassWithEnumFieldDeserialization": {
    "dataV1": {
      "energy": 50049.0,
      "instructions": 2180260.0,
      "durations": 6665224.0,
      "cycles": 7710669.0,
      "caches": 709046.0,
      "cacheMisses": 211740.0,
      "branches": 716080.0,
      "branchMisses": 0.0
    },
    "dataV2": {
      "energy": 62134.0,
      "instructions": 1396374.0,
      "durations": 5574764.0,
      "cycles": 7780045.0,
      "caches": 634161.0,
      "cacheMisses": 250549.0,
      "branches": 645534.0,
      "branchMisses": 5968.0
    },
    "energy": 12085.0,
    "instructions": -783886.0,
    "durations": -1090460.0,
    "cycles": 69376.0,
    "caches": -74885.0,
    "cacheMisses": 38809.0,
    "branches": -70546.0,
    "branchMisses": 5968.0
  },
  "com.google.gson.functional.MapTest#testStringKeyDeserialization": {
    "dataV1": {
      "energy": 93933.0,
      "instructions": 4553906.0,
      "durations": 8471882.0,
      "cycles": 1.0976187E7,
      "caches": 973339.0,
      "cacheMisses": 321944.0,
      "branches": 1876227.0,
      "branchMisses": 38077.0
    },
    "dataV2": {
      "energy": 109741.0,
      "instructions": 4677700.0,
      "durations": 8706890.0,
      "cycles": 1.0032844E7,
      "caches": 905456.0,
      "cacheMisses": 293159.0,
      "branches": 1783618.0,
      "branchMisses": 40484.0
    },
    "energy": 15808.0,
    "instructions": 123794.0,
    "durations": 235008.0,
    "cycles": -943343.0,
    "caches": -67883.0,
    "cacheMisses": -28785.0,
    "branches": -92609.0,
    "branchMisses": 2407.0
  },
  "com.google.gson.functional.ObjectTest#testArrayOfArraysDeserialization": {
    "dataV1": {
      "energy": 384154.0,
      "instructions": 1.821364E7,
      "durations": 2.6473513E7,
      "cycles": 3.1306619E7,
      "caches": 2013602.0,
      "cacheMisses": 760892.0,
      "branches": 4001946.0,
      "branchMisses": 174936.0
    },
    "dataV2": {
      "energy": 374267.0,
      "instructions": 1.8869982E7,
      "durations": 2.5745988E7,
      "cycles": 3.065793E7,
      "caches": 2017456.0,
      "cacheMisses": 735341.0,
      "branches": 3925456.0,
      "branchMisses": 167215.0
    },
    "energy": -9887.0,
    "instructions": 656342.0,
    "durations": -727525.0,
    "cycles": -648689.0,
    "caches": 3854.0,
    "cacheMisses": -25551.0,
    "branches": -76490.0,
    "branchMisses": -7721.0
  }
}