{
    "com.google.gson.functional.JavaUtilConcurrentAtomicTest-testAtomicLongWithStringSerializationPolicy": {
        "energy": 119355.25677809931,
        "duration": 4410358.0545712765,
        "dram": 13088.819376940677,
        "iteration": 99
    },
    "com.google.gson.functional.JavaUtilConcurrentAtomicTest-testAtomicLongArrayWithStringSerializationPolicy": {
        "energy": 56127.337546961186,
        "duration": 2237141.057390306,
        "dram": 5708.9700255327025,
        "iteration": 81
    }
}