{
    "com.google.gson.functional.JavaUtilConcurrentAtomicTest-testAtomicLongWithStringSerializationPolicy": {
        "energy": 114298.80808080808,
        "duration": 4163633.474747475,
        "dram": 10960.09090909091,
        "iteration": 99,
        "stdev": 94363.24004789632
    },
    "com.google.gson.functional.JavaUtilConcurrentAtomicTest-testAtomicLongArrayWithStringSerializationPolicy": {
        "energy": 136579.67901234567,
        "duration": 4857359.185185186,
        "dram": 13073.333333333334,
        "iteration": 81,
        "stdev": 162274.20070201307
    }
}