{
    "com.google.gson.functional.JavaUtilConcurrentAtomicTest-testAtomicLongWithStringSerializationPolicy": {
        "energy": 100098,
        "duration": 4709578.303030303,
        "dram": 13024.454545454546,
        "iteration": 99,
        "stdev": 109977.93271042999
    },
    "com.google.gson.functional.JavaUtilConcurrentAtomicTest-testAtomicLongArrayWithStringSerializationPolicy": {
        "energy": 37902,
        "duration": 5636337.8271604935,
        "dram": 15854.938271604939,
        "iteration": 81,
        "stdev": 180272.38786777656
    }
}