{
    "com.google.gson.functional.StringTest-testEscapingQuotesInStringSerialization": {
        "energy": 189880,
        "duration": 5688354.777777778,
        "dram": 17353.555555555555,
        "iteration": 9,
        "stdev": 12395.236284283164
    },
    "com.google.gson.functional.StringTest-testSingleQuoteInStringSerialization": {
        "energy": 169738,
        "duration": 4792133.666666667,
        "dram": 13979.0,
        "iteration": 9,
        "stdev": 31875.76746420545
    },
    "com.google.gson.functional.EscapingTest-testGsonDoubleDeserialization": {
        "energy": 384887,
        "duration": 10027588.444444444,
        "dram": 30948.333333333332,
        "iteration": 9,
        "stdev": 19637.006670764622
    },
    "com.google.gson.functional.EscapingTest-testGsonAcceptsEscapedAndNonEscapedJsonDeserialization": {
        "energy": 338195,
        "duration": 8943380.444444444,
        "dram": 27232.222222222223,
        "iteration": 9,
        "stdev": 30326.91562308763
    },
    "com.google.gson.functional.NamingPolicyTest-testComplexFieldNameStrategy": {
        "energy": 2005060,
        "duration": 62015973.777777776,
        "dram": 183176.66666666666,
        "iteration": 9,
        "stdev": 134144.88827135134
    },
    "com.google.gson.functional.EscapingTest-testEscapingObjectFields": {
        "energy": 303039,
        "duration": 8380815.111111111,
        "dram": 26146.0,
        "iteration": 9,
        "stdev": 43831.895555070594
    },
    "com.google.gson.functional.EscapingTest-testEscapingQuotesInStringArray": {
        "energy": 194580,
        "duration": 5373601.444444444,
        "dram": 16189.0,
        "iteration": 9,
        "stdev": 45935.98712459668
    }
}