{
    "com.google.gson.functional.StringTest-testEscapingQuotesInStringSerialization": {
        "energy": 187255,
        "duration": 5662743.555555556,
        "dram": 17605.0,
        "iteration": 9,
        "stdev": 17069.973143968404
    },
    "com.google.gson.functional.StringTest-testSingleQuoteInStringSerialization": {
        "energy": 175293,
        "duration": 4544854.0,
        "dram": 13469.0,
        "iteration": 9,
        "stdev": 24205.954021660986
    },
    "com.google.gson.functional.EscapingTest-testGsonDoubleDeserialization": {
        "energy": 384399,
        "duration": 10066166.666666666,
        "dram": 29962.555555555555,
        "iteration": 9,
        "stdev": 25692.69825273657
    },
    "com.google.gson.functional.EscapingTest-testGsonAcceptsEscapedAndNonEscapedJsonDeserialization": {
        "energy": 314514,
        "duration": 8804709.666666666,
        "dram": 27395.333333333332,
        "iteration": 9,
        "stdev": 29015.85515235114
    },
    "com.google.gson.functional.NamingPolicyTest-testComplexFieldNameStrategy": {
        "energy": 1964777,
        "duration": 62001653.222222224,
        "dram": 176743.88888888888,
        "iteration": 9,
        "stdev": 154855.08688663304
    },
    "com.google.gson.functional.EscapingTest-testEscapingObjectFields": {
        "energy": 303772,
        "duration": 8370617.444444444,
        "dram": 24825.222222222223,
        "iteration": 9,
        "stdev": 17742.987134201627
    },
    "com.google.gson.functional.EscapingTest-testEscapingQuotesInStringArray": {
        "energy": 161560,
        "duration": 4910317.777777778,
        "dram": 13948.666666666666,
        "iteration": 9,
        "stdev": 24879.73369414066
    }
}