{
    "com.squareup.javapoet.FileWritingTest-fileNotDirectory": {
        "energy": 43509.71875,
        "duration": 1818011.34375,
        "dram": 4605.28125
    },
    "com.squareup.javapoet.FileWritingTest-fileIsUtf8": {
        "energy": 957683.955078125,
        "duration": 31019891.236328125,
        "dram": 96870.78125
    },
    "com.squareup.javapoet.FileWritingTest-pathNotDirectory": {
        "energy": 212982.76953125,
        "duration": 7785241.76953125,
        "dram": 18916.392578125
    },
    "com.squareup.javapoet.FileWritingTest-pathDefaultPackage": {
        "energy": 392312.625,
        "duration": 13778220.76953125,
        "dram": 32458.9296875
    },
    "com.squareup.javapoet.FileWritingTest-fileNestedClasses": {
        "energy": 161573.212890625,
        "duration": 5325312.849609375,
        "dram": 16849.876953125
    },
    "com.squareup.javapoet.FileWritingTest-pathNestedClasses": {
        "energy": 185376.134765625,
        "duration": 6343018.818359375,
        "dram": 18902.435546875
    },
    "com.squareup.javapoet.FileWritingTest-fileDefaultPackage": {
        "energy": 1471226.84375,
        "duration": 46893433.484375,
        "dram": 149246.3125
    }
}