{
    "com.squareup.javapoet.FileWritingTest-fileNotDirectory": {
        "energy": 38268.859375,
        "duration": 1821741.671875,
        "dram": 4959.390625
    },
    "com.squareup.javapoet.FileWritingTest-fileIsUtf8": {
        "energy": 378468.271484375,
        "duration": 13095326.5546875,
        "dram": 36917.94140625
    },
    "com.squareup.javapoet.FileWritingTest-pathNotDirectory": {
        "energy": 113179.345703125,
        "duration": 4203488.34375,
        "dram": 10908.333984375
    },
    "com.squareup.javapoet.FileWritingTest-pathDefaultPackage": {
        "energy": 196006.31640625,
        "duration": 7036993.783203125,
        "dram": 19482.12890625
    },
    "com.squareup.javapoet.FileWritingTest-fileNestedClasses": {
        "energy": 998110.009765625,
        "duration": 32887565.029296875,
        "dram": 97519.51171875
    },
    "com.squareup.javapoet.FileWritingTest-pathNestedClasses": {
        "energy": 74118.017578125,
        "duration": 2941201.580078125,
        "dram": 7145.416015625
    },
    "com.squareup.javapoet.FileWritingTest-fileDefaultPackage": {
        "energy": 525843.56640625,
        "duration": 17086604.0078125,
        "dram": 49059.60546875
    }
}