{
    "com.google.gson.functional.DefaultTypeAdaptersTest-testDateSerializationWithPatternNotOverridenByTypeAdapter": {
        "energy": 39504.925,
        "duration": 1193107.9875,
        "dram": 2929.6,
        "iteration": 80,
        "stdev": 9161.128460477727
    },
    "com.google.gson.functional.DefaultTypeAdaptersTest-testDateSerializationWithPattern": {
        "energy": 40105.055555555555,
        "duration": 1185624.7222222222,
        "dram": 3146.0416666666665,
        "iteration": 72,
        "stdev": 11814.122452820902
    },
    "com.google.gson.JsonDeserializerExceptionWrapperTest-testProperSerialization": {
        "energy": 74864.96590909091,
        "duration": 2587040.215909091,
        "dram": 7047.420454545455,
        "iteration": 88,
        "stdev": 47301.38543508406
    },
    "com.google.gson.DefaultDateTypeAdapterTest-testInvalidDatePattern": {
        "energy": 34728.75,
        "duration": 642016.7916666666,
        "dram": 2432.2083333333335,
        "iteration": 24,
        "stdev": 3628.328853733263
    },
    "com.google.gson.functional.DefaultTypeAdaptersTest-testDefaultDateDeserializationUsingBuilder": {
        "energy": 80534.44791666667,
        "duration": 2673582.59375,
        "dram": 7684.5625,
        "iteration": 96,
        "stdev": 43556.9965786855
    },
    "com.google.gson.DefaultDateTypeAdapterTest-testDateSerialization": {
        "energy": 37467.796875,
        "duration": 1067520.0625,
        "dram": 2989.46875,
        "iteration": 64,
        "stdev": 3767.1309506526627
    },
    "com.google.gson.functional.DefaultTypeAdaptersTest-testDateDeserializationWithPattern": {
        "energy": 38164.78666666667,
        "duration": 1172693.6266666667,
        "dram": 2986.32,
        "iteration": 75,
        "stdev": 6383.954628688674
    },
    "com.google.gson.functional.DefaultTypeAdaptersTest-testDefaultJavaSqlTimestampDeserialization": {
        "energy": 72766.41379310345,
        "duration": 2447982.2413793104,
        "dram": 6974.241379310345,
        "iteration": 29,
        "stdev": 91040.78985420245
    },
    "com.google.gson.functional.DefaultTypeAdaptersTest-testDefaultDateDeserialization": {
        "energy": 70136.90625,
        "duration": 2457201.21875,
        "dram": 6875.34375,
        "iteration": 32,
        "stdev": 21633.80389771898
    },
    "com.google.gson.DefaultDateTypeAdapterTest-testDatePattern": {
        "energy": 37510.03773584906,
        "duration": 989865.4528301887,
        "dram": 3099.9245283018868,
        "iteration": 53,
        "stdev": 3445.5916980279894
    },
    "com.google.gson.functional.DefaultTypeAdaptersTest-testDefaultDateSerialization": {
        "energy": 33266.90909090909,
        "duration": 1294388.4545454546,
        "dram": 2926.4545454545455,
        "iteration": 22,
        "stdev": 2572.159914954584
    },
    "com.google.gson.functional.DefaultTypeAdaptersTest-testDefaultDateSerializationUsingBuilder": {
        "energy": 34851.055555555555,
        "duration": 959872.7222222222,
        "dram": 3264.0,
        "iteration": 18,
        "stdev": 1951.2415555293742
    },
    "com.google.gson.functional.DefaultTypeAdaptersTest-testDefaultJavaSqlTimestampSerialization": {
        "energy": 86167.15384615384,
        "duration": 2848860.769230769,
        "dram": 7567.7692307692305,
        "iteration": 13,
        "stdev": 88205.94003444977
    }
}