{
    "com.google.gson.functional.DefaultTypeAdaptersTest-testDateSerializationWithPatternNotOverridenByTypeAdapter": {
        "energy": 41755.438356164384,
        "duration": 1204864.493150685,
        "dram": 3492.1643835616437,
        "iteration": 73,
        "stdev": 35243.19715333253
    },
    "com.google.gson.functional.DefaultTypeAdaptersTest-testDefaultJavaSqlTimestampDeserialization": {
        "energy": 33711.666666666664,
        "duration": 1066395.6666666667,
        "dram": 3118.125,
        "iteration": 24,
        "stdev": 2964.794479480079
    },
    "com.google.gson.functional.DefaultTypeAdaptersTest-testDateSerializationWithPattern": {
        "energy": 38196.47142857143,
        "duration": 1080218.2714285713,
        "dram": 2855.8285714285716,
        "iteration": 70,
        "stdev": 3183.4390735332054
    },
    "com.google.gson.functional.DefaultTypeAdaptersTest-testDefaultJavaSqlTimestampSerialization": {
        "energy": 39354.0,
        "duration": 1079949.2222222222,
        "dram": 3651.6666666666665,
        "iteration": 9,
        "stdev": 15817.868229737323
    },
    "com.google.gson.JsonDeserializerExceptionWrapperTest-testProperSerialization": {
        "energy": 75384.47422680413,
        "duration": 2716110.237113402,
        "dram": 7441.051546391753,
        "iteration": 97,
        "stdev": 38633.114553514926
    },
    "com.google.gson.DefaultDateTypeAdapterTest-testDatePattern": {
        "energy": 235707.37096774194,
        "duration": 6834974.774193549,
        "dram": 21338.112903225807,
        "iteration": 62,
        "stdev": 375160.65016015223
    },
    "com.google.gson.functional.DefaultTypeAdaptersTest-testDefaultDateDeserializationUsingBuilder": {
        "energy": 122458.36363636363,
        "duration": 3813481.121212121,
        "dram": 11274.959595959595,
        "iteration": 99,
        "stdev": 22262.869849787483
    },
    "com.google.gson.functional.DefaultTypeAdaptersTest-testDateDeserializationWithPattern": {
        "energy": 44152.693333333336,
        "duration": 1153165.1866666668,
        "dram": 3542.64,
        "iteration": 75,
        "stdev": 39118.84135127158
    },
    "com.google.gson.functional.DefaultTypeAdaptersTest-testDefaultDateSerialization": {
        "energy": 32236.666666666668,
        "duration": 1299231.5,
        "dram": 2837.75,
        "iteration": 24,
        "stdev": 2142.0941596691982
    },
    "com.google.gson.functional.DefaultTypeAdaptersTest-testDefaultDateDeserialization": {
        "energy": 69123.33333333333,
        "duration": 2681246.111111111,
        "dram": 6846.962962962963,
        "iteration": 27,
        "stdev": 21073.50816827892
    },
    "com.google.gson.DefaultDateTypeAdapterTest-testInvalidDatePattern": {
        "energy": 351114.4418604651,
        "duration": 10222518.46511628,
        "dram": 31414.81395348837,
        "iteration": 43,
        "stdev": 327494.1085156078
    },
    "com.google.gson.DefaultDateTypeAdapterTest-testDateSerialization": {
        "energy": 51704.27659574468,
        "duration": 1452286.2127659575,
        "dram": 4374.404255319149,
        "iteration": 47,
        "stdev": 104440.96745636441
    },
    "com.google.gson.functional.DefaultTypeAdaptersTest-testDefaultDateSerializationUsingBuilder": {
        "energy": 33843.78571428572,
        "duration": 952015.0,
        "dram": 2319.0,
        "iteration": 14,
        "stdev": 3165.688893174335
    }
}