{
    "org.apache.commons.io.filefilter.DirectoryFileFilterTest-testJavadocExampleUsingNio": {
        "energy": 1610775.6883487056,
        "duration": 45607233.686472334,
        "dram": 148943.903861227
    },
    "org.apache.commons.io.FileUtilsTestCase-testIterateFiles": {
        "energy": 152137.83421702823,
        "duration": 4925387.653203117,
        "dram": 14488.129677040633
    },
    "org.apache.commons.io.FileUtilsTestCase-testListFiles": {
        "energy": 181919.63163020165,
        "duration": 5436418.831060377,
        "dram": 20246.110473721834
    },
    "org.apache.commons.io.filefilter.AgeFileFilterTest-testNoCounting": {
        "energy": 32601.586244031772,
        "duration": 1173128.211530823,
        "dram": 2631.68178111207
    },
    "org.apache.commons.io.filefilter.NameFileFilterTest-testJavadocExampleUsingNio": {
        "energy": 1813722.9148735346,
        "duration": 54799308.61105562,
        "dram": 178388.7613714022
    },
    "org.apache.commons.io.filefilter.AgeFileFilterTest-testJavadocExampleUsingNio": {
        "energy": 1921522.1907136021,
        "duration": 55029416.309019096,
        "dram": 185159.52718484745
    },
    "org.apache.commons.io.FileUtilsTestCase-testIterateFilesAndDirs": {
        "energy": 102608.64457594222,
        "duration": 3263548.428260193,
        "dram": 9375.120477552495
    },
    "org.apache.commons.io.FileUtilsTestCase-testListFilesWithDirs": {
        "energy": 478355.5457282681,
        "duration": 14173398.869100086,
        "dram": 38063.88023446236
    },
    "org.apache.commons.io.filefilter.NameFileFilterTest-testNoCounting": {
        "energy": 33104.65546292409,
        "duration": 1091378.9179443663,
        "dram": 3533.8380338086577
    },
    "org.apache.commons.io.FileUtilsListFilesTestCase-testListFiles": {
        "energy": 490846.2235812485,
        "duration": 17138969.16271036,
        "dram": 55776.562311598405
    }
}