{
    "org.apache.commons.io.filefilter.DirectoryFileFilterTest-testJavadocExampleUsingNio": {
        "energy": 1478202.043258743,
        "duration": 47140325.25219658,
        "dram": 142380.3283843398,
        "iteration": 99
    },
    "org.apache.commons.io.FileUtilsTestCase-testIterateFiles": {
        "energy": 138790.7984380528,
        "duration": 4096524.1180822984,
        "dram": 12846.632782095257,
        "iteration": 99
    },
    "org.apache.commons.io.FileUtilsTestCase-testListFiles": {
        "energy": 216094.84883777142,
        "duration": 6374218.808284234,
        "dram": 23485.9560011509,
        "iteration": 99
    },
    "org.apache.commons.io.filefilter.AgeFileFilterTest-testNoCounting": {
        "energy": 32784.45410073646,
        "duration": 1113932.8431485035,
        "dram": 3381.6701134024156,
        "iteration": 83
    },
    "org.apache.commons.io.filefilter.NameFileFilterTest-testJavadocExampleUsingNio": {
        "energy": 1887340.2884067404,
        "duration": 54390145.81901464,
        "dram": 178255.4344546503,
        "iteration": 99
    },
    "org.apache.commons.io.filefilter.AgeFileFilterTest-testJavadocExampleUsingNio": {
        "energy": 1765829.8996518808,
        "duration": 54743146.87279513,
        "dram": 175247.72478291974,
        "iteration": 99
    },
    "org.apache.commons.io.FileUtilsTestCase-testIterateFilesAndDirs": {
        "energy": 106924.10946228399,
        "duration": 3229773.6036299365,
        "dram": 10183.654638085622,
        "iteration": 99
    },
    "org.apache.commons.io.FileUtilsTestCase-testListFilesWithDirs": {
        "energy": 472121.7838488146,
        "duration": 13588686.75757027,
        "dram": 42936.23707229512,
        "iteration": 99
    },
    "org.apache.commons.io.filefilter.NameFileFilterTest-testNoCounting": {
        "energy": 36536.00057481181,
        "duration": 1053306.2020798638,
        "dram": 3811.6263447623337,
        "iteration": 71
    },
    "org.apache.commons.io.FileUtilsListFilesTestCase-testListFiles": {
        "energy": 528102.5746007697,
        "duration": 18368912.32333353,
        "dram": 55142.29116802568,
        "iteration": 99
    }
}