{
    "com.google.gson.FunctionalWithInternalDependenciesTest-testMultipleArrays": {
        "energy": 35583,
        "duration": 5411916.458333333,
        "dram": 16645.479166666668,
        "iteration": 48,
        "stdev": 457511.87337955594
    },
    "com.google.gson.FunctionalWithInternalDependenciesTest-testAnonymousLocalClassesSerialization": {
        "energy": 35095,
        "duration": 2395040.267605634,
        "dram": 6654.211267605634,
        "iteration": 71,
        "stdev": 211682.43268461534
    },
    "com.google.gson.functional.CustomTypeAdaptersTest-testCustomNestedSerializers": {
        "energy": 39550,
        "duration": 1910161.012987013,
        "dram": 5068.428571428572,
        "iteration": 77,
        "stdev": 27350.03261946344
    },
    "com.google.gson.functional.ParameterizedTypesTest-testParameterizedTypeWithCustomSerializer": {
        "energy": 35888,
        "duration": 1768537.0505050505,
        "dram": 4428.040404040404,
        "iteration": 99,
        "stdev": 24838.511510313063
    },
    "com.google.gson.functional.CustomTypeAdaptersTest-testCustomSerializers": {
        "energy": 39551,
        "duration": 15977665.294871794,
        "dram": 47594.35897435898,
        "iteration": 78,
        "stdev": 662072.6511152904
    },
    "com.google.gson.functional.CustomTypeAdaptersTest-testCustomTypeAdapterDoesNotAppliesToSubClasses": {
        "energy": 68847,
        "duration": 2318869.757575758,
        "dram": 6342.0,
        "iteration": 99,
        "stdev": 21014.32825651207
    },
    "com.google.gson.functional.CustomTypeAdaptersTest-testCustomSerializerForLong": {
        "energy": 36438,
        "duration": 1389346.404494382,
        "dram": 3680.6404494382023,
        "iteration": 89,
        "stdev": 11911.840366238272
    },
    "com.google.gson.functional.ParameterizedTypesTest-testParameterizedTypesWithCustomDeserializer": {
        "energy": 35156,
        "duration": 1567264.1836734693,
        "dram": 3694.5102040816328,
        "iteration": 98,
        "stdev": 12040.629931750813
    },
    "com.google.gson.functional.CustomTypeAdaptersTest-testCustomTypeAdapterAppliesToSubClassesSerializedAsBaseClass": {
        "energy": 35644,
        "duration": 1109517.9672131147,
        "dram": 2740.5245901639346,
        "iteration": 61,
        "stdev": 5549.532640534029
    },
    "com.google.gson.functional.NullObjectAndFieldTest-testCustomSerializationOfNulls": {
        "energy": 37292,
        "duration": 848903.9444444445,
        "dram": 2611.9444444444443,
        "iteration": 36,
        "stdev": 3878.076380575845
    }
}