{
    "com.google.gson.functional.JsonParserTest-testBadTypeForDeserializingCustomTree": {
        "energy": 37292,
        "duration": 1203078.375,
        "dram": 3242.609375,
        "iteration": 64,
        "stdev": 5380.108333361972
    },
    "com.google.gson.functional.ReadersWritersTest-testReadWriteTwoObjects": {
        "energy": 78613,
        "duration": 3714312.131313131,
        "dram": 10481.353535353535,
        "iteration": 99,
        "stdev": 99719.52646480767
    },
    "com.google.gson.JsonParserTest-testReadWriteTwoObjects": {
        "energy": 79224,
        "duration": 9511291.424242424,
        "dram": 28685.47474747475,
        "iteration": 99,
        "stdev": 578920.993729316
    },
    "com.google.gson.functional.ExclusionStrategyFunctionalTest-testExclusionStrategyWithMode": {
        "energy": 38757,
        "duration": 1531680.211111111,
        "dram": 4110.9,
        "iteration": 90,
        "stdev": 29850.832212722296
    },
    "com.google.gson.functional.CustomDeserializerTest-testJsonTypeFieldBasedDeserialization": {
        "energy": 39367,
        "duration": 1808435.7113402062,
        "dram": 4363.329896907217,
        "iteration": 97,
        "stdev": 33260.31351155962
    },
    "com.google.gson.functional.JsonParserTest-testBadFieldTypeForCustomDeserializerCustomTree": {
        "energy": 36438,
        "duration": 1024416.2058823529,
        "dram": 2772.779411764706,
        "iteration": 68,
        "stdev": 4049.154292147639
    },
    "com.google.gson.functional.TypeHierarchyAdapterTest-testTypeHierarchy": {
        "energy": 225280,
        "duration": 14261855.676767677,
        "dram": 44715.0404040404,
        "iteration": 99,
        "stdev": 655587.9850032593
    },
    "com.google.gson.functional.ExclusionStrategyFunctionalTest-testExclusionStrategyDeserialization": {
        "energy": 41382,
        "duration": 3336358.0144927534,
        "dram": 9067.971014492754,
        "iteration": 69,
        "stdev": 213405.53708892997
    },
    "com.google.gson.functional.JsonParserTest-testBadFieldTypeForDeserializingCustomTree": {
        "energy": 40039,
        "duration": 1542029.925531915,
        "dram": 3977.021276595745,
        "iteration": 94,
        "stdev": 13658.107138996358
    },
    "com.google.gson.functional.JsonParserTest-testDeserializingCustomTree": {
        "energy": 40711,
        "duration": 3860798.635135135,
        "dram": 11087.716216216217,
        "iteration": 74,
        "stdev": 146130.12368001434
    },
    "com.google.gson.functional.JsonParserTest-testChangingCustomTreeAndDeserializing": {
        "energy": 39855,
        "duration": 1494124.875,
        "dram": 4124.4875,
        "iteration": 80,
        "stdev": 15686.194866222138
    },
    "com.google.gson.functional.ReadersWritersTest-testReadWriteTwoStrings": {
        "energy": 38208,
        "duration": 1925664.140625,
        "dram": 4601.5,
        "iteration": 64,
        "stdev": 54661.67548600442
    },
    "com.google.gson.functional.PrimitiveTest-testPrimitiveClassLiteral": {
        "energy": 32288,
        "duration": 979048.0606060605,
        "dram": 2435.4848484848485,
        "iteration": 33,
        "stdev": 2669.520959010601
    }
}