{
    "com.google.gson.functional.CustomTypeAdaptersTest-testCustomAdapterInvokedForMapElementDeserialization": {
        "energy": 36072,
        "duration": 1015355.4242424242,
        "dram": 2940.9848484848485,
        "iteration": 66,
        "stdev": 4631.628210931608
    },
    "com.google.gson.functional.FieldExclusionTest-testDefaultNestedStaticClassIncluded": {
        "energy": 36743,
        "duration": 859742.2,
        "dram": 2877.288888888889,
        "iteration": 45,
        "stdev": 3078.856863059709
    },
    "com.google.gson.functional.PrimitiveTest-testLongAsStringDeserialization": {
        "energy": 36682,
        "duration": 795719.731707317,
        "dram": 2736.7804878048782,
        "iteration": 41,
        "stdev": 9319.496508754137
    },
    "com.google.gson.functional.FieldExclusionTest-testDefaultInnerClassExclusion": {
        "energy": 39856,
        "duration": 4958882.849462366,
        "dram": 15230.032258064517,
        "iteration": 93,
        "stdev": 474372.08772632893
    },
    "com.google.gson.functional.CustomTypeAdaptersTest-testCustomNestedSerializers": {
        "energy": 37292,
        "duration": 1939195.5952380951,
        "dram": 5459.809523809524,
        "iteration": 84,
        "stdev": 46196.96767614673
    },
    "com.google.gson.functional.CustomTypeAdaptersTest-testCustomAdapterInvokedForMapElementSerialization": {
        "energy": 34790,
        "duration": 574317.9393939395,
        "dram": 2468.4242424242425,
        "iteration": 33,
        "stdev": 3588.654242059853
    },
    "com.google.gson.functional.ParameterizedTypesTest-testParameterizedTypeWithReaderDeserialization": {
        "energy": 34546,
        "duration": 1270073.6966292134,
        "dram": 3202.0112359550562,
        "iteration": 89,
        "stdev": 7455.76761287087
    },
    "com.google.gson.functional.ParameterizedTypesTest-testParameterizedTypeWithCustomSerializer": {
        "energy": 36071,
        "duration": 1387194.6421052632,
        "dram": 3252.3894736842103,
        "iteration": 95,
        "stdev": 11879.264163515885
    },
    "com.google.gson.functional.MapTest-testParameterizedMapSubclassDeserialization": {
        "energy": 37109,
        "duration": 1272328.761904762,
        "dram": 3380.5476190476193,
        "iteration": 84,
        "stdev": 8218.239719439183
    },
    "com.google.gson.functional.ArrayTest-testArrayOfPrimitivesWithCustomTypeAdapter": {
        "energy": 39002,
        "duration": 1366791.1666666667,
        "dram": 3918.125,
        "iteration": 48,
        "stdev": 13630.874143463088
    },
    "com.google.gson.functional.PrimitiveTest-testFloatInfinitySerialization": {
        "energy": 38758,
        "duration": 564359.6875,
        "dram": 2926.125,
        "iteration": 16,
        "stdev": 4343.325676666873
    },
    "com.google.gson.functional.MapTest-testMapSerializationWithNullValueButSerializeNulls": {
        "energy": 36133,
        "duration": 1119578.4166666667,
        "dram": 2966.516666666667,
        "iteration": 60,
        "stdev": 7263.66239079846
    },
    "com.google.gson.functional.CustomTypeAdaptersTest-testCustomTypeAdapterDoesNotAppliesToSubClasses": {
        "energy": 72265,
        "duration": 2366813.777777778,
        "dram": 6608.989898989899,
        "iteration": 99,
        "stdev": 22344.94308917349
    },
    "com.google.gson.functional.DefaultTypeAdaptersTest-testDefaultDateDeserializationUsingBuilder": {
        "energy": 36193,
        "duration": 1212257.761904762,
        "dram": 3202.1309523809523,
        "iteration": 84,
        "stdev": 6781.054447748348
    },
    "com.google.gson.functional.ParameterizedTypesTest-testParameterizedTypeDeserialization": {
        "energy": 38147,
        "duration": 2763998.8469387754,
        "dram": 7423.122448979592,
        "iteration": 98,
        "stdev": 100906.7283148915
    },
    "com.google.gson.functional.UncategorizedTest-testReturningDerivedClassesDuringDeserialization": {
        "energy": 76477,
        "duration": 2669957.6868686867,
        "dram": 7225.858585858586,
        "iteration": 99,
        "stdev": 38589.00704412548
    },
    "com.google.gson.functional.CustomTypeAdaptersTest-testCustomAdapterInvokedForCollectionElementSerializationWithType": {
        "energy": 38574,
        "duration": 2391601.022727273,
        "dram": 6812.465909090909,
        "iteration": 88,
        "stdev": 156456.54785259863
    },
    "com.google.gson.functional.ReadersWritersTest-testTopLevelNullObjectSerializationWithWriterAndSerializeNulls": {
        "energy": 37902,
        "duration": 820985.4705882353,
        "dram": 2735.176470588235,
        "iteration": 34,
        "stdev": 6078.262867406618
    },
    "com.google.gson.functional.PrimitiveTest-testNegativeInfinityFloatSerialization": {
        "energy": 36010,
        "duration": 567036.3448275862,
        "dram": 2009.4137931034484,
        "iteration": 29,
        "stdev": 3077.0630881594993
    },
    "com.google.gson.functional.DefaultTypeAdaptersTest-testDateDeserializationWithPattern": {
        "energy": 35401,
        "duration": 872948.390625,
        "dram": 2854.546875,
        "iteration": 64,
        "stdev": 5780.606047159842
    },
    "com.google.gson.GsonBuilderTest-testCreatingMoreThanOnce": {
        "energy": 39612,
        "duration": 18428503.060606062,
        "dram": 53872.69696969697,
        "iteration": 33,
        "stdev": 777080.2079013218
    },
    "com.google.gson.functional.CustomTypeAdaptersTest-testCustomByteArrayDeserializerAndInstanceCreator": {
        "energy": 35156,
        "duration": 926083.4923076923,
        "dram": 2813.523076923077,
        "iteration": 65,
        "stdev": 3991.4549035534137
    },
    "com.google.gson.functional.FieldExclusionTest-testInnerClassExclusion": {
        "energy": 36011,
        "duration": 737772.8387096775,
        "dram": 2596.1290322580644,
        "iteration": 31,
        "stdev": 4910.982108449482
    },
    "com.google.gson.functional.CustomTypeAdaptersTest-testCustomDeserializerForLong": {
        "energy": 36682,
        "duration": 1371013.2409638555,
        "dram": 3560.710843373494,
        "iteration": 83,
        "stdev": 12759.37019397285
    },
    "com.google.gson.functional.ParameterizedTypesTest-testParameterizedTypesWithCustomDeserializer": {
        "energy": 39734,
        "duration": 1835612.0505050505,
        "dram": 4713.212121212121,
        "iteration": 99,
        "stdev": 20173.25927872693
    },
    "com.google.gson.functional.ObjectTest-testInnerClassDeserialization": {
        "energy": 35156,
        "duration": 1175047.8169014084,
        "dram": 3159.56338028169,
        "iteration": 71,
        "stdev": 9882.998755153529
    },
    "com.google.gson.functional.DefaultTypeAdaptersTest-testDefaultDateSerializationUsingBuilder": {
        "energy": 35828,
        "duration": 1042592.3636363636,
        "dram": 3133.909090909091,
        "iteration": 55,
        "stdev": 6048.6475445902515
    },
    "com.google.gson.functional.CustomTypeAdaptersTest-testCustomTypeAdapterAppliesToSubClassesSerializedAsBaseClass": {
        "energy": 35522,
        "duration": 967864.7692307692,
        "dram": 2536.6153846153848,
        "iteration": 52,
        "stdev": 3718.306730331483
    },
    "com.google.gson.functional.CustomTypeAdaptersTest-testCustomAdapterInvokedForMapElementSerializationWithType": {
        "energy": 35339,
        "duration": 1240696.7777777778,
        "dram": 3280.597222222222,
        "iteration": 72,
        "stdev": 5627.66664196987
    },
    "com.google.gson.functional.CustomTypeAdaptersTest-testCustomNestedDeserializers": {
        "energy": 36133,
        "duration": 1140741.676056338,
        "dram": 2882.718309859155,
        "iteration": 71,
        "stdev": 7806.42312163371
    },
    "com.google.gson.functional.CustomTypeAdaptersTest-testCustomDeserializers": {
        "energy": 38574,