{
    "com.google.gson.functional.CustomTypeAdaptersTest-testCustomTypeAdapterAppliesToSubClassesSerializedAsBaseClass": {
        "energy": 35949,
        "duration": 892374.3962264151,
        "dram": 2740.6415094339623,
        "iteration": 53,
        "stdev": 3766.7881022608067
    },
    "com.google.gson.functional.DefaultTypeAdaptersTest-testDateSerializationWithPattern": {
        "energy": 36560,
        "duration": 942616.3898305085,
        "dram": 2884.64406779661,
        "iteration": 59,
        "stdev": 4130.498596553847
    },
    "com.google.gson.functional.PrimitiveTest-testLongAsStringDeserialization": {
        "energy": 35278,
        "duration": 786625.875,
        "dram": 2882.5,
        "iteration": 40,
        "stdev": 3707.607583654856
    },
    "com.google.gson.functional.FieldExclusionTest-testDefaultInnerClassExclusion": {
        "energy": 40039,
        "duration": 9152309.066666666,
        "dram": 27427.922222222223,
        "iteration": 90,
        "stdev": 631837.3607824378
    },
    "com.google.gson.functional.CustomTypeAdaptersTest-testCustomAdapterInvokedForMapElementSerializationWithType": {
        "energy": 34423,
        "duration": 1164342.731707317,
        "dram": 3394.3414634146343,
        "iteration": 82,
        "stdev": 7897.500393576299
    },
    "com.google.gson.functional.CustomTypeAdaptersTest-testCustomNestedSerializers": {
        "energy": 39002,
        "duration": 1786225.4078947369,
        "dram": 4990.631578947368,
        "iteration": 76,
        "stdev": 41462.83498366898
    },
    "com.google.gson.functional.CustomTypeAdaptersTest-testCustomAdapterInvokedForMapElementSerialization": {
        "energy": 35645,
        "duration": 594187.8518518518,
        "dram": 2636.5925925925926,
        "iteration": 27,
        "stdev": 3086.979717746422
    },
    "com.google.gson.functional.ParameterizedTypesTest-testParameterizedTypeWithReaderDeserialization": {
        "energy": 35461,
        "duration": 1253580.6829268292,
        "dram": 3360.7195121951218,
        "iteration": 82,
        "stdev": 9213.271449582297
    },
    "com.google.gson.functional.ParameterizedTypesTest-testParameterizedTypeWithCustomSerializer": {
        "energy": 36316,
        "duration": 1358108.989010989,
        "dram": 3368.230769230769,
        "iteration": 91,
        "stdev": 9820.673250095162
    },
    "com.google.gson.functional.ArrayTest-testArrayOfPrimitivesWithCustomTypeAdapter": {
        "energy": 38513,
        "duration": 1133576.0980392157,
        "dram": 3322.549019607843,
        "iteration": 51,
        "stdev": 13481.39586455154
    },
    "com.google.gson.functional.MapTest-testMapSerializationWithNullValueButSerializeNulls": {
        "energy": 38391,
        "duration": 1125786.6307692307,
        "dram": 3068.476923076923,
        "iteration": 65,
        "stdev": 7029.998848451595
    },
    "com.google.gson.functional.CustomTypeAdaptersTest-testCustomNestedDeserializers": {
        "energy": 37658,
        "duration": 1099153.3285714285,
        "dram": 2728.8571428571427,
        "iteration": 70,
        "stdev": 5561.760815531685
    },
    "com.google.gson.functional.CustomTypeAdaptersTest-testCustomTypeAdapterDoesNotAppliesToSubClasses": {
        "energy": 73364,
        "duration": 2405748.595959596,
        "dram": 6549.909090909091,
        "iteration": 99,
        "stdev": 22941.471239135022
    },
    "com.google.gson.functional.DefaultTypeAdaptersTest-testDefaultDateDeserializationUsingBuilder": {
        "energy": 36377,
        "duration": 1238593.3666666667,
        "dram": 3103.4777777777776,
        "iteration": 90,
        "stdev": 7288.2304577353825
    },
    "com.google.gson.functional.ParameterizedTypesTest-testParameterizedTypeDeserialization": {
        "energy": 37659,
        "duration": 3032955.0322580645,
        "dram": 8534.075268817205,
        "iteration": 93,
        "stdev": 118493.87486489599
    },
    "com.google.gson.functional.UncategorizedTest-testReturningDerivedClassesDuringDeserialization": {
        "energy": 76843,
        "duration": 2537436.696969697,
        "dram": 7450.757575757576,
        "iteration": 99,
        "stdev": 35662.79598180252
    },
    "com.google.gson.functional.CustomTypeAdaptersTest-testCustomAdapterInvokedForCollectionElementSerializationWithType": {
        "energy": 37659,
        "duration": 1786657.746835443,
        "dram": 4933.594936708861,
        "iteration": 79,
        "stdev": 33814.90156935503
    },
    "com.google.gson.functional.CustomTypeAdaptersTest-testCustomDeserializers": {
        "energy": 39246,
        "duration": 1939165.3333333333,
        "dram": 5404.348484848485,
        "iteration": 66,
        "stdev": 67729.16875157715
    },
    "com.google.gson.functional.DefaultTypeAdaptersTest-testDateDeserializationWithPattern": {
        "energy": 36438,
        "duration": 930155.5967741936,
        "dram": 3041.2419354838707,
        "iteration": 62,
        "stdev": 4029.8928030932134
    },
    "com.google.gson.functional.CustomTypeAdaptersTest-testCustomSerializerForLong": {
        "energy": 36560,
        "duration": 1127915.7435897435,
        "dram": 3083.897435897436,
        "iteration": 78,
        "stdev": 4491.686694744076
    },
    "com.google.gson.GsonBuilderTest-testCreatingMoreThanOnce": {
        "energy": 37780,
        "duration": 9147190.581395349,
        "dram": 27369.883720930233,
        "iteration": 43,
        "stdev": 656046.7503565686
    },
    "com.google.gson.functional.CustomTypeAdaptersTest-testCustomByteArraySerializer": {
        "energy": 36560,
        "duration": 860764.3709677419,
        "dram": 2939.3064516129034,
        "iteration": 62,
        "stdev": 3868.523226027236
    },
    "com.google.gson.functional.CustomTypeAdaptersTest-testCustomDeserializerForLong": {
        "energy": 36499,
        "duration": 1345038.012195122,
        "dram": 3477.2195121951218,
        "iteration": 82,
        "stdev": 15669.644115134624
    },
    "com.google.gson.functional.ParameterizedTypesTest-testParameterizedTypesWithCustomDeserializer": {
        "energy": 40345,
        "duration": 1829445.2222222222,
        "dram": 5115.383838383838,
        "iteration": 99,
        "stdev": 23775.86681050683
    },
    "com.google.gson.functional.ObjectTest-testInnerClassDeserialization": {
        "energy": 36194,
        "duration": 1201264.537313433,
        "dram": 3359.1492537313434,
        "iteration": 67,
        "stdev": 7401.4625526325435
    },
    "com.google.gson.functional.PrimitiveTest-testOverridingDefaultPrimitiveSerialization": {
        "energy": 39062,
        "duration": 1089527.8695652173,
        "dram": 2899.695652173913,
        "iteration": 46,
        "stdev": 7461.964392661863
    },
    "com.google.gson.functional.DefaultTypeAdaptersTest-testDefaultDateSerializationUsingBuilder": {
        "energy": 36927,
        "duration": 1196046.06,
        "dram": 3394.1,
        "iteration": 50,
        "stdev": 11164.215011974642
    },
    "com.google.gson.functional.ReadersWritersTest-testTopLevelNullObjectDeserializationWithReaderAndSerializeNulls": {
        "energy": 38819,
        "duration": 695434.6060606061,
        "dram": 2595.848484848485,
        "iteration": 33,
        "stdev": 4086.4180407834447
    },
    "com.google.gson.functional.MapTest-testParameterizedMapSubclassDeserialization": {
        "energy": 37719,
        "duration": 1258715.1136363635,
        "dram": 3344.125,
        "iteration": 88,
        "stdev": 8993.416244331276
    },
    "com.google.gson.functional.PrimitiveTest-testFloatInfinitySerialization": {
        "energy": 36987,
        "duration": 569460.5,
        "dram": 2083.4333333333334,
        "iteration": 30,
        "stdev": 3297.929701595634
    },
    "com.google.gson.functional.CustomTypeAdaptersTest-testCustomAdapterInvokedForCollectionElementSerialization": {
        "energy": 36255,