{
    "com.google.gson.JsonArrayTest-testSet": {
        "energy": 82796.96495362064,
        "duration": 2818196.524170235,
        "dram": 7323.120902309443,
        "iteration": 99
    }
}