{
    "com.google.gson.JsonArrayTest-testSet": {
        "energy": 79027.33333333333,
        "duration": 3143344.4646464647,
        "dram": 7227.787878787879,
        "iteration": 99,
        "stdev": 24153.45840054941
    }
}