{
    "com.google.gson.JsonArrayTest-testSet": {
        "energy": 81420,
        "duration": 2923287.898989899,
        "dram": 7069.686868686868,
        "iteration": 99,
        "stdev": 20318.881272473667
    }
}