{
    "com.google.gson.functional.PrettyPrintingTest-testEmptyMapField": {
        "energy": 83148.35714285714,
        "duration": 2778604.1326530613,
        "dram": 7749.7959183673465,
        "iteration": 98,
        "stdev": 68519.85249162822
    },
    "com.google.gson.functional.PrettyPrintingTest-testPrettyPrintArrayOfPrimitiveArrays": {
        "energy": 38136.01612903226,
        "duration": 1078212.3548387096,
        "dram": 2935.6935483870966,
        "iteration": 62,
        "stdev": 9060.256968676415
    },
    "com.google.gson.functional.PrettyPrintingTest-testPrettyPrintListOfPrimitiveArrays": {
        "energy": 42503.885714285716,
        "duration": 1303470.357142857,
        "dram": 3683.6285714285714,
        "iteration": 70,
        "stdev": 32098.545461279024
    },
    "com.google.gson.functional.PrettyPrintingTest-testPrettyPrintArrayOfPrimitives": {
        "energy": 131742.43859649124,
        "duration": 4329529.7894736845,
        "dram": 11349.684210526315,
        "iteration": 57,
        "stdev": 95945.83932542497
    },
    "com.google.gson.functional.PrettyPrintingTest-testMap": {
        "energy": 69499.96875,
        "duration": 1922965.875,
        "dram": 5633.65625,
        "iteration": 32,
        "stdev": 68903.58677142848
    },
    "com.google.gson.functional.PrettyPrintingTest-testPrettyPrintArrayOfObjects": {
        "energy": 103488.59183673469,
        "duration": 3407763.551020408,
        "dram": 10093.459183673469,
        "iteration": 98,
        "stdev": 93843.85165641355
    },
    "com.google.gson.functional.PrettyPrintingTest-testPrettyPrintList": {
        "energy": 202851.9898989899,
        "duration": 6219888.373737373,
        "dram": 18792.91919191919,
        "iteration": 99,
        "stdev": 86181.6117859848
    },
    "com.google.gson.functional.PrettyPrintingTest-testMultipleArrays": {
        "energy": 56307.375,
        "duration": 1465905.3125,
        "dram": 4340.416666666667,
        "iteration": 48,
        "stdev": 61443.742215482845
    },
    "com.google.gson.functional.NullObjectAndFieldTest-testPrintPrintingObjectWithNulls": {
        "energy": 50226.04705882353,
        "duration": 1777684.905882353,
        "dram": 4577.1882352941175,
        "iteration": 85,
        "stdev": 22621.131462785168
    },
    "com.google.gson.functional.NullObjectAndFieldTest-testPrintPrintingArraysWithNulls": {
        "energy": 37441.9375,
        "duration": 1284062.2625,
        "dram": 3468.5,
        "iteration": 80,
        "stdev": 7721.84138716885
    }
}