{
    "com.google.gson.functional.PrettyPrintingTest-testEmptyMapField": {
        "energy": 63293,
        "duration": 2732399.0808080807,
        "dram": 7676.858585858586,
        "iteration": 99,
        "stdev": 67272.79269073774
    },
    "com.google.gson.functional.PrettyPrintingTest-testPrettyPrintListOfPrimitiveArrays": {
        "energy": 36010,
        "duration": 1225298.7538461538,
        "dram": 3254.2,
        "iteration": 65,
        "stdev": 38540.549439207236
    },
    "com.google.gson.functional.NullObjectAndFieldTest-testPrintPrintingObjectWithNulls": {
        "energy": 37903,
        "duration": 2927913.8333333335,
        "dram": 7487.615384615385,
        "iteration": 78,
        "stdev": 218755.88129949744
    },
    "com.google.gson.functional.NullObjectAndFieldTest-testPrintPrintingArraysWithNulls": {
        "energy": 34240,
        "duration": 1354968.6184210526,
        "dram": 3598.0789473684213,
        "iteration": 76,
        "stdev": 11673.895214088958
    },
    "com.google.gson.functional.PrettyPrintingTest-testPrettyPrintArrayOfObjects": {
        "energy": 40589,
        "duration": 3051545.3673469387,
        "dram": 8359.102040816326,
        "iteration": 98,
        "stdev": 84463.56217323405
    },
    "com.google.gson.functional.PrettyPrintingTest-testPrettyPrintList": {
        "energy": 172729,
        "duration": 5895813.03030303,
        "dram": 17701.454545454544,
        "iteration": 99,
        "stdev": 60182.98366001653
    },
    "com.google.gson.functional.PrettyPrintingTest-testMultipleArrays": {
        "energy": 37109,
        "duration": 1550938.8048780488,
        "dram": 4591.414634146341,
        "iteration": 41,
        "stdev": 52248.153041882004
    },
    "com.google.gson.functional.PrettyPrintingTest-testPrettyPrintArrayOfPrimitiveArrays": {
        "energy": 35400,
        "duration": 1002257.9090909091,
        "dram": 2676.672727272727,
        "iteration": 55,
        "stdev": 5844.523542147019
    },
    "com.google.gson.functional.PrettyPrintingTest-testMap": {
        "energy": 35218,
        "duration": 1710461.175,
        "dram": 4395.0,
        "iteration": 40,
        "stdev": 48940.47718667417
    },
    "com.google.gson.functional.PrettyPrintingTest-testPrettyPrintArrayOfPrimitives": {
        "energy": 189819,
        "duration": 4974250.891304348,
        "dram": 14893.173913043478,
        "iteration": 46,
        "stdev": 92071.6994714857
    }
}