{
    "com.google.gson.functional.StreamingTypeAdaptersTest-testNullSafe": {
        "energy": 42110.12222222222,
        "duration": 1404313.0222222223,
        "dram": 3763.6555555555556,
        "iteration": 90,
        "stdev": 12637.32418831682
    },
    "com.google.gson.stream.JsonWriterTest-testNulls": {
        "energy": 36574.41176470588,
        "duration": 497485.82352941175,
        "dram": 2195.235294117647,
        "iteration": 17,
        "stdev": 4579.982148164843
    },
    "com.google.gson.functional.ParameterizedTypesTest-testParameterizedTypeGenericArraysSerialization": {
        "energy": 40694.07777777778,
        "duration": 1296009.9777777777,
        "dram": 3352.3888888888887,
        "iteration": 90,
        "stdev": 11431.255787170909
    },
    "com.google.gson.functional.MapTest-testSerializeMaps": {
        "energy": 42625.95384615385,
        "duration": 1176051.7692307692,
        "dram": 3453.5384615384614,
        "iteration": 65,
        "stdev": 13524.097226723483
    },
    "com.google.gson.functional.MapTest-testMapSerializationWithNullValues": {
        "energy": 39515.333333333336,
        "duration": 1040041.5438596491,
        "dram": 3433.9298245614036,
        "iteration": 57,
        "stdev": 6796.463361353626
    },
    "com.google.gson.functional.MapTest-testInterfaceTypeMapWithSerializer": {
        "energy": 54251.969072164946,
        "duration": 1674319.175257732,
        "dram": 4802.876288659794,
        "iteration": 97,
        "stdev": 21474.944750815775
    },
    "com.google.gson.functional.ExposeFieldsTest-testNullExposeFieldSerialization": {
        "energy": 135875.96296296295,
        "duration": 3879995.2592592593,
        "dram": 12073.74074074074,
        "iteration": 81,
        "stdev": 116282.08406491565
    },
    "com.google.gson.functional.ParameterizedTypesTest-testVariableTypeArrayDeserialization": {
        "energy": 43369.52272727273,
        "duration": 1375450.4318181819,
        "dram": 3923.8977272727275,
        "iteration": 88,
        "stdev": 15791.844135629912
    },
    "com.google.gson.functional.ObjectTest-testAnonymousLocalClassesCustomSerialization": {
        "energy": 40298.60317460317,
        "duration": 1142315.1746031747,
        "dram": 3510.3174603174602,
        "iteration": 63,
        "stdev": 10981.421240512413
    },
    "com.google.gson.functional.ThrowableFunctionalTest-testSerializedNameOnExceptionFields": {
        "energy": 96112.94791666667,
        "duration": 2909018.2291666665,
        "dram": 8843.65625,
        "iteration": 96,
        "stdev": 68339.12564165595
    },
    "com.google.gson.functional.ParameterizedTypesTest-testVariableTypeDeserialization": {
        "energy": 41330.22222222222,
        "duration": 1375986.5111111111,
        "dram": 3426.2,
        "iteration": 90,
        "stdev": 12020.446054561256
    },
    "com.google.gson.functional.MapTest-testMapSerializationWithNullValueButSerializeNulls": {
        "energy": 38036.06122448979,
        "duration": 848929.3265306122,
        "dram": 3068.081632653061,
        "iteration": 49,
        "stdev": 4680.425802224528
    },
    "com.google.gson.functional.InheritanceTest-testBaseSerializedAsSubWhenSpecifiedWithExplicitTypeForToJsonMethod": {
        "energy": 37404.291666666664,
        "duration": 609043.875,
        "dram": 2449.9166666666665,
        "iteration": 24,
        "stdev": 3422.038068159172
    },
    "com.google.gson.functional.ParameterizedTypesTest-testParameterizedTypeGenericArraysDeserialization": {
        "energy": 41845.1978021978,
        "duration": 1298035.3626373627,
        "dram": 3646.4505494505493,
        "iteration": 91,
        "stdev": 13593.209067474945
    },
    "com.google.gson.functional.MapTest-testInterfaceTypeMap": {
        "energy": 71619.27835051547,
        "duration": 2235415.2783505153,
        "dram": 6532.927835051546,
        "iteration": 97,
        "stdev": 39988.01978292542
    },
    "com.google.gson.functional.MapTest-testMapSerializationWithWildcardValues": {
        "energy": 48770.69696969697,
        "duration": 1358140.9393939395,
        "dram": 4226.969696969697,
        "iteration": 66,
        "stdev": 20600.059749082
    },
    "com.google.gson.functional.MoreSpecificTypeSerializationTest-testListOfSubclassFields": {
        "energy": 49486.25316455696,
        "duration": 1497327.7974683545,
        "dram": 4379.645569620253,
        "iteration": 79,
        "stdev": 25180.09377701863
    },
    "com.google.gson.functional.DefaultTypeAdaptersTest-testUrlNullSerialization": {
        "energy": 39898.92307692308,
        "duration": 1327340.3846153845,
        "dram": 3769.051282051282,
        "iteration": 78,
        "stdev": 12177.417148325801
    },
    "com.google.gson.functional.DefaultTypeAdaptersTest-testNullSerialization": {
        "energy": 338235.6767676768,
        "duration": 10263010.545454545,
        "dram": 31780.929292929293,
        "iteration": 99,
        "stdev": 283176.69068040117
    },
    "com.google.gson.functional.StreamingTypeAdaptersTest-testSerializeNullField": {
        "energy": 37101.34782608696,
        "duration": 552176.4347826086,
        "dram": 1037.0869565217392,
        "iteration": 23,
        "stdev": 4570.000462455458
    },
    "com.google.gson.functional.PrintFormattingTest-testCompactFormattingLeavesNoWhiteSpace": {
        "energy": 66006.45333333334,
        "duration": 2119449.5733333332,
        "dram": 6027.96,
        "iteration": 75,
        "stdev": 93646.73339813382
    },
    "com.google.gson.functional.NullObjectAndFieldTest-testExplicitSerializationOfNullArrayMembers": {
        "energy": 48607.26262626263,
        "duration": 1617917.4848484849,
        "dram": 4557.20202020202,
        "iteration": 99,
        "stdev": 21386.839523873463
    },
    "com.google.gson.functional.CollectionTest-testCollectionOfObjectWithNullSerialization": {
        "energy": 37694.73469387755,
        "duration": 922233.7346938775,
        "dram": 2852.326530612245,
        "iteration": 49,
        "stdev": 4570.188500446417
    },
    "com.google.gson.functional.ParameterizedTypesTest-testParameterizedTypeWithVariableTypeDeserialization": {
        "energy": 40726.213483146064,
        "duration": 1305684.7303370787,
        "dram": 3607.14606741573,
        "iteration": 89,
        "stdev": 12819.181040531823
    },
    "com.google.gson.ObjectTypeAdapterTest-testSerialize": {
        "energy": 66581.55670103093,
        "duration": 2135145.432989691,
        "dram": 5912.690721649485,
        "iteration": 97,
        "stdev": 74453.24033201984
    },
    "com.google.gson.functional.MapTest-testMapSerializationWithNullValue": {
        "energy": 37480.4693877551,
        "duration": 894124.2653061225,
        "dram": 2947.6326530612246,
        "iteration": 49,
        "stdev": 4322.69947357653
    },
    "com.google.gson.functional.TreeTypeAdaptersTest-testSerializeId": {
        "energy": 67689.14893617021,
        "duration": 2074641.914893617,
        "dram": 6160.425531914893,
        "iteration": 94,
        "stdev": 70175.30551244541
    },
    "com.google.gson.functional.InheritanceTest-testBaseSerializedAsBaseWhenSpecifiedWithExplicitTypeForToJsonMethod": {
        "energy": 93483.68852459016,
        "duration": 2791772.5081967213,
        "dram": 8841.22950819672,
        "iteration": 61,
        "stdev": 127910.36431975
    },
    "com.google.gson.functional.NullObjectAndFieldTest-testExplicitSerializationOfNullStringMembers": {
        "energy": 37192.46808510638,
        "duration": 697157.2978723404,
        "dram": 2765.127659574468,
        "iteration": 47,
        "stdev": 4224.0584288908185
    },
    "com.google.gson.functional.InheritanceTest-testBaseSerializedAsSubForToJsonMethod": {
        "energy": 38196.846153846156,
        "duration": 588864.641025641,
        "dram": 2914.4615384615386,
        "iteration": 39,