{
    "com.google.gson.functional.StreamingTypeAdaptersTest-testNullSafe": {
        "energy": 41808.971074520305,
        "duration": 1317028.5990306842,
        "dram": 4235.673448435837,
        "iteration": 90
    },
    "com.google.gson.functional.ParameterizedTypesTest-testParameterizedTypeGenericArraysSerialization": {
        "energy": 37178.17165488578,
        "duration": 1371236.5671513567,
        "dram": 3520.958212221471,
        "iteration": 90
    },
    "com.google.gson.functional.MapTest-testSerializeMaps": {
        "energy": 34078.00899362961,
        "duration": 928228.7868512017,
        "dram": 3478.7798893150657,
        "iteration": 65
    },
    "com.google.gson.functional.MapTest-testMapSerializationWithNullValues": {
        "energy": 39734.72194121283,
        "duration": 915142.3250298676,
        "dram": 3839.0535053671397,
        "iteration": 57
    },
    "com.google.gson.functional.MapTest-testInterfaceTypeMapWithSerializer": {
        "energy": 41807.97150550636,
        "duration": 1412330.2364627335,
        "dram": 4110.803821604891,
        "iteration": 97
    },
    "com.google.gson.functional.ExposeFieldsTest-testNullExposeFieldSerialization": {
        "energy": 110224.35061805719,
        "duration": 2938450.2557845972,
        "dram": 11033.136018609826,
        "iteration": 81
    },
    "com.google.gson.functional.InheritanceTest-testBaseSerializedAsBaseWhenSpecifiedWithExplicitTypeForToJsonMethod": {
        "energy": 57061.76315804677,
        "duration": 1619243.6699728302,
        "dram": 5297.6322627736445,
        "iteration": 61
    },
    "com.google.gson.functional.ParameterizedTypesTest-testVariableTypeArrayDeserialization": {
        "energy": 38891.66436489351,
        "duration": 1391871.3293619044,
        "dram": 3562.434153951217,
        "iteration": 88
    },
    "com.google.gson.functional.InheritanceTest-testBaseSerializedAsSubForToJsonMethod": {
        "energy": 38601.464346921246,
        "duration": 482261.4332487602,
        "dram": 3220.4442755920663,
        "iteration": 39
    },
    "com.google.gson.functional.CollectionTest-testNullsInListSerialization": {
        "energy": 39035.02753808188,
        "duration": 740995.8884205989,
        "dram": 3131.8893030305708,
        "iteration": 51
    },
    "com.google.gson.ObjectTypeAdapterTest-testSerializeNullValue": {
        "energy": 41840.74485216651,
        "duration": 628486.6370029196,
        "dram": 3280.377854279359,
        "iteration": 33
    },
    "com.google.gson.functional.StreamingTypeAdaptersTest-testSerializeNullObject": {
        "energy": 39612.14588928223,
        "duration": 481934.72623062134,
        "dram": 1694.66109085083,
        "iteration": 18
    },
    "com.google.gson.functional.NullObjectAndFieldTest-testExplicitSerializationOfNullCollectionMembers": {
        "energy": 43094.09711073956,
        "duration": 762033.6938210509,
        "dram": 3188.4168036372866,
        "iteration": 33
    },
    "com.google.gson.functional.PrintFormattingTest-testJsonObjectWithNullValues": {
        "energy": 35487.40571832657,
        "duration": 457906.06691110134,
        "dram": 1501.4806780219078,
        "iteration": 24
    },
    "com.google.gson.functional.ObjectTest-testAnonymousLocalClassesCustomSerialization": {
        "energy": 42077.62628614518,
        "duration": 1437389.837837428,
        "dram": 5080.8740050095785,
        "iteration": 63
    },
    "com.google.gson.functional.NullObjectAndFieldTest-testCustomSerializationOfNulls": {
        "energy": 52356.979592992226,
        "duration": 965534.4837773367,
        "dram": 4161.803160769865,
        "iteration": 33
    },
    "com.google.gson.functional.ThrowableFunctionalTest-testSerializedNameOnExceptionFields": {
        "energy": 64085.21045260722,
        "duration": 1993553.2366877138,
        "dram": 6129.554779967314,
        "iteration": 96
    },
    "com.google.gson.functional.ParameterizedTypesTest-testVariableTypeDeserialization": {
        "energy": 45805.33373400513,
        "duration": 1425708.1961011295,
        "dram": 4321.172915790655,
        "iteration": 90
    },
    "com.google.gson.functional.MapTest-testMapSerializationWithNullValueButSerializeNulls": {
        "energy": 36784.45117276923,
        "duration": 724442.895799165,
        "dram": 3145.4756899121026,
        "iteration": 49
    },
    "com.google.gson.functional.ParameterizedTypesTest-testParameterizedTypeGenericArraysDeserialization": {
        "energy": 44283.26097416141,
        "duration": 1359667.8390867056,
        "dram": 3464.3079415512493,
        "iteration": 91
    },
    "com.google.gson.functional.MapTest-testInterfaceTypeMap": {
        "energy": 57546.36267467978,
        "duration": 1969995.0161915065,
        "dram": 5877.960868646767,
        "iteration": 97
    },
    "com.google.gson.functional.MapTest-testMapSerializationWithWildcardValues": {
        "energy": 40882.196431722135,
        "duration": 889222.2115832332,
        "dram": 2168.5303282942723,
        "iteration": 66
    },
    "com.google.gson.functional.MoreSpecificTypeSerializationTest-testListOfParameterizedSubclassFields": {
        "energy": 39019.395535286254,
        "duration": 784273.8310454977,
        "dram": 3331.236114526837,
        "iteration": 67
    },
    "com.google.gson.functional.NullObjectAndFieldTest-testPrintPrintingObjectWithNulls": {
        "energy": 37446.28132319222,
        "duration": 787448.7680539249,
        "dram": 3697.2208547180794,
        "iteration": 54
    },
    "com.google.gson.functional.MoreSpecificTypeSerializationTest-testListOfSubclassFields": {
        "energy": 39532.951163582205,
        "duration": 1294055.4948921667,
        "dram": 3717.755086523248,
        "iteration": 79
    },
    "com.google.gson.functional.NullObjectAndFieldTest-testTopLevelNullObjectSerialization": {
        "energy": 49615.09908390045,
        "duration": 920870.8021974564,
        "dram": 1133.4185876846313,
        "iteration": 20
    },
    "com.google.gson.functional.DefaultTypeAdaptersTest-testUrlNullSerialization": {
        "energy": 37261.40131454238,
        "duration": 1443571.0592154725,
        "dram": 5111.78587791918,
        "iteration": 78
    },
    "com.google.gson.functional.NullObjectAndFieldTest-testNullWrappedPrimitiveMemberSerialization": {
        "energy": 40647.76366298612,
        "duration": 810965.8993376566,
        "dram": 3179.849621512173,
        "iteration": 52
    },
    "com.google.gson.functional.DefaultTypeAdaptersTest-testNullSerialization": {
        "energy": 193578.36974615912,
        "duration": 5154556.427958677,
        "dram": 17018.35540286098,
        "iteration": 99
    },
    "com.google.gson.functional.ExposeFieldsTest-testArrayWithOneNullExposeFieldObjectSerialization": {
        "energy": 44565.31765082346,
        "duration": 875213.7681001478,
        "dram": 2455.144428968755,
        "iteration": 59
    },
    "com.google.gson.functional.ReadersWritersTest-testTopLevelNullObjectSerializationWithWriterAndSerializeNulls": {
        "energy": 44156.729707717896,
        "duration": 493242.2745323181,
        "dram": 1757.9062747955322,
        "iteration": 19
    },
    "com.google.gson.functional.NamingPolicyTest-testDeprecatedNamingStrategy": {
        "energy": 38955.143367306686,
        "duration": 984082.3350100606,
        "dram": 3113.699694710671,
        "iteration": 52
    },
    "com.google.gson.functional.StreamingTypeAdaptersTest-testSerializeRecursive": {
        "energy": 35576.99270098814,
        "duration": 718550.7173782564,
        "dram": 3255.412616178395,
        "iteration": 39
    },
    "com.google.gson.functional.PrintFormattingTest-testCompactFormattingLeavesNoWhiteSpace": {
        "energy": 39502.13249702257,
        "duration": 1143227.3931066245,
        "dram": 1882.8037437528276,
        "iteration": 75
    },