{
    "com.google.gson.functional.StreamingTypeAdaptersTest-testNullSafe": {
        "energy": 38635,
        "duration": 1327125.358695652,
        "dram": 3452.695652173913,
        "iteration": 92,
        "stdev": 11146.139477330686
    },
    "com.google.gson.functional.ParameterizedTypesTest-testParameterizedTypeGenericArraysSerialization": {
        "energy": 37598,
        "duration": 1234347.2921348314,
        "dram": 3226.7303370786517,
        "iteration": 89,
        "stdev": 9369.974444766043
    },
    "com.google.gson.functional.MapTest-testMapSerializationWithNullValues": {
        "energy": 37903,
        "duration": 1011330.2372881356,
        "dram": 3509.406779661017,
        "iteration": 59,
        "stdev": 6123.837364905965
    },
    "com.google.gson.functional.MapTest-testInterfaceTypeMapWithSerializer": {
        "energy": 39307,
        "duration": 1631455.3232323232,
        "dram": 4395.393939393939,
        "iteration": 99,
        "stdev": 17298.66713167806
    },
    "com.google.gson.functional.ExposeFieldsTest-testNullExposeFieldSerialization": {
        "energy": 117676,
        "duration": 4111553.5319148935,
        "dram": 12832.468085106382,
        "iteration": 94,
        "stdev": 123818.8792153628
    },
    "com.google.gson.functional.InheritanceTest-testBaseSerializedAsBaseWhenSpecifiedWithExplicitTypeForToJsonMethod": {
        "energy": 42602,
        "duration": 2381791.9677419355,
        "dram": 7131.290322580645,
        "iteration": 62,
        "stdev": 86090.64806255916
    },
    "com.google.gson.functional.ParameterizedTypesTest-testVariableTypeArrayDeserialization": {
        "energy": 37476,
        "duration": 1264362.1011235956,
        "dram": 3416.9101123595506,
        "iteration": 89,
        "stdev": 11124.37431669245
    },
    "com.google.gson.functional.NullObjectAndFieldTest-testExplicitSerializationOfNullStringMembers": {
        "energy": 37780,
        "duration": 696628.9056603773,
        "dram": 2877.7169811320755,
        "iteration": 53,
        "stdev": 4083.712098929351
    },
    "com.google.gson.functional.ObjectTest-testNullFieldsSerialization": {
        "energy": 35461,
        "duration": 784320.9487179487,
        "dram": 2452.025641025641,
        "iteration": 39,
        "stdev": 4065.6623052432847
    },
    "com.google.gson.functional.MapTest-testMapSerializationWithNullValuesSerialized": {
        "energy": 36987,
        "duration": 625107.9761904762,
        "dram": 2676.095238095238,
        "iteration": 42,
        "stdev": 4382.05281967243
    },
    "com.google.gson.functional.ObjectTest-testAnonymousLocalClassesCustomSerialization": {
        "energy": 37353,
        "duration": 1133630.014925373,
        "dram": 3419.0,
        "iteration": 67,
        "stdev": 10625.30119776979
    },
    "com.google.gson.functional.NullObjectAndFieldTest-testCustomSerializationOfNulls": {
        "energy": 41382,
        "duration": 1359929.7073170731,
        "dram": 4824.4390243902435,
        "iteration": 41,
        "stdev": 34983.07377721181
    },
    "com.google.gson.functional.ThrowableFunctionalTest-testSerializedNameOnExceptionFields": {
        "energy": 43518,
        "duration": 2543970.159574468,
        "dram": 7281.148936170212,
        "iteration": 94,
        "stdev": 58924.613467568866
    },
    "com.google.gson.functional.ParameterizedTypesTest-testParameterizedTypeGenericArraysDeserialization": {
        "energy": 37353,
        "duration": 1299472.6705882354,
        "dram": 3440.8705882352942,
        "iteration": 85,
        "stdev": 9205.723251502439
    },
    "com.google.gson.functional.MapTest-testInterfaceTypeMap": {
        "energy": 67260,
        "duration": 2290185.765957447,
        "dram": 6591.86170212766,
        "iteration": 94,
        "stdev": 44369.42305700003
    },
    "com.google.gson.functional.MapTest-testMapSerializationWithWildcardValues": {
        "energy": 40283,
        "duration": 1279325.2571428572,
        "dram": 3945.5,
        "iteration": 70,
        "stdev": 18699.081687072125
    },
    "com.google.gson.functional.MoreSpecificTypeSerializationTest-testListOfParameterizedSubclassFields": {
        "energy": 35950,
        "duration": 1061715.8448275863,
        "dram": 3121.448275862069,
        "iteration": 58,
        "stdev": 3646.2674576165205
    },
    "com.google.gson.functional.NullObjectAndFieldTest-testPrintPrintingObjectWithNulls": {
        "energy": 35584,
        "duration": 898475.3454545455,
        "dram": 3172.109090909091,
        "iteration": 55,
        "stdev": 3988.3482709736504
    },
    "com.google.gson.functional.NullObjectAndFieldTest-testTopLevelNullObjectSerialization": {
        "energy": 41016,
        "duration": 7174525.741935484,
        "dram": 24780.064516129034,
        "iteration": 31,
        "stdev": 491540.01097943477
    },
    "com.google.gson.functional.DefaultTypeAdaptersTest-testUrlNullSerialization": {
        "energy": 36865,
        "duration": 1366649.6323529412,
        "dram": 3611.705882352941,
        "iteration": 68,
        "stdev": 13473.485222995645
    },
    "com.google.gson.functional.DefaultTypeAdaptersTest-testNullSerialization": {
        "energy": 155334,
        "duration": 9643242.111111112,
        "dram": 29043.262626262625,
        "iteration": 99,
        "stdev": 267665.0668740859
    },
    "com.google.gson.functional.NamingPolicyTest-testDeprecatedNamingStrategy": {
        "energy": 38330,
        "duration": 929418.3962264151,
        "dram": 3135.1132075471696,
        "iteration": 53,
        "stdev": 4369.695337447982
    },
    "com.google.gson.functional.StreamingTypeAdaptersTest-testSerializeRecursive": {
        "energy": 35827,
        "duration": 725557.3695652174,
        "dram": 2760.304347826087,
        "iteration": 46,
        "stdev": 4827.081221513952
    },
    "com.google.gson.functional.PrintFormattingTest-testCompactFormattingLeavesNoWhiteSpace": {
        "energy": 41198,
        "duration": 2387054.964285714,
        "dram": 7400.119047619048,
        "iteration": 84,
        "stdev": 122977.53945668352
    },
    "com.google.gson.functional.NullObjectAndFieldTest-testExplicitSerializationOfNullArrayMembers": {
        "energy": 40405,
        "duration": 1640034.606060606,
        "dram": 4616.727272727273,
        "iteration": 99,
        "stdev": 23112.806846443116
    },
    "com.google.gson.functional.CollectionTest-testCollectionOfObjectWithNullSerialization": {
        "energy": 37232,
        "duration": 949144.5535714285,
        "dram": 2750.3928571428573,
        "iteration": 56,
        "stdev": 3704.0680489118163
    },
    "com.google.gson.functional.ParameterizedTypesTest-testParameterizedTypeWithVariableTypeDeserialization": {
        "energy": 37537,
        "duration": 1227560.894117647,
        "dram": 3281.9176470588236,
        "iteration": 85,
        "stdev": 9329.07010839428
    },
    "com.google.gson.ObjectTypeAdapterTest-testSerialize": {
        "energy": 41077,
        "duration": 1846324.808080808,
        "dram": 5129.686868686868,
        "iteration": 99,
        "stdev": 40269.26771958695
    },
    "com.google.gson.functional.TreeTypeAdaptersTest-testSerializeId": {
        "energy": 39794,
        "duration": 1949173.5161290322,
        "dram": 5491.741935483871,
        "iteration": 93,
        "stdev": 70945.74958187796
    },
    "com.google.gson.stream.JsonWriterTest-testNulls": {
        "energy": 38207,
        "duration": 472671.0,
        "dram": 1456.6842105263158,
        "iteration": 19,
        "stdev": 3206.188466387224
    },
    "com.google.gson.functional.NullObjectAndFieldTest-testExplicitSerializationOfNullCollectionMembers": {
        "energy": 39794,
        "duration": 702559.2564102564,
        "dram": 3019.871794871795,
        "iteration": 39,
        "stdev": 4636.79468838642
    },