{
    "com.google.gson.FunctionalWithInternalDependenciesTest-testMultipleArrays": {
        "energy": 37231,
        "duration": 2081774.5666666667,
        "dram": 6931.933333333333,
        "iteration": 30,
        "stdev": 258517.08598091194
    },
    "com.google.gson.functional.DefaultTypeAdaptersTest-testDateSerializationWithPattern": {
        "energy": 36865,
        "duration": 964985.8936170213,
        "dram": 3193.0,
        "iteration": 47,
        "stdev": 30559.177726711332
    },
    "com.google.gson.functional.NullObjectAndFieldTest-testExplicitDeserializationOfNulls": {
        "energy": 36377,
        "duration": 1303316.7027027027,
        "dram": 3855.6216216216217,
        "iteration": 37,
        "stdev": 25088.75316524146
    },
    "com.google.gson.functional.NamingPolicyTest-testGsonWithNonDefaultFieldNamingPolicySerialization": {
        "energy": 74951,
        "duration": 2808009.0606060605,
        "dram": 7893.949494949495,
        "iteration": 99,
        "stdev": 36675.30181543625
    },
    "com.google.gson.functional.VersioningTest-testVersionedGsonMixingSinceAndUntilDeserialization": {
        "energy": 36072,
        "duration": 1110319.168831169,
        "dram": 2860.4545454545455,
        "iteration": 77,
        "stdev": 9055.424008777753
    },
    "com.google.gson.functional.CustomTypeAdaptersTest-testCustomAdapterInvokedForMapElementSerializationWithType": {
        "energy": 34485,
        "duration": 1154308.0833333333,
        "dram": 3394.277777777778,
        "iteration": 72,
        "stdev": 9881.82705051493
    },
    "com.google.gson.functional.VersioningTest-testVersionedUntilSerialization": {
        "energy": 188598,
        "duration": 5976164.392405063,
        "dram": 18331.07594936709,
        "iteration": 79,
        "stdev": 241825.30055587366
    },
    "com.google.gson.functional.NamingPolicyTest-testGsonDuplicateNameUsingSerializedNameFieldNamingPolicySerialization": {
        "energy": 139587,
        "duration": 5851039.212121212,
        "dram": 17653.08080808081,
        "iteration": 99,
        "stdev": 271990.5776020585
    },
    "com.google.gson.functional.ParameterizedTypesTest-testParameterizedTypeWithReaderDeserialization": {
        "energy": 34851,
        "duration": 1297028.0,
        "dram": 3447.9080459770116,
        "iteration": 87,
        "stdev": 22246.488518936505
    },
    "com.google.gson.functional.ArrayTest-testArrayOfPrimitivesWithCustomTypeAdapter": {
        "energy": 38513,
        "duration": 849403.4210526316,
        "dram": 2976.2368421052633,
        "iteration": 38,
        "stdev": 7502.423185506942
    },
    "com.google.gson.functional.PrimitiveTest-testFloatInfinitySerialization": {
        "energy": 37353,
        "duration": 540677.5652173914,
        "dram": 2370.086956521739,
        "iteration": 23,
        "stdev": 4435.383389826047
    },
    "com.google.gson.functional.NamingPolicyTest-testGsonWithSerializedNameFieldNamingPolicySerialization": {
        "energy": 35705,
        "duration": 812905.1794871795,
        "dram": 3155.2820512820513,
        "iteration": 39,
        "stdev": 4688.90391762488
    },
    "com.google.gson.FunctionalWithInternalDependenciesTest-testPrettyPrintListOfPrimitiveArrays": {
        "energy": 37353,
        "duration": 2287607.1346153845,
        "dram": 7002.403846153846,
        "iteration": 52,
        "stdev": 230084.6129248726
    },
    "com.google.gson.functional.NamingPolicyTest-testGsonWithNonDefaultFieldNamingPolicyDeserialiation": {
        "energy": 34973,
        "duration": 1307142.9787234042,
        "dram": 3985.574468085106,
        "iteration": 47,
        "stdev": 49537.427612973996
    },
    "com.google.gson.functional.CustomTypeAdaptersTest-testCustomTypeAdapterDoesNotAppliesToSubClasses": {
        "energy": 70496,
        "duration": 2237779.242424242,
        "dram": 6162.535353535353,
        "iteration": 99,
        "stdev": 21169.196533734797
    },
    "com.google.gson.functional.DefaultTypeAdaptersTest-testDefaultDateDeserializationUsingBuilder": {
        "energy": 36071,
        "duration": 1135768.8313253012,
        "dram": 2971.843373493976,
        "iteration": 83,
        "stdev": 7691.5631330201695
    },
    "com.google.gson.functional.ParameterizedTypesTest-testParameterizedTypeDeserialization": {
        "energy": 37048,
        "duration": 2296201.290322581,
        "dram": 6489.344086021505,
        "iteration": 93,
        "stdev": 124316.57408651388
    },
    "com.google.gson.functional.UncategorizedTest-testReturningDerivedClassesDuringDeserialization": {
        "energy": 74097,
        "duration": 2364900.9191919193,
        "dram": 6350.909090909091,
        "iteration": 99,
        "stdev": 31793.576035542843
    },
    "com.google.gson.functional.NullObjectAndFieldTest-testTopLevelNullObjectSerialization": {
        "energy": 36072,
        "duration": 5467385.9,
        "dram": 16418.4,
        "iteration": 20,
        "stdev": 352867.88103967113
    },
    "com.google.gson.functional.CustomTypeAdaptersTest-testCustomDeserializers": {
        "energy": 38025,
        "duration": 2049337.9242424243,
        "dram": 6523.560606060606,
        "iteration": 66,
        "stdev": 84594.93002058975
    },
    "com.google.gson.functional.NullObjectAndFieldTest-testNullWrappedPrimitiveMemberSerialization": {
        "energy": 35705,
        "duration": 854561.350877193,
        "dram": 2920.684210526316,
        "iteration": 57,
        "stdev": 4355.428000131271
    },
    "com.google.gson.FunctionalWithInternalDependenciesTest-testPrettyPrintList": {
        "energy": 80139,
        "duration": 3474077.797979798,
        "dram": 9887.949494949495,
        "iteration": 99,
        "stdev": 85942.08441847227
    },
    "com.google.gson.functional.ReadersWritersTest-testTopLevelNullObjectSerializationWithWriterAndSerializeNulls": {
        "energy": 39124,
        "duration": 756631.5769230769,
        "dram": 2944.6153846153848,
        "iteration": 26,
        "stdev": 7531.892483999791
    },
    "com.google.gson.functional.DefaultTypeAdaptersTest-testDateDeserializationWithPattern": {
        "energy": 37536,
        "duration": 964928.0317460317,
        "dram": 3319.2698412698414,
        "iteration": 63,
        "stdev": 21727.896306865394
    },
    "com.google.gson.functional.PrimitiveTest-testDoubleNaNSerialization": {
        "energy": 37598,
        "duration": 567911.4285714285,
        "dram": 2508.285714285714,
        "iteration": 28,
        "stdev": 4790.169350676787
    },
    "com.google.gson.functional.CustomTypeAdaptersTest-testCustomSerializerForLong": {
        "energy": 34912,
        "duration": 1100696.64,
        "dram": 2901.266666666667,
        "iteration": 75,
        "stdev": 5648.032477464068
    },
    "com.google.gson.FunctionalWithInternalDependenciesTest-testPrettyPrintArrayOfObjects": {
        "energy": 37720,
        "duration": 1264481.2465753425,
        "dram": 3422.3972602739727,
        "iteration": 73,
        "stdev": 30505.50220714477
    },
    "com.google.gson.GsonBuilderTest-testCreatingMoreThanOnce": {
        "energy": 39978,
        "duration": 13278293.307692308,
        "dram": 41656.153846153844,
        "iteration": 26,
        "stdev": 738454.6466887754
    },
    "com.google.gson.functional.CustomTypeAdaptersTest-testCustomByteArrayDeserializerAndInstanceCreator": {
        "energy": 35461,
        "duration": 988709.875,
        "dram": 3441.3125,
        "iteration": 64,
        "stdev": 20649.587943239592
    },
    "com.google.gson.FunctionalWithInternalDependenciesTest-testPrettyPrintArrayOfPrimitives": {
        "energy": 37475,
        "duration": 747947.4117647059,
        "dram": 2713.0588235294117,
        "iteration": 34,
        "stdev": 5661.240074700154
    },
    "com.google.gson.functional.NullObjectAndFieldTest-testExplicitSerializationOfNullArrayMembers": {
        "energy": 37719,