{
    "com.google.gson.functional.MapTest-testInterfaceTypeMapWithSerializer": {
        "energy": 137744.08718636833,
        "duration": 4374038.283371556,
        "dram": 12077.313122948655,
        "iteration": 99
    },
    "com.google.gson.functional.NamingPolicyTest-testGsonWithNonDefaultFieldNamingPolicySerialization": {
        "energy": 256807.19977631018,
        "duration": 8168500.578666223,
        "dram": 23371.093410419435,
        "iteration": 85
    },
    "com.google.gson.functional.MapAsArrayTypeAdapterTest-testMultipleEnableComplexKeyRegistrationHasNoEffect": {
        "energy": 366651.1454147426,
        "duration": 11409685.003062816,
        "dram": 33739.89837659034,
        "iteration": 89
    },
    "com.google.gson.functional.MapTest-testGeneralMapField": {
        "energy": 36831.197909896226,
        "duration": 1780943.8146063713,
        "dram": 3341.0594970680772,
        "iteration": 99
    },
    "com.google.gson.functional.NamingPolicyTest-testGsonWithUpperCamelCaseSpacesPolicyDeserialiation": {
        "energy": 89786.08478339207,
        "duration": 2815644.720673862,
        "dram": 8318.203318344631,
        "iteration": 59
    },
    "com.google.gson.functional.MapAsArrayTypeAdapterTest-testSerializeComplexMapWithTypeAdapter": {
        "energy": 62425.389924058305,
        "duration": 2212453.2818083735,
        "dram": 5590.9372032806805,
        "iteration": 99
    },
    "com.google.gson.functional.NamingPolicyTest-testGsonWithNonDefaultFieldNamingPolicyDeserialiation": {
        "energy": 138005.80305502223,
        "duration": 4258702.0982944695,
        "dram": 12974.940709146264,
        "iteration": 86
    },
    "com.google.gson.functional.MapTest-testInterfaceTypeMap": {
        "energy": 248864.47226869172,
        "duration": 7802995.289678621,
        "dram": 23508.697377909193,
        "iteration": 99
    },
    "com.google.gson.functional.FieldNamingTest-testUpperCamelCase": {
        "energy": 650317.5118610451,
        "duration": 19034117.406332664,
        "dram": 58161.025425911444,
        "iteration": 88
    },
    "com.google.gson.functional.NamingPolicyTest-testGsonWithUpperCamelCaseSpacesPolicySerialiation": {
        "energy": 94953.34729713725,
        "duration": 3141515.9096540343,
        "dram": 9714.851576173616,
        "iteration": 53
    },
    "com.google.gson.functional.FieldNamingTest-testUpperCamelCaseWithSpaces": {
        "energy": 129270.32372277947,
        "duration": 3931647.7834914033,
        "dram": 10017.225859363509,
        "iteration": 70
    },
    "com.google.gson.functional.MapAsArrayTypeAdapterTest-testMapWithTypeVariableSerialization": {
        "energy": 47474.05323542931,
        "duration": 1888828.3585210238,
        "dram": 4517.461590617237,
        "iteration": 99
    }
}