{
    "com.google.gson.functional.MapTest-testInterfaceTypeMapWithSerializer": {
        "energy": 129211.388623925,
        "duration": 4081428.3168740207,
        "dram": 13112.165656016648,
        "iteration": 99
    },
    "com.google.gson.functional.NamingPolicyTest-testGsonWithNonDefaultFieldNamingPolicySerialization": {
        "energy": 359146.60909697594,
        "duration": 10954434.323005036,
        "dram": 34841.369720623334,
        "iteration": 85
    },
    "com.google.gson.functional.MapAsArrayTypeAdapterTest-testMultipleEnableComplexKeyRegistrationHasNoEffect": {
        "energy": 172099.53730710346,
        "duration": 5327812.734874029,
        "dram": 15648.612219076509,
        "iteration": 91
    },
    "com.google.gson.functional.MapTest-testGeneralMapField": {
        "energy": 66595.57112045705,
        "duration": 2005027.2348414315,
        "dram": 4310.180343706581,
        "iteration": 99
    },
    "com.google.gson.functional.MapAsArrayTypeAdapterTest-testSerializeComplexMapWithTypeAdapter": {
        "energy": 152092.65512593347,
        "duration": 5245227.641948329,
        "dram": 15515.994336069509,
        "iteration": 99
    },
    "com.google.gson.functional.NamingPolicyTest-testGsonWithNonDefaultFieldNamingPolicyDeserialiation": {
        "energy": 143545.90476692916,
        "duration": 4636437.134558841,
        "dram": 12473.772339027453,
        "iteration": 86
    },
    "com.google.gson.functional.MapTest-testInterfaceTypeMap": {
        "energy": 182795.69938389,
        "duration": 6291016.344403032,
        "dram": 17740.32595085478,
        "iteration": 99
    },
    "com.google.gson.functional.FieldNamingTest-testUpperCamelCase": {
        "energy": 730619.0062030219,
        "duration": 21730349.128470276,
        "dram": 69045.77502302092,
        "iteration": 86
    },
    "com.google.gson.functional.MapAsArrayTypeAdapterTest-testMapWithTypeVariableSerialization": {
        "energy": 201320.06348058736,
        "duration": 6546453.820622892,
        "dram": 18949.579837080502,
        "iteration": 99
    },
    "com.google.gson.functional.NamingPolicyTest-testGsonWithUpperCamelCaseSpacesPolicyDeserialiation": {
        "energy": 51720.75956277971,
        "duration": 1468496.7571382183,
        "dram": 3404.227539935778,
        "iteration": 50
    },
    "com.google.gson.functional.NamingPolicyTest-testGsonWithUpperCamelCaseSpacesPolicySerialiation": {
        "energy": 50416.18218238348,
        "duration": 1442912.614313772,
        "dram": 4623.587178126648,
        "iteration": 52
    },
    "com.google.gson.functional.FieldNamingTest-testUpperCamelCaseWithSpaces": {
        "energy": 36504.17645931891,
        "duration": 1102300.9814492336,
        "dram": 3060.5995819572377,
        "iteration": 74
    }
}