{
    "com.google.gson.internal.bind.JsonElementReaderTest-testArray": {
        "energy": 122986,
        "duration": 6910086.235955056,
        "dram": 18722.550561797754,
        "iteration": 89,
        "stdev": 171786.2485955681
    },
    "com.google.gson.internal.bind.JsonElementReaderTest-testObject": {
        "energy": 36255,
        "duration": 3481723.5576923075,
        "dram": 10225.096153846154,
        "iteration": 52,
        "stdev": 139558.01978737905
    }
}