{
    "com.google.gson.functional.MapTest-testInterfaceTypeMapWithSerializer": {
        "energy": 108546.55527970925,
        "duration": 4028217.7861459665,
        "dram": 10244.889912163526,
        "iteration": 99
    },
    "com.google.gson.functional.NamingPolicyTest-testGsonWithNonDefaultFieldNamingPolicySerialization": {
        "energy": 159745.2402155709,
        "duration": 4751235.249984838,
        "dram": 14211.695193642507,
        "iteration": 84
    },
    "com.google.gson.functional.MapAsArrayTypeAdapterTest-testMultipleEnableComplexKeyRegistrationHasNoEffect": {
        "energy": 127630.12456314018,
        "duration": 3643437.13179002,
        "dram": 10455.851981588701,
        "iteration": 92
    },
    "com.google.gson.functional.MapTest-testGeneralMapField": {
        "energy": 37265.031497370306,
        "duration": 1888686.7887905845,
        "dram": 4848.635675821325,
        "iteration": 99
    },
    "com.google.gson.functional.NamingPolicyTest-testGsonWithUpperCamelCaseSpacesPolicyDeserialiation": {
        "energy": 42456.76879127063,
        "duration": 924716.26200608,
        "dram": 1899.0194864808461,
        "iteration": 56
    },
    "com.google.gson.functional.MapAsArrayTypeAdapterTest-testSerializeComplexMapWithTypeAdapter": {
        "energy": 84844.3858597727,
        "duration": 2730513.7186744497,
        "dram": 7823.662015156411,
        "iteration": 99
    },
    "com.google.gson.functional.MapTest-testInterfaceTypeMap": {
        "energy": 260410.88479651295,
        "duration": 9324188.142134167,
        "dram": 25141.108322635584,
        "iteration": 99
    },
    "com.google.gson.functional.FieldNamingTest-testUpperCamelCase": {
        "energy": 212076.56007799067,
        "duration": 6846561.866151567,
        "dram": 18374.713876475183,
        "iteration": 86
    },
    "com.google.gson.functional.NamingPolicyTest-testGsonWithUpperCamelCaseSpacesPolicySerialiation": {
        "energy": 96901.65341013146,
        "duration": 2501244.2896691235,
        "dram": 7639.057646188756,
        "iteration": 49
    },
    "com.google.gson.functional.FieldNamingTest-testUpperCamelCaseWithSpaces": {
        "energy": 39382.38644793024,
        "duration": 1434079.251888363,
        "dram": 4401.90336589173,
        "iteration": 70
    },
    "com.google.gson.functional.MapAsArrayTypeAdapterTest-testMapWithTypeVariableSerialization": {
        "energy": 357783.5315232845,
        "duration": 11416789.89878654,
        "dram": 33322.73304255861,
        "iteration": 99
    },
    "com.google.gson.functional.NamingPolicyTest-testGsonWithNonDefaultFieldNamingPolicyDeserialiation": {
        "energy": 136298.42593708698,
        "duration": 4453102.582516307,
        "dram": 13297.12950798871,
        "iteration": 82
    }
}