{
    "com.google.gson.functional.MapTest-testInterfaceTypeMapWithSerializer": {
        "energy": 133240,
        "duration": 4272854.717171717,
        "dram": 11717.545454545454,
        "iteration": 99,
        "stdev": 35547.12947677733
    },
    "com.google.gson.functional.NamingPolicyTest-testGsonWithNonDefaultFieldNamingPolicySerialization": {
        "energy": 111816,
        "duration": 10119398.2,
        "dram": 29689.4375,
        "iteration": 80,
        "stdev": 449621.67517355614
    },
    "com.google.gson.functional.MapAsArrayTypeAdapterTest-testMultipleEnableComplexKeyRegistrationHasNoEffect": {
        "energy": 38941,
        "duration": 4924795.410526316,
        "dram": 14326.684210526315,
        "iteration": 95,
        "stdev": 349541.0533177489
    },
    "com.google.gson.functional.MapTest-testGeneralMapField": {
        "energy": 65368,
        "duration": 2162423.3333333335,
        "dram": 5492.595959595959,
        "iteration": 99,
        "stdev": 41440.30783343266
    },
    "com.google.gson.functional.MapAsArrayTypeAdapterTest-testSerializeComplexMapWithTypeAdapter": {
        "energy": 72754,
        "duration": 3095293.0404040404,
        "dram": 8385.171717171717,
        "iteration": 99,
        "stdev": 132926.1816162567
    },
    "com.google.gson.functional.NamingPolicyTest-testGsonWithNonDefaultFieldNamingPolicyDeserialiation": {
        "energy": 167724,
        "duration": 5702225.2289156625,
        "dram": 16722.481927710844,
        "iteration": 83,
        "stdev": 176504.58639362577
    },
    "com.google.gson.functional.MapTest-testInterfaceTypeMap": {
        "energy": 205200,
        "duration": 8012644.333333333,
        "dram": 22747.545454545456,
        "iteration": 99,
        "stdev": 90745.73553893088
    },
    "com.google.gson.functional.FieldNamingTest-testUpperCamelCase": {
        "energy": 83008,
        "duration": 9749154.670731707,
        "dram": 28392.134146341465,
        "iteration": 82,
        "stdev": 484383.8946674768
    },
    "com.google.gson.functional.FieldNamingTest-testUpperCamelCaseWithSpaces": {
        "energy": 40344,
        "duration": 3260427.6125,
        "dram": 9639.7375,
        "iteration": 80,
        "stdev": 221434.36933958804
    },
    "com.google.gson.functional.MapAsArrayTypeAdapterTest-testMapWithTypeVariableSerialization": {
        "energy": 70618,
        "duration": 7307554.848484849,
        "dram": 20977.81818181818,
        "iteration": 99,
        "stdev": 423941.160153901
    },
    "com.google.gson.functional.NamingPolicyTest-testGsonWithUpperCamelCaseSpacesPolicyDeserialiation": {
        "energy": 37780,
        "duration": 2557725.234375,
        "dram": 7509.921875,
        "iteration": 64,
        "stdev": 71500.79611263073
    },
    "com.google.gson.functional.NamingPolicyTest-testGsonWithUpperCamelCaseSpacesPolicySerialiation": {
        "energy": 40772,
        "duration": 6486152.981481481,
        "dram": 19530.444444444445,
        "iteration": 54,
        "stdev": 392177.22419911687
    }
}