{
    "com.google.gson.functional.CustomTypeAdaptersTest-testCustomAdapterInvokedForMapElementDeserialization": {
        "energy": 59413.85365853659,
        "duration": 2019186.0,
        "dram": 5398.121951219512,
        "iteration": 82,
        "stdev": 149162.9625703347
    },
    "com.google.gson.functional.DefaultTypeAdaptersTest-testPropertiesDeserialization": {
        "energy": 35449.125,
        "duration": 1083249.725,
        "dram": 2451.075,
        "iteration": 40,
        "stdev": 4717.586794047885
    },
    "com.google.gson.functional.MapTest-testMapDeserialization": {
        "energy": 135427.7831325301,
        "duration": 4390659.180722891,
        "dram": 12494.024096385541,
        "iteration": 83,
        "stdev": 101992.50025818967
    },
    "com.google.gson.functional.MapTest-testMapDeserializationWithNullValue": {
        "energy": 40864.01666666667,
        "duration": 1211323.0666666667,
        "dram": 3081.133333333333,
        "iteration": 60,
        "stdev": 20369.180063265245
    },
    "com.google.gson.functional.MapTest-testMapDeserializationWithNullKey": {
        "energy": 38731.279411764706,
        "duration": 1196037.955882353,
        "dram": 3268.720588235294,
        "iteration": 68,
        "stdev": 26745.995546252612
    },
    "com.google.gson.functional.MapTest-testMapDeserializationEmpty": {
        "energy": 36678.74074074074,
        "duration": 1055679.962962963,
        "dram": 2697.3888888888887,
        "iteration": 54,
        "stdev": 4127.057292520617
    }
}