{
    "com.google.gson.functional.MapTest-testMapDeserialization": {
        "energy": 92772.46590909091,
        "duration": 3080014.659090909,
        "dram": 8224.818181818182,
        "iteration": 88,
        "stdev": 91501.22275411863
    },
    "com.google.gson.functional.MapTest-testMapDeserializationEmpty": {
        "energy": 39691.75862068965,
        "duration": 1203987.8620689656,
        "dram": 2976.5344827586205,
        "iteration": 58,
        "stdev": 20648.75675167907
    },
    "com.google.gson.functional.MapTest-testMapDeserializationWithNullKey": {
        "energy": 36504.43939393939,
        "duration": 1055687.5,
        "dram": 2838.409090909091,
        "iteration": 66,
        "stdev": 4437.469740840197
    },
    "com.google.gson.functional.DefaultTypeAdaptersTest-testPropertiesDeserialization": {
        "energy": 34335.67441860465,
        "duration": 993947.976744186,
        "dram": 2787.5116279069766,
        "iteration": 43,
        "stdev": 3477.470871400452
    },
    "com.google.gson.functional.MapTest-testMapDeserializationWithNullValue": {
        "energy": 37832.42372881356,
        "duration": 1057955.847457627,
        "dram": 2938.1525423728813,
        "iteration": 59,
        "stdev": 4023.4514452542235
    },
    "com.google.gson.functional.CustomTypeAdaptersTest-testCustomAdapterInvokedForMapElementDeserialization": {
        "energy": 43539.08641975309,
        "duration": 1478746.3703703703,
        "dram": 3507.395061728395,
        "iteration": 81,
        "stdev": 36794.6226285207
    }
}