{
    "com.google.gson.functional.DefaultTypeAdaptersTest-testUrlSerialization": {
        "energy": 75131.64,
        "duration": 2431743.48,
        "dram": 7074.12,
        "iteration": 50,
        "stdev": 57088.60615526008
    },
    "com.google.gson.functional.DefaultTypeAdaptersTest-testUrlDeserialization": {
        "energy": 34514.781818181815,
        "duration": 959632.6,
        "dram": 2449.1272727272726,
        "iteration": 55,
        "stdev": 4446.165860771233
    }
}