{
    "com.google.gson.functional.DefaultTypeAdaptersTest-testUrlDeserialization": {
        "energy": 31951.884615384617,
        "duration": 944862.4423076923,
        "dram": 2461.5384615384614,
        "iteration": 52,
        "stdev": 3290.110266177939
    },
    "com.google.gson.functional.DefaultTypeAdaptersTest-testUrlSerialization": {
        "energy": 64340.282051282054,
        "duration": 2076275.4615384615,
        "dram": 5645.333333333333,
        "iteration": 39,
        "stdev": 37784.82410659869
    }
}