{
    "com.google.gson.DefaultDateTypeAdapterTest-testParsingDatesFormattedWithUsLocale": {
        "energy": 1031220.9471952395,
        "duration": 30181302.219206035,
        "dram": 102274.82811553402,
        "iteration": 99
    },
    "com.google.gson.functional.DefaultTypeAdaptersTest-testDateSerializationWithPatternNotOverridenByTypeAdapter": {
        "energy": 32654.55299770316,
        "duration": 726020.8152535837,
        "dram": 2405.977548647511,
        "iteration": 51
    },
    "com.google.gson.functional.DefaultTypeAdaptersTest-testDefaultJavaSqlTimestampDeserialization": {
        "energy": 36027.04719604161,
        "duration": 1152905.3276544712,
        "dram": 3393.9086979380013,
        "iteration": 84
    },
    "com.google.gson.functional.DefaultTypeAdaptersTest-testDateSerializationWithPattern": {
        "energy": 43388.28934770703,
        "duration": 1525837.0760510028,
        "dram": 4212.755499638885,
        "iteration": 79
    },
    "com.google.gson.DefaultDateTypeAdapterTest-testFormattingInEnUs": {
        "energy": 95945.77051933497,
        "duration": 3058690.158859042,
        "dram": 9333.468783585748,
        "iteration": 99
    },
    "com.google.gson.DefaultDateTypeAdapterTest-testFormatUsesDefaultTimezone": {
        "energy": 67400.03496712903,
        "duration": 2158687.0538969445,
        "dram": 6474.334682766263,
        "iteration": 99
    },
    "com.google.gson.DefaultDateTypeAdapterTest-testDatePattern": {
        "energy": 34997.49945904846,
        "duration": 786999.1200376314,
        "dram": 2569.5352578562506,
        "iteration": 58
    },
    "com.google.gson.functional.ObjectTest-testDateAsMapObjectField": {
        "energy": 183494.98727245312,
        "duration": 6446153.1389589105,
        "dram": 16383.796516443044,
        "iteration": 99
    },
    "com.google.gson.functional.DefaultTypeAdaptersTest-testTimestampSerialization": {
        "energy": 38099.49423003272,
        "duration": 860666.9764220711,
        "dram": 3442.8035671281773,
        "iteration": 44
    },
    "com.google.gson.functional.DefaultTypeAdaptersTest-testDefaultDateDeserializationUsingBuilder": {
        "energy": 72076.93979994647,
        "duration": 2245677.8847826957,
        "dram": 6545.386999410768,
        "iteration": 97
    },
    "com.google.gson.DefaultDateTypeAdapterTest-testDateSerialization": {
        "energy": 35449.848165943375,
        "duration": 980825.3474427146,
        "dram": 2783.160016644273,
        "iteration": 47
    },
    "com.google.gson.functional.DefaultTypeAdaptersTest-testNullSerialization": {
        "energy": 339606.9765993586,
        "duration": 10261055.664968124,
        "dram": 34736.23540389429,
        "iteration": 99
    },
    "com.google.gson.functional.DefaultTypeAdaptersTest-testDateSerializationInCollection": {
        "energy": 36107.17066913052,
        "duration": 1690294.7031416863,
        "dram": 3561.5761506679864,
        "iteration": 99
    },
    "com.google.gson.DefaultDateTypeAdapterTest-testParsingDatesFormattedWithSystemLocale": {
        "energy": 349607.4254234383,
        "duration": 10519350.192834005,
        "dram": 35542.83585100842,
        "iteration": 99
    },
    "com.google.gson.functional.DefaultTypeAdaptersTest-testDefaultDateDeserialization": {
        "energy": 63699.12977609122,
        "duration": 1891131.1001232509,
        "dram": 5766.783413126022,
        "iteration": 89
    },
    "com.google.gson.DefaultDateTypeAdapterTest-testFormattingInFr": {
        "energy": 93988.6907334227,
        "duration": 3465418.332622907,
        "dram": 8850.343494971825,
        "iteration": 99
    },
    "com.google.gson.functional.DefaultTypeAdaptersTest-testSqlDateSerialization": {
        "energy": 31873.202548172692,
        "duration": 800136.4917886159,
        "dram": 3111.580920215678,
        "iteration": 57
    },
    "com.google.gson.functional.DefaultTypeAdaptersTest-testDateDeserializationWithPattern": {
        "energy": 32532.940665844282,
        "duration": 1218124.0952980747,
        "dram": 2664.022744875918,
        "iteration": 61
    },
    "com.google.gson.functional.DefaultTypeAdaptersTest-testDefaultDateSerialization": {
        "energy": 35891.4370945449,
        "duration": 926857.3289121496,
        "dram": 2686.571731066757,
        "iteration": 63
    },
    "com.google.gson.functional.DefaultTypeAdaptersTest-testDefaultJavaSqlTimestampSerialization": {
        "energy": 36831.26721325812,
        "duration": 944991.0246142177,
        "dram": 3214.996499702877,
        "iteration": 65
    },
    "com.google.gson.functional.DefaultTypeAdaptersTest-testDefaultDateSerializationUsingBuilder": {
        "energy": 37113.582599660556,
        "duration": 872958.5820889605,
        "dram": 3652.465736663729,
        "iteration": 42
    }
}