{
    "com.google.gson.DefaultDateTypeAdapterTest-testParsingDatesFormattedWithUsLocale": {
        "energy": 619607.284467852,
        "duration": 19331423.806457296,
        "dram": 59740.54324919416,
        "iteration": 99
    },
    "com.google.gson.functional.DefaultTypeAdaptersTest-testDateSerializationWithPatternNotOverridenByTypeAdapter": {
        "energy": 36591.090332961976,
        "duration": 862543.3636139382,
        "dram": 3245.0177108845505,
        "iteration": 63
    },
    "com.google.gson.functional.DefaultTypeAdaptersTest-testDefaultJavaSqlTimestampDeserialization": {
        "energy": 32481.651658142167,
        "duration": 1305914.7600744655,
        "dram": 2983.7245022983398,
        "iteration": 85
    },
    "com.google.gson.functional.DefaultTypeAdaptersTest-testDateSerializationWithPattern": {
        "energy": 43589.47278874152,
        "duration": 1326274.7033273063,
        "dram": 4405.813097814748,
        "iteration": 85
    },
    "com.google.gson.DefaultDateTypeAdapterTest-testFormattingInEnUs": {
        "energy": 82857.9412887838,
        "duration": 2780147.447319472,
        "dram": 7306.660434366032,
        "iteration": 99
    },
    "com.google.gson.DefaultDateTypeAdapterTest-testFormatUsesDefaultTimezone": {
        "energy": 62691.672118232105,
        "duration": 2059655.719185309,
        "dram": 4969.024404815631,
        "iteration": 99
    },
    "com.google.gson.DefaultDateTypeAdapterTest-testDatePattern": {
        "energy": 36769.71142897096,
        "duration": 918818.3207073073,
        "dram": 3276.1271667247775,
        "iteration": 49
    },
    "com.google.gson.functional.DefaultTypeAdaptersTest-testSqlDateSerialization": {
        "energy": 34055.5339809398,
        "duration": 932603.3279868279,
        "dram": 3004.377599948961,
        "iteration": 55
    },
    "com.google.gson.functional.ObjectTest-testDateAsMapObjectField": {
        "energy": 269256.7408222177,
        "duration": 10368314.656182531,
        "dram": 20515.835842743953,
        "iteration": 99
    },
    "com.google.gson.functional.DefaultTypeAdaptersTest-testDefaultDateDeserializationUsingBuilder": {
        "energy": 56735.24027436249,
        "duration": 2222356.9239435256,
        "dram": 5676.190162112896,
        "iteration": 99
    },
    "com.google.gson.functional.DefaultTypeAdaptersTest-testNullSerialization": {
        "energy": 198109.18100373892,
        "duration": 5649450.359033775,
        "dram": 19072.31498698993,
        "iteration": 99
    },
    "com.google.gson.functional.DefaultTypeAdaptersTest-testDateDeserializationWithPattern": {
        "energy": 34320.37857829642,
        "duration": 845190.5482151229,
        "dram": 3511.159408449913,
        "iteration": 60
    },
    "com.google.gson.functional.DefaultTypeAdaptersTest-testDateSerializationInCollection": {
        "energy": 37796.033797856566,
        "duration": 1773028.760424113,
        "dram": 4711.353130658617,
        "iteration": 99
    },
    "com.google.gson.DefaultDateTypeAdapterTest-testParsingDatesFormattedWithSystemLocale": {
        "energy": 333377.06210953335,
        "duration": 10333669.701374657,
        "dram": 33956.7980946373,
        "iteration": 99
    },
    "com.google.gson.functional.DefaultTypeAdaptersTest-testDefaultDateDeserialization": {
        "energy": 53421.8056838878,
        "duration": 1943623.4771435224,
        "dram": 5512.783780266522,
        "iteration": 94
    },
    "com.google.gson.DefaultDateTypeAdapterTest-testFormattingInFr": {
        "energy": 173931.87519567623,
        "duration": 5600339.449072861,
        "dram": 17810.25320940276,
        "iteration": 99
    },
    "com.google.gson.functional.DefaultTypeAdaptersTest-testDefaultJavaSqlTimestampSerialization": {
        "energy": 32174.859540792455,
        "duration": 979808.2954675797,
        "dram": 3244.9144180701223,
        "iteration": 58
    },
    "com.google.gson.DefaultDateTypeAdapterTest-testDateSerialization": {
        "energy": 38737.62822176054,
        "duration": 907827.5543989846,
        "dram": 3266.530097926231,
        "iteration": 61
    },
    "com.google.gson.functional.DefaultTypeAdaptersTest-testDefaultDateSerialization": {
        "energy": 215195.67468721425,
        "duration": 7592898.2595754545,
        "dram": 22229.07859708932,
        "iteration": 73
    },
    "com.google.gson.functional.DefaultTypeAdaptersTest-testDefaultDateSerializationUsingBuilder": {
        "energy": 30938.940864175744,
        "duration": 899116.2727949645,
        "dram": 2505.082881325821,
        "iteration": 65
    },
    "com.google.gson.functional.DefaultTypeAdaptersTest-testTimestampSerialization": {
        "energy": 33484.07572836223,
        "duration": 903351.0363770438,
        "dram": 2776.878501707515,
        "iteration": 59
    }
}