{
    "com.google.gson.DefaultDateTypeAdapterTest-testParsingDatesFormattedWithUsLocale": {
        "energy": 450743,
        "duration": 18617868.05050505,
        "dram": 62724.73737373737,
        "iteration": 99,
        "stdev": 443308.5883470065
    },
    "com.google.gson.functional.DefaultTypeAdaptersTest-testDateSerializationWithPatternNotOverridenByTypeAdapter": {
        "energy": 34729,
        "duration": 930274.8095238095,
        "dram": 3171.031746031746,
        "iteration": 63,
        "stdev": 2888.199523889567
    },
    "com.google.gson.functional.DefaultTypeAdaptersTest-testDefaultJavaSqlTimestampDeserialization": {
        "energy": 34180,
        "duration": 1326141.4,
        "dram": 3408.0823529411764,
        "iteration": 85,
        "stdev": 6451.586429789037
    },
    "com.google.gson.functional.DefaultTypeAdaptersTest-testDateSerializationWithPattern": {
        "energy": 37903,
        "duration": 1649008.4705882352,
        "dram": 5020.035294117647,
        "iteration": 85,
        "stdev": 19325.075806960635
    },
    "com.google.gson.functional.DefaultTypeAdaptersTest-testDefaultJavaSqlTimestampSerialization": {
        "energy": 33997,
        "duration": 1070615.4827586208,
        "dram": 3057.0862068965516,
        "iteration": 58,
        "stdev": 3817.9630478464
    },
    "com.google.gson.DefaultDateTypeAdapterTest-testFormattingInEnUs": {
        "energy": 69031,
        "duration": 2442293.212121212,
        "dram": 7094.525252525253,
        "iteration": 99,
        "stdev": 28429.625620527877
    },
    "com.google.gson.DefaultDateTypeAdapterTest-testFormatUsesDefaultTimezone": {
        "energy": 67383,
        "duration": 2856354.414141414,
        "dram": 8765.343434343435,
        "iteration": 99,
        "stdev": 168453.07832419165
    },
    "com.google.gson.functional.DefaultTypeAdaptersTest-testSqlDateSerialization": {
        "energy": 34729,
        "duration": 906834.6909090909,
        "dram": 3029.4545454545455,
        "iteration": 55,
        "stdev": 3057.3184698548666
    },
    "com.google.gson.functional.ObjectTest-testDateAsMapObjectField": {
        "energy": 64025,
        "duration": 6417559.626262627,
        "dram": 19061.969696969696,
        "iteration": 99,
        "stdev": 199657.15747120173
    },
    "com.google.gson.functional.DefaultTypeAdaptersTest-testDefaultDateDeserializationUsingBuilder": {
        "energy": 93505,
        "duration": 2812847.101010101,
        "dram": 8553.10101010101,
        "iteration": 99,
        "stdev": 48491.50515328871
    },
    "com.google.gson.DefaultDateTypeAdapterTest-testDateSerialization": {
        "energy": 36438,
        "duration": 1741702.8852459015,
        "dram": 5953.704918032787,
        "iteration": 61,
        "stdev": 150786.98806381525
    },
    "com.google.gson.functional.DefaultTypeAdaptersTest-testNullSerialization": {
        "energy": 159850,
        "duration": 12594503.535353536,
        "dram": 40473.17171717172,
        "iteration": 99,
        "stdev": 408722.03514626063
    },
    "com.google.gson.functional.DefaultTypeAdaptersTest-testDateSerializationInCollection": {
        "energy": 37292,
        "duration": 1824878.0303030303,
        "dram": 5277.848484848485,
        "iteration": 99,
        "stdev": 18324.023572365986
    },
    "com.google.gson.functional.DefaultTypeAdaptersTest-testDefaultDateSerialization": {
        "energy": 36743,
        "duration": 2954907.383561644,
        "dram": 9200.739726027397,
        "iteration": 73,
        "stdev": 144112.24610547512
    },
    "com.google.gson.DefaultDateTypeAdapterTest-testParsingDatesFormattedWithSystemLocale": {
        "energy": 365538,
        "duration": 12031510.858585859,
        "dram": 39413.59595959596,
        "iteration": 99,
        "stdev": 217032.49342205742
    },
    "com.google.gson.functional.DefaultTypeAdaptersTest-testDefaultDateDeserialization": {
        "energy": 69885,
        "duration": 2356880.244680851,
        "dram": 6949.925531914893,
        "iteration": 94,
        "stdev": 35505.92204099179
    },
    "com.google.gson.DefaultDateTypeAdapterTest-testFormattingInFr": {
        "energy": 130981,
        "duration": 4124560.9393939395,
        "dram": 13221.373737373737,
        "iteration": 99,
        "stdev": 55791.93534264455
    },
    "com.google.gson.functional.DefaultTypeAdaptersTest-testDefaultDateSerializationUsingBuilder": {
        "energy": 34119,
        "duration": 918769.6,
        "dram": 3008.6615384615384,
        "iteration": 65,
        "stdev": 3100.9379254533287
    },
    "com.google.gson.functional.DefaultTypeAdaptersTest-testTimestampSerialization": {
        "energy": 34729,
        "duration": 929611.5423728813,
        "dram": 2816.237288135593,
        "iteration": 59,
        "stdev": 2920.741577943
    },
    "com.google.gson.DefaultDateTypeAdapterTest-testDatePattern": {
        "energy": 35400,
        "duration": 897866.2857142857,
        "dram": 3225.081632653061,
        "iteration": 49,
        "stdev": 3171.329933984703
    },
    "com.google.gson.functional.DefaultTypeAdaptersTest-testDateDeserializationWithPattern": {
        "energy": 34912,
        "duration": 1000638.85,
        "dram": 3185.9666666666667,
        "iteration": 60,
        "stdev": 2948.647393109066
    }
}