{
    "com.google.gson.DefaultDateTypeAdapterTest-testParsingDatesFormattedWithUsLocale": {
        "energy": 440917,
        "duration": 20975227.888888888,
        "dram": 70993.15151515152,
        "iteration": 99,
        "stdev": 539251.2536986595
    },
    "com.google.gson.functional.DefaultTypeAdaptersTest-testDateSerializationWithPatternNotOverridenByTypeAdapter": {
        "energy": 34301,
        "duration": 884037.431372549,
        "dram": 2948.450980392157,
        "iteration": 51,
        "stdev": 3015.157486723108
    },
    "com.google.gson.functional.DefaultTypeAdaptersTest-testDefaultJavaSqlTimestampDeserialization": {
        "energy": 34729,
        "duration": 1233255.4523809524,
        "dram": 3534.6785714285716,
        "iteration": 84,
        "stdev": 5737.037913404556
    },
    "com.google.gson.functional.DefaultTypeAdaptersTest-testDateSerializationWithPattern": {
        "energy": 37048,
        "duration": 1644791.7341772153,
        "dram": 4688.025316455696,
        "iteration": 79,
        "stdev": 18434.034150896816
    },
    "com.google.gson.DefaultDateTypeAdapterTest-testFormattingInEnUs": {
        "energy": 67566,
        "duration": 2229078.6363636362,
        "dram": 6256.626262626262,
        "iteration": 99,
        "stdev": 31430.535375913172
    },
    "com.google.gson.DefaultDateTypeAdapterTest-testFormatUsesDefaultTimezone": {
        "energy": 66834,
        "duration": 2109477.797979798,
        "dram": 6151.545454545455,
        "iteration": 99,
        "stdev": 28585.393775144556
    },
    "com.google.gson.functional.DefaultTypeAdaptersTest-testSqlDateSerialization": {
        "energy": 34119,
        "duration": 883543.1052631579,
        "dram": 2751.0701754385964,
        "iteration": 57,
        "stdev": 2912.773212000737
    },
    "com.google.gson.functional.ObjectTest-testDateAsMapObjectField": {
        "energy": 41137,
        "duration": 5800310.646464647,
        "dram": 17311.858585858587,
        "iteration": 99,
        "stdev": 192166.48728343344
    },
    "com.google.gson.functional.DefaultTypeAdaptersTest-testDefaultDateDeserializationUsingBuilder": {
        "energy": 90637,
        "duration": 2675523.907216495,
        "dram": 8000.690721649485,
        "iteration": 97,
        "stdev": 42336.093381141145
    },
    "com.google.gson.functional.DefaultTypeAdaptersTest-testNullSerialization": {
        "energy": 162597,
        "duration": 11982930.656565657,
        "dram": 36920.69696969697,
        "iteration": 99,
        "stdev": 347429.0177364748
    },
    "com.google.gson.functional.DefaultTypeAdaptersTest-testDateDeserializationWithPattern": {
        "energy": 35157,
        "duration": 949485.9180327869,
        "dram": 3069.27868852459,
        "iteration": 61,
        "stdev": 2789.4950934010576
    },
    "com.google.gson.functional.DefaultTypeAdaptersTest-testDateSerializationInCollection": {
        "energy": 37476,
        "duration": 1769468.8585858585,
        "dram": 5076.606060606061,
        "iteration": 99,
        "stdev": 19038.670243361146
    },
    "com.google.gson.functional.DefaultTypeAdaptersTest-testDefaultDateSerialization": {
        "energy": 34546,
        "duration": 2491582.8571428573,
        "dram": 7221.015873015873,
        "iteration": 63,
        "stdev": 126890.94249051235
    },
    "com.google.gson.DefaultDateTypeAdapterTest-testParsingDatesFormattedWithSystemLocale": {
        "energy": 361388,
        "duration": 11661749.828282828,
        "dram": 37968.28282828283,
        "iteration": 99,
        "stdev": 197872.2148298514
    },
    "com.google.gson.functional.DefaultTypeAdaptersTest-testDefaultDateDeserialization": {
        "energy": 63415,
        "duration": 2227073.786516854,
        "dram": 6364.921348314607,
        "iteration": 89,
        "stdev": 30819.341985593175
    },
    "com.google.gson.DefaultDateTypeAdapterTest-testFormattingInFr": {
        "energy": 75684,
        "duration": 3198469.7474747472,
        "dram": 9520.272727272728,
        "iteration": 99,
        "stdev": 56056.225583542386
    },
    "com.google.gson.functional.DefaultTypeAdaptersTest-testDefaultJavaSqlTimestampSerialization": {
        "energy": 35096,
        "duration": 975328.2923076923,
        "dram": 2780.107692307692,
        "iteration": 65,
        "stdev": 3610.7690082265344
    },
    "com.google.gson.DefaultDateTypeAdapterTest-testDatePattern": {
        "energy": 35766,
        "duration": 914272.9137931034,
        "dram": 2878.189655172414,
        "iteration": 58,
        "stdev": 3318.639288445389
    },
    "com.google.gson.functional.DefaultTypeAdaptersTest-testTimestampSerialization": {
        "energy": 33996,
        "duration": 851681.6818181818,
        "dram": 2974.4545454545455,
        "iteration": 44,
        "stdev": 2884.84452463242
    },
    "com.google.gson.DefaultDateTypeAdapterTest-testDateSerialization": {
        "energy": 35644,
        "duration": 909906.9787234042,
        "dram": 3052.851063829787,
        "iteration": 47,
        "stdev": 3541.267006307101
    },
    "com.google.gson.functional.DefaultTypeAdaptersTest-testDefaultDateSerializationUsingBuilder": {
        "energy": 34667,
        "duration": 811246.4285714285,
        "dram": 2712.4761904761904,
        "iteration": 42,
        "stdev": 3129.388979937634
    }
}