{
    "com.google.gson.functional.DefaultTypeAdaptersTest-testDefaultCalendarSerialization": {
        "energy": 36813.875,
        "duration": 1232966.2857142857,
        "dram": 3151.5535714285716,
        "iteration": 56,
        "stdev": 19091.663303148933
    },
    "com.google.gson.functional.DefaultTypeAdaptersTest-testDefaultGregorianCalendarSerialization": {
        "energy": 75131.31914893616,
        "duration": 2413534.829787234,
        "dram": 7023.744680851064,
        "iteration": 47,
        "stdev": 64333.31407371031
    }
}