{
    "com.google.gson.functional.MapTest-testWriteMapsWithEmptyStringKey": {
        "energy": 38025,
        "duration": 526830.4848484849,
        "dram": 2350.6363636363635,
        "iteration": 33,
        "stdev": 3826.9525183354604
    },
    "com.google.gson.functional.MapTest-testSerializeMaps": {
        "energy": 39978,
        "duration": 1542578.5051546392,
        "dram": 4297.030927835051,
        "iteration": 97,
        "stdev": 17107.788703888986
    },
    "com.google.gson.functional.MapTest-testInterfaceTypeMapWithSerializer": {
        "energy": 73426,
        "duration": 2206997.585858586,
        "dram": 6400.858585858586,
        "iteration": 99,
        "stdev": 20745.31880245981
    },
    "com.google.gson.functional.MapAsArrayTypeAdapterTest-testMultipleEnableComplexKeyRegistrationHasNoEffect": {
        "energy": 38208,
        "duration": 1385358.3977272727,
        "dram": 3915.25,
        "iteration": 88,
        "stdev": 12413.117225733993
    },
    "com.google.gson.functional.CustomTypeAdaptersTest-testCustomAdapterInvokedForMapElementSerialization": {
        "energy": 37414,
        "duration": 709313.5813953489,
        "dram": 2887.0232558139537,
        "iteration": 43,
        "stdev": 7800.409141687228
    },
    "com.google.gson.functional.ExclusionStrategyFunctionalTest-testExclusionStrategyWithMode": {
        "energy": 40894,
        "duration": 3074541.324675325,
        "dram": 9537.246753246753,
        "iteration": 77,
        "stdev": 287391.71888115705
    },
    "com.google.gson.functional.TypeVariableTest-testAdvancedTypeVariables": {
        "energy": 112121,
        "duration": 4232055.4949494945,
        "dram": 13156.575757575758,
        "iteration": 99,
        "stdev": 236016.08214923393
    },
    "com.google.gson.functional.MapTest-testMapWithQuotes": {
        "energy": 39184,
        "duration": 504026.3823529412,
        "dram": 2924.0882352941176,
        "iteration": 34,
        "stdev": 4010.098310110041
    },
    "com.google.gson.functional.ParameterizedTypesTest-testParameterizedTypeWithCustomSerializer": {
        "energy": 40344,
        "duration": 1601877.9895833333,
        "dram": 4262.614583333333,
        "iteration": 96,
        "stdev": 20132.385686425117
    },
    "com.google.gson.functional.MapTest-testMapSerializationWithIntegerKeys": {
        "energy": 37536,
        "duration": 875532.6296296297,
        "dram": 2770.740740740741,
        "iteration": 54,
        "stdev": 4687.091224499092
    },
    "com.google.gson.functional.MapTest-testGeneralMapField": {
        "energy": 39184,
        "duration": 1079130.6329113925,
        "dram": 3096.5696202531644,
        "iteration": 79,
        "stdev": 4023.3284782507153
    },
    "com.google.gson.functional.MapTest-testMapSerializationWithNullValueButSerializeNulls": {
        "energy": 36499,
        "duration": 921023.0655737704,
        "dram": 2982.9836065573772,
        "iteration": 61,
        "stdev": 4610.141132957728
    },
    "com.google.gson.functional.MapAsArrayTypeAdapterTest-testSerializeComplexMapWithTypeAdapter": {
        "energy": 105225,
        "duration": 6889822.474747474,
        "dram": 21833.535353535353,
        "iteration": 99,
        "stdev": 461649.63835346646
    },
    "com.google.gson.functional.MapTest-testInterfaceTypeMap": {
        "energy": 77820,
        "duration": 2631755.111111111,
        "dram": 7619.030303030303,
        "iteration": 99,
        "stdev": 43682.43750229168
    },
    "com.google.gson.functional.MapTest-testMapSerializationWithWildcardValues": {
        "energy": 40650,
        "duration": 1420030.2891566264,
        "dram": 3989.722891566265,
        "iteration": 83,
        "stdev": 13968.26898260646
    },
    "com.google.gson.functional.CustomSerializerTest-testSubClassSerializerInvokedForBaseClassFieldsHoldingSubClassInstances": {
        "energy": 43579,
        "duration": 4085576.225,
        "dram": 12959.075,
        "iteration": 80,
        "stdev": 369413.1927863906
    },
    "com.google.gson.functional.MapTest-testParameterizedMapSubclassSerialization": {
        "energy": 61462,
        "duration": 1842782.0202020202,
        "dram": 5164.575757575758,
        "iteration": 99,
        "stdev": 19983.49612355329
    },
    "com.google.gson.functional.MoreSpecificTypeSerializationTest-testMapOfParameterizedSubclassFields": {
        "energy": 39428,
        "duration": 1215980.6875,
        "dram": 3265.7625,
        "iteration": 80,
        "stdev": 9978.752333199966
    },
    "com.google.gson.functional.MapTest-testMapSerialization": {
        "energy": 39002,
        "duration": 1614598.0571428572,
        "dram": 4562.357142857143,
        "iteration": 70,
        "stdev": 55768.71182737592
    },
    "com.google.gson.functional.TypeVariableTest-testTypeVariablesViaTypeParameter": {
        "energy": 72937,
        "duration": 2034950.4343434344,
        "dram": 5807.313131313132,
        "iteration": 99,
        "stdev": 22316.85159177452
    },
    "com.google.gson.functional.TypeHierarchyAdapterTest-testTypeHierarchy": {
        "energy": 141052,
        "duration": 8971045.292929294,
        "dram": 27780.222222222223,
        "iteration": 99,
        "stdev": 495619.09550618875
    },
    "com.google.gson.DefaultMapJsonSerializerTest-testEmptyMapNoTypeSerialization": {
        "energy": 41137,
        "duration": 2725420.5,
        "dram": 7923.4,
        "iteration": 30,
        "stdev": 79232.96763725032
    },
    "com.google.gson.functional.JsonTreeTest-testToJsonTreeObjectType": {
        "energy": 42114,
        "duration": 3174985.379746835,
        "dram": 9015.405063291139,
        "iteration": 79,
        "stdev": 121102.66034284733
    },
    "com.google.gson.functional.MoreSpecificTypeSerializationTest-testMapOfSubclassFields": {
        "energy": 37964,
        "duration": 1473984.6962025317,
        "dram": 3798.1012658227846,
        "iteration": 79,
        "stdev": 16350.659131885408
    },
    "com.google.gson.functional.InheritanceTest-testClassWithBaseCollectionFieldSerialization": {
        "energy": 40100,
        "duration": 1535905.6626506024,
        "dram": 4149.433734939759,
        "iteration": 83,
        "stdev": 19085.088085597414
    },
    "com.google.gson.functional.CustomSerializerTest-testBaseClassSerializerInvokedForBaseClassFieldsHoldingSubClassInstances": {
        "energy": 38513,
        "duration": 961416.606557377,
        "dram": 3181.4262295081967,
        "iteration": 61,
        "stdev": 7258.212293158403
    },
    "com.google.gson.functional.CustomSerializerTest-testSubClassSerializerInvokedForBaseClassFieldsHoldingArrayOfSubClassInstances": {
        "energy": 39185,
        "duration": 1044380.2272727273,
        "dram": 3362.8030303030305,
        "iteration": 66,
        "stdev": 9816.875613822533
    },
    "com.google.gson.functional.InheritanceTest-testClassWithBaseFieldSerialization": {
        "energy": 39611,
        "duration": 1410097.9466666668,
        "dram": 3715.2266666666665,
        "iteration": 75,
        "stdev": 17862.29656637317
    },
    "com.google.gson.functional.MapTest-testRawMapSerialization": {
        "energy": 36621,
        "duration": 800609.8235294118,
        "dram": 3226.4117647058824,
        "iteration": 34,
        "stdev": 4155.3780865749795
    },
    "com.google.gson.functional.MapAsArrayTypeAdapterTest-testMapWithTypeVariableSerialization": {
        "energy": 39551,
        "duration": 1464495.559139785,
        "dram": 4113.913978494624,
        "iteration": 93,
        "stdev": 15988.160072304432
    },
    "com.google.gson.functional.JsonTreeTest-testToJsonTree": {
        "energy": 35828,
        "duration": 770935.6,
        "dram": 2822.7714285714287,
        "iteration": 35,
        "stdev": 4870.697920572511
    },
    "com.google.gson.functional.MapTest-testMapSerializationWithNullValue": {
        "energy": 36804,