{
    "com.google.gson.functional.ObjectTest-testNullDeserialization": {
        "energy": 33416.5,
        "duration": 938941.8823529412,
        "dram": 2706.676470588235,
        "iteration": 34,
        "stdev": 3563.737267086833
    }
}