{
    "com.google.gson.functional.ObjectTest-testNullDeserialization": {
        "energy": 32348,
        "duration": 951930.3095238095,
        "dram": 2373.3571428571427,
        "iteration": 42,
        "stdev": 3636.104688943501
    }
}