{
    "com.google.gson.functional.TypeAdapterPrecedenceTest-testStreamingFollowedByNonstreaming": {
        "energy": 35199.11111111111,
        "duration": 612271.2222222222,
        "dram": 2722.925925925926,
        "iteration": 27,
        "stdev": 4000.1529538657633
    },
    "com.google.gson.functional.StreamingTypeAdaptersTest-testNullSafe": {
        "energy": 40880.333333333336,
        "duration": 1455110.322580645,
        "dram": 3644.6666666666665,
        "iteration": 93,
        "stdev": 10448.045400712064
    },
    "com.google.gson.functional.CustomDeserializerTest-testDefaultConstructorNotCalledOnObject": {
        "energy": 62088.71428571428,
        "duration": 2000035.275510204,
        "dram": 5447.122448979592,
        "iteration": 98,
        "stdev": 43180.80719580904
    },
    "com.google.gson.functional.ReadersWritersTest-testReadWriteTwoObjects": {
        "energy": 40561.66129032258,
        "duration": 1120816.2903225806,
        "dram": 3230.483870967742,
        "iteration": 62,
        "stdev": 10550.525473755919
    },
    "com.google.gson.functional.EnumTest-testEnumSubclassAsParameterizedType": {
        "energy": 44809.763636363634,
        "duration": 1266603.5818181818,
        "dram": 3912.6181818181817,
        "iteration": 55,
        "stdev": 46826.905980512616
    },
    "com.google.gson.functional.TypeAdapterPrecedenceTest-testSerializeNonstreamingTypeAdapterFollowedByStreamingTypeAdapter": {
        "energy": 38433.76666666667,
        "duration": 715793.3666666667,
        "dram": 2518.3333333333335,
        "iteration": 30,
        "stdev": 8520.499776747578
    },
    "com.google.gson.JsonParserTest-testReadWriteTwoObjects": {
        "energy": 175249.77142857143,
        "duration": 5209038.257142857,
        "dram": 16014.742857142857,
        "iteration": 70,
        "stdev": 419724.4681925503
    },
    "com.google.gson.functional.ParameterizedTypesTest-testVariableTypeArrayDeserialization": {
        "energy": 39003.934782608696,
        "duration": 1367746.0869565217,
        "dram": 3648.282608695652,
        "iteration": 92,
        "stdev": 11099.807341458038
    },
    "com.google.gson.functional.TypeHierarchyAdapterTest-testRegisterSuperTypeFirst": {
        "energy": 37765.660377358494,
        "duration": 846106.9433962264,
        "dram": 3145.735849056604,
        "iteration": 53,
        "stdev": 5276.078131594925
    },
    "com.google.gson.functional.EnumTest-testEnumSubclass": {
        "energy": 80790.84536082474,
        "duration": 2537109.288659794,
        "dram": 7142.783505154639,
        "iteration": 97,
        "stdev": 30972.294612004258
    },
    "com.google.gson.functional.TypeVariableTest-testBasicTypeVariables": {
        "energy": 36837.31428571429,
        "duration": 922201.6857142857,
        "dram": 3053.214285714286,
        "iteration": 70,
        "stdev": 4359.161749507277
    },
    "com.google.gson.functional.EnumTest-testEnumSubclassWithRegisteredTypeAdapter": {
        "energy": 52810.11627906977,
        "duration": 1617992.6162790698,
        "dram": 4597.418604651163,
        "iteration": 86,
        "stdev": 30297.806819244306
    },
    "com.google.gson.functional.CollectionTest-testFieldIsArrayList": {
        "energy": 37425.142857142855,
        "duration": 1004460.0317460317,
        "dram": 3017.4444444444443,
        "iteration": 63,
        "stdev": 4275.641542346535
    },
    "com.google.gson.functional.TypeVariableTest-testAdvancedTypeVariables": {
        "energy": 123587.25252525252,
        "duration": 3685125.505050505,
        "dram": 11562.252525252525,
        "iteration": 99,
        "stdev": 275714.7778275804
    },
    "com.google.gson.GsonTypeAdapterTest-testTypeAdapterDoesNotAffectNonAdaptedTypes": {
        "energy": 59755.379310344826,
        "duration": 1688037.7586206896,
        "dram": 5164.517241379311,
        "iteration": 29,
        "stdev": 39174.50066967277
    },
    "com.google.gson.functional.DefaultTypeAdaptersTest-testSqlDateSerialization": {
        "energy": 34712.8679245283,
        "duration": 818113.679245283,
        "dram": 2968.264150943396,
        "iteration": 53,
        "stdev": 3712.2874707617852
    },
    "com.google.gson.functional.EscapingTest-testGsonDoubleDeserialization": {
        "energy": 36775.55319148936,
        "duration": 747976.1914893617,
        "dram": 2906.9574468085107,
        "iteration": 47,
        "stdev": 4564.356265620716
    },
    "com.google.gson.GsonTypeAdapterTest-testTypeAdapterProperlyConvertsTypes": {
        "energy": 38938.03846153846,
        "duration": 752021.0384615385,
        "dram": 3034.0,
        "iteration": 26,
        "stdev": 7575.933750424987
    },
    "com.google.gson.functional.ParameterizedTypesTest-testVariableTypeDeserialization": {
        "energy": 37820.49438202247,
        "duration": 1361538.8988764044,
        "dram": 3522.2696629213483,
        "iteration": 89,
        "stdev": 9375.051924498715
    },
    "com.google.gson.functional.MapAsArrayTypeAdapterTest-testSerializeComplexMapWithTypeAdapter": {
        "energy": 161274.2626262626,
        "duration": 4713088.111111111,
        "dram": 14673.171717171717,
        "iteration": 99,
        "stdev": 293732.5540124528
    },
    "com.google.gson.functional.ParameterizedTypesTest-testParameterizedTypeGenericArraysDeserialization": {
        "energy": 41011.71134020619,
        "duration": 1431263.1030927836,
        "dram": 3854.092783505155,
        "iteration": 97,
        "stdev": 15050.185431579337
    },
    "com.google.gson.functional.EscapingTest-testGsonAcceptsEscapedAndNonEscapedJsonDeserialization": {
        "energy": 39939.29113924051,
        "duration": 1228214.6329113925,
        "dram": 3341.5696202531644,
        "iteration": 79,
        "stdev": 9265.07198514515
    },
    "com.google.gson.functional.DefaultTypeAdaptersTest-testTimestampSerialization": {
        "energy": 35437.0,
        "duration": 810857.0222222222,
        "dram": 3100.5333333333333,
        "iteration": 45,
        "stdev": 2877.8763775472435
    },
    "com.google.gson.functional.DefaultTypeAdaptersTest-testDefaultDateDeserializationUsingBuilder": {
        "energy": 111830.30303030302,
        "duration": 3593832.3636363638,
        "dram": 10431.818181818182,
        "iteration": 99,
        "stdev": 23963.117070330274
    },
    "com.google.gson.functional.NamingPolicyTest-testComplexFieldNameStrategy": {
        "energy": 37301.2962962963,
        "duration": 1007685.1666666666,
        "dram": 3271.296296296296,
        "iteration": 54,
        "stdev": 4842.487104438477
    },
    "com.google.gson.functional.EscapingTest-testEscapingObjectFields": {
        "energy": 72547.97142857143,
        "duration": 2153958.6285714284,
        "dram": 6699.4,
        "iteration": 70,
        "stdev": 58353.79768079034
    },
    "com.google.gson.functional.DefaultTypeAdaptersTest-testNullSerialization": {
        "energy": 286630.8080808081,
        "duration": 8804152.636363637,
        "dram": 26840.58585858586,
        "iteration": 99,
        "stdev": 236337.3651772883
    },
    "com.google.gson.functional.TypeHierarchyAdapterTest-testTypeHierarchy": {
        "energy": 166086.67676767678,
        "duration": 4905226.7272727275,
        "dram": 14673.141414141413,
        "iteration": 99,
        "stdev": 263263.23544794816
    },
    "com.google.gson.DefaultInetAddressTypeAdapterTest-testInetAddressSerializationAndDeserialization": {
        "energy": 188474.94949494948,
        "duration": 5675544.202020202,
        "dram": 17635.939393939392,
        "iteration": 99,
        "stdev": 59827.99016158932
    },
    "com.google.gson.functional.ReadersWritersTest-testReadWriteTwoStrings": {
        "energy": 46606.641975308645,
        "duration": 1420000.2098765431,
        "dram": 4076.567901234568,
        "iteration": 81,
        "stdev": 16063.212427441225
    },