{
    "com.google.gson.functional.StreamingTypeAdaptersTest-testNullSafe": {
        "energy": 38146,
        "duration": 1528546.430107527,
        "dram": 3596.6559139784945,
        "iteration": 93,
        "stdev": 13962.988572353037
    },
    "com.google.gson.functional.CustomDeserializerTest-testDefaultConstructorNotCalledOnObject": {
        "energy": 43823,
        "duration": 2217679.888888889,
        "dram": 5953.515151515152,
        "iteration": 99,
        "stdev": 56973.1383994094
    },
    "com.google.gson.functional.EnumTest-testEnumSubclassAsParameterizedType": {
        "energy": 35461,
        "duration": 976165.8703703703,
        "dram": 2868.685185185185,
        "iteration": 54,
        "stdev": 6433.25530872854
    },
    "com.google.gson.functional.TypeAdapterPrecedenceTest-testStreamingHierarchicalFollowedByNonstreaming": {
        "energy": 36194,
        "duration": 572653.0666666667,
        "dram": 2882.5666666666666,
        "iteration": 30,
        "stdev": 4682.75205040322
    },
    "com.google.gson.functional.TypeAdapterPrecedenceTest-testSerializeNonstreamingTypeAdapterFollowedByStreamingTypeAdapter": {
        "energy": 36071,
        "duration": 566839.2083333334,
        "dram": 3064.0,
        "iteration": 24,
        "stdev": 9172.414867416323
    },
    "com.google.gson.JsonParserTest-testReadWriteTwoObjects": {
        "energy": 40283,
        "duration": 3843823.077922078,
        "dram": 12196.48051948052,
        "iteration": 77,
        "stdev": 334685.8062414136
    },
    "com.google.gson.functional.StringTest-testSingleQuoteInStringSerialization": {
        "energy": 87830,
        "duration": 2255050.285714286,
        "dram": 6921.452380952381,
        "iteration": 42,
        "stdev": 42876.81173875205
    },
    "com.google.gson.functional.ObjectTest-testSingletonLists": {
        "energy": 36560,
        "duration": 1337244.488095238,
        "dram": 3414.8690476190477,
        "iteration": 84,
        "stdev": 9129.190551599266
    },
    "com.google.gson.functional.EnumTest-testEnumSubclass": {
        "energy": 72144,
        "duration": 2456135.085106383,
        "dram": 6795.95744680851,
        "iteration": 94,
        "stdev": 28534.35940548547
    },
    "com.google.gson.functional.TypeVariableTest-testBasicTypeVariables": {
        "energy": 36377,
        "duration": 941152.6515151515,
        "dram": 3242.030303030303,
        "iteration": 66,
        "stdev": 5058.383092870016
    },
    "com.google.gson.functional.MapAsArrayTypeAdapterTest-testMultipleEnableComplexKeyRegistrationHasNoEffect": {
        "energy": 36072,
        "duration": 1126610.32,
        "dram": 3098.4,
        "iteration": 75,
        "stdev": 5083.311047050599
    },
    "com.google.gson.functional.TypeVariableTest-testAdvancedTypeVariables": {
        "energy": 71472,
        "duration": 3390745.757575758,
        "dram": 10401.343434343435,
        "iteration": 99,
        "stdev": 271738.162751974
    },
    "com.google.gson.functional.UncategorizedTest-testGsonInstanceReusableForSerializationAndDeserialization": {
        "energy": 37110,
        "duration": 931567.2894736842,
        "dram": 3063.2631578947367,
        "iteration": 38,
        "stdev": 4948.005418748166
    },
    "com.google.gson.functional.ParameterizedTypesTest-testVariableTypeDeserialization": {
        "energy": 35523,
        "duration": 1401544.6315789474,
        "dram": 3596.136842105263,
        "iteration": 95,
        "stdev": 12359.510857052373
    },
    "com.google.gson.functional.MapAsArrayTypeAdapterTest-testSerializeComplexMapWithTypeAdapter": {
        "energy": 91187,
        "duration": 3401102.525252525,
        "dram": 10364.272727272728,
        "iteration": 99,
        "stdev": 179747.54027160787
    },
    "com.google.gson.functional.ParameterizedTypesTest-testParameterizedTypeGenericArraysDeserialization": {
        "energy": 36194,
        "duration": 1438583.0107526882,
        "dram": 3762.6989247311826,
        "iteration": 93,
        "stdev": 19861.92074525602
    },
    "com.google.gson.functional.EscapingTest-testGsonAcceptsEscapedAndNonEscapedJsonDeserialization": {
        "energy": 36804,
        "duration": 1181029.4216867469,
        "dram": 3284.9638554216867,
        "iteration": 83,
        "stdev": 9688.491796674918
    },
    "com.google.gson.functional.DefaultTypeAdaptersTest-testTimestampSerialization": {
        "energy": 35278,
        "duration": 833759.2941176471,
        "dram": 2787.823529411765,
        "iteration": 51,
        "stdev": 3994.478974482848
    },
    "com.google.gson.functional.DefaultTypeAdaptersTest-testDefaultDateDeserializationUsingBuilder": {
        "energy": 107422,
        "duration": 3621698.0404040404,
        "dram": 10641.050505050505,
        "iteration": 99,
        "stdev": 22940.953185966493
    },
    "com.google.gson.functional.NamingPolicyTest-testComplexFieldNameStrategy": {
        "energy": 37293,
        "duration": 1033361.2253521127,
        "dram": 3185.0281690140846,
        "iteration": 71,
        "stdev": 7103.300378821909
    },
    "com.google.gson.functional.EscapingTest-testEscapingObjectFields": {
        "energy": 38269,
        "duration": 1638584.8245614036,
        "dram": 4673.789473684211,
        "iteration": 57,
        "stdev": 45299.41105946364
    },
    "com.google.gson.functional.TypeVariableTest-testTypeVariablesViaTypeParameter": {
        "energy": 38208,
        "duration": 1387547.5444444444,
        "dram": 3829.5666666666666,
        "iteration": 90,
        "stdev": 16000.822111552752
    },
    "com.google.gson.functional.DefaultTypeAdaptersTest-testNullSerialization": {
        "energy": 143372,
        "duration": 9301544.383838383,
        "dram": 28623.47474747475,
        "iteration": 99,
        "stdev": 245819.1245839889
    },
    "com.google.gson.functional.TypeHierarchyAdapterTest-testTypeHierarchy": {
        "energy": 130554,
        "duration": 7560462.414141414,
        "dram": 23926.58585858586,
        "iteration": 99,
        "stdev": 455834.09319310356
    },
    "com.google.gson.DefaultInetAddressTypeAdapterTest-testInetAddressSerializationAndDeserialization": {
        "energy": 179748,
        "duration": 5816663.242424242,
        "dram": 18400.37373737374,
        "iteration": 99,
        "stdev": 67513.27043368567
    },
    "com.google.gson.functional.CollectionTest-testWildcardCollectionField": {
        "energy": 38880,
        "duration": 1530794.322580645,
        "dram": 3833.2903225806454,
        "iteration": 93,
        "stdev": 12981.90391097895
    },
    "com.google.gson.functional.ParameterizedTypesTest-testVariableTypeFieldsAndGenericArraysDeserialization": {
        "energy": 40100,
        "duration": 1702641.46875,
        "dram": 4597.46875,
        "iteration": 96,
        "stdev": 18196.9087696911
    },
    "com.google.gson.functional.DefaultTypeAdaptersTest-testDateSerializationInCollection": {
        "energy": 35888,
        "duration": 1377444.4680851065,
        "dram": 3817.095744680851,
        "iteration": 94,
        "stdev": 11164.36439354726
    },
    "com.google.gson.functional.ParameterizedTypesTest-testParameterizedTypeWithVariableTypeDeserialization": {
        "energy": 35401,
        "duration": 1361661.4787234042,
        "dram": 3281.6702127659573,
        "iteration": 94,
        "stdev": 10652.940316915669
    },
    "com.google.gson.functional.CustomDeserializerTest-testDefaultConstructorNotCalledOnField": {
        "energy": 35828,
        "duration": 801060.8571428572,
        "dram": 3062.785714285714,
        "iteration": 42,
        "stdev": 4858.860763018332
    },
    "com.google.gson.functional.StringTest-testEscapingQuotesInStringSerialization": {
        "energy": 40283,
        "duration": 566823.65,
        "dram": 2418.1,
        "iteration": 20,
        "stdev": 5295.72775074399
    },