{
    "com.google.gson.functional.CustomTypeAdaptersTest-testCustomAdapterInvokedForCollectionElementDeserialization": {
        "energy": 40100,
        "duration": 1027316.5882352941,
        "dram": 3315.4117647058824,
        "iteration": 68,
        "stdev": 9065.972188374062
    },
    "com.google.gson.functional.CustomTypeAdaptersTest-testCustomAdapterInvokedForMapElementDeserialization": {
        "energy": 40283,
        "duration": 878635.3389830509,
        "dram": 2928.0169491525426,
        "iteration": 59,
        "stdev": 5221.333946565477
    },
    "com.google.gson.functional.EnumTest-testEnumSubclassAsParameterizedType": {
        "energy": 41504,
        "duration": 891729.3114754099,
        "dram": 3168.1967213114754,
        "iteration": 61,
        "stdev": 7757.668916048077
    },
    "com.google.gson.functional.JsonParserTest-testExtraCommasInArrays": {
        "energy": 44129,
        "duration": 1372856.4605263157,
        "dram": 4558.144736842105,
        "iteration": 76,
        "stdev": 23428.66728160038
    },
    "com.google.gson.functional.EnumTest-testEnumSubclass": {
        "energy": 83862,
        "duration": 2471151.98989899,
        "dram": 7547.69696969697,
        "iteration": 99,
        "stdev": 31284.451235334316
    },
    "com.google.gson.functional.TypeVariableTest-testBasicTypeVariables": {
        "energy": 41199,
        "duration": 1032426.2597402597,
        "dram": 3162.155844155844,
        "iteration": 77,
        "stdev": 6288.6660498704905
    },
    "com.google.gson.functional.EnumTest-testEnumSubclassWithRegisteredTypeAdapter": {
        "energy": 41321,
        "duration": 1175683.2727272727,
        "dram": 3615.0227272727275,
        "iteration": 88,
        "stdev": 14327.71065417455
    },
    "com.google.gson.functional.CollectionTest-testCollectionOfStringsDeserialization": {
        "energy": 39917,
        "duration": 833522.25,
        "dram": 3255.326923076923,
        "iteration": 52,
        "stdev": 15895.699008829086
    },
    "com.google.gson.functional.MapTest-testMapStandardSubclassDeserialization": {
        "energy": 41748,
        "duration": 1383315.1967213114,
        "dram": 4476.049180327869,
        "iteration": 61,
        "stdev": 24986.335799208086
    },
    "com.google.gson.functional.TypeVariableTest-testAdvancedTypeVariables": {
        "energy": 86975,
        "duration": 3998195.4242424243,
        "dram": 12710.151515151516,
        "iteration": 99,
        "stdev": 340494.9010787802
    },
    "com.google.gson.functional.ParameterizedTypesTest-testParameterizedTypeWithReaderDeserialization": {
        "energy": 40954,
        "duration": 1085637.1807228916,
        "dram": 3429.3493975903616,
        "iteration": 83,
        "stdev": 7324.497889410473
    },
    "com.google.gson.functional.NamingPolicyTest-testGsonWithSerializedNameFieldNamingPolicyDeserialization": {
        "energy": 41626,
        "duration": 711114.8666666667,
        "dram": 3177.1666666666665,
        "iteration": 30,
        "stdev": 5600.5515927748875
    },
    "com.google.gson.functional.JsonParserTest-testExtraCommasInMaps": {
        "energy": 39673,
        "duration": 926119.0882352941,
        "dram": 3146.4411764705883,
        "iteration": 68,
        "stdev": 5169.054016510714
    },
    "com.google.gson.functional.ParameterizedTypesTest-testDeepParameterizedTypeDeserialization": {
        "energy": 40344,
        "duration": 799239.4285714285,
        "dram": 3223.061224489796,
        "iteration": 49,
        "stdev": 3402.6347651890005
    },
    "com.google.gson.functional.ObjectTest-testClassWithTransientFieldsDeserializationTransientFieldsPassedInJsonAreIgnored": {
        "energy": 38513,
        "duration": 635119.6896551724,
        "dram": 2912.896551724138,
        "iteration": 29,
        "stdev": 4085.7479719009816
    },
    "com.google.gson.functional.InheritanceTest-testSubClassDeserialization": {
        "energy": 42420,
        "duration": 880161.2166666667,
        "dram": 3449.2166666666667,
        "iteration": 60,
        "stdev": 7050.241509732526
    },
    "com.google.gson.functional.InstanceCreatorTest-testInstanceCreatorReturnsBaseType": {
        "energy": 44861,
        "duration": 5184052.8533333335,
        "dram": 16218.813333333334,
        "iteration": 75,
        "stdev": 491022.63861014426
    },
    "com.google.gson.functional.JsonParserTest-testChangingCustomTreeAndDeserializing": {
        "energy": 41077,
        "duration": 1212634.8983050848,
        "dram": 3469.915254237288,
        "iteration": 59,
        "stdev": 14170.084704030212
    },
    "com.google.gson.functional.ObjectTest-testPrimitiveArrayInAnObjectDeserialization": {
        "energy": 38940,
        "duration": 644121.0333333333,
        "dram": 3096.9,
        "iteration": 30,
        "stdev": 4872.155512592849
    },
    "com.google.gson.functional.CollectionTest-testTopLevelCollectionOfIntegersDeserialization": {
        "energy": 40650,
        "duration": 1029533.4629629629,
        "dram": 3469.462962962963,
        "iteration": 54,
        "stdev": 8459.656200552718
    },
    "com.google.gson.CommentsTest-testParseComments": {
        "energy": 43396,
        "duration": 3893161.8666666667,
        "dram": 12432.6,
        "iteration": 75,
        "stdev": 422373.5063016642
    },
    "com.google.gson.internal.bind.MiniGsonTest-testDeserializeMap": {
        "energy": 39734,
        "duration": 549670.6315789474,
        "dram": 3377.2631578947367,
        "iteration": 19,
        "stdev": 4976.107174786175
    },
    "com.google.gson.functional.EscapingTest-testGsonAcceptsEscapedAndNonEscapedJsonDeserialization": {
        "energy": 44495,
        "duration": 1476055.6829268292,
        "dram": 4500.634146341464,
        "iteration": 82,
        "stdev": 19340.1952302996
    },
    "com.google.gson.functional.EscapingTest-testEscapingObjectFields": {
        "energy": 43152,
        "duration": 1938076.3934426229,
        "dram": 6394.852459016393,
        "iteration": 61,
        "stdev": 64985.79958470154
    },
    "com.google.gson.functional.CollectionTest-testLinkedListDeserialization": {
        "energy": 40222,
        "duration": 741627.1320754717,
        "dram": 3307.1132075471696,
        "iteration": 53,
        "stdev": 4295.9974142861
    },
    "com.google.gson.functional.SecurityTest-testNonExecutableJsonDeserialization": {
        "energy": 41687,
        "duration": 1011313.5652173914,
        "dram": 3212.6739130434785,
        "iteration": 46,
        "stdev": 10777.217997147223
    },
    "com.google.gson.functional.ObjectTest-testObjectFieldNamesWithoutQuotesDeserialization": {
        "energy": 39185,
        "duration": 642251.08,
        "dram": 2914.8,
        "iteration": 25,
        "stdev": 4548.188067175763
    },
    "com.google.gson.functional.TypeVariableTest-testTypeVariablesViaTypeParameter": {
        "energy": 43579,
        "duration": 1694897.8020833333,
        "dram": 4981.791666666667,
        "iteration": 96,
        "stdev": 22719.74073764408
    },
    "com.google.gson.functional.SecurityTest-testJsonWithNonExectuableTokenWithRegularGsonDeserialization": {
        "energy": 40588,
        "duration": 768903.8139534884,
        "dram": 3218.3255813953488,
        "iteration": 43,
        "stdev": 4920.054037922099
    },
    "com.google.gson.functional.CollectionTest-testSetDeserialization": {
        "energy": 39429,
        "duration": 1002256.0298507463,
        "dram": 3430.1194029850744,
        "iteration": 67,
        "stdev": 7568.670226738237
    },
    "com.google.gson.functional.CollectionTest-testWildcardCollectionField": {
        "energy": 42908,
        "duration": 1425293.2527472528,
        "dram": 4351.89010989011,
        "iteration": 91,
        "stdev": 19912.543544383163
    },