{
    "com.google.gson.functional.JsonAdapterAnnotationOnClassesTest-testJsonAdapterInvoked": {
        "energy": 258056,
        "duration": 5673451.333333333,
        "dram": 18433.11111111111,
        "iteration": 9,
        "stdev": 28263.009562952695
    },
    "com.google.gson.functional.RuntimeTypeAdapterFactoryFunctionalTest-testSubclassesAutomaticallySerialzed": {
        "energy": 582335,
        "duration": 16638762.111111112,
        "dram": 49362.88888888889,
        "iteration": 9,
        "stdev": 41184.39505383826
    },
    "com.google.gson.functional.JsonAdapterAnnotationOnFieldsTest-testClassAnnotationAdapterFactoryTakesPrecedenceOverDefault": {
        "energy": 2185908,
        "duration": 65193287.44444445,
        "dram": 195117.44444444444,
        "iteration": 9,
        "stdev": 180826.5346494627
    },
    "com.google.gson.functional.JsonAdapterAnnotationOnClassesTest-testRegisteredDeserializerOverridesJsonAdapter": {
        "energy": 219116,
        "duration": 5957288.777777778,
        "dram": 17744.666666666668,
        "iteration": 9,
        "stdev": 30550.019590626358
    },
    "com.google.gson.functional.JsonAdapterAnnotationOnFieldsTest-testJsonAdapterWrappedInNullSafeAsRequested": {
        "energy": 184326,
        "duration": 5583132.111111111,
        "dram": 16219.777777777777,
        "iteration": 9,
        "stdev": 20918.296738607674
    },
    "com.google.gson.functional.JsonAdapterAnnotationOnFieldsTest-testClassAnnotationAdapterTakesPrecedenceOverDefault": {
        "energy": 215575,
        "duration": 5669016.0,
        "dram": 17494.777777777777,
        "iteration": 9,
        "stdev": 31197.697808383393
    },
    "com.google.gson.functional.JsonAdapterAnnotationOnClassesTest-testRegisteredSerializerOverridesJsonAdapter": {
        "energy": 279601,
        "duration": 8274417.333333333,
        "dram": 24563.444444444445,
        "iteration": 9,
        "stdev": 22803.764418497245
    },
    "com.google.gson.functional.JsonAdapterAnnotationOnClassesTest-testNullSafeObjectFromJson": {
        "energy": 115418,
        "duration": 3375497.777777778,
        "dram": 9289.0,
        "iteration": 9,
        "stdev": 19678.45387884242
    },
    "com.google.gson.functional.JsonAdapterAnnotationOnClassesTest-testIncorrectTypeAdapterFails": {
        "energy": 133178,
        "duration": 3928772.3333333335,
        "dram": 11116.333333333334,
        "iteration": 9,
        "stdev": 26819.56774446598
    },
    "com.google.gson.functional.JsonAdapterAnnotationOnClassesTest-testJsonAdapterFactoryInvoked": {
        "energy": 130249,
        "duration": 3720131.222222222,
        "dram": 11419.0,
        "iteration": 9,
        "stdev": 15628.190021027174
    },
    "com.google.gson.functional.JsonAdapterAnnotationOnFieldsTest-testFieldAnnotationTakesPrecedenceOverClassAnnotation": {
        "energy": 203979,
        "duration": 5035239.0,
        "dram": 15240.333333333334,
        "iteration": 9,
        "stdev": 18955.06655484927
    },
    "com.google.gson.functional.JsonAdapterAnnotationOnFieldsTest-testJsonAdapterInvokedOnlyForAnnotatedFields": {
        "energy": 257628,
        "duration": 6017269.444444444,
        "dram": 19856.11111111111,
        "iteration": 9,
        "stdev": 27604.577953665583
    },
    "com.google.gson.functional.JsonAdapterAnnotationOnFieldsTest-testFieldAnnotationTakesPrecedenceOverRegisteredTypeAdapter": {
        "energy": 371581,
        "duration": 10914224.666666666,
        "dram": 32485.444444444445,
        "iteration": 9,
        "stdev": 36375.27709860091
    }
}