{
    "com.google.gson.functional.ExclusionStrategyFunctionalTest-testExclusionStrategyWithMode": {
        "energy": 57320.11184772455,
        "duration": 1642799.9793931395,
        "dram": 6245.316487865226,
        "iteration": 99
    },
    "com.google.gson.functional.CustomDeserializerTest-testJsonTypeFieldBasedDeserialization": {
        "energy": 153806.86608679485,
        "duration": 5346125.464130195,
        "dram": 14308.920759829087,
        "iteration": 99
    },
    "com.google.gson.internal.bind.JsonTreeReaderTest-testSkipValue_filledJsonObject": {
        "energy": 41153.89446864053,
        "duration": 1115810.836956001,
        "dram": 3737.7276772542787,
        "iteration": 55
    },
    "com.google.gson.functional.ExclusionStrategyFunctionalTest-testExclusionStrategyDeserialization": {
        "energy": 139259.5923535605,
        "duration": 4603755.920003062,
        "dram": 14397.917258687985,
        "iteration": 99
    },
    "com.google.gson.functional.JsonParserTest-testBadFieldTypeForDeserializingCustomTree": {
        "energy": 66741.76394456996,
        "duration": 3135206.816797315,
        "dram": 7591.844847432401,
        "iteration": 99
    },
    "com.google.gson.internal.bind.JsonElementReaderTest-testSkipValue": {
        "energy": 199472.01316663204,
        "duration": 6046399.56094771,
        "dram": 16363.949934241602,
        "iteration": 80
    },
    "com.google.gson.internal.bind.JsonTreeReaderTest-testSkipValue_emptyJsonObject": {
        "energy": 145591.11714227556,
        "duration": 5166410.1665903665,
        "dram": 13145.18605076316,
        "iteration": 42
    }
}