{
    "com.google.gson.internal.bind.JsonElementReaderTest-testSkipValue": {
        "energy": 401611.95284387283,
        "duration": 11418638.492704514,
        "dram": 34784.47241424507,
        "iteration": 81
    },
    "com.google.gson.functional.ExclusionStrategyFunctionalTest-testExclusionStrategyWithMode": {
        "energy": 51108.129009873315,
        "duration": 1525302.0340130255,
        "dram": 3850.8049122226444,
        "iteration": 98
    },
    "com.google.gson.functional.CustomDeserializerTest-testJsonTypeFieldBasedDeserialization": {
        "energy": 193350.78758461532,
        "duration": 7081508.844373157,
        "dram": 17056.199321473294,
        "iteration": 99
    },
    "com.google.gson.functional.ExclusionStrategyFunctionalTest-testExclusionStrategyDeserialization": {
        "energy": 150348.83486654697,
        "duration": 4411093.64837599,
        "dram": 13136.145759041186,
        "iteration": 99
    },
    "com.google.gson.functional.JsonParserTest-testBadFieldTypeForDeserializingCustomTree": {
        "energy": 83547.89664209579,
        "duration": 2918039.97061428,
        "dram": 7738.089364814504,
        "iteration": 99
    }
}