{
    "com.google.gson.functional.DefaultTypeAdaptersTest-testDateSerializationWithPatternNotOverridenByTypeAdapter": {
        "energy": 78456.13969951433,
        "duration": 2527188.32620384,
        "dram": 6702.268394838714,
        "iteration": 99
    },
    "com.google.gson.DefaultDateTypeAdapterTest-testDateDeserializationISO8601": {
        "energy": 291365.0317488219,
        "duration": 8623051.768508742,
        "dram": 25849.128575900137,
        "iteration": 99
    },
    "com.google.gson.DefaultDateTypeAdapterTest-testUnexpectedToken": {
        "energy": 210038.3902582792,
        "duration": 6014577.45690814,
        "dram": 18704.424757541983,
        "iteration": 51
    },
    "com.google.gson.DefaultDateTypeAdapterTest-testInvalidDatePattern": {
        "energy": 40042.67897748947,
        "duration": 637764.2372732162,
        "dram": 2278.640730857849,
        "iteration": 21
    },
    "com.google.gson.functional.DefaultTypeAdaptersTest-testSqlDateSerialization": {
        "energy": 40787.76655996246,
        "duration": 1280523.2274022242,
        "dram": 3498.1379480913097,
        "iteration": 92
    },
    "com.google.gson.functional.DefaultTypeAdaptersTest-testTimestampSerialization": {
        "energy": 38533.101537147115,
        "duration": 1376454.4291598182,
        "dram": 5042.039338722078,
        "iteration": 97
    },
    "com.google.gson.functional.DefaultTypeAdaptersTest-testDefaultDateDeserializationUsingBuilder": {
        "energy": 195327.1065955127,
        "duration": 5768690.99658205,
        "dram": 17511.853719617353,
        "iteration": 99
    },
    "com.google.gson.DefaultDateTypeAdapterTest-testDateSerialization": {
        "energy": 36267.3391081707,
        "duration": 1023878.3635096196,
        "dram": 3194.2659584222783,
        "iteration": 64
    },
    "com.google.gson.functional.DefaultTypeAdaptersTest-testNullSerialization": {
        "energy": 538416.4443828778,
        "duration": 15348189.28103741,
        "dram": 47947.680411441026,
        "iteration": 99
    },
    "com.google.gson.functional.DefaultTypeAdaptersTest-testDateDeserializationWithPattern": {
        "energy": 37693.69764509551,
        "duration": 1234356.1409667155,
        "dram": 3235.9754303426507,
        "iteration": 87
    },
    "com.google.gson.functional.DefaultTypeAdaptersTest-testDateSerializationInCollection": {
        "energy": 78091.16543416983,
        "duration": 2356010.5694221756,
        "dram": 5129.416959522072,
        "iteration": 99
    },
    "com.google.gson.functional.DefaultTypeAdaptersTest-testDateSerializationWithPattern": {
        "energy": 39965.59463928912,
        "duration": 1180363.9281561319,
        "dram": 3219.9786486224593,
        "iteration": 87
    },
    "com.google.gson.DefaultDateTypeAdapterTest-testDatePattern": {
        "energy": 64084.78485625093,
        "duration": 1860202.746394437,
        "dram": 5975.588701613424,
        "iteration": 68
    },
    "com.google.gson.DefaultDateTypeAdapterTest-testNullValue": {
        "energy": 36992.841603110355,
        "duration": 965163.0520903626,
        "dram": 3232.153112033171,
        "iteration": 51
    }
}