{
    "com.google.gson.functional.TypeVariableTest-testAdvancedTypeVariables": {
        "energy": 36133,
        "duration": 4413637.02020202,
        "dram": 13550.939393939394,
        "iteration": 99,
        "stdev": 382656.9477154653
    },
    "com.google.gson.functional.MapAsArrayTypeAdapterTest-testSerializeComplexMapWithTypeAdapter": {
        "energy": 179565,
        "duration": 22681652.74747475,
        "dram": 72349.44444444444,
        "iteration": 99,
        "stdev": 741770.2285979006
    },
    "com.google.gson.functional.TypeVariableTest-testTypeVariablesViaTypeParameter": {
        "energy": 105163,
        "duration": 14243263.737373738,
        "dram": 43803.16161616162,
        "iteration": 99,
        "stdev": 662490.6278443045
    }
}