{
  "energy": 26014.0,
  "instructions": 1.93547205E8,
  "durations": 7.7709858E7,
  "cycles": 1.77867504E8,
  "caches": 361662.0,
  "cacheMisses": 26014.0,
  "branches": 3.3074026E7,
  "branchMisses": 401960.5
}