{
    "com.google.gson.internal.LinkedTreeMapTest-testRemoveRootDoesNotDoubleUnlink": {
        "energy": 109442.70886075949,
        "duration": 3810425.810126582,
        "dram": 9928.911392405063,
        "iteration": 79,
        "stdev": 39342.31419710325
    },
    "com.google.gson.internal.LinkedTreeMapTest-testIterationOrder": {
        "energy": 69908.20689655172,
        "duration": 2223960.327586207,
        "dram": 5937.206896551724,
        "iteration": 58,
        "stdev": 42522.192212342496
    }
}