{
    "com.google.gson.internal.LinkedTreeMapTest-testRemoveRootDoesNotDoubleUnlink": {
        "energy": 162902,
        "duration": 5027682.072164948,
        "dram": 14047.288659793814,
        "iteration": 97,
        "stdev": 30377.001506852983
    },
    "com.google.gson.internal.LinkedTreeMapTest-testIterationOrder": {
        "energy": 36132,
        "duration": 1100882.076923077,
        "dram": 3096.2115384615386,
        "iteration": 52,
        "stdev": 23296.19387317017
    }
}