{
    "com.google.gson.internal.LazilyParsedNumberTest-testEquals": {
        "energy": 38027.71428571428,
        "duration": 1673337.0714285714,
        "dram": 3282.9761904761904,
        "iteration": 42,
        "stdev": 4063.560163708867
    },
    "com.google.gson.internal.LazilyParsedNumberTest-testHashCode": {
        "energy": 38316.24137931035,
        "duration": 1811746.103448276,
        "dram": 3483.4655172413795,
        "iteration": 58,
        "stdev": 3641.444220457256
    }
}