{
    "com.google.gson.internal.LazilyParsedNumberTest-testEquals": {
        "energy": 36642.92107499947,
        "duration": 1273878.2893043533,
        "dram": 3350.152618303915,
        "iteration": 42
    },
    "com.google.gson.internal.LazilyParsedNumberTest-testHashCode": {
        "energy": 39114.64215371499,
        "duration": 1923403.6666315948,
        "dram": 3351.493620703066,
        "iteration": 58
    }
}