{
    "com.google.gson.functional.StringTest-testEscapingQuotesInStringSerialization": {
        "energy": 68814.31256365031,
        "duration": 2727091.918463938,
        "dram": 7519.776910923421,
        "iteration": 28
    },
    "com.google.gson.functional.EscapingTest-testGsonDoubleDeserialization": {
        "energy": 47623.26719648885,
        "duration": 1356146.4536597491,
        "dram": 3181.1438676604157,
        "iteration": 71
    },
    "com.google.gson.functional.EscapingTest-testGsonAcceptsEscapedAndNonEscapedJsonDeserialization": {
        "energy": 146651.87010241096,
        "duration": 5033096.578528011,
        "dram": 13172.268454396095,
        "iteration": 98
    },
    "com.google.gson.functional.NamingPolicyTest-testComplexFieldNameStrategy": {
        "energy": 383143.5113922183,
        "duration": 11803324.087332234,
        "dram": 34832.13509622409,
        "iteration": 99
    },
    "com.google.gson.functional.EscapingTest-testEscapingObjectFields": {
        "energy": 55283.155005556706,
        "duration": 1837357.9394664865,
        "dram": 5097.99153289726,
        "iteration": 88
    },
    "com.google.gson.functional.EscapingTest-testEscapingQuotesInStringArray": {
        "energy": 68575.64723047461,
        "duration": 2480898.6652402156,
        "dram": 6462.088233855857,
        "iteration": 83
    },
    "com.google.gson.functional.StringTest-testSingleQuoteInStringSerialization": {
        "energy": 83270.16413272168,
        "duration": 2712462.750433616,
        "dram": 7923.0046774782095,
        "iteration": 43
    }
}