{
    "com.google.gson.functional.StringTest-testSingleQuoteInStringSerialization": {
        "energy": 83859.57643422403,
        "duration": 2915796.168479734,
        "dram": 7506.747126950266,
        "iteration": 51
    },
    "com.google.gson.functional.EscapingTest-testGsonDoubleDeserialization": {
        "energy": 38258.23552929463,
        "duration": 1044382.5710348545,
        "dram": 3361.8450712125104,
        "iteration": 73
    },
    "com.google.gson.functional.EscapingTest-testGsonAcceptsEscapedAndNonEscapedJsonDeserialization": {
        "energy": 138047.87591615698,
        "duration": 5285240.963531848,
        "dram": 13271.778342026491,
        "iteration": 93
    },
    "com.google.gson.functional.NamingPolicyTest-testComplexFieldNameStrategy": {
        "energy": 732828.1234746338,
        "duration": 21553167.09223281,
        "dram": 69218.70164376892,
        "iteration": 99
    },
    "com.google.gson.functional.EscapingTest-testEscapingObjectFields": {
        "energy": 53211.29831604709,
        "duration": 1483641.3658059537,
        "dram": 3113.1150240832276,
        "iteration": 86
    },
    "com.google.gson.functional.EscapingTest-testEscapingQuotesInStringArray": {
        "energy": 35462.72968301049,
        "duration": 1252411.6712279906,
        "dram": 1448.3249343500163,
        "iteration": 82
    },
    "com.google.gson.functional.StringTest-testEscapingQuotesInStringSerialization": {
        "energy": 44193.572404652834,
        "duration": 1016199.1517499706,
        "dram": 3740.9107655549888,
        "iteration": 33
    }
}