{
    "com.google.gson.functional.StringTest-testEscapingQuotesInStringSerialization": {
        "energy": 49401.357142857145,
        "duration": 1305497.2857142857,
        "dram": 4124.535714285715,
        "iteration": 28,
        "stdev": 30520.300892794858
    },
    "com.google.gson.functional.EscapingTest-testGsonDoubleDeserialization": {
        "energy": 45808.957746478874,
        "duration": 1353364.338028169,
        "dram": 3757.0845070422533,
        "iteration": 71,
        "stdev": 36363.767294427635
    },
    "com.google.gson.functional.EscapingTest-testGsonAcceptsEscapedAndNonEscapedJsonDeserialization": {
        "energy": 74975.26530612246,
        "duration": 2592195.6326530613,
        "dram": 6497.173469387755,
        "iteration": 98,
        "stdev": 73270.63348934287
    },
    "com.google.gson.functional.NamingPolicyTest-testComplexFieldNameStrategy": {
        "energy": 645517.8484848485,
        "duration": 19731132.686868686,
        "dram": 59865.61616161616,
        "iteration": 99,
        "stdev": 462411.1575761515
    },
    "com.google.gson.functional.EscapingTest-testEscapingObjectFields": {
        "energy": 60482.86363636364,
        "duration": 2041313.5113636365,
        "dram": 5417.920454545455,
        "iteration": 88,
        "stdev": 31415.551815788556
    },
    "com.google.gson.functional.EscapingTest-testEscapingQuotesInStringArray": {
        "energy": 65561.85542168675,
        "duration": 2247397.2891566264,
        "dram": 5496.21686746988,
        "iteration": 83,
        "stdev": 56451.908680022956
    },
    "com.google.gson.functional.StringTest-testSingleQuoteInStringSerialization": {
        "energy": 98300.3953488372,
        "duration": 3465615.697674419,
        "dram": 8649.906976744185,
        "iteration": 43,
        "stdev": 50164.112776078684
    }
}