{
    "com.google.gson.functional.EscapingTest-testGsonDoubleDeserialization": {
        "energy": 36682,
        "duration": 1276458.9452054794,
        "dram": 3365.986301369863,
        "iteration": 73,
        "stdev": 28620.50770371859
    },
    "com.google.gson.functional.EscapingTest-testGsonAcceptsEscapedAndNonEscapedJsonDeserialization": {
        "energy": 38513,
        "duration": 2349383.3440860217,
        "dram": 6002.569892473119,
        "iteration": 93,
        "stdev": 61200.459579082795
    },
    "com.google.gson.functional.NamingPolicyTest-testComplexFieldNameStrategy": {
        "energy": 323364,
        "duration": 17009398.91919192,
        "dram": 50870.666666666664,
        "iteration": 99,
        "stdev": 430935.8279934397
    },
    "com.google.gson.functional.EscapingTest-testEscapingObjectFields": {
        "energy": 67139,
        "duration": 2121734.6744186045,
        "dram": 5685.383720930233,
        "iteration": 86,
        "stdev": 26785.66029308215
    },
    "com.google.gson.functional.EscapingTest-testEscapingQuotesInStringArray": {
        "energy": 38330,
        "duration": 2558033.2926829266,
        "dram": 6424.573170731707,
        "iteration": 82,
        "stdev": 59118.00259674965
    },
    "com.google.gson.functional.StringTest-testSingleQuoteInStringSerialization": {
        "energy": 131714,
        "duration": 3673174.745098039,
        "dram": 9429.862745098038,
        "iteration": 51,
        "stdev": 48227.1641184202
    },
    "com.google.gson.functional.StringTest-testEscapingQuotesInStringSerialization": {
        "energy": 36621,
        "duration": 1628061.121212121,
        "dram": 4462.484848484848,
        "iteration": 33,
        "stdev": 39312.99745861284
    }
}