{
    "com.google.gson.functional.CustomDeserializerTest-testDefaultConstructorNotCalledOnField": {
        "energy": 37028.85106382979,
        "duration": 881000.4468085107,
        "dram": 2929.574468085106,
        "iteration": 47,
        "stdev": 4899.320947210487
    },
    "com.google.gson.functional.CustomDeserializerTest-testDefaultConstructorNotCalledOnObject": {
        "energy": 69285.78787878787,
        "duration": 2289922.5656565656,
        "dram": 6523.555555555556,
        "iteration": 99,
        "stdev": 56143.89666412345
    },
    "com.google.gson.functional.EnumTest-testEnumSubclassAsParameterizedType": {
        "energy": 36941.5,
        "duration": 1020771.2,
        "dram": 3009.4666666666667,
        "iteration": 60,
        "stdev": 5809.746665446495
    },
    "com.google.gson.functional.TypeAdapterPrecedenceTest-testStreamingHierarchicalFollowedByNonstreaming": {
        "energy": 37741.878787878784,
        "duration": 612695.7575757576,
        "dram": 2955.2727272727275,
        "iteration": 33,
        "stdev": 4701.583013602171
    },
    "com.google.gson.functional.TypeAdapterPrecedenceTest-testSerializeNonstreamingTypeAdapterFollowedByStreamingTypeAdapter": {
        "energy": 108346.32323232324,
        "duration": 3366274.909090909,
        "dram": 9937.747474747475,
        "iteration": 99,
        "stdev": 267164.36434527853
    },
    "com.google.gson.JsonParserTest-testReadWriteTwoObjects": {
        "energy": 128734.63888888889,
        "duration": 3733565.277777778,
        "dram": 11463.486111111111,
        "iteration": 72,
        "stdev": 321304.5141979933
    },
    "com.google.gson.functional.StringTest-testSingleQuoteInStringSerialization": {
        "energy": 70038.97727272728,
        "duration": 1999127.3636363635,
        "dram": 6285.5,
        "iteration": 44,
        "stdev": 35354.64367692327
    },
    "com.google.gson.functional.ParameterizedTypesTest-testVariableTypeArrayDeserialization": {
        "energy": 38313.93939393939,
        "duration": 1366315.6666666667,
        "dram": 3491.3939393939395,
        "iteration": 99,
        "stdev": 9527.552031529327
    },
    "com.google.gson.functional.ObjectTest-testSingletonLists": {
        "energy": 44161.604651162794,
        "duration": 1465064.488372093,
        "dram": 3697.546511627907,
        "iteration": 86,
        "stdev": 14567.19547578551
    },
    "com.google.gson.functional.EnumTest-testEnumSubclass": {
        "energy": 84557.98969072165,
        "duration": 2585154.9896907215,
        "dram": 7258.690721649485,
        "iteration": 97,
        "stdev": 37808.41872799275
    },
    "com.google.gson.functional.TypeVariableTest-testBasicTypeVariables": {
        "energy": 37917.55714285714,
        "duration": 1026973.2285714286,
        "dram": 3367.7571428571428,
        "iteration": 70,
        "stdev": 7276.425295109276
    },
    "com.google.gson.functional.EnumTest-testEnumSubclassWithRegisteredTypeAdapter": {
        "energy": 61202.58888888889,
        "duration": 1935405.1666666667,
        "dram": 5645.044444444445,
        "iteration": 90,
        "stdev": 59492.66307199279
    },
    "com.google.gson.functional.MapAsArrayTypeAdapterTest-testMultipleEnableComplexKeyRegistrationHasNoEffect": {
        "energy": 38751.329268292684,
        "duration": 1180011.1951219512,
        "dram": 3176.0365853658536,
        "iteration": 82,
        "stdev": 8678.896032491797
    },
    "com.google.gson.functional.TypeVariableTest-testAdvancedTypeVariables": {
        "energy": 138350.34343434343,
        "duration": 4061361.9191919193,
        "dram": 12709.656565656565,
        "iteration": 99,
        "stdev": 311018.9468125489
    },
    "com.google.gson.functional.UncategorizedTest-testGsonInstanceReusableForSerializationAndDeserialization": {
        "energy": 38400.8,
        "duration": 1064075.98,
        "dram": 3143.66,
        "iteration": 50,
        "stdev": 7729.661350926055
    },
    "com.google.gson.functional.DefaultTypeAdaptersTest-testSqlDateSerialization": {
        "energy": 35374.91379310345,
        "duration": 830607.5,
        "dram": 2938.7241379310344,
        "iteration": 58,
        "stdev": 3354.602341840045
    },
    "com.google.gson.functional.ParameterizedTypesTest-testVariableTypeDeserialization": {
        "energy": 40499.958333333336,
        "duration": 1374802.0104166667,
        "dram": 3683.8541666666665,
        "iteration": 96,
        "stdev": 11685.935503056537
    },
    "com.google.gson.functional.MapAsArrayTypeAdapterTest-testSerializeComplexMapWithTypeAdapter": {
        "energy": 207249.60606060605,
        "duration": 6201564.070707071,
        "dram": 18792.727272727272,
        "iteration": 99,
        "stdev": 383205.0307532277
    },
    "com.google.gson.functional.ParameterizedTypesTest-testParameterizedTypeGenericArraysDeserialization": {
        "energy": 38603.721649484534,
        "duration": 1390164.4329896907,
        "dram": 3428.0,
        "iteration": 97,
        "stdev": 8174.39351102187
    },
    "com.google.gson.functional.DefaultTypeAdaptersTest-testDefaultDateDeserializationUsingBuilder": {
        "energy": 119110.67676767676,
        "duration": 3694248.101010101,
        "dram": 11185.666666666666,
        "iteration": 99,
        "stdev": 28806.26431936177
    },
    "com.google.gson.functional.NamingPolicyTest-testComplexFieldNameStrategy": {
        "energy": 37515.0,
        "duration": 1202963.3235294118,
        "dram": 3224.764705882353,
        "iteration": 68,
        "stdev": 7578.178500296291
    },
    "com.google.gson.functional.EscapingTest-testEscapingObjectFields": {
        "energy": 59793.916666666664,
        "duration": 1756785.3333333333,
        "dram": 5445.183333333333,
        "iteration": 60,
        "stdev": 51448.55600445026
    },
    "com.google.gson.GsonTypeAdapterTest-testTypeAdapterThrowsException": {
        "energy": 39765.0,
        "duration": 755243.1219512195,
        "dram": 2899.5365853658536,
        "iteration": 41,
        "stdev": 8498.899449555722
    },
    "com.google.gson.functional.TypeVariableTest-testTypeVariablesViaTypeParameter": {
        "energy": 46203.50561797753,
        "duration": 1539040.8764044943,
        "dram": 4163.831460674157,
        "iteration": 89,
        "stdev": 18616.70301500362
    },
    "com.google.gson.functional.DefaultTypeAdaptersTest-testNullSerialization": {
        "energy": 298495.6565656566,
        "duration": 8937680.787878787,
        "dram": 27710.050505050505,
        "iteration": 99,
        "stdev": 232177.81030299637
    },
    "com.google.gson.functional.TypeHierarchyAdapterTest-testTypeHierarchy": {
        "energy": 211246.52525252526,
        "duration": 6099488.121212121,
        "dram": 18884.79797979798,
        "iteration": 99,
        "stdev": 328372.741516093
    },
    "com.google.gson.DefaultInetAddressTypeAdapterTest-testInetAddressSerializationAndDeserialization": {
        "energy": 200631.21212121213,
        "duration": 6012210.05050505,
        "dram": 18730.29292929293,
        "iteration": 99,
        "stdev": 67542.0569514864
    },
    "com.google.gson.functional.ReadersWritersTest-testReadWriteTwoStrings": {
        "energy": 47496.95890410959,
        "duration": 1474472.8356164384,
        "dram": 3827.6027397260273,
        "iteration": 73,
        "stdev": 14692.605187307388
    },
    "com.google.gson.functional.CollectionTest-testWildcardCollectionField": {
        "energy": 44567.96808510638,
        "duration": 1520866.3617021276,
        "dram": 3984.7978723404253,
        "iteration": 94,
        "stdev": 13229.418563196874
    },
    "com.google.gson.functional.DefaultTypeAdaptersTest-testDateDeserializationWithPattern": {
        "energy": 35341.10769230769,
        "duration": 979929.6615384616,
        "dram": 2929.4153846153845,
        "iteration": 65,
        "stdev": 3789.810411832383
    },