{
    "com.google.gson.JsonFieldNameValidatorTest-testValidFieldBeginsWithUnderscore": {
        "energy": 37964,
        "duration": 1452037.822222222,
        "dram": 2339.5555555555557,
        "iteration": 45,
        "stdev": 5888.341558464132
    },
    "com.google.gson.SerializedNameAnnotationInterceptingNamingPolicyTest-testFieldWithAnnotation": {
        "energy": 47058,
        "duration": 4637272.7375,
        "dram": 13471.9125,
        "iteration": 80,
        "stdev": 161888.34381352892
    },
    "com.google.gson.functional.NamingPolicyTest-testGsonDuplicateNameUsingSerializedNameFieldNamingPolicySerialization": {
        "energy": 119080,
        "duration": 11746000.808080807,
        "dram": 34842.53535353536,
        "iteration": 99,
        "stdev": 529042.42002135
    },
    "com.google.gson.functional.NamingPolicyTest-testGsonWithSerializedNameFieldNamingPolicyDeserialization": {
        "energy": 40894,
        "duration": 3757050.878787879,
        "dram": 10800.555555555555,
        "iteration": 99,
        "stdev": 182549.24871667186
    },
    "com.google.gson.JsonFieldNameValidatorTest-testInvalidCharacters": {
        "energy": 37353,
        "duration": 924551.2058823529,
        "dram": 1890.8823529411766,
        "iteration": 34,
        "stdev": 37451.43006787448
    },
    "com.google.gson.JsonFieldNameValidatorTest-testInvalidFieldStartingTwoUnderscores": {
        "energy": 37963,
        "duration": 719498.48,
        "dram": 2329.24,
        "iteration": 25,
        "stdev": 23384.86072846276
    },
    "com.google.gson.JsonFieldNameValidatorTest-testValidFieldBeginsWithLetter": {
        "energy": 38025,
        "duration": 752671.8260869565,
        "dram": 2007.6521739130435,
        "iteration": 23,
        "stdev": 14654.926028852997
    },
    "com.google.gson.JsonFieldNameValidatorTest-testValidFieldMixingLetter": {
        "energy": 37964,
        "duration": 781924.3333333334,
        "dram": 2301.9583333333335,
        "iteration": 24,
        "stdev": 13816.112051029304
    },
    "com.google.gson.functional.NamingPolicyTest-testGsonWithSerializedNameFieldNamingPolicySerialization": {
        "energy": 77698,
        "duration": 6357629.670588235,
        "dram": 17534.376470588235,
        "iteration": 85,
        "stdev": 339841.52075968275
    },
    "com.google.gson.JsonFieldNameValidatorTest-testValidFieldBeginsWithDollarSign": {
        "energy": 37231,
        "duration": 957418.2,
        "dram": 1612.55,
        "iteration": 20,
        "stdev": 26127.87157897673
    },
    "com.google.gson.JsonFieldNameValidatorTest-testInvalidFieldStartingTwoDollarSigns": {
        "energy": 40406,
        "duration": 726897.052631579,
        "dram": 2378.1052631578946,
        "iteration": 19,
        "stdev": 15322.567430404079
    },
    "com.google.gson.JsonFieldNameValidatorTest-testInvalidFieldStartingDollarUnderscore": {
        "energy": 36193,
        "duration": 911346.7391304348,
        "dram": 2138.5652173913045,
        "iteration": 23,
        "stdev": 66366.83835971015
    },
    "com.google.gson.JsonFieldNameValidatorTest-testInvalidFieldStartingWithNumbers": {
        "energy": 38024,
        "duration": 949570.8421052631,
        "dram": 1439.842105263158,
        "iteration": 19,
        "stdev": 39928.20300179947
    }
}