{
    "com.google.gson.functional.MapTest-testInterfaceTypeMapWithSerializer": {
        "energy": 127606.07290322152,
        "duration": 3221724.6570950495,
        "dram": 8947.499257583353,
        "iteration": 99
    },
    "com.google.gson.functional.InheritanceTest-testClassWithBaseArrayFieldSerialization": {
        "energy": 47180.282163644704,
        "duration": 1622566.6419841922,
        "dram": 5080.456136919582,
        "iteration": 86
    },
    "com.google.gson.functional.MapAsArrayTypeAdapterTest-testMultipleEnableComplexKeyRegistrationHasNoEffect": {
        "energy": 46589.56367178823,
        "duration": 1307131.5619079997,
        "dram": 3800.4692938744547,
        "iteration": 96
    },
    "com.google.gson.functional.ExclusionStrategyFunctionalTest-testExclusionStrategyWithMode": {
        "energy": 181372.17081142953,
        "duration": 4289936.119674342,
        "dram": 15445.113995372994,
        "iteration": 99
    },
    "com.google.gson.functional.InheritanceTest-testBaseSerializedAsSub": {
        "energy": 35967.031826150414,
        "duration": 801121.1316563522,
        "dram": 3347.540571684589,
        "iteration": 46
    },
    "com.google.gson.functional.MapAsArrayTypeAdapterTest-testSerializeComplexMapWithTypeAdapter": {
        "energy": 119993.62579160086,
        "duration": 3267359.962758605,
        "dram": 10505.858382177887,
        "iteration": 99
    },
    "com.google.gson.functional.CustomSerializerTest-testSubClassSerializerInvokedForBaseClassFieldsHoldingSubClassInstances": {
        "energy": 862884.0474969692,
        "duration": 26471102.952080764,
        "dram": 83161.699911859,
        "iteration": 79
    },
    "com.google.gson.functional.JsonTreeTest-testJsonTreeToString": {
        "energy": 105451.2753858869,
        "duration": 3129919.0212688204,
        "dram": 10470.400099353603,
        "iteration": 99
    },
    "com.google.gson.DefaultMapJsonSerializerTest-testNonEmptyMapSerialization": {
        "energy": 48306.72564387497,
        "duration": 2041972.927214275,
        "dram": 4402.220317165833,
        "iteration": 76
    },
    "com.google.gson.functional.MoreSpecificTypeSerializationTest-testMapOfParameterizedSubclassFields": {
        "energy": 73265.83369600412,
        "duration": 1680066.296325889,
        "dram": 4385.769990795132,
        "iteration": 99
    },
    "com.google.gson.functional.TypeHierarchyAdapterTest-testTypeHierarchy": {
        "energy": 268985.94547444995,
        "duration": 7020601.480399353,
        "dram": 23600.43993858654,
        "iteration": 99
    },
    "com.google.gson.functional.JsonTreeTest-testToJsonTreeObjectType": {
        "energy": 40779.615230333395,
        "duration": 1190808.8611806296,
        "dram": 3483.59128184569,
        "iteration": 83
    },
    "com.google.gson.functional.MoreSpecificTypeSerializationTest-testMapOfSubclassFields": {
        "energy": 171319.9651375506,
        "duration": 4842336.56512353,
        "dram": 16290.171145392684,
        "iteration": 99
    },
    "com.google.gson.functional.InheritanceTest-testClassWithBaseCollectionFieldSerialization": {
        "energy": 45248.71428732449,
        "duration": 1859355.2106633957,
        "dram": 5867.279933215686,
        "iteration": 94
    },
    "com.google.gson.functional.CustomSerializerTest-testBaseClassSerializerInvokedForBaseClassFieldsHoldingSubClassInstances": {
        "energy": 38718.09703714562,
        "duration": 1126729.5290091955,
        "dram": 3239.396340026044,
        "iteration": 65
    },
    "com.google.gson.functional.CustomSerializerTest-testSubClassSerializerInvokedForBaseClassFieldsHoldingArrayOfSubClassInstances": {
        "energy": 37499.14218572851,
        "duration": 1360400.2027684974,
        "dram": 3404.217480000404,
        "iteration": 73
    },
    "com.google.gson.functional.InheritanceTest-testClassWithBaseFieldSerialization": {
        "energy": 98468.02874972584,
        "duration": 3111051.397190949,
        "dram": 8798.48011757497,
        "iteration": 84
    },
    "com.google.gson.functional.MapAsArrayTypeAdapterTest-testMapWithTypeVariableSerialization": {
        "energy": 48917.397839359306,
        "duration": 1410577.67778192,
        "dram": 3710.7354316234555,
        "iteration": 99
    },
    "com.google.gson.functional.JsonTreeTest-testToJsonTree": {
        "energy": 82733.44658064962,
        "duration": 2284009.968175282,
        "dram": 7327.812598013903,
        "iteration": 99
    },
    "com.google.gson.functional.InheritanceTest-testBaseSerializedAsSubWhenSpecifiedWithExplicitType": {
        "energy": 36007.471383047385,
        "duration": 806695.3073668794,
        "dram": 1591.9559318288639,
        "iteration": 43
    },
    "com.google.gson.functional.JsonTreeTest-testJsonTreeNull": {
        "energy": 43246.28509019962,
        "duration": 956699.5276001388,
        "dram": 2620.5179924814374,
        "iteration": 62
    },
    "com.google.gson.functional.CustomSerializerTest-testBaseClassSerializerInvokedForBaseClassFields": {
        "energy": 42031.61764413885,
        "duration": 844781.6095555243,
        "dram": 1854.0067376192094,
        "iteration": 46
    },
    "com.google.gson.functional.InheritanceTest-testBaseSerializedAsBaseWhenSpecifiedWithExplicitType": {
        "energy": 39387.95844334643,
        "duration": 817081.3375620423,
        "dram": 3380.510177977383,
        "iteration": 31
    },
    "com.google.gson.internal.bind.JsonTreeWriterTest-testSerializeNullsTrue": {
        "energy": 44551.99365577102,
        "duration": 493005.6230784431,
        "dram": 3444.8527011200786,
        "iteration": 28
    },
    "com.google.gson.internal.bind.JsonTreeWriterTest-testNestedObject": {
        "energy": 38380.26934938133,
        "duration": 558139.885032475,
        "dram": 3349.2674963474274,
        "iteration": 27
    },
    "com.google.gson.internal.bind.JsonTreeWriterTest-testObject": {
        "energy": 137838.31852698326,
        "duration": 3595751.929226637,
        "dram": 13099.267734527588,
        "iteration": 23
    },
    "com.google.gson.internal.bind.JsonTreeWriterTest-testSerializeNullsFalse": {
        "energy": 43103.60712503269,
        "duration": 715569.6626002993,
        "dram": 1115.4114266717806,
        "iteration": 31
    }
}