{
    "com.google.gson.DefaultConstructorAllocatorTest-testObjectConstructor": {
        "energy": 35758.51111111111,
        "duration": 1284929.9555555556,
        "dram": 2240.8444444444444,
        "iteration": 45,
        "stdev": 3940.926177786819
    },
    "com.google.gson.DefaultConstructorAllocatorTest-testMissingDefaultConstructor": {
        "energy": 37014.46428571428,
        "duration": 1539547.75,
        "dram": 2795.5714285714284,
        "iteration": 56,
        "stdev": 4572.51177833477
    }
}