{
    "com.google.gson.DefaultConstructorAllocatorTest-testObjectConstructor": {
        "energy": 35034,
        "duration": 1330662.0,
        "dram": 2293.769230769231,
        "iteration": 39,
        "stdev": 4087.538037067147
    },
    "com.google.gson.DefaultConstructorAllocatorTest-testMissingDefaultConstructor": {
        "energy": 34973,
        "duration": 1494868.716981132,
        "dram": 2771.943396226415,
        "iteration": 53,
        "stdev": 3460.844705174693
    }
}