{
    "com.google.gson.functional.TypeAdapterPrecedenceTest-testStreamingFollowedByNonstreaming": {
        "energy": 35969.09623578265,
        "duration": 648299.141309422,
        "dram": 3276.386787249371,
        "iteration": 42
    },
    "com.google.gson.functional.CustomDeserializerTest-testDefaultConstructorNotCalledOnField": {
        "energy": 39366.27728909762,
        "duration": 1266885.3745124186,
        "dram": 3635.026958702993,
        "iteration": 60
    },
    "com.google.gson.functional.CustomDeserializerTest-testDefaultConstructorNotCalledOnObject": {
        "energy": 140291.80366915406,
        "duration": 4550767.319960135,
        "dram": 11472.145084893531,
        "iteration": 94
    },
    "com.google.gson.functional.ExclusionStrategyFunctionalTest-testExclusionStrategySerializationDoesNotImpactSerialization": {
        "energy": 36254.67856073816,
        "duration": 893696.5141560042,
        "dram": 2332.663799476164,
        "iteration": 54
    },
    "com.google.gson.functional.DefaultTypeAdaptersTest-testDateSerializationWithPatternNotOverridenByTypeAdapter": {
        "energy": 35946.558357154936,
        "duration": 1103100.674354732,
        "dram": 2607.4810758025924,
        "iteration": 63
    },
    "com.google.gson.functional.ExclusionStrategyFunctionalTest-testExclusionStrategyWithMode": {
        "energy": 38944.684760806536,
        "duration": 1487185.6711157896,
        "dram": 3539.7445425471146,
        "iteration": 98
    },
    "com.google.gson.functional.JsonAdapterAnnotationOnClassesTest-testRegisteredDeserializerOverridesJsonAdapter": {
        "energy": 36581.86652548119,
        "duration": 1154515.6751898266,
        "dram": 3349.347230341385,
        "iteration": 61
    },
    "com.google.gson.GsonTypeAdapterTest-testDeserializerForAbstractClass": {
        "energy": 91747.13238968732,
        "duration": 3533217.5100669293,
        "dram": 8844.721923474237,
        "iteration": 99
    },
    "com.google.gson.functional.TypeAdapterPrecedenceTest-testNonstreamingFollowedByNonstreaming": {
        "energy": 34025.28704300485,
        "duration": 1438659.5108186274,
        "dram": 3110.6126184204877,
        "iteration": 92
    },
    "com.google.gson.functional.DelegateTypeAdapterTest-testDelegateInvoked": {
        "energy": 204767.92703316174,
        "duration": 6775440.782014883,
        "dram": 19613.739819411738,
        "iteration": 99
    },
    "com.google.gson.functional.DelegateTypeAdapterTest-testDelegateInvokedOnStrings": {
        "energy": 32074.5162396873,
        "duration": 901776.1910491083,
        "dram": 3627.4380150781444,
        "iteration": 48
    },
    "com.google.gson.functional.TypeAdapterPrecedenceTest-testStreamingHierarchicalFollowedByNonstreaming": {
        "energy": 43242.050923053175,
        "duration": 1165064.2657182813,
        "dram": 2566.766458053142,
        "iteration": 29
    },
    "com.google.gson.functional.ExclusionStrategyFunctionalTest-testExclusionStrategySerializationDoesNotImpactDeserialization": {
        "energy": 36048.463738126346,
        "duration": 1183190.846253228,
        "dram": 3406.0889080105426,
        "iteration": 63
    },
    "com.google.gson.functional.JsonAdapterAnnotationOnClassesTest-testRegisteredSerializerOverridesJsonAdapter": {
        "energy": 53336.80489326181,
        "duration": 1849287.9461028972,
        "dram": 5211.596311004563,
        "iteration": 71
    },
    "com.google.gson.functional.ExclusionStrategyFunctionalTest-testExcludeTopLevelClassDeserializationDoesNotImpactSerialization": {
        "energy": 37395.51080667724,
        "duration": 803019.6525385433,
        "dram": 3088.4644997344344,
        "iteration": 47
    },
    "com.google.gson.functional.TypeAdapterPrecedenceTest-testNonstreamingHierarchicalFollowedByNonstreaming": {
        "energy": 35137.20836574491,
        "duration": 616647.2913878546,
        "dram": 3231.0831678779796,
        "iteration": 32
    },
    "com.google.gson.functional.ExclusionStrategyFunctionalTest-testExcludeTopLevelClassSerializationDoesNotImpactDeserialization": {
        "energy": 37355.86827881993,
        "duration": 813375.4343166782,
        "dram": 3459.138676549403,
        "iteration": 43
    }
}