{
    "com.google.gson.functional.TypeAdapterPrecedenceTest-testStreamingFollowedByNonstreaming": {
        "energy": 37415,
        "duration": 695635.2142857143,
        "dram": 2407.2380952380954,
        "iteration": 42,
        "stdev": 4787.235550264769
    },
    "com.google.gson.functional.CustomDeserializerTest-testDefaultConstructorNotCalledOnObject": {
        "energy": 76599,
        "duration": 4013807.6063829786,
        "dram": 11296.287234042553,
        "iteration": 94,
        "stdev": 133197.21678540946
    },
    "com.google.gson.functional.DefaultTypeAdaptersTest-testDateSerializationWithPatternNotOverridenByTypeAdapter": {
        "energy": 32959,
        "duration": 1270956.492063492,
        "dram": 3426.2063492063494,
        "iteration": 63,
        "stdev": 56573.567710602925
    },
    "com.google.gson.functional.DelegateTypeAdapterTest-testDelegateInvokedOnStrings": {
        "energy": 36987,
        "duration": 938146.125,
        "dram": 3056.5833333333335,
        "iteration": 48,
        "stdev": 7307.775742905207
    },
    "com.google.gson.functional.TypeAdapterPrecedenceTest-testStreamingHierarchicalFollowedByNonstreaming": {
        "energy": 38940,
        "duration": 2427940.4827586208,
        "dram": 7315.517241379311,
        "iteration": 29,
        "stdev": 300438.927051062
    },
    "com.google.gson.functional.ExclusionStrategyFunctionalTest-testExclusionStrategyWithMode": {
        "energy": 38696,
        "duration": 1527971.6224489796,
        "dram": 4008.418367346939,
        "iteration": 98,
        "stdev": 14061.167836087403
    },
    "com.google.gson.functional.ExclusionStrategyFunctionalTest-testExclusionStrategySerializationDoesNotImpactDeserialization": {
        "energy": 37781,
        "duration": 2090758.349206349,
        "dram": 5609.9047619047615,
        "iteration": 63,
        "stdev": 35756.62887366015
    },
    "com.google.gson.functional.JsonAdapterAnnotationOnClassesTest-testRegisteredSerializerOverridesJsonAdapter": {
        "energy": 37170,
        "duration": 1550511.8450704226,
        "dram": 4156.5352112676055,
        "iteration": 71,
        "stdev": 17613.55464438882
    },
    "com.google.gson.GsonTypeAdapterTest-testDeserializerForAbstractClass": {
        "energy": 81604,
        "duration": 3138718.373737374,
        "dram": 8687.333333333334,
        "iteration": 99,
        "stdev": 38749.521771061525
    },
    "com.google.gson.functional.TypeAdapterPrecedenceTest-testNonstreamingFollowedByNonstreaming": {
        "energy": 42663,
        "duration": 6361186.619565218,
        "dram": 19648.945652173912,
        "iteration": 92,
        "stdev": 468275.9802561908
    },
    "com.google.gson.functional.DelegateTypeAdapterTest-testDelegateInvoked": {
        "energy": 178283,
        "duration": 7829253.868686869,
        "dram": 24133.666666666668,
        "iteration": 99,
        "stdev": 210699.2224166451
    },
    "com.google.gson.functional.ExclusionStrategyFunctionalTest-testExclusionStrategySerializationDoesNotImpactSerialization": {
        "energy": 36621,
        "duration": 950311.9444444445,
        "dram": 2778.8518518518517,
        "iteration": 54,
        "stdev": 3346.040309184256
    },
    "com.google.gson.functional.JsonAdapterAnnotationOnClassesTest-testRegisteredDeserializerOverridesJsonAdapter": {
        "energy": 36194,
        "duration": 1109003.6721311475,
        "dram": 3214.9836065573772,
        "iteration": 61,
        "stdev": 4525.059542474561
    },
    "com.google.gson.functional.ExclusionStrategyFunctionalTest-testExcludeTopLevelClassDeserializationDoesNotImpactSerialization": {
        "energy": 36072,
        "duration": 862085.5744680851,
        "dram": 2991.68085106383,
        "iteration": 47,
        "stdev": 3820.321350773768
    },
    "com.google.gson.functional.TypeAdapterPrecedenceTest-testNonstreamingHierarchicalFollowedByNonstreaming": {
        "energy": 37537,
        "duration": 718237.5625,
        "dram": 2576.1875,
        "iteration": 32,
        "stdev": 3773.100175916351
    },
    "com.google.gson.functional.ExclusionStrategyFunctionalTest-testExcludeTopLevelClassSerializationDoesNotImpactDeserialization": {
        "energy": 36438,
        "duration": 845504.1860465116,
        "dram": 2681.4883720930234,
        "iteration": 43,
        "stdev": 4468.281942005271
    },
    "com.google.gson.functional.CustomDeserializerTest-testDefaultConstructorNotCalledOnField": {
        "energy": 37842,
        "duration": 1217003.2,
        "dram": 3743.866666666667,
        "iteration": 60,
        "stdev": 27001.427124608723
    }
}