{
    "com.google.gson.functional.CustomDeserializerTest-testDefaultConstructorNotCalledOnField": {
        "energy": 37292,
        "duration": 1700922.9152542374,
        "dram": 5010.847457627118,
        "iteration": 59,
        "stdev": 70155.99783826852
    },
    "com.google.gson.functional.CustomDeserializerTest-testDefaultConstructorNotCalledOnObject": {
        "energy": 79773,
        "duration": 3852134.010752688,
        "dram": 10857.09677419355,
        "iteration": 93,
        "stdev": 118545.75280479279
    },
    "com.google.gson.functional.DefaultTypeAdaptersTest-testDateSerializationWithPatternNotOverridenByTypeAdapter": {
        "energy": 33447,
        "duration": 1033972.9841269841,
        "dram": 2575.063492063492,
        "iteration": 63,
        "stdev": 3724.611611610588
    },
    "com.google.gson.functional.ExclusionStrategyFunctionalTest-testExclusionStrategyWithMode": {
        "energy": 37536,
        "duration": 1485847.3711340206,
        "dram": 3836.5257731958764,
        "iteration": 97,
        "stdev": 12772.173470002557
    },
    "com.google.gson.functional.JsonAdapterAnnotationOnClassesTest-testRegisteredDeserializerOverridesJsonAdapter": {
        "energy": 36804,
        "duration": 1094219.6857142858,
        "dram": 3011.9,
        "iteration": 70,
        "stdev": 7180.009441483759
    },
    "com.google.gson.functional.ExclusionStrategyFunctionalTest-testExclusionStrategySerializationDoesNotImpactDeserialization": {
        "energy": 39673,
        "duration": 1931340.355263158,
        "dram": 5106.0526315789475,
        "iteration": 76,
        "stdev": 30151.883755126928
    },
    "com.google.gson.functional.JsonAdapterAnnotationOnClassesTest-testRegisteredSerializerOverridesJsonAdapter": {
        "energy": 38513,
        "duration": 1488710.5833333333,
        "dram": 4091.0833333333335,
        "iteration": 72,
        "stdev": 13472.196859533686
    },
    "com.google.gson.GsonTypeAdapterTest-testDeserializerForAbstractClass": {
        "energy": 79956,
        "duration": 3157556.707070707,
        "dram": 8799.777777777777,
        "iteration": 99,
        "stdev": 43964.793290727735
    },
    "com.google.gson.functional.TypeAdapterPrecedenceTest-testNonstreamingFollowedByNonstreaming": {
        "energy": 43090,
        "duration": 10185531.662790697,
        "dram": 31596.39534883721,
        "iteration": 86,
        "stdev": 592950.2334446383
    },
    "com.google.gson.functional.DelegateTypeAdapterTest-testDelegateInvoked": {
        "energy": 170288,
        "duration": 7497178.98989899,
        "dram": 23313.343434343435,
        "iteration": 99,
        "stdev": 205418.22654506814
    },
    "com.google.gson.functional.DelegateTypeAdapterTest-testDelegateInvokedOnStrings": {
        "energy": 37232,
        "duration": 913653.72,
        "dram": 3095.9,
        "iteration": 50,
        "stdev": 3681.8521358685757
    },
    "com.google.gson.functional.TypeAdapterPrecedenceTest-testStreamingHierarchicalFollowedByNonstreaming": {
        "energy": 38452,
        "duration": 3046999.225,
        "dram": 11530.125,
        "iteration": 40,
        "stdev": 379400.7942522359
    },
    "com.google.gson.functional.ExclusionStrategyFunctionalTest-testExcludeTopLevelClassDeserializationDoesNotImpactSerialization": {
        "energy": 36927,
        "duration": 807776.5277777778,
        "dram": 3105.0,
        "iteration": 36,
        "stdev": 4281.273177552833
    },
    "com.google.gson.functional.ExclusionStrategyFunctionalTest-testExcludeTopLevelClassSerializationDoesNotImpactDeserialization": {
        "energy": 36621,
        "duration": 809746.1219512195,
        "dram": 2353.1463414634145,
        "iteration": 41,
        "stdev": 4158.9150307735945
    },
    "com.google.gson.functional.ExclusionStrategyFunctionalTest-testExclusionStrategySerializationDoesNotImpactSerialization": {
        "energy": 35279,
        "duration": 972122.7346938775,
        "dram": 2977.5510204081634,
        "iteration": 49,
        "stdev": 4493.188888640737
    },
    "com.google.gson.functional.TypeAdapterPrecedenceTest-testStreamingFollowedByNonstreaming": {
        "energy": 35767,
        "duration": 801042.3333333334,
        "dram": 2511.0833333333335,
        "iteration": 24,
        "stdev": 4088.21068490442
    },
    "com.google.gson.functional.TypeAdapterPrecedenceTest-testNonstreamingHierarchicalFollowedByNonstreaming": {
        "energy": 37231,
        "duration": 701933.9736842106,
        "dram": 2462.4210526315787,
        "iteration": 38,
        "stdev": 4102.348810095905
    }
}