{
    "com.google.gson.functional.VersioningTest-testVersionedGsonMixingSinceAndUntilDeserialization": {
        "energy": 33221.3734939759,
        "duration": 1261285.5783132531,
        "dram": 2867.7831325301204,
        "iteration": 83,
        "stdev": 6624.510498325893
    },
    "com.google.gson.functional.VersioningTest-testIgnoreLaterVersionClassSerialization": {
        "energy": 32659.938775510203,
        "duration": 842650.8979591837,
        "dram": 2435.183673469388,
        "iteration": 49,
        "stdev": 2501.6135234566823
    },
    "com.google.gson.functional.VersioningTest-testVersionedClassesDeserialization": {
        "energy": 1379849.1616161617,
        "duration": 40572188.98989899,
        "dram": 128632.31313131313,
        "iteration": 99,
        "stdev": 308449.7213555842
    },
    "com.google.gson.functional.VersioningTest-testVersionedGsonWithUnversionedClassesSerialization": {
        "energy": 102727.14893617021,
        "duration": 3535547.9680851065,
        "dram": 10745.117021276596,
        "iteration": 94,
        "stdev": 40040.731341748404
    },
    "com.google.gson.functional.VersioningTest-testVersionedClassesSerialization": {
        "energy": 85067.38028169014,
        "duration": 2668665.5070422534,
        "dram": 7997.084507042254,
        "iteration": 71,
        "stdev": 246358.95430930966
    },
    "com.google.gson.functional.VersioningTest-testVersionedGsonMixingSinceAndUntilSerialization": {
        "energy": 32831.80612244898,
        "duration": 1408355.3673469387,
        "dram": 3336.0510204081634,
        "iteration": 98,
        "stdev": 7205.185135009264
    },
    "com.google.gson.functional.VersioningTest-testIgnoreLaterVersionClassDeserialization": {
        "energy": 32399.45238095238,
        "duration": 853506.8571428572,
        "dram": 2405.0238095238096,
        "iteration": 42,
        "stdev": 2983.065219681809
    },
    "com.google.gson.functional.VersioningTest-testVersionedGsonWithUnversionedClassesDeserialization": {
        "energy": 61734.93670886076,
        "duration": 2157452.7215189873,
        "dram": 6163.303797468355,
        "iteration": 79,
        "stdev": 43434.482532538714
    },
    "com.google.gson.functional.VersioningTest-testVersionedUntilSerialization": {
        "energy": 50850.42424242424,
        "duration": 1696778.1363636365,
        "dram": 4694.075757575758,
        "iteration": 66,
        "stdev": 143303.41825767857
    },
    "com.google.gson.functional.VersioningTest-testVersionedUntilDeserialization": {
        "energy": 31451.509433962263,
        "duration": 852704.320754717,
        "dram": 2644.811320754717,
        "iteration": 53,
        "stdev": 2352.356126153228
    }
}