{
    "com.google.gson.functional.VersioningTest-testVersionedGsonMixingSinceAndUntilDeserialization": {
        "energy": 32044,
        "duration": 1267657.1363636365,
        "dram": 3099.715909090909,
        "iteration": 88,
        "stdev": 8462.028360752325
    },
    "com.google.gson.functional.VersioningTest-testVersionedUntilSerialization": {
        "energy": 32471,
        "duration": 1132196.2933333332,
        "dram": 3024.9466666666667,
        "iteration": 75,
        "stdev": 4496.912407300517
    },
    "com.google.gson.functional.VersioningTest-testVersionedClassesDeserialization": {
        "energy": 1437314,
        "duration": 38668987.45918367,
        "dram": 125177.95918367348,
        "iteration": 98,
        "stdev": 395130.2551556289
    },
    "com.google.gson.functional.VersioningTest-testVersionedGsonWithUnversionedClassesSerialization": {
        "energy": 126587,
        "duration": 3955255.8314606743,
        "dram": 11918.67415730337,
        "iteration": 89,
        "stdev": 37268.79913183682
    },
    "com.google.gson.functional.VersioningTest-testVersionedClassesSerialization": {
        "energy": 33874,
        "duration": 5103064.013157895,
        "dram": 15511.776315789473,
        "iteration": 76,
        "stdev": 398287.68953845586
    },
    "com.google.gson.functional.VersioningTest-testVersionedGsonMixingSinceAndUntilSerialization": {
        "energy": 31494,
        "duration": 1431853.0,
        "dram": 3594.1134020618556,
        "iteration": 97,
        "stdev": 9882.614417949932
    },
    "com.google.gson.functional.VersioningTest-testVersionedGsonWithUnversionedClassesDeserialization": {
        "energy": 33753,
        "duration": 1917915.488095238,
        "dram": 5246.059523809524,
        "iteration": 84,
        "stdev": 40572.926297870705
    },
    "com.google.gson.functional.VersioningTest-testIgnoreLaterVersionClassSerialization": {
        "energy": 32409,
        "duration": 815914.2553191489,
        "dram": 2604.659574468085,
        "iteration": 47,
        "stdev": 2839.274465150616
    },
    "com.google.gson.functional.VersioningTest-testIgnoreLaterVersionClassDeserialization": {
        "energy": 32898,
        "duration": 1023727.3636363636,
        "dram": 2853.1363636363635,
        "iteration": 44,
        "stdev": 8408.204540509307
    },
    "com.google.gson.functional.VersioningTest-testVersionedUntilDeserialization": {
        "energy": 31189,
        "duration": 839415.8055555555,
        "dram": 2611.527777777778,
        "iteration": 36,
        "stdev": 2977.768473632852
    }
}