{
  "energy": 172731.5,
  "instructions": 1.148215086E9,
  "durations": 5.172156215E8,
  "cycles": 1.0745916E9,
  "caches": 2759166.5,
  "cacheMisses": 172731.5,
  "branches": 2.01071665E8,
  "branchMisses": 2513905.5
}