{
    "com.google.gson.functional.StreamingTypeAdaptersTest-testFromJsonTree": {
        "energy": 41022.855163772816,
        "duration": 1475350.9636884853,
        "dram": 3883.8317642551247,
        "iteration": 39
    },
    "com.google.gson.functional.JsonParserTest-testBadTypeForDeserializingCustomTree": {
        "energy": 37255.21549997007,
        "duration": 929303.9193126713,
        "dram": 2917.9284645019034,
        "iteration": 40
    },
    "com.google.gson.internal.bind.JsonElementReaderTest-testStrictNansAndInfinities": {
        "energy": 51465.32938521019,
        "duration": 1456431.703406676,
        "dram": 3721.9697170035497,
        "iteration": 42
    },
    "com.google.gson.JsonParserTest-testParseUnquotedStringArrayFails": {
        "energy": 39219.65170240402,
        "duration": 591875.2624139786,
        "dram": 3394.2311248779297,
        "iteration": 21
    },
    "com.google.gson.JsonArrayTest-testSet": {
        "energy": 44360.461519899094,
        "duration": 967996.7392302797,
        "dram": 3604.592524046704,
        "iteration": 36
    },
    "com.google.gson.functional.InheritanceTest-testClassWithBaseArrayFieldSerialization": {
        "energy": 41249.95486613265,
        "duration": 934248.7360433021,
        "dram": 1745.7796705653677,
        "iteration": 72
    },
    "com.google.gson.internal.bind.JsonElementReaderTest-testNumbersFromStrings": {
        "energy": 35225.646642923355,
        "duration": 674565.9912707806,
        "dram": 2813.1020126342773,
        "iteration": 22
    },
    "com.google.gson.functional.DefaultTypeAdaptersTest-testJsonArrayDeserialization": {
        "energy": 34265.45262841345,
        "duration": 797649.3310010501,
        "dram": 2297.0728667675285,
        "iteration": 33
    },
    "com.google.gson.internal.bind.JsonElementReaderTest-testNulls": {
        "energy": 39587.336893081665,
        "duration": 692005.0117044449,
        "dram": 2605.7317876815796,
        "iteration": 20
    },
    "com.google.gson.JsonArrayTest-testDeepCopy": {
        "energy": 40394.84118652344,
        "duration": 650432.0658569336,
        "dram": 1634.848388671875,
        "iteration": 14
    },
    "com.google.gson.internal.bind.JsonElementReaderTest-testWrongType": {
        "energy": 35489.50795732265,
        "duration": 681047.2095753464,
        "dram": 3261.902377326631,
        "iteration": 39
    },
    "com.google.gson.JsonParserTest-testParseInvalidJson": {
        "energy": 37672.53168773651,
        "duration": 536905.9321947098,
        "dram": 2967.6381454467773,
        "iteration": 20
    },
    "com.google.gson.internal.bind.JsonElementReaderTest-testNumbers": {
        "energy": 36740.16145263612,
        "duration": 514278.22873081267,
        "dram": 3322.6672607660294,
        "iteration": 26
    },
    "com.google.gson.functional.TypeHierarchyAdapterTest-testTypeHierarchy": {
        "energy": 229670.80579985253,
        "duration": 6391664.917235536,
        "dram": 19384.90256049522,
        "iteration": 99
    },
    "com.google.gson.functional.InheritanceTest-testClassWithBaseCollectionFieldSerialization": {
        "energy": 40805.58596931189,
        "duration": 1018448.6895891167,
        "dram": 3580.259695510822,
        "iteration": 77
    },
    "com.google.gson.JsonArrayTest-testEqualsNonEmptyArray": {
        "energy": 42742.555107624794,
        "duration": 825369.5834934496,
        "dram": 3936.4436462120793,
        "iteration": 35
    },
    "com.google.gson.functional.CustomSerializerTest-testSubClassSerializerInvokedForBaseClassFieldsHoldingArrayOfSubClassInstances": {
        "energy": 37977.58350211129,
        "duration": 1016418.7503421092,
        "dram": 3237.985881232019,
        "iteration": 63
    },
    "com.google.gson.JsonArrayTest-testRemove": {
        "energy": 43381.4069519043,
        "duration": 471741.51320648193,
        "dram": 3608.7324600219727,
        "iteration": 19
    },
    "com.google.gson.internal.bind.JsonTreeWriterTest-testNestedArray": {
        "energy": 37067.73548901081,
        "duration": 539738.9439752102,
        "dram": 3335.946412026882,
        "iteration": 25
    },
    "com.google.gson.functional.MapTest-testCustomSerializerForSpecificMapType": {
        "energy": 48103.8891792015,
        "duration": 2098692.3354914803,
        "dram": 3848.705591741039,
        "iteration": 66
    },
    "com.google.gson.internal.bind.JsonElementReaderTest-testEarlyClose": {
        "energy": 39398.98066961765,
        "duration": 557141.2850028723,
        "dram": 3162.284455001354,
        "iteration": 27
    },
    "com.google.gson.JsonObjectTest-testDeepCopy": {
        "energy": 38158.832429885864,
        "duration": 748199.6038975716,
        "dram": 1244.2447545528412,
        "iteration": 23
    },
    "com.google.gson.internal.bind.JsonElementReaderTest-testStringsFromNumbers": {
        "energy": 37933.455474853516,
        "duration": 530448.9832763672,
        "dram": 809.5729064941406,
        "iteration": 16
    },
    "com.google.gson.internal.bind.JsonElementReaderTest-testLenientNansAndInfinities": {
        "energy": 39329.08725450933,
        "duration": 668465.3513877466,
        "dram": 550.2513759657741,
        "iteration": 28
    },
    "com.google.gson.internal.bind.JsonElementReaderTest-testNestedArrays": {
        "energy": 33752.877643585205,
        "duration": 794849.6818695068,
        "dram": 2162.520050048828,
        "iteration": 20
    },
    "com.google.gson.internal.bind.JsonElementReaderTest-testSkipValue": {
        "energy": 38451.288803100586,
        "duration": 558678.8251037598,
        "dram": 1282.9741439819336,
        "iteration": 18
    },
    "com.google.gson.functional.DefaultTypeAdaptersTest-testJsonArraySerialization": {
        "energy": 35752.64764404297,
        "duration": 772741.1244659424,
        "dram": 776.8784790039062,
        "iteration": 19
    },
    "com.google.gson.functional.JsonParserTest-testBadFieldTypeForDeserializingCustomTree": {
        "energy": 41294.909123843725,
        "duration": 909546.5359805758,
        "dram": 3491.062725305511,
        "iteration": 65
    },
    "com.google.gson.functional.JsonParserTest-testBadFieldTypeForCustomDeserializerCustomTree": {
        "energy": 37343.39121949652,
        "duration": 823680.354110416,
        "dram": 1270.8144144607431,
        "iteration": 38
    },
    "com.google.gson.JsonParserTest-testParseMixedArray": {
        "energy": 41514.1347258091,
        "duration": 1003070.1119296253,
        "dram": 1391.0028799772263,
        "iteration": 27
    },
    "com.google.gson.internal.bind.JsonTreeWriterTest-testLenientNansAndInfinities": {
        "energy": 38396.23400402814,
        "duration": 683521.7932541631,
        "dram": 1822.399402614683,
        "iteration": 29
    },
    "com.google.gson.internal.bind.JsonElementReaderTest-testBooleans": {
        "energy": 39256.694983005524,
        "duration": 556846.8363130093,
        "dram": 3316.9150936603546,
        "iteration": 23
    },
    "com.google.gson.internal.bind.JsonElementReaderTest-testArray": {
        "energy": 59685.73173946142,
        "duration": 1204239.857351303,
        "dram": 3661.445515692234,
        "iteration": 25
    },
    "com.google.gson.internal.bind.JsonElementReaderTest-testStrings": {
        "energy": 32461.072578430176,
        "duration": 785239.4101448059,
        "dram": 3232.5226440429688,
        "iteration": 19
    },
    "com.google.gson.internal.bind.JsonTreeWriterTest-testArray": {
        "energy": 37567.37692682445,
        "duration": 634373.2332524359,
        "dram": 1536.7782760709524,
        "iteration": 27
    },
    "com.google.gson.internal.bind.JsonTreeWriterTest-testWriteAfterClose": {
        "energy": 37398.998847961426,
        "duration": 755180.0742034912,
        "dram": 3496.8101654052734,
        "iteration": 18
    }
}