{
    "com.google.gson.functional.JsonParserTest-testBadTypeForDeserializingCustomTree": {
        "energy": 36674.3040108391,
        "duration": 846676.3783657168,
        "dram": 2967.953651299824,
        "iteration": 38
    },
    "com.google.gson.JsonArrayTest-testRemove": {
        "energy": 38931.881991654634,
        "duration": 582745.7791081741,
        "dram": 2352.082862317562,
        "iteration": 27
    },
    "com.google.gson.functional.InheritanceTest-testClassWithBaseArrayFieldSerialization": {
        "energy": 38596.90882760219,
        "duration": 959471.3638541454,
        "dram": 3512.474311819947,
        "iteration": 68
    },
    "com.google.gson.functional.JsonParserTest-testBadFieldTypeForCustomDeserializerCustomTree": {
        "energy": 36498.090905133235,
        "duration": 965543.4281039173,
        "dram": 3305.282904089875,
        "iteration": 43
    },
    "com.google.gson.internal.bind.JsonElementReaderTest-testNumbers": {
        "energy": 431073.27249165997,
        "duration": 12352509.819408521,
        "dram": 41553.789733968675,
        "iteration": 28
    },
    "com.google.gson.functional.TypeHierarchyAdapterTest-testTypeHierarchy": {
        "energy": 324963.32758031646,
        "duration": 10009187.649720652,
        "dram": 29775.324582027984,
        "iteration": 99
    },
    "com.google.gson.functional.JsonParserTest-testBadFieldTypeForDeserializingCustomTree": {
        "energy": 38085.045974100656,
        "duration": 980083.5936337552,
        "dram": 3625.8627312018934,
        "iteration": 66
    },
    "com.google.gson.functional.CustomSerializerTest-testSubClassSerializerInvokedForBaseClassFieldsHoldingArrayOfSubClassInstances": {
        "energy": 39903.69541646233,
        "duration": 889376.961105228,
        "dram": 3368.6901928709403,
        "iteration": 51
    },
    "com.google.gson.functional.StreamingTypeAdaptersTest-testFromJsonTree": {
        "energy": 69917.68315186189,
        "duration": 2140893.8052618783,
        "dram": 6060.496940381592,
        "iteration": 33
    },
    "com.google.gson.internal.bind.JsonElementReaderTest-testLenientNansAndInfinities": {
        "energy": 42743.048124616034,
        "duration": 728988.3410792667,
        "dram": 4168.25249610655,
        "iteration": 31
    },
    "com.google.gson.JsonParserTest-testParseUnquotedStringArrayFails": {
        "energy": 42749.65788164176,
        "duration": 657698.7352763303,
        "dram": 3210.177646262571,
        "iteration": 30
    },
    "com.google.gson.internal.bind.JsonTreeWriterTest-testNestedArray": {
        "energy": 41425.82181799412,
        "duration": 637901.3735874891,
        "dram": 1830.1178444623947,
        "iteration": 24
    },
    "com.google.gson.JsonArrayTest-testSet": {
        "energy": 38932.34795579499,
        "duration": 756009.3630898268,
        "dram": 3500.5566420911,
        "iteration": 40
    },
    "com.google.gson.functional.DefaultTypeAdaptersTest-testJsonArrayDeserialization": {
        "energy": 37444.086744899534,
        "duration": 523495.58934034465,
        "dram": 3683.3903845132227,
        "iteration": 38
    },
    "com.google.gson.internal.bind.JsonTreeWriterTest-testArray": {
        "energy": 38005.911972910166,
        "duration": 544944.4024535418,
        "dram": 2918.990419924259,
        "iteration": 26
    },
    "com.google.gson.functional.MapTest-testCustomSerializerForSpecificMapType": {
        "energy": 60680.13981331226,
        "duration": 2462844.554170142,
        "dram": 5966.188613019012,
        "iteration": 72
    },
    "com.google.gson.JsonParserTest-testParseInvalidJson": {
        "energy": 38327.54370212555,
        "duration": 700210.7441530228,
        "dram": 1986.7858085632324,
        "iteration": 21
    },
    "com.google.gson.functional.InheritanceTest-testClassWithBaseCollectionFieldSerialization": {
        "energy": 43928.622144881796,
        "duration": 1288074.700359106,
        "dram": 3970.1630405482783,
        "iteration": 74
    },
    "com.google.gson.JsonParserTest-testParseMixedArray": {
        "energy": 43107.98646097444,
        "duration": 558908.7191812154,
        "dram": 2407.92860150896,
        "iteration": 30
    },
    "com.google.gson.internal.bind.JsonElementReaderTest-testStrictNansAndInfinities": {
        "energy": 35549.34389705497,
        "duration": 916980.8889478544,
        "dram": 3176.958927239426,
        "iteration": 43
    },
    "com.google.gson.internal.bind.JsonTreeWriterTest-testLenientNansAndInfinities": {
        "energy": 35619.94406890869,
        "duration": 703665.8280611038,
        "dram": 3343.9588811397552,
        "iteration": 23
    },
    "com.google.gson.internal.bind.JsonElementReaderTest-testNestedArrays": {
        "energy": 39828.9211114496,
        "duration": 560376.3002733141,
        "dram": 1275.644763827324,
        "iteration": 27
    },
    "com.google.gson.functional.DefaultTypeAdaptersTest-testJsonArraySerialization": {
        "energy": 39846.859503269196,
        "duration": 534485.0142657757,
        "dram": 3435.183401823044,
        "iteration": 23
    },
    "com.google.gson.internal.bind.JsonElementReaderTest-testBooleans": {
        "energy": 41953.974498040974,
        "duration": 543176.6362257451,
        "dram": 2906.016085602343,
        "iteration": 28
    },
    "com.google.gson.internal.bind.JsonElementReaderTest-testEarlyClose": {
        "energy": 37466.99969482422,
        "duration": 520858.95191955566,
        "dram": 3350.4911346435547,
        "iteration": 17
    },
    "com.google.gson.internal.bind.JsonTreeWriterTest-testWriteAfterClose": {
        "energy": 43880.45304107666,
        "duration": 461616.31157684326,
        "dram": 433.16797637939453,
        "iteration": 20
    },
    "com.google.gson.internal.bind.JsonElementReaderTest-testNumbersFromStrings": {
        "energy": 35689.65606880188,
        "duration": 655970.2862968445,
        "dram": 610.6922740936279,
        "iteration": 20
    },
    "com.google.gson.JsonObjectTest-testDeepCopy": {
        "energy": 39582.55346286297,
        "duration": 704695.1576063633,
        "dram": 3639.141895055771,
        "iteration": 24
    },
    "com.google.gson.internal.bind.JsonElementReaderTest-testStringsFromNumbers": {
        "energy": 40017.408935546875,
        "duration": 547266.634765625,
        "dram": 3172.70263671875,
        "iteration": 13
    },
    "com.google.gson.internal.bind.JsonElementReaderTest-testSkipValue": {
        "energy": 38532.83187007904,
        "duration": 555353.0529470444,
        "dram": 3369.909586906433,
        "iteration": 21
    },
    "com.google.gson.JsonArrayTest-testDeepCopy": {
        "energy": 40398.53283137083,
        "duration": 530251.8506124616,
        "dram": 950.741961017251,
        "iteration": 27
    },
    "com.google.gson.JsonArrayTest-testEqualsNonEmptyArray": {
        "energy": 44585.21072231978,
        "duration": 788085.518321909,
        "dram": 3725.6675704568624,
        "iteration": 28
    },
    "com.google.gson.internal.bind.JsonElementReaderTest-testArray": {
        "energy": 456758.71714475006,
        "duration": 11987124.403114758,
        "dram": 41246.90106463805,
        "iteration": 29
    },
    "com.google.gson.internal.bind.JsonElementReaderTest-testNulls": {
        "energy": 40298.19347143173,
        "duration": 531155.4145622253,
        "dram": 1955.8646636009216,
        "iteration": 22
    },
    "com.google.gson.internal.bind.JsonElementReaderTest-testStrings": {
        "energy": 38391.2424621582,
        "duration": 542202.7668609619,
        "dram": 2106.879379272461,
        "iteration": 17
    },
    "com.google.gson.internal.bind.JsonElementReaderTest-testWrongType": {
        "energy": 35586.34496360354,
        "duration": 662758.4762523584,
        "dram": 3177.331224049034,
        "iteration": 35
    }
}