{
    "com.google.gson.functional.StreamingTypeAdaptersTest-testFromJsonTree": {
        "energy": 41931,
        "duration": 1300307.8484848484,
        "dram": 4148.30303030303,
        "iteration": 33,
        "stdev": 17961.6491916048
    },
    "com.google.gson.functional.JsonParserTest-testBadTypeForDeserializingCustomTree": {
        "energy": 37598,
        "duration": 984068.9210526316,
        "dram": 2731.1052631578946,
        "iteration": 38,
        "stdev": 5869.922511486734
    },
    "com.google.gson.internal.bind.JsonElementReaderTest-testLenientNansAndInfinities": {
        "energy": 39246,
        "duration": 677506.8064516129,
        "dram": 3050.1935483870966,
        "iteration": 31,
        "stdev": 6037.72865704548
    },
    "com.google.gson.JsonParserTest-testParseUnquotedStringArrayFails": {
        "energy": 38391,
        "duration": 787589.4,
        "dram": 2741.6666666666665,
        "iteration": 30,
        "stdev": 4744.153458732127
    },
    "com.google.gson.internal.bind.JsonTreeWriterTest-testNestedArray": {
        "energy": 38940,
        "duration": 2683718.75,
        "dram": 10781.458333333334,
        "iteration": 24,
        "stdev": 251920.0665673338
    },
    "com.google.gson.JsonArrayTest-testSet": {
        "energy": 40344,
        "duration": 1123576.625,
        "dram": 3152.5,
        "iteration": 40,
        "stdev": 14012.353626331838
    },
    "com.google.gson.functional.InheritanceTest-testClassWithBaseArrayFieldSerialization": {
        "energy": 38818,
        "duration": 1224970.455882353,
        "dram": 3401.735294117647,
        "iteration": 68,
        "stdev": 6009.834774020781
    },
    "com.google.gson.functional.DefaultTypeAdaptersTest-testJsonArrayDeserialization": {
        "energy": 34485,
        "duration": 802683.0263157894,
        "dram": 2498.2894736842104,
        "iteration": 38,
        "stdev": 3180.6407963406155
    },
    "com.google.gson.internal.bind.JsonTreeWriterTest-testArray": {
        "energy": 41137,
        "duration": 1970108.7692307692,
        "dram": 7334.692307692308,
        "iteration": 26,
        "stdev": 161503.85337045192
    },
    "com.google.gson.functional.MapTest-testCustomSerializerForSpecificMapType": {
        "energy": 38330,
        "duration": 1514045.4305555555,
        "dram": 4269.819444444444,
        "iteration": 72,
        "stdev": 18850.512164096905
    },
    "com.google.gson.JsonParserTest-testParseInvalidJson": {
        "energy": 36010,
        "duration": 587006.9047619047,
        "dram": 2651.9523809523807,
        "iteration": 21,
        "stdev": 4288.716552116623
    },
    "com.google.gson.functional.TypeHierarchyAdapterTest-testTypeHierarchy": {
        "energy": 143555,
        "duration": 8880957.525252525,
        "dram": 30209.20202020202,
        "iteration": 99,
        "stdev": 540491.4545438575
    },
    "com.google.gson.functional.InheritanceTest-testClassWithBaseCollectionFieldSerialization": {
        "energy": 41687,
        "duration": 1613065.2432432433,
        "dram": 4609.648648648648,
        "iteration": 74,
        "stdev": 22310.548379208605
    },
    "com.google.gson.functional.CustomSerializerTest-testSubClassSerializerInvokedForBaseClassFieldsHoldingArrayOfSubClassInstances": {
        "energy": 37170,
        "duration": 1201276.8039215687,
        "dram": 2960.4117647058824,
        "iteration": 51,
        "stdev": 6803.306913356482
    },
    "com.google.gson.JsonParserTest-testParseMixedArray": {
        "energy": 41748,
        "duration": 957003.1333333333,
        "dram": 2998.266666666667,
        "iteration": 30,
        "stdev": 12267.716597322513
    },
    "com.google.gson.internal.bind.JsonElementReaderTest-testStrictNansAndInfinities": {
        "energy": 38696,
        "duration": 877350.0697674418,
        "dram": 3131.8372093023254,
        "iteration": 43,
        "stdev": 17303.242423507938
    },
    "com.google.gson.internal.bind.JsonTreeWriterTest-testLenientNansAndInfinities": {
        "energy": 39123,
        "duration": 841812.9565217391,
        "dram": 2715.478260869565,
        "iteration": 23,
        "stdev": 7295.942822629403
    },
    "com.google.gson.internal.bind.JsonElementReaderTest-testNestedArrays": {
        "energy": 38574,
        "duration": 551578.3703703703,
        "dram": 2087.074074074074,
        "iteration": 27,
        "stdev": 5013.107693186356
    },
    "com.google.gson.functional.DefaultTypeAdaptersTest-testJsonArraySerialization": {
        "energy": 36194,
        "duration": 684320.695652174,
        "dram": 2810.0,
        "iteration": 23,
        "stdev": 4864.141798189302
    },
    "com.google.gson.internal.bind.JsonElementReaderTest-testBooleans": {
        "energy": 36987,
        "duration": 581823.9285714285,
        "dram": 2203.8214285714284,
        "iteration": 28,
        "stdev": 5054.462310545454
    },
    "com.google.gson.internal.bind.JsonElementReaderTest-testEarlyClose": {
        "energy": 37231,
        "duration": 501084.5882352941,
        "dram": 2960.1176470588234,
        "iteration": 17,
        "stdev": 3336.771961208507
    },
    "com.google.gson.internal.bind.JsonElementReaderTest-testNumbers": {
        "energy": 41016,
        "duration": 5465936.607142857,
        "dram": 17183.428571428572,
        "iteration": 28,
        "stdev": 298900.65661695134
    },
    "com.google.gson.internal.bind.JsonTreeWriterTest-testWriteAfterClose": {
        "energy": 38757,
        "duration": 537001.8,
        "dram": 1971.55,
        "iteration": 20,
        "stdev": 4279.290084523366
    },
    "com.google.gson.functional.JsonParserTest-testBadFieldTypeForDeserializingCustomTree": {
        "energy": 38696,
        "duration": 1002651.303030303,
        "dram": 3122.8636363636365,
        "iteration": 66,
        "stdev": 4422.606851786954
    },
    "com.google.gson.internal.bind.JsonElementReaderTest-testNumbersFromStrings": {
        "energy": 39307,
        "duration": 790075.95,
        "dram": 3157.9,
        "iteration": 20,
        "stdev": 10695.424119220332
    },
    "com.google.gson.JsonObjectTest-testDeepCopy": {
        "energy": 39307,
        "duration": 985486.7916666666,
        "dram": 3040.25,
        "iteration": 24,
        "stdev": 23720.975663802456
    },
    "com.google.gson.internal.bind.JsonElementReaderTest-testStringsFromNumbers": {
        "energy": 38941,
        "duration": 521513.6153846154,
        "dram": 2398.4615384615386,
        "iteration": 13,
        "stdev": 4086.1512917044847
    },
    "com.google.gson.internal.bind.JsonElementReaderTest-testSkipValue": {
        "energy": 36682,
        "duration": 548632.0952380953,
        "dram": 2616.2380952380954,
        "iteration": 21,
        "stdev": 4222.7371887295285
    },
    "com.google.gson.JsonArrayTest-testDeepCopy": {
        "energy": 39551,
        "duration": 529119.4444444445,
        "dram": 2378.925925925926,
        "iteration": 27,
        "stdev": 3244.8803618029224
    },
    "com.google.gson.functional.JsonParserTest-testBadFieldTypeForCustomDeserializerCustomTree": {
        "energy": 37780,
        "duration": 822090.2790697674,
        "dram": 2740.813953488372,
        "iteration": 43,
        "stdev": 4165.492339508377
    },
    "com.google.gson.JsonArrayTest-testEqualsNonEmptyArray": {
        "energy": 42663,
        "duration": 1372110.4642857143,
        "dram": 4973.607142857143,
        "iteration": 28,
        "stdev": 30611.77718780246
    },
    "com.google.gson.internal.bind.JsonElementReaderTest-testArray": {
        "energy": 38635,
        "duration": 1457470.7586206896,
        "dram": 4859.586206896552,
        "iteration": 29,
        "stdev": 152297.53353728686
    },
    "com.google.gson.JsonArrayTest-testRemove": {
        "energy": 39429,
        "duration": 525318.0370370371,
        "dram": 2351.074074074074,
        "iteration": 27,