{
    "com.google.gson.reflect.TypeTokenTest-testIsAssignableFromWithNestedWildcards": {
        "energy": 54640.12903225807,
        "duration": 1719619.9838709678,
        "dram": 4567.1612903225805,
        "iteration": 62,
        "stdev": 65260.58706064081
    },
    "com.google.gson.reflect.TypeTokenTest-testIsAssignableFromWithBasicWildcards": {
        "energy": 110170.71134020618,
        "duration": 3731983.9793814435,
        "dram": 10301.494845360825,
        "iteration": 97,
        "stdev": 90782.92346643478
    },
    "com.google.gson.reflect.TypeTokenTest-testIsAssignableFromWithTypeParameters": {
        "energy": 86174.13157894737,
        "duration": 2752345.1447368423,
        "dram": 7822.605263157895,
        "iteration": 76,
        "stdev": 53757.168154910454
    },
    "com.google.gson.reflect.TypeTokenTest-testIsAssignableFromRawTypes": {
        "energy": 80809.38571428572,
        "duration": 3178374.742857143,
        "dram": 7005.771428571428,
        "iteration": 70,
        "stdev": 30621.024236528756
    }
}