{
    "com.google.gson.reflect.TypeTokenTest-testIsAssignableFromWithTypeParameters": {
        "energy": 97900,
        "duration": 2799155.153846154,
        "dram": 8126.5,
        "iteration": 78,
        "stdev": 48750.01659338041
    },
    "com.google.gson.reflect.TypeTokenTest-testIsAssignableFromWithNestedWildcards": {
        "energy": 33508,
        "duration": 1444823.0563380283,
        "dram": 3852.154929577465,
        "iteration": 71,
        "stdev": 40159.5671304107
    },
    "com.google.gson.reflect.TypeTokenTest-testIsAssignableFromRawTypes": {
        "energy": 108581,
        "duration": 3615321.479452055,
        "dram": 8903.123287671233,
        "iteration": 73,
        "stdev": 32086.28831160302
    },
    "com.google.gson.reflect.TypeTokenTest-testIsAssignableFromWithBasicWildcards": {
        "energy": 73181,
        "duration": 3763243.3085106383,
        "dram": 10132.840425531915,
        "iteration": 94,
        "stdev": 92997.42232584812
    }
}