{
  "energy": -632004.4936886396,
  "instructions": 5260896.102384291,
  "durations": 2.2409832784011215E7,
  "cycles": 1.1374196649368864E7,
  "caches": 327895.13744740526,
  "cacheMisses": -1625.6086956521742,
  "branches": 907929.5259467041,
  "branchMisses": 116217.98877980364
}