{
    "com.google.gson.functional.NamingPolicyTest-testGsonWithNonDefaultFieldNamingPolicySerialization": {
        "energy": 255553,
        "duration": 7461903.444444444,
        "dram": 24231.666666666668,
        "iteration": 9,
        "stdev": 76631.32660285597
    },
    "com.google.gson.functional.NamingPolicyTest-testGsonWithUpperCamelCaseSpacesPolicyDeserialiation": {
        "energy": 305175,
        "duration": 14285717.0,
        "dram": 47292.444444444445,
        "iteration": 9,
        "stdev": 691281.4916388758
    },
    "com.google.gson.functional.NamingPolicyTest-testGsonWithNonDefaultFieldNamingPolicyDeserialiation": {
        "energy": 1890681,
        "duration": 40695041.0,
        "dram": 126750.55555555556,
        "iteration": 9,
        "stdev": 808313.9058454555
    },
    "com.google.gson.functional.NamingPolicyTest-testGsonWithUpperCamelCaseSpacesPolicySerialiation": {
        "energy": 292236,
        "duration": 18397839.333333332,
        "dram": 55282.333333333336,
        "iteration": 9,
        "stdev": 711669.2574797666
    }
}