{
    "com.google.gson.functional.NamingPolicyTest-testGsonWithNonDefaultFieldNamingPolicySerialization": {
        "energy": 254943,
        "duration": 6934249.444444444,
        "dram": 22168.11111111111,
        "iteration": 9,
        "stdev": 49730.50556304003
    },
    "com.google.gson.functional.NamingPolicyTest-testGsonWithUpperCamelCaseSpacesPolicyDeserialiation": {
        "energy": 325072,
        "duration": 8105914.777777778,
        "dram": 25046.11111111111,
        "iteration": 9,
        "stdev": 18440.041179220778
    },
    "com.google.gson.functional.NamingPolicyTest-testGsonWithNonDefaultFieldNamingPolicyDeserialiation": {
        "energy": 413207,
        "duration": 10949340.111111112,
        "dram": 35703.22222222222,
        "iteration": 9,
        "stdev": 44427.9533777253
    },
    "com.google.gson.functional.NamingPolicyTest-testGsonWithUpperCamelCaseSpacesPolicySerialiation": {
        "energy": 2101068,
        "duration": 63956003.11111111,
        "dram": 193570.55555555556,
        "iteration": 9,
        "stdev": 299246.3264580982
    }
}