{
    "com.google.gson.functional.NamingPolicyTest-testGsonWithNonDefaultFieldNamingPolicySerialization": {
        "energy": 329467,
        "duration": 14735102.111111112,
        "dram": 46168.555555555555,
        "iteration": 9,
        "stdev": 541646.1545440169
    },
    "com.google.gson.functional.NamingPolicyTest-testGsonWithUpperCamelCaseSpacesPolicyDeserialiation": {
        "energy": 282104,
        "duration": 18192492.888888888,
        "dram": 55805.77777777778,
        "iteration": 9,
        "stdev": 674530.9912018888
    },
    "com.google.gson.functional.NamingPolicyTest-testGsonWithNonDefaultFieldNamingPolicyDeserialiation": {
        "energy": 431335,
        "duration": 29559256.111111112,
        "dram": 89163.44444444444,
        "iteration": 9,
        "stdev": 782944.1035243548
    },
    "com.google.gson.functional.NamingPolicyTest-testGsonWithUpperCamelCaseSpacesPolicySerialiation": {
        "energy": 381225,
        "duration": 19577002.111111112,
        "dram": 59605.333333333336,
        "iteration": 9,
        "stdev": 663160.4694947102
    }
}