{
    "com.google.gson.functional.NamingPolicyTest-testGsonWithNonDefaultFieldNamingPolicySerialization": {
        "energy": 262206,
        "duration": 7219513.555555556,
        "dram": 21843.11111111111,
        "iteration": 9,
        "stdev": 69583.06519194288
    },
    "com.google.gson.functional.NamingPolicyTest-testGsonWithUpperCamelCaseSpacesPolicyDeserialiation": {
        "energy": 305053,
        "duration": 7773631.111111111,
        "dram": 23145.444444444445,
        "iteration": 9,
        "stdev": 32231.31987889733
    },
    "com.google.gson.functional.NamingPolicyTest-testGsonWithNonDefaultFieldNamingPolicyDeserialiation": {
        "energy": 402343,
        "duration": 10753969.555555556,
        "dram": 33853.666666666664,
        "iteration": 9,
        "stdev": 38037.88974751944
    },
    "com.google.gson.functional.NamingPolicyTest-testGsonWithUpperCamelCaseSpacesPolicySerialiation": {
        "energy": 1999995,
        "duration": 62386663.11111111,
        "dram": 192275.22222222222,
        "iteration": 9,
        "stdev": 295387.6672480537
    }
}