{
  "energy": 12499.5,
  "instructions": 1.188101425E8,
  "durations": 4.5565921E7,
  "cycles": 1.06432044E8,
  "caches": 258908.0,
  "cacheMisses": 12499.5,
  "branches": 2.03404105E7,
  "branchMisses": 246357.5
}