{
  "energy": -1.476778E7,
  "instructions": -2.7300025877192986E8,
  "durations": -7.088193523157895E8,
  "cycles": -3.831628044912281E8,
  "caches": -1.0684540350877194E7,
  "cacheMisses": -486877.4736842107,
  "branches": -5.014943494736843E7,
  "branchMisses": -3950931.6842105268
}