{
  "com.google.gson.internal.bind.RecursiveTypesResolveTest#testIssue440WeakReference": {
    "energy": -5972876.315789475,
    "instructions": -1.260149495789474E8,
    "durations": -2.934252896140351E8,
    "cycles": -2.1271265585964918E8,
    "caches": -6015490.456140352,
    "cacheMisses": -519645.68421052647,
    "branches": -2.337962740350878E7,
    "branchMisses": -2384359.1578947376
  },
  "com.google.gson.internal.bind.RecursiveTypesResolveTest#testIssue603PrintStream": {
    "energy": -8794903.684210524,
    "instructions": -1.4698530919298244E8,
    "durations": -4.1539406270175433E8,
    "cycles": -1.7045014863157892E8,
    "caches": -4669049.894736841,
    "cacheMisses": 32768.21052631579,
    "branches": -2.6769807543859646E7,
    "branchMisses": -1566572.5263157892
  }
}