{
    "com.google.gson.DefaultDateTypeAdapterTest-testParsingDatesFormattedWithUsLocale": {
        "energy": 24682615,
        "duration": 1180354401.6826828,
        "dram": 1669073.7477477477,
        "iteration": 999,
        "stdev": 1114888.8132969583
    },
    "com.google.gson.functional.DefaultTypeAdaptersTest-testDateSerializationWithPatternNotOverridenByTypeAdapter": {
        "energy": 22255253,
        "duration": 1079178251.6236236,
        "dram": 1444533.992992993,
        "iteration": 999,
        "stdev": 927854.0475140238
    },
    "com.google.gson.functional.DefaultTypeAdaptersTest-testDateSerializationWithPattern": {
        "energy": 5938767,
        "duration": 280787658.7017017,
        "dram": 357455.4194194194,
        "iteration": 999,
        "stdev": 770819.7115524273
    },
    "com.google.gson.DefaultDateTypeAdapterTest-testDateDeserializationISO8601": {
        "energy": 19733348,
        "duration": 939290009.4664664,
        "dram": 1353868.853853854,
        "iteration": 999,
        "stdev": 1644061.9074086412
    },
    "com.google.gson.DefaultDateTypeAdapterTest-testFormattingInEnUs": {
        "energy": 5830612,
        "duration": 288284561.2132132,
        "dram": 404572.28928928927,
        "iteration": 999,
        "stdev": 637214.6588771557
    },
    "com.google.gson.DefaultDateTypeAdapterTest-testFormatUsesDefaultTimezone": {
        "energy": 13909083,
        "duration": 661571404.8568568,
        "dram": 855865.1331331332,
        "iteration": 999,
        "stdev": 663104.8254355526
    },
    "com.google.gson.DefaultDateTypeAdapterTest-testDatePattern": {
        "energy": 7030011,
        "duration": 337689438.4024024,
        "dram": 441607.83083083085,
        "iteration": 999,
        "stdev": 365980.20447832777
    },
    "com.google.gson.functional.DefaultTypeAdaptersTest-testSqlDateSerialization": {
        "energy": 6289717,
        "duration": 304510417.7137137,
        "dram": 434984.974974975,
        "iteration": 999,
        "stdev": 770933.3026931541
    },
    "com.google.gson.functional.DefaultTypeAdaptersTest-testTimestampSerialization": {
        "energy": 5797044,
        "duration": 293440653.982983,
        "dram": 385112.7057057057,
        "iteration": 999,
        "stdev": 969801.1220450304
    },
    "com.google.gson.DefaultDateTypeAdapterTest-testDateSerialization": {
        "energy": 3792898,
        "duration": 190964626.7767768,
        "dram": 239686.88188188188,
        "iteration": 999,
        "stdev": 527398.627755657
    },
    "com.google.gson.functional.DefaultTypeAdaptersTest-testDateDeserializationWithPattern": {
        "energy": 8642740,
        "duration": 415615431.3083083,
        "dram": 531756.2732732733,
        "iteration": 999,
        "stdev": 618475.3367024828
    },
    "com.google.gson.functional.DefaultTypeAdaptersTest-testDateSerializationInCollection": {
        "energy": 22182926,
        "duration": 1050212124.3943944,
        "dram": 1330739.4644644645,
        "iteration": 999,
        "stdev": 1427198.4343429215
    },
    "com.google.gson.DefaultDateTypeAdapterTest-testParsingDatesFormattedWithSystemLocale": {
        "energy": 50118524,
        "duration": 2395713964.8378377,
        "dram": 3046191.1021021022,
        "iteration": 999,
        "stdev": 952602.9378189965
    },
    "com.google.gson.DefaultDateTypeAdapterTest-testFormattingInFr": {
        "energy": 31501628,
        "duration": 1506865220.9669669,
        "dram": 1728835.118118118,
        "iteration": 999,
        "stdev": 936618.9242213657
    }
}