{
    "com.google.gson.DefaultDateTypeAdapterTest-testParsingDatesFormattedWithUsLocale": {
        "energy": 24779050,
        "duration": 1184906591.0530531,
        "dram": 1676392.5085085086,
        "iteration": 999,
        "stdev": 1103241.2693395703
    },
    "com.google.gson.functional.DefaultTypeAdaptersTest-testDateSerializationWithPatternNotOverridenByTypeAdapter": {
        "energy": 22544498,
        "duration": 1080332758.2332332,
        "dram": 1448882.6926926926,
        "iteration": 999,
        "stdev": 1031747.772907346
    },
    "com.google.gson.functional.DefaultTypeAdaptersTest-testDateSerializationWithPattern": {
        "energy": 5931381,
        "duration": 279466737.964965,
        "dram": 352804.45145145146,
        "iteration": 999,
        "stdev": 765830.9902215914
    },
    "com.google.gson.DefaultDateTypeAdapterTest-testDateDeserializationISO8601": {
        "energy": 19689281,
        "duration": 941709723.5155156,
        "dram": 1358571.4294294294,
        "iteration": 999,
        "stdev": 1640770.145824581
    },
    "com.google.gson.DefaultDateTypeAdapterTest-testFormattingInEnUs": {
        "energy": 5799363,
        "duration": 286610655.2212212,
        "dram": 402370.1991991992,
        "iteration": 999,
        "stdev": 622584.668379339
    },
    "com.google.gson.DefaultDateTypeAdapterTest-testFormatUsesDefaultTimezone": {
        "energy": 13977809,
        "duration": 663374504.2692692,
        "dram": 857128.7427427428,
        "iteration": 999,
        "stdev": 678984.7031624252
    },
    "com.google.gson.DefaultDateTypeAdapterTest-testDatePattern": {
        "energy": 7037335,
        "duration": 339647641.4854855,
        "dram": 443885.2462462463,
        "iteration": 999,
        "stdev": 394718.26506507944
    },
    "com.google.gson.functional.DefaultTypeAdaptersTest-testSqlDateSerialization": {
        "energy": 6323409,
        "duration": 304386456.6116116,
        "dram": 437764.45245245245,
        "iteration": 999,
        "stdev": 744420.1878989973
    },
    "com.google.gson.functional.DefaultTypeAdaptersTest-testTimestampSerialization": {
        "energy": 5710496,
        "duration": 290382005.8818819,
        "dram": 378090.2252252252,
        "iteration": 999,
        "stdev": 934957.5529045309
    },
    "com.google.gson.DefaultDateTypeAdapterTest-testDateSerialization": {
        "energy": 3777456,
        "duration": 191812442.7877878,
        "dram": 241655.07207207207,
        "iteration": 999,
        "stdev": 564231.1588074173
    },
    "com.google.gson.functional.DefaultTypeAdaptersTest-testDateDeserializationWithPattern": {
        "energy": 8693764,
        "duration": 419350905.1731732,
        "dram": 539496.5205205205,
        "iteration": 999,
        "stdev": 728854.4509391309
    },
    "com.google.gson.functional.DefaultTypeAdaptersTest-testDateSerializationInCollection": {
        "energy": 22194524,
        "duration": 1055611209.7207208,
        "dram": 1338543.4724724726,
        "iteration": 999,
        "stdev": 1243364.5411608675
    },
    "com.google.gson.DefaultDateTypeAdapterTest-testParsingDatesFormattedWithSystemLocale": {
        "energy": 50258172,
        "duration": 2401209093.3553553,
        "dram": 3052623.06006006,
        "iteration": 999,
        "stdev": 991590.0547912536
    },
    "com.google.gson.DefaultDateTypeAdapterTest-testFormattingInFr": {
        "energy": 31616984,
        "duration": 1512915103.2462463,
        "dram": 1738257.4004004004,
        "iteration": 999,
        "stdev": 974756.1685260745
    }
}