{
    "com.google.gson.DefaultDateTypeAdapterTest-testParsingDatesFormattedWithUsLocale": {
        "energy": 6244613,
        "duration": 300760758.14141417,
        "dram": 348758.0909090909,
        "iteration": 99,
        "stdev": 561053.6281874843
    },
    "com.google.gson.functional.DefaultTypeAdaptersTest-testDateSerializationWithPatternNotOverridenByTypeAdapter": {
        "energy": 3012261,
        "duration": 149547732.37373737,
        "dram": 163456.87878787878,
        "iteration": 99,
        "stdev": 306532.333827242
    },
    "com.google.gson.functional.DefaultTypeAdaptersTest-testDateSerializationWithPattern": {
        "energy": 1238034,
        "duration": 59539395.78787879,
        "dram": 66990.0101010101,
        "iteration": 99,
        "stdev": 79641.82454708235
    },
    "com.google.gson.DefaultDateTypeAdapterTest-testDateDeserializationISO8601": {
        "energy": 5715928,
        "duration": 272195150.67676765,
        "dram": 343307.0202020202,
        "iteration": 99,
        "stdev": 435756.08043019654
    },
    "com.google.gson.DefaultDateTypeAdapterTest-testFormattingInEnUs": {
        "energy": 1846492,
        "duration": 88034247.70707071,
        "dram": 98191.09090909091,
        "iteration": 99,
        "stdev": 115563.61038413618
    },
    "com.google.gson.DefaultDateTypeAdapterTest-testFormatUsesDefaultTimezone": {
        "energy": 3123100,
        "duration": 153548058.1111111,
        "dram": 167493.75757575757,
        "iteration": 99,
        "stdev": 331598.57326606516
    },
    "com.google.gson.DefaultDateTypeAdapterTest-testDatePattern": {
        "energy": 1490230,
        "duration": 72381259.06060606,
        "dram": 79539.79797979798,
        "iteration": 99,
        "stdev": 103124.12704392694
    },
    "com.google.gson.functional.DefaultTypeAdaptersTest-testSqlDateSerialization": {
        "energy": 1340451,
        "duration": 64107101.97979798,
        "dram": 72249.27272727272,
        "iteration": 99,
        "stdev": 125773.72368206957
    },
    "com.google.gson.functional.DefaultTypeAdaptersTest-testTimestampSerialization": {
        "energy": 1365170,
        "duration": 65111411.02020202,
        "dram": 74721.16161616161,
        "iteration": 99,
        "stdev": 127731.78024379029
    },
    "com.google.gson.DefaultDateTypeAdapterTest-testDateSerialization": {
        "energy": 836790,
        "duration": 39303420.28282829,
        "dram": 43577.9898989899,
        "iteration": 99,
        "stdev": 91367.11794175605
    },
    "com.google.gson.functional.DefaultTypeAdaptersTest-testDateDeserializationWithPattern": {
        "energy": 1781795,
        "duration": 88568119.92929293,
        "dram": 99171.04040404041,
        "iteration": 99,
        "stdev": 177845.36900548195
    },
    "com.google.gson.functional.DefaultTypeAdaptersTest-testDateSerializationInCollection": {
        "energy": 3015068,
        "duration": 150706136.74747476,
        "dram": 165066.2323232323,
        "iteration": 99,
        "stdev": 405972.5477305512
    },
    "com.google.gson.DefaultDateTypeAdapterTest-testParsingDatesFormattedWithSystemLocale": {
        "energy": 18022475,
        "duration": 891993482.1919192,
        "dram": 1012257.3939393939,
        "iteration": 99,
        "stdev": 1707343.811527153
    },
    "com.google.gson.DefaultDateTypeAdapterTest-testFormattingInFr": {
        "energy": 12532683,
        "duration": 631110699.979798,
        "dram": 697325.7979797979,
        "iteration": 99,
        "stdev": 1338149.7072825688
    }
}