{
    "com.google.gson.DefaultDateTypeAdapterTest-testParsingDatesFormattedWithUsLocale": {
        "energy": 4561878,
        "duration": 120326665.0,
        "dram": 436801.44444444444,
        "iteration": 9,
        "stdev": 293988.45496409014
    },
    "com.google.gson.functional.DefaultTypeAdaptersTest-testDateSerializationWithPatternNotOverridenByTypeAdapter": {
        "energy": 1925777,
        "duration": 48016813.777777776,
        "dram": 154064.55555555556,
        "iteration": 9,
        "stdev": 78831.10806412202
    },
    "com.google.gson.functional.DefaultTypeAdaptersTest-testDateSerializationWithPattern": {
        "energy": 477660,
        "duration": 13594940.666666666,
        "dram": 44118.22222222222,
        "iteration": 9,
        "stdev": 99029.04669070149
    },
    "com.google.gson.DefaultDateTypeAdapterTest-testDateDeserializationISO8601": {
        "energy": 3607779,
        "duration": 96871933.33333333,
        "dram": 365416.8888888889,
        "iteration": 9,
        "stdev": 451356.3407402675
    },
    "com.google.gson.DefaultDateTypeAdapterTest-testFormattingInEnUs": {
        "energy": 853453,
        "duration": 20278350.555555556,
        "dram": 74954.55555555556,
        "iteration": 9,
        "stdev": 79570.05865661583
    },
    "com.google.gson.DefaultDateTypeAdapterTest-testFormatUsesDefaultTimezone": {
        "energy": 1803890,
        "duration": 46089495.44444445,
        "dram": 149135.77777777778,
        "iteration": 9,
        "stdev": 71308.53003829363
    },
    "com.google.gson.DefaultDateTypeAdapterTest-testDatePattern": {
        "energy": 717222,
        "duration": 17209950.555555556,
        "dram": 56941.555555555555,
        "iteration": 9,
        "stdev": 50181.907617175784
    },
    "com.google.gson.functional.DefaultTypeAdaptersTest-testSqlDateSerialization": {
        "energy": 677916,
        "duration": 16264482.333333334,
        "dram": 58818.22222222222,
        "iteration": 9,
        "stdev": 109198.7119529019
    },
    "com.google.gson.functional.DefaultTypeAdaptersTest-testTimestampSerialization": {
        "energy": 660093,
        "duration": 17085850.666666668,
        "dram": 57512.666666666664,
        "iteration": 9,
        "stdev": 113307.02411687556
    },
    "com.google.gson.DefaultDateTypeAdapterTest-testDateSerialization": {
        "energy": 332152,
        "duration": 8886178.555555556,
        "dram": 33059.77777777778,
        "iteration": 9,
        "stdev": 74811.82244360402
    },
    "com.google.gson.functional.DefaultTypeAdaptersTest-testDateDeserializationWithPattern": {
        "energy": 952024,
        "duration": 23772839.555555556,
        "dram": 77957.11111111111,
        "iteration": 9,
        "stdev": 63486.059978977435
    },
    "com.google.gson.functional.DefaultTypeAdaptersTest-testDateSerializationInCollection": {
        "energy": 2034663,
        "duration": 54239821.666666664,
        "dram": 177406.77777777778,
        "iteration": 9,
        "stdev": 71260.30001652004
    },
    "com.google.gson.DefaultDateTypeAdapterTest-testParsingDatesFormattedWithSystemLocale": {
        "energy": 10220250,
        "duration": 258618252.2222222,
        "dram": 873307.0,
        "iteration": 9,
        "stdev": 316096.6363499118
    },
    "com.google.gson.DefaultDateTypeAdapterTest-testFormattingInFr": {
        "energy": 6494674,
        "duration": 183077062.44444445,
        "dram": 581490.2222222222,
        "iteration": 9,
        "stdev": 348440.4792647121
    }
}