{
    "com.google.gson.DefaultDateTypeAdapterTest-testParsingDatesFormattedWithUsLocale": {
        "energy": 4299000,
        "duration": 116055595.77777778,
        "dram": 409980.44444444444,
        "iteration": 9,
        "stdev": 316201.95361700386
    },
    "com.google.gson.functional.DefaultTypeAdaptersTest-testDateSerializationWithPatternNotOverridenByTypeAdapter": {
        "energy": 1951411,
        "duration": 49614937.88888889,
        "dram": 164036.33333333334,
        "iteration": 9,
        "stdev": 198996.7261683679
    },
    "com.google.gson.functional.DefaultTypeAdaptersTest-testDateSerializationWithPattern": {
        "energy": 480528,
        "duration": 13072034.888888888,
        "dram": 44570.444444444445,
        "iteration": 9,
        "stdev": 86203.541257499
    },
    "com.google.gson.DefaultDateTypeAdapterTest-testDateDeserializationISO8601": {
        "energy": 3580130,
        "duration": 90458917.0,
        "dram": 335253.77777777775,
        "iteration": 9,
        "stdev": 109759.00723937347
    },
    "com.google.gson.DefaultDateTypeAdapterTest-testFormattingInEnUs": {
        "energy": 875731,
        "duration": 21340773.444444444,
        "dram": 73860.0,
        "iteration": 9,
        "stdev": 90850.50955414017
    },
    "com.google.gson.DefaultDateTypeAdapterTest-testFormatUsesDefaultTimezone": {
        "energy": 1935236,
        "duration": 47677431.44444445,
        "dram": 157957.44444444444,
        "iteration": 9,
        "stdev": 113353.0885174482
    },
    "com.google.gson.DefaultDateTypeAdapterTest-testDatePattern": {
        "energy": 760557,
        "duration": 18505350.0,
        "dram": 60633.88888888889,
        "iteration": 9,
        "stdev": 69194.64627349128
    },
    "com.google.gson.functional.DefaultTypeAdaptersTest-testSqlDateSerialization": {
        "energy": 775694,
        "duration": 18052635.777777776,
        "dram": 62259.22222222222,
        "iteration": 9,
        "stdev": 96010.07725516739
    },
    "com.google.gson.functional.DefaultTypeAdaptersTest-testTimestampSerialization": {
        "energy": 736876,
        "duration": 17848773.555555556,
        "dram": 60462.11111111111,
        "iteration": 9,
        "stdev": 109876.66802318199
    },
    "com.google.gson.DefaultDateTypeAdapterTest-testDateSerialization": {
        "energy": 339354,
        "duration": 9828749.0,
        "dram": 34283.88888888889,
        "iteration": 9,
        "stdev": 88519.633367441
    },
    "com.google.gson.functional.DefaultTypeAdaptersTest-testDateDeserializationWithPattern": {
        "energy": 957090,
        "duration": 23866539.666666668,
        "dram": 78966.66666666667,
        "iteration": 9,
        "stdev": 67072.24985706748
    },
    "com.google.gson.functional.DefaultTypeAdaptersTest-testDateSerializationInCollection": {
        "energy": 2025385,
        "duration": 53964469.333333336,
        "dram": 173794.44444444444,
        "iteration": 9,
        "stdev": 64399.83066575391
    },
    "com.google.gson.DefaultDateTypeAdapterTest-testParsingDatesFormattedWithSystemLocale": {
        "energy": 10140904,
        "duration": 257117712.1111111,
        "dram": 884181.8888888889,
        "iteration": 9,
        "stdev": 258009.18185345916
    },
    "com.google.gson.DefaultDateTypeAdapterTest-testFormattingInFr": {
        "energy": 6508406,
        "duration": 183740676.66666666,
        "dram": 586148.1111111111,
        "iteration": 9,
        "stdev": 248389.6490122816
    }
}