{
    "com.google.gson.DefaultDateTypeAdapterTest-testParsingDatesFormattedWithUsLocale": {
        "energy": 4415822,
        "duration": 118264391.0,
        "dram": 428101.0,
        "iteration": 9,
        "stdev": 344686.12744300335
    },
    "com.google.gson.functional.DefaultTypeAdaptersTest-testDateSerializationWithPatternNotOverridenByTypeAdapter": {
        "energy": 1866695,
        "duration": 48107921.44444445,
        "dram": 156272.33333333334,
        "iteration": 9,
        "stdev": 118515.58570495129
    },
    "com.google.gson.functional.DefaultTypeAdaptersTest-testDateSerializationWithPattern": {
        "energy": 485411,
        "duration": 13035890.222222222,
        "dram": 42882.444444444445,
        "iteration": 9,
        "stdev": 75176.81867256951
    },
    "com.google.gson.DefaultDateTypeAdapterTest-testDateDeserializationISO8601": {
        "energy": 3520621,
        "duration": 92201307.77777778,
        "dram": 344030.55555555556,
        "iteration": 9,
        "stdev": 190303.443843682
    },
    "com.google.gson.DefaultDateTypeAdapterTest-testFormattingInEnUs": {
        "energy": 827207,
        "duration": 19794296.0,
        "dram": 71398.11111111111,
        "iteration": 9,
        "stdev": 66412.24484318469
    },
    "com.google.gson.DefaultDateTypeAdapterTest-testFormatUsesDefaultTimezone": {
        "energy": 1884150,
        "duration": 46786975.11111111,
        "dram": 154410.77777777778,
        "iteration": 9,
        "stdev": 74795.66705364689
    },
    "com.google.gson.DefaultDateTypeAdapterTest-testDatePattern": {
        "energy": 751768,
        "duration": 17970575.888888888,
        "dram": 59109.0,
        "iteration": 9,
        "stdev": 71643.44166688633
    },
    "com.google.gson.functional.DefaultTypeAdaptersTest-testSqlDateSerialization": {
        "energy": 631285,
        "duration": 15371961.444444444,
        "dram": 55338.333333333336,
        "iteration": 9,
        "stdev": 45260.49582904895
    },
    "com.google.gson.functional.DefaultTypeAdaptersTest-testTimestampSerialization": {
        "energy": 651671,
        "duration": 16149066.555555556,
        "dram": 54223.22222222222,
        "iteration": 9,
        "stdev": 65434.04037994632
    },
    "com.google.gson.DefaultDateTypeAdapterTest-testDateSerialization": {
        "energy": 328002,
        "duration": 8073669.111111111,
        "dram": 28352.333333333332,
        "iteration": 9,
        "stdev": 20144.15303092521
    },
    "com.google.gson.functional.DefaultTypeAdaptersTest-testDateDeserializationWithPattern": {
        "energy": 896360,
        "duration": 23274509.777777776,
        "dram": 76880.66666666667,
        "iteration": 9,
        "stdev": 79094.64883774017
    },
    "com.google.gson.functional.DefaultTypeAdaptersTest-testDateSerializationInCollection": {
        "energy": 2065730,
        "duration": 53912609.44444445,
        "dram": 177756.88888888888,
        "iteration": 9,
        "stdev": 45072.82555411962
    },
    "com.google.gson.DefaultDateTypeAdapterTest-testParsingDatesFormattedWithSystemLocale": {
        "energy": 10311191,
        "duration": 261250890.55555555,
        "dram": 884822.8888888889,
        "iteration": 9,
        "stdev": 169604.07220026758
    },
    "com.google.gson.DefaultDateTypeAdapterTest-testFormattingInFr": {
        "energy": 6473372,
        "duration": 182462905.0,
        "dram": 563408.7777777778,
        "iteration": 9,
        "stdev": 160353.055563014
    }
}