{
    "com.google.gson.DefaultDateTypeAdapterTest-testParsingDatesFormattedWithUsLocale": {
        "energy": 6286483,
        "duration": 305601046.14141417,
        "dram": 351106.0707070707,
        "iteration": 99,
        "stdev": 684865.2661544417
    },
    "com.google.gson.functional.DefaultTypeAdaptersTest-testDateSerializationWithPatternNotOverridenByTypeAdapter": {
        "energy": 3013359,
        "duration": 147973520.63636363,
        "dram": 159931.19191919192,
        "iteration": 99,
        "stdev": 300084.57734267815
    },
    "com.google.gson.functional.DefaultTypeAdaptersTest-testDateSerializationWithPattern": {
        "energy": 1217160,
        "duration": 59004220.878787875,
        "dram": 66334.55555555556,
        "iteration": 99,
        "stdev": 95112.13088905167
    },
    "com.google.gson.DefaultDateTypeAdapterTest-testDateDeserializationISO8601": {
        "energy": 5736802,
        "duration": 275642415.9292929,
        "dram": 341334.6565656566,
        "iteration": 99,
        "stdev": 568614.2882196014
    },
    "com.google.gson.DefaultDateTypeAdapterTest-testFormattingInEnUs": {
        "energy": 1804073,
        "duration": 86406591.91919191,
        "dram": 95347.42424242424,
        "iteration": 99,
        "stdev": 106646.79712133965
    },
    "com.google.gson.DefaultDateTypeAdapterTest-testFormatUsesDefaultTimezone": {
        "energy": 3172904,
        "duration": 156141900.78787878,
        "dram": 171649.77777777778,
        "iteration": 99,
        "stdev": 377889.965723647
    },
    "com.google.gson.DefaultDateTypeAdapterTest-testDatePattern": {
        "energy": 1488033,
        "duration": 71985149.08080809,
        "dram": 78424.17171717172,
        "iteration": 99,
        "stdev": 132664.34925355992
    },
    "com.google.gson.functional.DefaultTypeAdaptersTest-testSqlDateSerialization": {
        "energy": 1321225,
        "duration": 63688780.47474747,
        "dram": 70643.16161616161,
        "iteration": 99,
        "stdev": 112032.03868780332
    },
    "com.google.gson.functional.DefaultTypeAdaptersTest-testTimestampSerialization": {
        "energy": 1365414,
        "duration": 65091644.31313131,
        "dram": 74468.29292929293,
        "iteration": 99,
        "stdev": 120988.40317499786
    },
    "com.google.gson.DefaultDateTypeAdapterTest-testDateSerialization": {
        "energy": 836973,
        "duration": 39914867.777777776,
        "dram": 44173.43434343435,
        "iteration": 99,
        "stdev": 82826.40996831114
    },
    "com.google.gson.functional.DefaultTypeAdaptersTest-testDateDeserializationWithPattern": {
        "energy": 1721858,
        "duration": 87383757.989899,
        "dram": 97281.57575757576,
        "iteration": 99,
        "stdev": 192986.65687168774
    },
    "com.google.gson.functional.DefaultTypeAdaptersTest-testDateSerializationInCollection": {
        "energy": 2993034,
        "duration": 151292094.52525252,
        "dram": 165207.31313131313,
        "iteration": 99,
        "stdev": 445509.29342366057
    },
    "com.google.gson.DefaultDateTypeAdapterTest-testParsingDatesFormattedWithSystemLocale": {
        "energy": 17945328,
        "duration": 890032478.4848485,
        "dram": 1003949.0404040404,
        "iteration": 99,
        "stdev": 1812983.1569113194
    },
    "com.google.gson.DefaultDateTypeAdapterTest-testFormattingInFr": {
        "energy": 12630095,
        "duration": 627715859.7878788,
        "dram": 694594.4343434343,
        "iteration": 99,
        "stdev": 1236954.442197951
    }
}