{
    "com.google.gson.DefaultDateTypeAdapterTest-testParsingDatesFormattedWithUsLocale": {
        "energy": 1471493,
        "duration": 36550070.88888889,
        "dram": 124026.77777777778,
        "iteration": 9,
        "stdev": 133071.6989903294
    },
    "com.google.gson.functional.DefaultTypeAdaptersTest-testDateSerializationWithPatternNotOverridenByTypeAdapter": {
        "energy": 420287,
        "duration": 10908793.777777778,
        "dram": 36111.22222222222,
        "iteration": 9,
        "stdev": 47851.15733187652
    },
    "com.google.gson.functional.DefaultTypeAdaptersTest-testDateSerializationWithPattern": {
        "energy": 213927,
        "duration": 7763857.333333333,
        "dram": 23164.444444444445,
        "iteration": 9,
        "stdev": 119731.8541653663
    },
    "com.google.gson.DefaultDateTypeAdapterTest-testDateDeserializationISO8601": {
        "energy": 749876,
        "duration": 17865244.888888888,
        "dram": 64603.22222222222,
        "iteration": 9,
        "stdev": 51045.6579304798
    },
    "com.google.gson.DefaultDateTypeAdapterTest-testFormattingInEnUs": {
        "energy": 284423,
        "duration": 7327104.777777778,
        "dram": 24559.88888888889,
        "iteration": 9,
        "stdev": 24877.845708805078
    },
    "com.google.gson.DefaultDateTypeAdapterTest-testFormatUsesDefaultTimezone": {
        "energy": 562193,
        "duration": 14192015.111111112,
        "dram": 47783.555555555555,
        "iteration": 9,
        "stdev": 20662.586290738684
    },
    "com.google.gson.DefaultDateTypeAdapterTest-testDatePattern": {
        "energy": 219055,
        "duration": 5691043.333333333,
        "dram": 18336.222222222223,
        "iteration": 9,
        "stdev": 23429.224338656863
    },
    "com.google.gson.functional.DefaultTypeAdaptersTest-testSqlDateSerialization": {
        "energy": 198669,
        "duration": 5326701.888888889,
        "dram": 15617.888888888889,
        "iteration": 9,
        "stdev": 19677.23563341252
    },
    "com.google.gson.functional.DefaultTypeAdaptersTest-testTimestampSerialization": {
        "energy": 232788,
        "duration": 6681778.777777778,
        "dram": 22819.333333333332,
        "iteration": 9,
        "stdev": 80995.32640075865
    },
    "com.google.gson.DefaultDateTypeAdapterTest-testDateSerialization": {
        "energy": 176879,
        "duration": 4417861.333333333,
        "dram": 14361.555555555555,
        "iteration": 9,
        "stdev": 31505.98655791712
    },
    "com.google.gson.functional.DefaultTypeAdaptersTest-testDateDeserializationWithPattern": {
        "energy": 269043,
        "duration": 7244076.222222222,
        "dram": 23533.222222222223,
        "iteration": 9,
        "stdev": 36537.009209840915
    },
    "com.google.gson.functional.DefaultTypeAdaptersTest-testDateSerializationInCollection": {
        "energy": 399169,
        "duration": 11388288.333333334,
        "dram": 37971.11111111111,
        "iteration": 9,
        "stdev": 58645.46738403027
    },
    "com.google.gson.DefaultDateTypeAdapterTest-testParsingDatesFormattedWithSystemLocale": {
        "energy": 4336903,
        "duration": 117944726.0,
        "dram": 382098.77777777775,
        "iteration": 9,
        "stdev": 158473.3361771346
    },
    "com.google.gson.DefaultDateTypeAdapterTest-testFormattingInFr": {
        "energy": 3358146,
        "duration": 97815455.66666667,
        "dram": 309197.55555555556,
        "iteration": 9,
        "stdev": 121531.46243668757
    }
}