{
    "com.google.gson.functional.JsonParserTest-testBadTypeForDeserializingCustomTree": {
        "energy": 75500,
        "duration": 2922122.787878788,
        "dram": 8425.939393939394,
        "iteration": 99,
        "stdev": 23188.092853475682
    },
    "com.google.gson.functional.JsonParserTest-testChangingCustomTreeAndDeserializing": {
        "energy": 225891,
        "duration": 7448693.262626262,
        "dram": 22702.19191919192,
        "iteration": 99,
        "stdev": 52283.75195030304
    },
    "com.google.gson.functional.JsonParserTest-testBadFieldTypeForDeserializingCustomTree": {
        "energy": 292541,
        "duration": 8537147.878787879,
        "dram": 25924.9797979798,
        "iteration": 99,
        "stdev": 104405.34271774208
    },
    "com.google.gson.functional.JsonParserTest-testDeserializingCustomTree": {
        "energy": 34912,
        "duration": 922081.081632653,
        "dram": 2601.1020408163267,
        "iteration": 49,
        "stdev": 3595.479243149889
    },
    "com.google.gson.functional.JsonParserTest-testBadFieldTypeForCustomDeserializerCustomTree": {
        "energy": 34790,
        "duration": 2530465.2608695654,
        "dram": 8100.565217391304,
        "iteration": 46,
        "stdev": 117296.3917570649
    }
}