{
    "com.google.gson.functional.JsonParserTest-testBadTypeForDeserializingCustomTree": {
        "energy": 73730,
        "duration": 2882428.9595959596,
        "dram": 7906.979797979798,
        "iteration": 99,
        "stdev": 16514.81986375054
    },
    "com.google.gson.functional.JsonParserTest-testBadFieldTypeForCustomDeserializerCustomTree": {
        "energy": 34118,
        "duration": 1615192.5918367347,
        "dram": 5093.897959183673,
        "iteration": 49,
        "stdev": 67558.50575814431
    },
    "com.google.gson.functional.JsonParserTest-testChangingCustomTreeAndDeserializing": {
        "energy": 218261,
        "duration": 7418730.737373738,
        "dram": 21207.949494949495,
        "iteration": 99,
        "stdev": 86341.37084516024
    },
    "com.google.gson.functional.JsonParserTest-testBadFieldTypeForDeserializingCustomTree": {
        "energy": 280273,
        "duration": 8875803.632653061,
        "dram": 25417.551020408162,
        "iteration": 98,
        "stdev": 61557.9671778727
    },
    "com.google.gson.functional.JsonParserTest-testDeserializingCustomTree": {
        "energy": 34423,
        "duration": 887870.4418604651,
        "dram": 3107.6046511627906,
        "iteration": 43,
        "stdev": 3293.006415178328
    }
}