{
    "com.google.gson.functional.MapTest-testInterfaceTypeMapWithSerializer": {
        "energy": 77135.8686868687,
        "duration": 2672793.0707070706,
        "dram": 7721.080808080808,
        "iteration": 99,
        "stdev": 41371.27211113853
    },
    "com.google.gson.functional.MapTest-testGeneralMapField": {
        "energy": 36994.97872340425,
        "duration": 1446993.425531915,
        "dram": 3457.3297872340427,
        "iteration": 94,
        "stdev": 14279.401837983656
    },
    "com.google.gson.functional.MapAsArrayTypeAdapterTest-testSerializeComplexMapWithTypeAdapter": {
        "energy": 77003.29292929293,
        "duration": 2701149.8484848486,
        "dram": 7350.171717171717,
        "iteration": 99,
        "stdev": 33843.623498976216
    },
    "com.google.gson.functional.MapTest-testInterfaceTypeMap": {
        "energy": 185685.7373737374,
        "duration": 6293180.05050505,
        "dram": 18278.959595959597,
        "iteration": 99,
        "stdev": 41013.45340093201
    },
    "com.google.gson.functional.MapAsArrayTypeAdapterTest-testMapWithTypeVariableSerialization": {
        "energy": 44098.08791208791,
        "duration": 1618811.7032967033,
        "dram": 3931.802197802198,
        "iteration": 91,
        "stdev": 23038.226139193597
    },
    "com.google.gson.ObjectTypeAdapterTest-testSerialize": {
        "energy": 161617.05050505052,
        "duration": 5442890.636363637,
        "dram": 16467.848484848484,
        "iteration": 99,
        "stdev": 82083.60045824847
    },
    "com.google.gson.functional.MapAsArrayTypeAdapterTest-testMultipleEnableComplexKeyRegistrationHasNoEffect": {
        "energy": 55838.60638297872,
        "duration": 2109525.6063829786,
        "dram": 5409.829787234043,
        "iteration": 94,
        "stdev": 34684.550477004515
    },
    "com.google.gson.ObjectTypeAdapterTest-testSerializeObject": {
        "energy": 35507.4,
        "duration": 1649618.4888888889,
        "dram": 3077.6444444444446,
        "iteration": 45,
        "stdev": 9457.250839435317
    }
}