{
    "com.google.gson.functional.MapTest-testInterfaceTypeMapWithSerializer": {
        "energy": 73999.70707070707,
        "duration": 2602279.121212121,
        "dram": 7417.111111111111,
        "iteration": 99,
        "stdev": 32690.817931884278
    },
    "com.google.gson.functional.MapAsArrayTypeAdapterTest-testMultipleEnableComplexKeyRegistrationHasNoEffect": {
        "energy": 51188.86170212766,
        "duration": 1880742.0,
        "dram": 5186.244680851064,
        "iteration": 94,
        "stdev": 33475.373264599715
    },
    "com.google.gson.functional.MapTest-testGeneralMapField": {
        "energy": 43977.05319148936,
        "duration": 1604197.755319149,
        "dram": 4058.276595744681,
        "iteration": 94,
        "stdev": 28152.48084429967
    },
    "com.google.gson.functional.MapAsArrayTypeAdapterTest-testSerializeComplexMapWithTypeAdapter": {
        "energy": 77438.0101010101,
        "duration": 2658239.242424242,
        "dram": 7572.30303030303,
        "iteration": 99,
        "stdev": 26458.105963230133
    },
    "com.google.gson.functional.MapTest-testInterfaceTypeMap": {
        "energy": 197307.65656565657,
        "duration": 6541314.181818182,
        "dram": 19475.858585858587,
        "iteration": 99,
        "stdev": 35854.8117284706
    },
    "com.google.gson.functional.MapAsArrayTypeAdapterTest-testMapWithTypeVariableSerialization": {
        "energy": 63648.436170212764,
        "duration": 2238045.914893617,
        "dram": 5982.414893617021,
        "iteration": 94,
        "stdev": 134044.29124087005
    },
    "com.google.gson.ObjectTypeAdapterTest-testSerialize": {
        "energy": 147365.58585858587,
        "duration": 4879765.242424242,
        "dram": 15030.878787878788,
        "iteration": 99,
        "stdev": 75004.9495080643
    },
    "com.google.gson.ObjectTypeAdapterTest-testSerializeObject": {
        "energy": 37001.55319148936,
        "duration": 1588100.425531915,
        "dram": 3273.936170212766,
        "iteration": 47,
        "stdev": 11855.60764132497
    }
}