{
    "com.google.gson.functional.NamingPolicyTest-testComplexFieldNameStrategy": {
        "energy": 34973,
        "duration": 1785404.7906976745,
        "dram": 4224.802325581395,
        "iteration": 86,
        "stdev": 31451.552037599417
    },
    "com.google.gson.GsonTypeAdapterTest-testTypeAdapterThrowsException": {
        "energy": 35889,
        "duration": 1936212.6610169492,
        "dram": 4910.271186440678,
        "iteration": 59,
        "stdev": 60144.01604323784
    },
    "com.google.gson.functional.TypeHierarchyAdapterTest-testTypeHierarchy": {
        "energy": 226440,
        "duration": 17525060.818181816,
        "dram": 59666.242424242424,
        "iteration": 99,
        "stdev": 753163.2474100146
    },
    "com.google.gson.JsonParserTest-testParseMixedArray": {
        "energy": 107177,
        "duration": 4664070.060606061,
        "dram": 14694.636363636364,
        "iteration": 66,
        "stdev": 114124.07400527014
    }
}