{
    "com.google.gson.functional.CustomDeserializerTest-testDefaultConstructorNotCalledOnObject": {
        "energy": 59387.131313131315,
        "duration": 1905873.0909090908,
        "dram": 5350.353535353535,
        "iteration": 99,
        "stdev": 39221.13285715902
    },
    "com.google.gson.functional.JsonParserTest-testBadTypeForDeserializingCustomTree": {
        "energy": 37112.65714285714,
        "duration": 812848.7142857143,
        "dram": 2771.4857142857145,
        "iteration": 35,
        "stdev": 4684.031437877035
    },
    "com.google.gson.functional.InheritanceTest-testBaseSerializedAsSubWhenSpecifiedWithExplicitType": {
        "energy": 37286.42857142857,
        "duration": 464695.28571428574,
        "dram": 2937.714285714286,
        "iteration": 21,
        "stdev": 3879.4193057286116
    },
    "com.google.gson.functional.ReadersWritersTest-testReadWriteTwoObjects": {
        "energy": 43528.60317460317,
        "duration": 1214442.1746031747,
        "dram": 3905.809523809524,
        "iteration": 63,
        "stdev": 16293.722678244698
    },
    "com.google.gson.functional.MapTest-testInterfaceTypeMapWithSerializer": {
        "energy": 55517.551020408166,
        "duration": 1817720.8163265307,
        "dram": 5001.367346938776,
        "iteration": 98,
        "stdev": 24224.668728436704
    },
    "com.google.gson.functional.CollectionTest-testRawCollectionOfBagOfPrimitivesNotAllowed": {
        "energy": 40555.17391304348,
        "duration": 957697.695652174,
        "dram": 3235.891304347826,
        "iteration": 46,
        "stdev": 10987.1156643556
    },
    "com.google.gson.JsonObjectTest-testAddingCharacterProperties": {
        "energy": 38650.291666666664,
        "duration": 711393.9583333334,
        "dram": 3095.8333333333335,
        "iteration": 24,
        "stdev": 4303.144116797688
    },
    "com.google.gson.functional.CustomDeserializerTest-testCustomDeserializerReturnsNullForArrayElementsForArrayField": {
        "energy": 36918.84482758621,
        "duration": 923988.9137931034,
        "dram": 3136.7758620689656,
        "iteration": 58,
        "stdev": 4587.877165935747
    },
    "com.google.gson.JsonObjectTest-testAddingBooleanProperties": {
        "energy": 36902.30434782609,
        "duration": 481805.39130434784,
        "dram": 2498.521739130435,
        "iteration": 23,
        "stdev": 3949.7943197389363
    },
    "com.google.gson.JsonParserTest-testReadWriteTwoObjects": {
        "energy": 123533.37037037036,
        "duration": 3584915.5061728396,
        "dram": 11112.765432098766,
        "iteration": 81,
        "stdev": 322754.52700926433
    },
    "com.google.gson.functional.CustomDeserializerTest-testCustomDeserializerReturnsNull": {
        "energy": 40967.50819672131,
        "duration": 1085158.4918032787,
        "dram": 3391.590163934426,
        "iteration": 61,
        "stdev": 12243.664904052204
    },
    "com.google.gson.functional.NullObjectAndFieldTest-testCustomTypeAdapterPassesNullDesrialization": {
        "energy": 38751.934782608696,
        "duration": 882297.4565217391,
        "dram": 3165.6521739130435,
        "iteration": 46,
        "stdev": 5931.648826430515
    },
    "com.google.gson.functional.ExclusionStrategyFunctionalTest-testExclusionStrategyWithMode": {
        "energy": 37053.6,
        "duration": 780428.7333333333,
        "dram": 2841.6666666666665,
        "iteration": 45,
        "stdev": 4648.481799469586
    },
    "com.google.gson.functional.ParameterizedTypesTest-testParameterizedTypeWithCustomSerializer": {
        "energy": 58171.054945054944,
        "duration": 1844676.076923077,
        "dram": 5070.549450549451,
        "iteration": 91,
        "stdev": 26721.724509791675
    },
    "com.google.gson.functional.CustomDeserializerTest-testJsonTypeFieldBasedDeserialization": {
        "energy": 41942.23170731707,
        "duration": 1298419.7073170731,
        "dram": 3699.329268292683,
        "iteration": 82,
        "stdev": 12841.434774995278
    },
    "com.google.gson.functional.PrintFormattingTest-testJsonObjectWithNullValues": {
        "energy": 52902.083333333336,
        "duration": 1409807.7083333333,
        "dram": 4029.5833333333335,
        "iteration": 24,
        "stdev": 25155.175251023837
    },
    "com.google.gson.functional.NullObjectAndFieldTest-testCustomSerializationOfNulls": {
        "energy": 51718.294117647056,
        "duration": 1371200.5882352942,
        "dram": 4026.6176470588234,
        "iteration": 34,
        "stdev": 21366.398944479886
    },
    "com.google.gson.functional.JsonParserTest-testBadFieldTypeForCustomDeserializerCustomTree": {
        "energy": 38436.53846153846,
        "duration": 699425.3076923077,
        "dram": 2806.5384615384614,
        "iteration": 39,
        "stdev": 4431.183021098252
    },
    "com.google.gson.functional.JsonParserTest-testChangingCustomTreeAndDeserializing": {
        "energy": 43272.413043478264,
        "duration": 1137740.1739130435,
        "dram": 3295.108695652174,
        "iteration": 46,
        "stdev": 15068.59308451809
    },
    "com.google.gson.JsonObjectTest-testReadPropertyWithEmptyStringName": {
        "energy": 44222.06976744186,
        "duration": 1007923.2093023256,
        "dram": 3213.4186046511627,
        "iteration": 43,
        "stdev": 18247.11289606233
    },
    "com.google.gson.functional.MapAsArrayTypeAdapterTest-testSerializeComplexMapWithTypeAdapter": {
        "energy": 163551.70707070708,
        "duration": 4928478.474747474,
        "dram": 14961.545454545454,
        "iteration": 99,
        "stdev": 334157.93899565405
    },
    "com.google.gson.functional.CustomTypeAdaptersTest-testCustomSerializers": {
        "energy": 89051.39583333333,
        "duration": 2406480.9375,
        "dram": 8048.166666666667,
        "iteration": 48,
        "stdev": 214662.9333339382
    },
    "com.google.gson.functional.CustomTypeAdaptersTest-testCustomTypeAdapterDoesNotAppliesToSubClasses": {
        "energy": 92667.27272727272,
        "duration": 2707347.606060606,
        "dram": 8272.666666666666,
        "iteration": 99,
        "stdev": 24323.571006774055
    },
    "com.google.gson.functional.CustomSerializerTest-testSubClassSerializerInvokedForBaseClassFieldsHoldingSubClassInstances": {
        "energy": 173518.91176470587,
        "duration": 5048721.044117647,
        "dram": 15912.426470588236,
        "iteration": 68,
        "stdev": 407605.17268375173
    },
    "com.google.gson.functional.JsonTreeTest-testJsonTreeToString": {
        "energy": 60624.794117647056,
        "duration": 1671340.75,
        "dram": 5489.588235294118,
        "iteration": 68,
        "stdev": 44371.65302690408
    },
    "com.google.gson.functional.UncategorizedTest-testReturningDerivedClassesDuringDeserialization": {
        "energy": 71740.80808080808,
        "duration": 2231394.787878788,
        "dram": 6482.222222222223,
        "iteration": 99,
        "stdev": 32510.650603458198
    },
    "com.google.gson.DefaultMapJsonSerializerTest-testNonEmptyMapSerialization": {
        "energy": 38436.52542372881,
        "duration": 917316.186440678,
        "dram": 3189.9491525423728,
        "iteration": 59,
        "stdev": 4778.5080444328605
    },
    "com.google.gson.functional.MoreSpecificTypeSerializationTest-testMapOfParameterizedSubclassFields": {
        "energy": 38572.11111111111,
        "duration": 970176.3174603175,
        "dram": 3131.1428571428573,
        "iteration": 63,
        "stdev": 5290.567611733262
    },
    "com.google.gson.ObjectTypeAdapterTest-testDeserialize": {
        "energy": 52686.02469135803,
        "duration": 1634699.7530864198,
        "dram": 4734.283950617284,
        "iteration": 81,
        "stdev": 28651.205838487673
    },
    "com.google.gson.JsonObjectTest-testPropertyWithQuotes": {
        "energy": 36039.07142857143,
        "duration": 664707.0714285715,