{
    "com.google.gson.functional.CustomDeserializerTest-testDefaultConstructorNotCalledOnField": {
        "energy": 38208,
        "duration": 779105.8888888889,
        "dram": 3245.711111111111,
        "iteration": 45,
        "stdev": 4276.020249406372
    },
    "com.google.gson.functional.CustomDeserializerTest-testDefaultConstructorNotCalledOnObject": {
        "energy": 41321,
        "duration": 1774416.6565656567,
        "dram": 4963.717171717171,
        "iteration": 99,
        "stdev": 31078.385205990628
    },
    "com.google.gson.functional.StreamingTypeAdaptersTest-testFromJsonTree": {
        "energy": 39734,
        "duration": 1401898.2352941176,
        "dram": 4263.294117647059,
        "iteration": 34,
        "stdev": 23234.71953811162
    },
    "com.google.gson.functional.JsonParserTest-testBadTypeForDeserializingCustomTree": {
        "energy": 39856,
        "duration": 679933.15625,
        "dram": 3314.25,
        "iteration": 32,
        "stdev": 3776.27524766055
    },
    "com.google.gson.functional.CustomTypeAdaptersTest-testCustomTypeAdapterAppliesToSubClassesSerializedAsBaseClass": {
        "energy": 38818,
        "duration": 832239.52,
        "dram": 3049.64,
        "iteration": 50,
        "stdev": 4666.719434634998
    },
    "com.google.gson.functional.ReadersWritersTest-testReadWriteTwoObjects": {
        "energy": 39795,
        "duration": 1314006.15,
        "dram": 3887.516666666667,
        "iteration": 60,
        "stdev": 18083.817504762526
    },
    "com.google.gson.functional.MapTest-testInterfaceTypeMapWithSerializer": {
        "energy": 41381,
        "duration": 1738422.3636363635,
        "dram": 4590.878787878788,
        "iteration": 99,
        "stdev": 22708.345120928807
    },
    "com.google.gson.JsonObjectTest-testEqualsNonEmptyObject": {
        "energy": 37597,
        "duration": 479674.875,
        "dram": 2362.0,
        "iteration": 24,
        "stdev": 3703.951300216432
    },
    "com.google.gson.functional.CollectionTest-testRawCollectionOfBagOfPrimitivesNotAllowed": {
        "energy": 39673,
        "duration": 1155429.12,
        "dram": 3578.64,
        "iteration": 50,
        "stdev": 12669.93793400741
    },
    "com.google.gson.JsonObjectTest-testAddingCharacterProperties": {
        "energy": 38329,
        "duration": 663678.3611111111,
        "dram": 2361.3055555555557,
        "iteration": 36,
        "stdev": 3695.118765006072
    },
    "com.google.gson.functional.CustomDeserializerTest-testCustomDeserializerReturnsNull": {
        "energy": 38452,
        "duration": 1128515.350877193,
        "dram": 3689.719298245614,
        "iteration": 57,
        "stdev": 13957.540011501615
    },
    "com.google.gson.functional.InheritanceTest-testClassWithBaseArrayFieldSerialization": {
        "energy": 37781,
        "duration": 1020428.3529411765,
        "dram": 3245.921568627451,
        "iteration": 51,
        "stdev": 8111.227016451848
    },
    "com.google.gson.functional.NullObjectAndFieldTest-testCustomTypeAdapterPassesNullDesrialization": {
        "energy": 38391,
        "duration": 906329.42,
        "dram": 3323.82,
        "iteration": 50,
        "stdev": 3749.1160291994165
    },
    "com.google.gson.functional.ExclusionStrategyFunctionalTest-testExclusionStrategyWithMode": {
        "energy": 38269,
        "duration": 800352.6388888889,
        "dram": 2650.6111111111113,
        "iteration": 36,
        "stdev": 7706.447637618647
    },
    "com.google.gson.functional.ParameterizedTypesTest-testParameterizedTypeWithCustomSerializer": {
        "energy": 41626,
        "duration": 1729032.8461538462,
        "dram": 4726.1648351648355,
        "iteration": 91,
        "stdev": 26918.27288627654
    },
    "com.google.gson.functional.CustomDeserializerTest-testJsonTypeFieldBasedDeserialization": {
        "energy": 38452,
        "duration": 1268644.9113924052,
        "dram": 3833.0759493670885,
        "iteration": 79,
        "stdev": 18782.74573629553
    },
    "com.google.gson.functional.JsonParserTest-testChangingCustomTreeAndDeserializing": {
        "energy": 39185,
        "duration": 995960.5510204082,
        "dram": 3265.081632653061,
        "iteration": 49,
        "stdev": 13107.691412071863
    },
    "com.google.gson.functional.MapAsArrayTypeAdapterTest-testSerializeComplexMapWithTypeAdapter": {
        "energy": 84045,
        "duration": 4998009.171717172,
        "dram": 15836.69696969697,
        "iteration": 99,
        "stdev": 363165.118323938
    },
    "com.google.gson.functional.CustomTypeAdaptersTest-testCustomSerializers": {
        "energy": 40833,
        "duration": 2758785.033333333,
        "dram": 8998.383333333333,
        "iteration": 60,
        "stdev": 254979.06647981203
    },
    "com.google.gson.functional.CustomTypeAdaptersTest-testCustomTypeAdapterDoesNotAppliesToSubClasses": {
        "energy": 80627,
        "duration": 2703324.5555555555,
        "dram": 8115.515151515152,
        "iteration": 99,
        "stdev": 26795.861876295392
    },
    "com.google.gson.functional.CustomSerializerTest-testSubClassSerializerInvokedForBaseClassFieldsHoldingSubClassInstances": {
        "energy": 44311,
        "duration": 5111270.847222222,
        "dram": 15740.888888888889,
        "iteration": 72,
        "stdev": 435063.0982594631
    },
    "com.google.gson.functional.JsonTreeTest-testJsonTreeToString": {
        "energy": 39124,
        "duration": 1441286.59375,
        "dram": 4487.625,
        "iteration": 64,
        "stdev": 36783.19207022414
    },
    "com.google.gson.functional.UncategorizedTest-testReturningDerivedClassesDuringDeserialization": {
        "energy": 75378,
        "duration": 2205551.878787879,
        "dram": 6488.313131313132,
        "iteration": 99,
        "stdev": 30354.00025292139
    },
    "com.google.gson.functional.MoreSpecificTypeSerializationTest-testMapOfParameterizedSubclassFields": {
        "energy": 38330,
        "duration": 984874.0163934426,
        "dram": 3027.44262295082,
        "iteration": 61,
        "stdev": 6951.441399854329
    },
    "com.google.gson.ObjectTypeAdapterTest-testDeserialize": {
        "energy": 38818,
        "duration": 1560872.4,
        "dram": 4260.24,
        "iteration": 75,
        "stdev": 36443.00350211667
    },
    "com.google.gson.JsonObjectTest-testPropertyWithQuotes": {
        "energy": 39734,
        "duration": 705245.1714285715,
        "dram": 2900.4,
        "iteration": 35,
        "stdev": 9674.684326443243
    },
    "com.google.gson.functional.TypeHierarchyAdapterTest-testTypeHierarchy": {
        "energy": 123291,
        "duration": 5942074.363636363,
        "dram": 19162.303030303032,
        "iteration": 99,
        "stdev": 364797.0802366045
    },
    "com.google.gson.JsonObjectTest-testWritePropertyWithEmptyStringName": {
        "energy": 38941,
        "duration": 465321.82352941175,
        "dram": 2365.3529411764707,
        "iteration": 17,
        "stdev": 3962.496700794365
    },
    "com.google.gson.functional.ExclusionStrategyFunctionalTest-testExclusionStrategyDeserialization": {
        "energy": 39001,
        "duration": 1210985.9767441861,
        "dram": 4065.186046511628,
        "iteration": 43,
        "stdev": 24834.02491438612
    },
    "com.google.gson.functional.PrintFormattingTest-testJsonObjectWithNullValuesSerialized": {
        "energy": 37232,
        "duration": 496713.0,
        "dram": 1993.4705882352941,
        "iteration": 17,
        "stdev": 4163.9427167165595
    },
    "com.google.gson.functional.JsonTreeTest-testToJsonTreeObjectType": {
        "energy": 38696,
        "duration": 867030.4137931034,
        "dram": 3203.551724137931,
        "iteration": 58,
        "stdev": 4082.5675208654766
    },
    "com.google.gson.functional.MoreSpecificTypeSerializationTest-testMapOfSubclassFields": {
        "energy": 39612,
        "duration": 1311297.0684931506,