{
    "com.google.gson.functional.EnumTest-testClassWithEnumFieldSerialization": {
        "energy": 39002,
        "duration": 2112993.661764706,
        "dram": 5637.0,
        "iteration": 68,
        "stdev": 45802.64033520852
    },
    "com.google.gson.functional.EnumTest-testTopLevelEnumSerialization": {
        "energy": 70129,
        "duration": 2252410.7419354836,
        "dram": 6035.451612903225,
        "iteration": 31,
        "stdev": 36971.41582768842
    },
    "com.google.gson.functional.DefaultTypeAdaptersTest-testDefaultGregorianCalendarSerialization": {
        "energy": 35034,
        "duration": 899250.4444444445,
        "dram": 2990.3555555555554,
        "iteration": 45,
        "stdev": 3500.9388744262783
    },
    "com.google.gson.functional.EnumTest-testCollectionOfEnumsSerialization": {
        "energy": 36438,
        "duration": 2068522.6790123456,
        "dram": 5681.0,
        "iteration": 81,
        "stdev": 59209.40670012258
    },
    "com.google.gson.functional.DefaultTypeAdaptersTest-testDefaultCalendarSerialization": {
        "energy": 34362,
        "duration": 1123177.9122807018,
        "dram": 2938.4210526315787,
        "iteration": 57,
        "stdev": 9222.681497465552
    }
}