{
    "com.google.gson.functional.EnumTest-testClassWithEnumFieldSerialization": {
        "energy": 60485,
        "duration": 2416564.4683544305,
        "dram": 6840.860759493671,
        "iteration": 79,
        "stdev": 54390.89095802844
    },
    "com.google.gson.functional.DefaultTypeAdaptersTest-testDefaultCalendarSerialization": {
        "energy": 34180,
        "duration": 1245088.9848484849,
        "dram": 2955.469696969697,
        "iteration": 66,
        "stdev": 28825.876350207258
    },
    "com.google.gson.functional.EnumTest-testCollectionOfEnumsSerialization": {
        "energy": 36743,
        "duration": 1818434.1333333333,
        "dram": 5005.373333333333,
        "iteration": 75,
        "stdev": 54069.168795123485
    },
    "com.google.gson.functional.EnumTest-testTopLevelEnumSerialization": {
        "energy": 42907,
        "duration": 2017623.125,
        "dram": 6214.895833333333,
        "iteration": 48,
        "stdev": 53892.5956266217
    },
    "com.google.gson.functional.DefaultTypeAdaptersTest-testDefaultGregorianCalendarSerialization": {
        "energy": 35644,
        "duration": 889895.5813953489,
        "dram": 2621.906976744186,
        "iteration": 43,
        "stdev": 3754.5015001105094
    }
}