{
    "com.google.gson.functional.DefaultTypeAdaptersTest-testClassSerialization": {
        "energy": 38269,
        "duration": 3059216.3846153845,
        "dram": 8590.615384615385,
        "iteration": 78,
        "stdev": 81702.35563830234
    },
    "com.google.gson.functional.DefaultTypeAdaptersTest-testClassDeserialization": {
        "energy": 34057,
        "duration": 1020661.696969697,
        "dram": 3006.6666666666665,
        "iteration": 33,
        "stdev": 8215.06854859014
    }
}