{
    "com.google.gson.functional.DefaultTypeAdaptersTest-testDateSerializationWithPattern": {
        "energy": 60870.13698811071,
        "duration": 1514398.8824977025,
        "dram": 3509.359333374777,
        "iteration": 90
    },
    "com.google.gson.functional.DefaultTypeAdaptersTest-testSqlDateSerialization": {
        "energy": 36745.54892694201,
        "duration": 930932.0441469912,
        "dram": 3212.2304456657753,
        "iteration": 73
    },
    "com.google.gson.functional.DefaultTypeAdaptersTest-testDefaultDateDeserializationUsingBuilder": {
        "energy": 164055.9455886157,
        "duration": 5261192.069748003,
        "dram": 15658.482976488527,
        "iteration": 99
    },
    "com.google.gson.functional.DefaultTypeAdaptersTest-testNullSerialization": {
        "energy": 250653.19655630563,
        "duration": 7409835.242972048,
        "dram": 21666.253424080896,
        "iteration": 99
    },
    "com.google.gson.functional.DefaultTypeAdaptersTest-testDateDeserializationWithPattern": {
        "energy": 39252.190079386106,
        "duration": 1040294.3810490216,
        "dram": 3130.4035915887316,
        "iteration": 70
    },
    "com.google.gson.functional.DefaultTypeAdaptersTest-testDateSerializationInCollection": {
        "energy": 44457.30616777345,
        "duration": 1820603.9831067906,
        "dram": 3950.652766809302,
        "iteration": 99
    },
    "com.google.gson.functional.DefaultTypeAdaptersTest-testDateSerializationWithPatternNotOverridenByTypeAdapter": {
        "energy": 37693.181145770555,
        "duration": 918225.8642924035,
        "dram": 3271.807129587882,
        "iteration": 68
    },
    "com.google.gson.DefaultDateTypeAdapterTest-testDatePattern": {
        "energy": 35627.41469718765,
        "duration": 1164790.0560746775,
        "dram": 2704.617375792746,
        "iteration": 63
    },
    "com.google.gson.functional.DefaultTypeAdaptersTest-testTimestampSerialization": {
        "energy": 35974.86898908913,
        "duration": 895079.0393661112,
        "dram": 3282.2750521381404,
        "iteration": 72
    },
    "com.google.gson.DefaultDateTypeAdapterTest-testDateSerialization": {
        "energy": 38462.822751246924,
        "duration": 1502346.1609120283,
        "dram": 3937.208863806127,
        "iteration": 69
    }
}