{
    "com.google.gson.functional.DefaultTypeAdaptersTest-testDateSerializationWithPattern": {
        "energy": 46828.786498469344,
        "duration": 1511213.41998161,
        "dram": 4227.408187315233,
        "iteration": 88
    },
    "com.google.gson.functional.DefaultTypeAdaptersTest-testSqlDateSerialization": {
        "energy": 34683.39081104001,
        "duration": 878656.0192724877,
        "dram": 2428.0131798270577,
        "iteration": 52
    },
    "com.google.gson.functional.DefaultTypeAdaptersTest-testDefaultDateDeserializationUsingBuilder": {
        "energy": 140393.38514429244,
        "duration": 4835428.3726312425,
        "dram": 13574.938463289647,
        "iteration": 99
    },
    "com.google.gson.DefaultDateTypeAdapterTest-testDateSerialization": {
        "energy": 41309.13563504917,
        "duration": 943363.366470645,
        "dram": 3129.140114563026,
        "iteration": 60
    },
    "com.google.gson.functional.DefaultTypeAdaptersTest-testNullSerialization": {
        "energy": 577699.2863625567,
        "duration": 18053847.22306518,
        "dram": 55264.212622986146,
        "iteration": 99
    },
    "com.google.gson.functional.DefaultTypeAdaptersTest-testDateDeserializationWithPattern": {
        "energy": 36949.77730014603,
        "duration": 937120.3523259764,
        "dram": 3261.4996235679064,
        "iteration": 57
    },
    "com.google.gson.functional.DefaultTypeAdaptersTest-testDateSerializationInCollection": {
        "energy": 46034.032379949684,
        "duration": 1544097.7323652273,
        "dram": 4064.810075265463,
        "iteration": 99
    },
    "com.google.gson.functional.DefaultTypeAdaptersTest-testTimestampSerialization": {
        "energy": 38944.96681397238,
        "duration": 1207768.2670835557,
        "dram": 2765.3101048282488,
        "iteration": 61
    },
    "com.google.gson.DefaultDateTypeAdapterTest-testDatePattern": {
        "energy": 39582.62093041236,
        "duration": 917449.8064252497,
        "dram": 2325.995403890667,
        "iteration": 56
    },
    "com.google.gson.functional.DefaultTypeAdaptersTest-testDateSerializationWithPatternNotOverridenByTypeAdapter": {
        "energy": 36435.12211131902,
        "duration": 975895.8283950845,
        "dram": 2137.8141529845752,
        "iteration": 56
    }
}