{
    "com.google.gson.functional.TypeAdapterPrecedenceTest-testStreamingFollowedByNonstreaming": {
        "energy": 36576.75862068965,
        "duration": 613297.5172413794,
        "dram": 2487.5862068965516,
        "iteration": 29,
        "stdev": 4162.5311402390935
    },
    "com.google.gson.functional.StreamingTypeAdaptersTest-testNullSafe": {
        "energy": 41807.63043478261,
        "duration": 1467492.7173913044,
        "dram": 3780.9347826086955,
        "iteration": 92,
        "stdev": 12593.392482220495
    },
    "com.google.gson.functional.CustomDeserializerTest-testDefaultConstructorNotCalledOnField": {
        "energy": 36672.782608695656,
        "duration": 762953.8913043478,
        "dram": 2719.021739130435,
        "iteration": 46,
        "stdev": 3604.8148050666873
    },
    "com.google.gson.functional.CustomDeserializerTest-testDefaultConstructorNotCalledOnObject": {
        "energy": 58965.37755102041,
        "duration": 2007847.6224489796,
        "dram": 5643.836734693878,
        "iteration": 98,
        "stdev": 55531.88111686714
    },
    "com.google.gson.functional.StringTest-testEscapingQuotesInStringSerialization": {
        "energy": 38835.166666666664,
        "duration": 520548.3888888889,
        "dram": 3050.777777777778,
        "iteration": 18,
        "stdev": 3322.2426704127306
    },
    "com.google.gson.functional.ReadersWritersTest-testReadWriteTwoObjects": {
        "energy": 39099.515625,
        "duration": 1177274.96875,
        "dram": 3677.0,
        "iteration": 64,
        "stdev": 8478.069392541905
    },
    "com.google.gson.functional.DefaultTypeAdaptersTest-testBitSetDeserialization": {
        "energy": 35454.57777777778,
        "duration": 794231.7555555556,
        "dram": 2843.511111111111,
        "iteration": 45,
        "stdev": 3794.448368568005
    },
    "com.google.gson.functional.TypeAdapterPrecedenceTest-testSerializeNonstreamingTypeAdapterFollowedByStreamingTypeAdapter": {
        "energy": 36496.045454545456,
        "duration": 653206.5454545454,
        "dram": 2389.6363636363635,
        "iteration": 22,
        "stdev": 3730.0581335620045
    },
    "com.google.gson.functional.StringTest-testSingleQuoteInStringSerialization": {
        "energy": 78698.54,
        "duration": 2317588.62,
        "dram": 7194.64,
        "iteration": 50,
        "stdev": 37576.75084155627
    },
    "com.google.gson.functional.ParameterizedTypesTest-testVariableTypeArrayDeserialization": {
        "energy": 39898.88421052632,
        "duration": 1386489.7684210527,
        "dram": 3475.3894736842103,
        "iteration": 95,
        "stdev": 11416.876960621117
    },
    "com.google.gson.functional.ObjectTest-testSingletonLists": {
        "energy": 40356.4606741573,
        "duration": 1407594.3146067415,
        "dram": 3270.0,
        "iteration": 89,
        "stdev": 12224.47020249138
    },
    "com.google.gson.functional.EnumTest-testEnumSubclass": {
        "energy": 82974.81052631579,
        "duration": 2496366.347368421,
        "dram": 7179.652631578947,
        "iteration": 95,
        "stdev": 29741.69594827923
    },
    "com.google.gson.functional.TypeVariableTest-testBasicTypeVariables": {
        "energy": 37553.555555555555,
        "duration": 1001078.3888888889,
        "dram": 3059.074074074074,
        "iteration": 54,
        "stdev": 6981.245255753995
    },
    "com.google.gson.functional.EnumTest-testEnumSubclassWithRegisteredTypeAdapter": {
        "energy": 48144.68965517241,
        "duration": 1445567.2298850575,
        "dram": 4249.0344827586205,
        "iteration": 87,
        "stdev": 21960.994191274756
    },
    "com.google.gson.functional.MapAsArrayTypeAdapterTest-testMultipleEnableComplexKeyRegistrationHasNoEffect": {
        "energy": 37530.93421052631,
        "duration": 1099624.9078947369,
        "dram": 3206.315789473684,
        "iteration": 76,
        "stdev": 8924.052620123011
    },
    "com.google.gson.functional.CollectionTest-testFieldIsArrayList": {
        "energy": 37513.269841269845,
        "duration": 1054174.0793650793,
        "dram": 3325.8888888888887,
        "iteration": 63,
        "stdev": 4695.092200208163
    },
    "com.google.gson.functional.ExclusionStrategyFunctionalTest-testExclusionStrategyWithMode": {
        "energy": 42145.163636363635,
        "duration": 1201355.8909090909,
        "dram": 3583.836363636364,
        "iteration": 55,
        "stdev": 12880.868318787765
    },
    "com.google.gson.functional.TypeVariableTest-testAdvancedTypeVariables": {
        "energy": 114275.36363636363,
        "duration": 3557290.474747475,
        "dram": 10426.131313131313,
        "iteration": 99,
        "stdev": 257583.0065283636
    },
    "com.google.gson.functional.DefaultTypeAdaptersTest-testSqlDateSerialization": {
        "energy": 34541.0,
        "duration": 845563.68,
        "dram": 3024.58,
        "iteration": 50,
        "stdev": 3280.7824859322814
    },
    "com.google.gson.GsonTypeAdapterTest-testTypeAdapterProperlyConvertsTypes": {
        "energy": 37729.54838709677,
        "duration": 712496.5483870967,
        "dram": 2784.1935483870966,
        "iteration": 31,
        "stdev": 4797.522847623046
    },
    "com.google.gson.functional.ParameterizedTypesTest-testVariableTypeDeserialization": {
        "energy": 41216.9175257732,
        "duration": 1367090.412371134,
        "dram": 3458.134020618557,
        "iteration": 97,
        "stdev": 11168.643723943089
    },
    "com.google.gson.functional.MapAsArrayTypeAdapterTest-testSerializeComplexMapWithTypeAdapter": {
        "energy": 160341.40404040404,
        "duration": 4857502.96969697,
        "dram": 14641.90909090909,
        "iteration": 99,
        "stdev": 311476.74494166154
    },
    "com.google.gson.functional.ParameterizedTypesTest-testParameterizedTypeGenericArraysDeserialization": {
        "energy": 40063.64893617021,
        "duration": 1371258.0319148935,
        "dram": 3594.691489361702,
        "iteration": 94,
        "stdev": 11862.497437802069
    },
    "com.google.gson.functional.EscapingTest-testGsonAcceptsEscapedAndNonEscapedJsonDeserialization": {
        "energy": 38841.59259259259,
        "duration": 1181690.888888889,
        "dram": 3364.4938271604938,
        "iteration": 81,
        "stdev": 9785.778264472714
    },
    "com.google.gson.functional.DefaultTypeAdaptersTest-testTimestampSerialization": {
        "energy": 35004.087719298244,
        "duration": 839911.052631579,
        "dram": 2808.4912280701756,
        "iteration": 57,
        "stdev": 3304.595961080497
    },
    "com.google.gson.functional.DefaultTypeAdaptersTest-testDefaultDateDeserializationUsingBuilder": {
        "energy": 112576.29292929293,
        "duration": 3602688.1616161615,
        "dram": 11096.494949494949,
        "iteration": 99,
        "stdev": 23832.887478454155
    },
    "com.google.gson.functional.NamingPolicyTest-testComplexFieldNameStrategy": {
        "energy": 38328.95161290323,
        "duration": 1013769.4838709678,
        "dram": 3268.0967741935483,
        "iteration": 62,
        "stdev": 4538.320385011785
    },
    "com.google.gson.functional.TypeAdapterPrecedenceTest-testNonstreamingHierarchicalFollowedByNonstreaming": {
        "energy": 34752.42307692308,
        "duration": 535731.3846153846,
        "dram": 2850.346153846154,
        "iteration": 26,
        "stdev": 3901.263524838675
    },
    "com.google.gson.GsonTypeAdapterTest-testTypeAdapterThrowsException": {
        "energy": 36284.36363636364,
        "duration": 647167.7878787878,
        "dram": 2932.5757575757575,
        "iteration": 33,
        "stdev": 4444.737165888349
    },
    "com.google.gson.functional.TypeVariableTest-testTypeVariablesViaTypeParameter": {
        "energy": 43010.541666666664,
        "duration": 1398431.0833333333,
        "dram": 3900.53125,
        "iteration": 96,