{
    "com.google.gson.functional.StreamingTypeAdaptersTest-testNullSafe": {
        "energy": 39329.72826086957,
        "duration": 1428855.6304347827,
        "dram": 3566.108695652174,
        "iteration": 92,
        "stdev": 9893.783368867083
    },
    "com.google.gson.functional.CustomDeserializerTest-testDefaultConstructorNotCalledOnObject": {
        "energy": 66173.65656565657,
        "duration": 2221317.6868686867,
        "dram": 6301.414141414141,
        "iteration": 99,
        "stdev": 53320.49585104441
    },
    "com.google.gson.functional.ReadersWritersTest-testReadWriteTwoObjects": {
        "energy": 37481.566666666666,
        "duration": 1119280.9166666667,
        "dram": 3345.366666666667,
        "iteration": 60,
        "stdev": 7457.014892852381
    },
    "com.google.gson.functional.EnumTest-testEnumSubclassAsParameterizedType": {
        "energy": 38805.40350877193,
        "duration": 998343.298245614,
        "dram": 3187.1403508771928,
        "iteration": 57,
        "stdev": 10214.306119548568
    },
    "com.google.gson.functional.TypeAdapterPrecedenceTest-testSerializeNonstreamingTypeAdapterFollowedByStreamingTypeAdapter": {
        "energy": 35047.666666666664,
        "duration": 536947.1666666666,
        "dram": 1940.5555555555557,
        "iteration": 18,
        "stdev": 3103.341299667541
    },
    "com.google.gson.functional.StringTest-testSingleQuoteInStringSerialization": {
        "energy": 79963.16,
        "duration": 2356902.98,
        "dram": 7459.08,
        "iteration": 50,
        "stdev": 42211.12593398097
    },
    "com.google.gson.functional.ParameterizedTypesTest-testVariableTypeArrayDeserialization": {
        "energy": 39743.0,
        "duration": 1365015.311827957,
        "dram": 3456.8387096774195,
        "iteration": 93,
        "stdev": 11332.263798363456
    },
    "com.google.gson.functional.ObjectTest-testSingletonLists": {
        "energy": 40293.211764705884,
        "duration": 1353814.0352941176,
        "dram": 3802.8117647058825,
        "iteration": 85,
        "stdev": 10944.845734106579
    },
    "com.google.gson.functional.TypeHierarchyAdapterTest-testRegisterSuperTypeFirst": {
        "energy": 38111.770491803276,
        "duration": 883508.5573770492,
        "dram": 3120.1639344262294,
        "iteration": 61,
        "stdev": 6262.1309037357805
    },
    "com.google.gson.functional.EnumTest-testEnumSubclass": {
        "energy": 81510.96875,
        "duration": 2451582.4375,
        "dram": 7326.958333333333,
        "iteration": 96,
        "stdev": 26580.524678344987
    },
    "com.google.gson.functional.EnumTest-testEnumSubclassWithRegisteredTypeAdapter": {
        "energy": 43210.46835443038,
        "duration": 1366332.9240506329,
        "dram": 3763.215189873418,
        "iteration": 79,
        "stdev": 17218.98782867144
    },
    "com.google.gson.functional.MapAsArrayTypeAdapterTest-testMultipleEnableComplexKeyRegistrationHasNoEffect": {
        "energy": 36879.25675675676,
        "duration": 1160790.7972972973,
        "dram": 3135.7297297297296,
        "iteration": 74,
        "stdev": 7155.5257556297975
    },
    "com.google.gson.functional.TypeVariableTest-testAdvancedTypeVariables": {
        "energy": 87688.83838383839,
        "duration": 2786632.878787879,
        "dram": 8205.151515151516,
        "iteration": 99,
        "stdev": 143749.28002754843
    },
    "com.google.gson.functional.UncategorizedTest-testGsonInstanceReusableForSerializationAndDeserialization": {
        "energy": 37722.820512820515,
        "duration": 1062079.7692307692,
        "dram": 3125.974358974359,
        "iteration": 39,
        "stdev": 6791.300781228711
    },
    "com.google.gson.GsonTypeAdapterTest-testTypeAdapterDoesNotAffectNonAdaptedTypes": {
        "energy": 40448.78571428572,
        "duration": 714880.6428571428,
        "dram": 2746.8214285714284,
        "iteration": 28,
        "stdev": 9982.209447516196
    },
    "com.google.gson.functional.DefaultTypeAdaptersTest-testSqlDateSerialization": {
        "energy": 35620.1,
        "duration": 852272.16,
        "dram": 3021.14,
        "iteration": 50,
        "stdev": 3929.103074494228
    },
    "com.google.gson.functional.EscapingTest-testGsonDoubleDeserialization": {
        "energy": 36481.26315789474,
        "duration": 767393.7368421053,
        "dram": 2787.1315789473683,
        "iteration": 38,
        "stdev": 4117.826583630396
    },
    "com.google.gson.functional.MapAsArrayTypeAdapterTest-testSerializeComplexMapWithTypeAdapter": {
        "energy": 173018.18181818182,
        "duration": 5068929.909090909,
        "dram": 16021.68686868687,
        "iteration": 99,
        "stdev": 337726.75305354194
    },
    "com.google.gson.functional.ParameterizedTypesTest-testParameterizedTypeGenericArraysDeserialization": {
        "energy": 39995.26315789474,
        "duration": 1400437.0736842104,
        "dram": 3584.1052631578946,
        "iteration": 95,
        "stdev": 10726.635496655806
    },
    "com.google.gson.functional.EscapingTest-testGsonAcceptsEscapedAndNonEscapedJsonDeserialization": {
        "energy": 40247.25,
        "duration": 1188973.8125,
        "dram": 3257.0375,
        "iteration": 80,
        "stdev": 9096.602479085253
    },
    "com.google.gson.functional.DefaultTypeAdaptersTest-testTimestampSerialization": {
        "energy": 35777.03448275862,
        "duration": 841561.1896551724,
        "dram": 3074.2413793103447,
        "iteration": 58,
        "stdev": 4114.264936088605
    },
    "com.google.gson.functional.DefaultTypeAdaptersTest-testDefaultDateDeserializationUsingBuilder": {
        "energy": 111330.28282828283,
        "duration": 3605097.595959596,
        "dram": 10537.333333333334,
        "iteration": 99,
        "stdev": 24794.259526256512
    },
    "com.google.gson.functional.EscapingTest-testEscapingObjectFields": {
        "energy": 53337.709677419356,
        "duration": 1415444.7096774194,
        "dram": 4397.9838709677415,
        "iteration": 62,
        "stdev": 45092.71545146378
    },
    "com.google.gson.functional.TypeVariableTest-testTypeVariablesViaTypeParameter": {
        "energy": 45135.7311827957,
        "duration": 1472700.0752688171,
        "dram": 3827.0,
        "iteration": 93,
        "stdev": 15998.735475662144
    },
    "com.google.gson.functional.DefaultTypeAdaptersTest-testNullSerialization": {
        "energy": 341397.10101010103,
        "duration": 10399383.414141415,
        "dram": 32735.959595959597,
        "iteration": 99,
        "stdev": 262581.165938277
    },
    "com.google.gson.functional.TypeHierarchyAdapterTest-testTypeHierarchy": {
        "energy": 230033.50505050505,
        "duration": 6690212.656565657,
        "dram": 21244.575757575756,
        "iteration": 99,
        "stdev": 382652.4815540627
    },
    "com.google.gson.DefaultInetAddressTypeAdapterTest-testInetAddressSerializationAndDeserialization": {
        "energy": 188031.57575757575,
        "duration": 5523850.05050505,
        "dram": 17426.20202020202,
        "iteration": 99,
        "stdev": 56824.13792083678
    },
    "com.google.gson.functional.ReadersWritersTest-testReadWriteTwoStrings": {
        "energy": 46515.72093023256,
        "duration": 1422209.2906976745,
        "dram": 4037.4651162790697,
        "iteration": 86,
        "stdev": 18829.10719557848
    },
    "com.google.gson.functional.CollectionTest-testWildcardCollectionField": {
        "energy": 48075.275862068964,
        "duration": 1616102.287356322,
        "dram": 4252.505747126437,
        "iteration": 87,
        "stdev": 21812.579817429116
    },
    "com.google.gson.functional.EscapingTest-testEscapingQuotesInStringArray": {
        "energy": 48404.0,
        "duration": 1053616.8157894737,
        "dram": 3780.6315789473683,
        "iteration": 38,
        "stdev": 44113.146447814346
    },