{
    "com.google.gson.internal.LazilyParsedNumberTest-testHashCode": {
        "energy": 39869.929293889356,
        "duration": 1828684.575426191,
        "dram": 3721.6157862464775,
        "iteration": 65
    },
    "com.google.gson.internal.LazilyParsedNumberTest-testEquals": {
        "energy": 36479.32861642234,
        "duration": 1095315.5744614874,
        "dram": 2834.3757252023956,
        "iteration": 44
    }
}