{
    "com.google.gson.internal.LazilyParsedNumberTest-testHashCode": {
        "energy": 38819,
        "duration": 1700779.8615384616,
        "dram": 3331.123076923077,
        "iteration": 65,
        "stdev": 3402.477617141358
    },
    "com.google.gson.internal.LazilyParsedNumberTest-testEquals": {
        "energy": 38391,
        "duration": 1652998.6590909092,
        "dram": 3345.2045454545455,
        "iteration": 44,
        "stdev": 3511.073151562046
    }
}