{
    "com.google.gson.functional.ParameterizedTypesTest-testParameterizedTypeGenericArraysSerialization": {
        "energy": 33997,
        "duration": 1054205.2753623188,
        "dram": 2841.3333333333335,
        "iteration": 69,
        "stdev": 4517.354883032376
    },
    "com.google.gson.functional.ExposeFieldsTest-testNullExposeFieldSerialization": {
        "energy": 106018,
        "duration": 4457630.368421053,
        "dram": 12798.494736842105,
        "iteration": 95,
        "stdev": 96275.41638215567
    },
    "com.google.gson.functional.ObjectTest-testDirectedAcyclicGraphSerialization": {
        "energy": 41076,
        "duration": 2043205.7105263157,
        "dram": 5729.973684210527,
        "iteration": 76,
        "stdev": 39473.324829300436
    },
    "com.google.gson.functional.ParameterizedTypesTest-testParameterizedTypesWithWriterSerialization": {
        "energy": 34729,
        "duration": 944704.8032786886,
        "dram": 2884.1967213114754,
        "iteration": 61,
        "stdev": 3044.208269601919
    },
    "com.google.gson.functional.ParameterizedTypesTest-testVariableTypeArrayDeserialization": {
        "energy": 35462,
        "duration": 1402875.1875,
        "dram": 3582.4166666666665,
        "iteration": 96,
        "stdev": 12781.066795192688
    },
    "com.google.gson.functional.NamingPolicyTest-testGsonWithNonDefaultFieldNamingPolicySerialization": {
        "energy": 82702,
        "duration": 3001460.222222222,
        "dram": 8313.949494949495,
        "iteration": 99,
        "stdev": 39498.451430955196
    },
    "com.google.gson.functional.NullObjectAndFieldTest-testExplicitSerializationOfNullStringMembers": {
        "energy": 36926,
        "duration": 650380.6857142857,
        "dram": 2618.4857142857145,
        "iteration": 35,
        "stdev": 5058.35970073707
    },
    "com.google.gson.functional.CustomTypeAdaptersTest-testCustomNestedSerializers": {
        "energy": 38514,
        "duration": 1468614.0704225353,
        "dram": 3828.9295774647885,
        "iteration": 71,
        "stdev": 31033.00504208503
    },
    "com.google.gson.functional.NullObjectAndFieldTest-testExplicitSerializationOfNullCollectionMembers": {
        "energy": 36132,
        "duration": 659642.6136363636,
        "dram": 2409.090909090909,
        "iteration": 44,
        "stdev": 3864.7840008790163
    },
    "com.google.gson.functional.ParameterizedTypesTest-testParameterizedTypesSerialization": {
        "energy": 125366,
        "duration": 4202031.855670103,
        "dram": 12423.237113402061,
        "iteration": 97,
        "stdev": 61869.405610950824
    },
    "com.google.gson.functional.ConcurrencyTest-testSingleThreadSerialization": {
        "energy": 45837,
        "duration": 2020772.8979591837,
        "dram": 5483.3877551020405,
        "iteration": 98,
        "stdev": 41945.29200331471
    },
    "com.google.gson.functional.ObjectTest-testPrimitiveArrayFieldSerialization": {
        "energy": 35461,
        "duration": 555080.6153846154,
        "dram": 2410.346153846154,
        "iteration": 26,
        "stdev": 3110.2724456855117
    },
    "com.google.gson.functional.ParameterizedTypesTest-testVariableTypeDeserialization": {
        "energy": 35278,
        "duration": 1338628.4086021506,
        "dram": 3170.52688172043,
        "iteration": 93,
        "stdev": 11473.509871833014
    },
    "com.google.gson.functional.ParameterizedTypesTest-testVariableTypeFieldsAndGenericArraysSerialization": {
        "energy": 78613,
        "duration": 2872969.606060606,
        "dram": 7975.626262626262,
        "iteration": 99,
        "stdev": 23435.89804822515
    },
    "com.google.gson.functional.VersioningTest-testVersionedGsonWithUnversionedClassesSerialization": {
        "energy": 38514,
        "duration": 1621394.9333333333,
        "dram": 4766.4,
        "iteration": 45,
        "stdev": 36900.78151090509
    },
    "com.google.gson.functional.NamingPolicyTest-testGsonWithSerializedNameFieldNamingPolicySerialization": {
        "energy": 35949,
        "duration": 873779.1960784313,
        "dram": 3054.3529411764707,
        "iteration": 51,
        "stdev": 4167.811963472013
    },
    "com.google.gson.functional.ConcurrencyTest-testMultiThreadSerialization": {
        "energy": 269897,
        "duration": 7862444.101010101,
        "dram": 23911.242424242424,
        "iteration": 99,
        "stdev": 74127.77814054233
    },
    "com.google.gson.functional.ObjectTest-testSelfReferenceSerialization": {
        "energy": 34302,
        "duration": 566277.9166666666,
        "dram": 2537.3055555555557,
        "iteration": 36,
        "stdev": 3055.8239988141327
    },
    "com.google.gson.functional.ObjectTest-testInnerClassSerialization": {
        "energy": 33570,
        "duration": 844056.6037735849,
        "dram": 2711.2075471698113,
        "iteration": 53,
        "stdev": 3178.506658166016
    },
    "com.google.gson.functional.ParameterizedTypesTest-testParameterizedTypeGenericArraysDeserialization": {
        "energy": 35278,
        "duration": 1462671.7857142857,
        "dram": 3738.1938775510203,
        "iteration": 98,
        "stdev": 15292.650038499569
    },
    "com.google.gson.functional.CustomTypeAdaptersTest-testCustomTypeAdapterDoesNotAppliesToSubClasses": {
        "energy": 72510,
        "duration": 2369790.7474747472,
        "dram": 6395.050505050505,
        "iteration": 99,
        "stdev": 23773.822781143586
    },
    "com.google.gson.functional.ObjectTest-testEmptyCollectionInAnObjectSerialization": {
        "energy": 38208,
        "duration": 981580.6451612903,
        "dram": 2950.8709677419356,
        "iteration": 31,
        "stdev": 13387.72256469721
    },
    "com.google.gson.functional.VersioningTest-testVersionedClassesSerialization": {
        "energy": 145202,
        "duration": 8466546.727272727,
        "dram": 23887.959595959597,
        "iteration": 99,
        "stdev": 370919.95694360015
    },
    "com.google.gson.functional.EscapingTest-testEscapingObjectFields": {
        "energy": 38452,
        "duration": 1614323.48,
        "dram": 4842.386666666666,
        "iteration": 75,
        "stdev": 48539.396216115696
    },
    "com.google.gson.functional.ObjectTest-testClassWithObjectFieldSerialization": {
        "energy": 33631,
        "duration": 1030729.0666666667,
        "dram": 3015.883333333333,
        "iteration": 60,
        "stdev": 7256.151565147248
    },
    "com.google.gson.functional.ObjectTest-testClassWithEnumFieldSerialization": {
        "energy": 35461,
        "duration": 710990.7333333333,
        "dram": 2735.6444444444446,
        "iteration": 45,
        "stdev": 3489.9723035442803
    },
    "com.google.gson.FunctionalWithInternalDependenciesTest-testPrettyPrintList": {
        "energy": 76416,
        "duration": 3497658.0404040404,
        "dram": 9668.9898989899,
        "iteration": 99,
        "stdev": 85891.93254911626
    },
    "com.google.gson.functional.CustomTypeAdaptersTest-testCustomSerializerForLong": {
        "energy": 36377,
        "duration": 1093630.8219178081,
        "dram": 2981.246575342466,
        "iteration": 73,
        "stdev": 5240.596130853623
    },
    "com.google.gson.FunctionalWithInternalDependenciesTest-testPrettyPrintArrayOfObjects": {
        "energy": 37720,
        "duration": 2588052.310810811,
        "dram": 7740.972972972973,
        "iteration": 74,
        "stdev": 262518.53322156664
    },
    "com.google.gson.functional.PrintFormattingTest-testCompactFormattingLeavesNoWhiteSpace": {
        "energy": 39490,
        "duration": 4721629.450704225,
        "dram": 13106.507042253521,
        "iteration": 71,
        "stdev": 426274.67742063757
    },
    "com.google.gson.functional.ParameterizedTypesTest-testVariableTypeFieldsAndGenericArraysDeserialization": {
        "energy": 67505,
        "duration": 2152395.292929293,