{
  "energy": 25935.82845188286,
  "instructions": -3167356.506276151,
  "durations": 5332894.167364018,
  "cycles": -2396433.6317991638,
  "caches": 7308.99163179917,
  "cacheMisses": -3355.598326359833,
  "branches": -632481.0083682011,
  "branchMisses": -6917.0167364016725
}