{
  "energy": 98105.61607142855,
  "instructions": -3134852.3124999986,
  "durations": -1531104.3080357139,
  "cycles": -2552338.5624999995,
  "caches": -25313.245535714297,
  "cacheMisses": -20644.803571428565,
  "branches": -742355.732142857,
  "branchMisses": 0.0
}