{
  "com.google.gson.functional.NullObjectAndFieldTest#testExplicitSerializationOfNullCollectionMembers": {
    "energy": 6657.714285714285,
    "instructions": -119463.67857142857,
    "durations": -1145440.6428571427,
    "cycles": -7667.285714285714,
    "caches": 38697.96428571428,
    "cacheMisses": -12592.357142857143,
    "branches": 43991.392857142855,
    "branchMisses": 0.0
  },
  "com.google.gson.functional.ExclusionStrategyFunctionalTest#testExcludeTopLevelClassDeserialization": {
    "energy": 0.0,
    "instructions": -77600.89285714286,
    "durations": 247672.7142857143,
    "cycles": -45609.107142857145,
    "caches": -935.5714285714286,
    "cacheMisses": 3234.857142857143,
    "branches": -12206.035714285716,
    "branchMisses": 0.0
  },
  "com.google.gson.functional.MapTest#testMapDeserializationWithNullKey": {
    "energy": 1052.25,
    "instructions": -17780.4375,
    "durations": 163606.1875,
    "cycles": 108594.5,
    "caches": 3599.5,
    "cacheMisses": 925.75,
    "branches": -3993.375,
    "branchMisses": 0.0
  },
  "com.google.gson.functional.FieldNamingTest#testIdentity": {
    "energy": 0.0,
    "instructions": 38468.25,
    "durations": -111609.32142857143,
    "cycles": 117493.55357142858,
    "caches": 11124.910714285716,
    "cacheMisses": -5748.053571428572,
    "branches": 6852.857142857143,
    "branchMisses": 0.0
  },
  "com.google.gson.functional.ExclusionStrategyFunctionalTest#testExcludeTopLevelClassDeserializationDoesNotImpactSerialization": {
    "energy": 0.0,
    "instructions": 12679.107142857141,
    "durations": 510896.4285714285,
    "cycles": 116106.96428571428,
    "caches": 4766.964285714285,
    "cacheMisses": 14901.428571428569,
    "branches": 2802.4999999999995,
    "branchMisses": 0.0
  },
  "com.google.gson.functional.NullObjectAndFieldTest#testExplicitSerializationOfNullArrayMembers": {
    "energy": 85892.24999999999,
    "instructions": -7815160.178571427,
    "durations": -2661822.9642857136,
    "cycles": -6138287.249999999,
    "caches": -210291.8571428571,
    "cacheMisses": -67863.32142857142,
    "branches": -1498401.7499999998,
    "branchMisses": 0.0
  },
  "com.google.gson.functional.NamingPolicyTest#testGsonWithNonDefaultFieldNamingPolicySerialization": {
    "energy": -24089.093750000004,
    "instructions": -42286.066964285725,
    "durations": -72825.48214285716,
    "cycles": -56254.2455357143,
    "caches": 3176.2946428571436,
    "cacheMisses": 3488.2857142857147,
    "branches": -1667.0848214285718,
    "branchMisses": 0.0
  },
  "com.google.gson.functional.InstanceCreatorTest#testInstanceCreatorReturnsBaseType": {
    "energy": -28562.218750000004,
    "instructions": 97867.4642857143,
    "durations": -28624.241071428576,
    "cycles": 187982.1383928572,
    "caches": 13819.700892857145,
    "cacheMisses": 7371.25892857143,
    "branches": 5525.625000000001,
    "branchMisses": 0.0
  },
  "com.google.gson.functional.ParameterizedTypesTest#testParameterizedTypeWithReaderDeserialization": {
    "energy": 57154.71428571428,
    "instructions": 4809399.428571428,
    "durations": 1602388.0714285714,
    "cycles": 3168939.428571428,
    "caches": 109659.85714285713,
    "cacheMisses": 36235.71428571428,
    "branches": 716608.0714285714,
    "branchMisses": 0.0
  },
  "com.google.gson.functional.ReadersWritersTest#testReadWriteTwoStrings": {
    "energy": 0.0,
    "instructions": -20975.308035714283,
    "durations": -35345.05803571428,
    "cycles": -3637.2589285714284,
    "caches": 1068.9910714285713,
    "cacheMisses": -598.3660714285713,
    "branches": -1867.9330357142856,
    "branchMisses": 0.0
  }
}