{
    "com.google.gson.functional.StreamingTypeAdaptersTest-testFromJsonTree": {
        "energy": 250610,
        "duration": 6513258.111111111,
        "dram": 20340.333333333332,
        "iteration": 9,
        "stdev": 27610.76492606587
    },
    "com.google.gson.functional.DefaultTypeAdaptersTest-testBadValueForBigDecimalDeserialization": {
        "energy": 445434,
        "duration": 12206199.444444444,
        "dram": 39049.0,
        "iteration": 9,
        "stdev": 90676.05072733469
    },
    "com.google.gson.functional.RuntimeTypeAdapterFactoryFunctionalTest-testSubclassesAutomaticallySerialzed": {
        "energy": 402160,
        "duration": 11045056.111111112,
        "dram": 34788.88888888889,
        "iteration": 9,
        "stdev": 51807.020262403974
    },
    "com.google.gson.functional.NamingPolicyTest-testGsonWithLowerCaseDashPolicyDeserialiation": {
        "energy": 78857,
        "duration": 2468677.111111111,
        "dram": 6602.888888888889,
        "iteration": 9,
        "stdev": 11720.986576265143
    },
    "com.google.gson.functional.CustomDeserializerTest-testCustomDeserializerReturnsNull": {
        "energy": 324645,
        "duration": 8715345.111111112,
        "dram": 25612.222222222223,
        "iteration": 9,
        "stdev": 32667.445052328683
    },
    "com.google.gson.functional.JsonAdapterAnnotationOnFieldsTest-testClassAnnotationAdapterFactoryTakesPrecedenceOverDefault": {
        "energy": 179137,
        "duration": 5823872.222222222,
        "dram": 16134.777777777777,
        "iteration": 9,
        "stdev": 17277.475067015956
    },
    "com.google.gson.functional.JsonAdapterAnnotationOnFieldsTest-testJsonAdapterWrappedInNullSafeAsRequested": {
        "energy": 161560,
        "duration": 4268733.444444444,
        "dram": 12768.666666666666,
        "iteration": 9,
        "stdev": 21666.184188360225
    },
    "com.google.gson.functional.DefaultTypeAdaptersTest-testBigIntegerFieldDeserialization": {
        "energy": 113220,
        "duration": 3784154.3333333335,
        "dram": 11913.666666666666,
        "iteration": 9,
        "stdev": 18579.182526635144
    },
    "com.google.gson.functional.InheritanceTest-testSubClassDeserialization": {
        "energy": 110962,
        "duration": 3540336.5555555555,
        "dram": 10953.0,
        "iteration": 9,
        "stdev": 15331.185036300487
    },
    "com.google.gson.functional.StreamingTypeAdaptersTest-testDeserialize": {
        "energy": 114379,
        "duration": 2988867.777777778,
        "dram": 9181.666666666666,
        "iteration": 9,
        "stdev": 14988.739939956738
    },
    "com.google.gson.functional.JsonAdapterAnnotationOnFieldsTest-testClassAnnotationAdapterTakesPrecedenceOverDefault": {
        "energy": 146362,
        "duration": 3983043.111111111,
        "dram": 12309.666666666666,
        "iteration": 9,
        "stdev": 15753.498537557918
    },
    "com.google.gson.functional.NamingPolicyTest-testGsonWithUpperCamelCaseSpacesPolicyDeserialiation": {
        "energy": 125061,
        "duration": 3803232.888888889,
        "dram": 11204.666666666666,
        "iteration": 9,
        "stdev": 28514.72322230122
    },
    "com.google.gson.functional.SerializedNameTest-testMultipleNamesDeserializedCorrectly": {
        "energy": 90759,
        "duration": 2824646.222222222,
        "dram": 8151.444444444444,
        "iteration": 9,
        "stdev": 18193.53332001969
    },
    "com.google.gson.functional.SerializedNameTest-testMultipleNamesInTheSameString": {
        "energy": 164428,
        "duration": 4634329.777777778,
        "dram": 13644.111111111111,
        "iteration": 9,
        "stdev": 27105.31366155644
    },
    "com.google.gson.functional.InstanceCreatorTest-testInstanceCreatorReturnsSubTypeForField": {
        "energy": 404235,
        "duration": 11240222.666666666,
        "dram": 32937.555555555555,
        "iteration": 9,
        "stdev": 51243.87311476826
    },
    "com.google.gson.functional.NamingPolicyTest-testGsonWithNonDefaultFieldNamingPolicyDeserialiation": {
        "energy": 176880,
        "duration": 4413490.777777778,
        "dram": 13328.0,
        "iteration": 9,
        "stdev": 16020.865956620446
    },
    "com.google.gson.functional.NamingPolicyTest-testComplexFieldNameStrategy": {
        "energy": 221557,
        "duration": 6627270.111111111,
        "dram": 19779.444444444445,
        "iteration": 9,
        "stdev": 28165.72248691442
    },
    "com.google.gson.functional.JsonAdapterAnnotationOnFieldsTest-testRegisteredTypeAdapterTakesPrecedenceOverClassAnnotationAdapter": {
        "energy": 201050,
        "duration": 5701878.444444444,
        "dram": 16750.0,
        "iteration": 9,
        "stdev": 20294.03627779463
    },
    "com.google.gson.functional.ExposeFieldsTest-testExposedInterfaceFieldDeserialization": {
        "energy": 114990,
        "duration": 3655530.777777778,
        "dram": 11468.333333333334,
        "iteration": 9,
        "stdev": 22397.87736966757
    },
    "com.google.gson.functional.InheritanceTest-testSubInterfacesOfCollectionDeserialization": {
        "energy": 327208,
        "duration": 8818171.555555556,
        "dram": 28007.444444444445,
        "iteration": 9,
        "stdev": 31172.93068245803
    },
    "com.google.gson.regression.JsonAdapterNullSafeTest-testNullSafeBugDeserialize": {
        "energy": 690794,
        "duration": 23444764.555555556,
        "dram": 68527.22222222222,
        "iteration": 9,
        "stdev": 51651.07482586076
    },
    "com.google.gson.functional.CollectionTest-testSetDeserialization": {
        "energy": 254089,
        "duration": 6940576.666666667,
        "dram": 21165.222222222223,
        "iteration": 9,
        "stdev": 17862.05916958562
    },
    "com.google.gson.functional.CollectionTest-testWildcardCollectionField": {
        "energy": 434508,
        "duration": 13213267.666666666,
        "dram": 39142.666666666664,
        "iteration": 9,
        "stdev": 22330.877646085573
    },
    "com.google.gson.functional.ExposeFieldsTest-testExposeAnnotationDeserialization": {
        "energy": 290893,
        "duration": 9649266.0,
        "dram": 28976.555555555555,
        "iteration": 9,
        "stdev": 27904.33844006659
    },
    "com.google.gson.functional.MapTest-testComplexKeysDeserialization": {
        "energy": 219360,
        "duration": 6321296.888888889,
        "dram": 19446.555555555555,
        "iteration": 9,
        "stdev": 4424.393135480159
    },
    "com.google.gson.functional.NamingPolicyTest-testGsonWithLowerCaseUnderscorePolicyDeserialiation": {
        "energy": 168335,
        "duration": 4352275.888888889,
        "dram": 12536.0,
        "iteration": 9,
        "stdev": 14000.426183989304
    },
    "com.google.gson.functional.JsonAdapterAnnotationOnFieldsTest-testFieldAnnotationTakesPrecedenceOverClassAnnotation": {
        "energy": 152466,
        "duration": 4090932.111111111,
        "dram": 11805.111111111111,
        "iteration": 9,
        "stdev": 28110.732078691937
    },
    "com.google.gson.functional.DefaultTypeAdaptersTest-testBigDecimalFieldDeserialization": {
        "energy": 488463,
        "duration": 12247465.888888888,
        "dram": 39945.11111111111,
        "iteration": 9,
        "stdev": 48913.98903744772
    },
    "com.google.gson.functional.CustomTypeAdaptersTest-testEnsureCustomDeserializerNotInvokedForNullValues": {
        "energy": 107116,
        "duration": 3040176.0,
        "dram": 8887.333333333334,
        "iteration": 9,
        "stdev": 10450.125249411849
    },
    "com.google.gson.functional.ObjectTest-testBagOfPrimitiveWrappersDeserialization": {
        "energy": 117736,
        "duration": 3574766.5555555555,
        "dram": 10364.777777777777,
        "iteration": 9,
        "stdev": 36478.316691791944
    },