{
    "com.google.gson.functional.StreamingTypeAdaptersTest-testNullSafe": {
        "energy": 42980.84210526316,
        "duration": 1562108.1894736842,
        "dram": 3714.6105263157897,
        "iteration": 95,
        "stdev": 13810.835519765511
    },
    "com.google.gson.functional.CustomDeserializerTest-testDefaultConstructorNotCalledOnField": {
        "energy": 37529.760869565216,
        "duration": 836067.0,
        "dram": 2874.0,
        "iteration": 46,
        "stdev": 3656.311031061241
    },
    "com.google.gson.functional.CustomDeserializerTest-testDefaultConstructorNotCalledOnObject": {
        "energy": 62253.80808080808,
        "duration": 2078114.0,
        "dram": 5722.484848484848,
        "iteration": 99,
        "stdev": 48510.64590369283
    },
    "com.google.gson.functional.ReadersWritersTest-testReadWriteTwoObjects": {
        "energy": 38865.5,
        "duration": 1104474.1612903227,
        "dram": 3247.532258064516,
        "iteration": 62,
        "stdev": 7054.131739969045
    },
    "com.google.gson.functional.DefaultTypeAdaptersTest-testBitSetDeserialization": {
        "energy": 35638.651162790695,
        "duration": 828683.7906976744,
        "dram": 3163.9302325581393,
        "iteration": 43,
        "stdev": 4871.062917688505
    },
    "com.google.gson.functional.EnumTest-testEnumSubclassAsParameterizedType": {
        "energy": 41867.2,
        "duration": 1220436.1692307692,
        "dram": 3284.3230769230768,
        "iteration": 65,
        "stdev": 40057.698447729505
    },
    "com.google.gson.JsonParserTest-testReadWriteTwoObjects": {
        "energy": 134538.39436619717,
        "duration": 3839315.1267605633,
        "dram": 11976.239436619719,
        "iteration": 71,
        "stdev": 342001.23878659087
    },
    "com.google.gson.functional.StringTest-testSingleQuoteInStringSerialization": {
        "energy": 80015.7,
        "duration": 2309505.52,
        "dram": 7214.82,
        "iteration": 50,
        "stdev": 38169.99086415924
    },
    "com.google.gson.functional.ParameterizedTypesTest-testVariableTypeArrayDeserialization": {
        "energy": 40660.27368421053,
        "duration": 1368289.4421052632,
        "dram": 3424.357894736842,
        "iteration": 95,
        "stdev": 13011.459828645877
    },
    "com.google.gson.functional.ObjectTest-testSingletonLists": {
        "energy": 40741.544444444444,
        "duration": 1381059.6333333333,
        "dram": 3457.511111111111,
        "iteration": 90,
        "stdev": 11756.949654623771
    },
    "com.google.gson.functional.TypeHierarchyAdapterTest-testRegisterSuperTypeFirst": {
        "energy": 37736.7,
        "duration": 862826.8,
        "dram": 3006.68,
        "iteration": 50,
        "stdev": 3925.5010852119253
    },
    "com.google.gson.functional.EnumTest-testEnumSubclass": {
        "energy": 85133.69791666667,
        "duration": 2636704.4895833335,
        "dram": 7643.104166666667,
        "iteration": 96,
        "stdev": 33881.75023184795
    },
    "com.google.gson.functional.TypeVariableTest-testBasicTypeVariables": {
        "energy": 136513.15294117646,
        "duration": 3887054.6352941175,
        "dram": 11965.317647058824,
        "iteration": 85,
        "stdev": 346765.71517555177
    },
    "com.google.gson.functional.EnumTest-testEnumSubclassWithRegisteredTypeAdapter": {
        "energy": 55230.96511627907,
        "duration": 1787894.453488372,
        "dram": 5024.127906976744,
        "iteration": 86,
        "stdev": 30046.306111411497
    },
    "com.google.gson.functional.MapAsArrayTypeAdapterTest-testMultipleEnableComplexKeyRegistrationHasNoEffect": {
        "energy": 38301.58904109589,
        "duration": 1113627.2739726028,
        "dram": 3128.849315068493,
        "iteration": 73,
        "stdev": 7050.428483696259
    },
    "com.google.gson.functional.CollectionTest-testFieldIsArrayList": {
        "energy": 38420.515625,
        "duration": 1012209.03125,
        "dram": 3188.328125,
        "iteration": 64,
        "stdev": 4264.282083452718
    },
    "com.google.gson.functional.TypeVariableTest-testAdvancedTypeVariables": {
        "energy": 70560.29166666667,
        "duration": 2220699.78125,
        "dram": 6431.270833333333,
        "iteration": 96,
        "stdev": 160573.7574988204
    },
    "com.google.gson.functional.UncategorizedTest-testGsonInstanceReusableForSerializationAndDeserialization": {
        "energy": 38785.104166666664,
        "duration": 1019438.0208333334,
        "dram": 3321.6666666666665,
        "iteration": 48,
        "stdev": 7815.2505751030985
    },
    "com.google.gson.functional.DefaultTypeAdaptersTest-testSqlDateSerialization": {
        "energy": 35409.53333333333,
        "duration": 864882.3666666667,
        "dram": 2922.5,
        "iteration": 60,
        "stdev": 3588.902791785936
    },
    "com.google.gson.functional.ParameterizedTypesTest-testVariableTypeDeserialization": {
        "energy": 41071.10112359551,
        "duration": 1376583.1460674158,
        "dram": 3379.325842696629,
        "iteration": 89,
        "stdev": 12603.874670914145
    },
    "com.google.gson.functional.MapAsArrayTypeAdapterTest-testSerializeComplexMapWithTypeAdapter": {
        "energy": 162753.21212121213,
        "duration": 4819036.545454546,
        "dram": 14936.505050505051,
        "iteration": 99,
        "stdev": 311933.96543386945
    },
    "com.google.gson.functional.ParameterizedTypesTest-testParameterizedTypeGenericArraysDeserialization": {
        "energy": 39861.86956521739,
        "duration": 1373717.347826087,
        "dram": 3474.4347826086955,
        "iteration": 92,
        "stdev": 11663.110643147094
    },
    "com.google.gson.functional.EscapingTest-testGsonAcceptsEscapedAndNonEscapedJsonDeserialization": {
        "energy": 36961.134146341465,
        "duration": 1185569.512195122,
        "dram": 3308.7195121951218,
        "iteration": 82,
        "stdev": 6381.190054088266
    },
    "com.google.gson.functional.DefaultTypeAdaptersTest-testDefaultDateDeserializationUsingBuilder": {
        "energy": 109104.63636363637,
        "duration": 3538665.0,
        "dram": 10310.525252525253,
        "iteration": 99,
        "stdev": 24568.882219676456
    },
    "com.google.gson.functional.NamingPolicyTest-testComplexFieldNameStrategy": {
        "energy": 38083.25714285715,
        "duration": 1086048.1142857142,
        "dram": 2973.7571428571428,
        "iteration": 70,
        "stdev": 4565.294275245773
    },
    "com.google.gson.functional.EscapingTest-testEscapingObjectFields": {
        "energy": 58667.15873015873,
        "duration": 1644308.365079365,
        "dram": 5229.190476190476,
        "iteration": 63,
        "stdev": 48121.859764694265
    },
    "com.google.gson.functional.TypeVariableTest-testTypeVariablesViaTypeParameter": {
        "energy": 42483.24705882353,
        "duration": 1433408.6,
        "dram": 3997.7764705882355,
        "iteration": 85,
        "stdev": 12995.975734507323
    },
    "com.google.gson.functional.TypeHierarchyAdapterTest-testTypeHierarchy": {
        "energy": 159182.40404040404,
        "duration": 4547572.575757576,
        "dram": 14420.979797979799,
        "iteration": 99,
        "stdev": 246802.05658286906
    },
    "com.google.gson.DefaultInetAddressTypeAdapterTest-testInetAddressSerializationAndDeserialization": {
        "energy": 190570.45454545456,
        "duration": 5673515.414141414,
        "dram": 17815.555555555555,
        "iteration": 99,
        "stdev": 55175.2482451561
    },
    "com.google.gson.functional.ReadersWritersTest-testReadWriteTwoStrings": {
        "energy": 47263.96,
        "duration": 1524625.5866666667,
        "dram": 4272.12,
        "iteration": 75,
        "stdev": 16970.373408140826
    },
    "com.google.gson.functional.CollectionTest-testWildcardCollectionField": {
        "energy": 45690.811111111114,