{
    "com.google.gson.functional.StreamingTypeAdaptersTest-testNullSafe": {
        "energy": 40673.71111111111,
        "duration": 1410765.5777777778,
        "dram": 3517.9666666666667,
        "iteration": 90,
        "stdev": 10981.18839576163
    },
    "com.google.gson.functional.CustomDeserializerTest-testDefaultConstructorNotCalledOnField": {
        "energy": 36426.479166666664,
        "duration": 794471.0833333334,
        "dram": 3053.9583333333335,
        "iteration": 48,
        "stdev": 4644.840026800274
    },
    "com.google.gson.functional.CustomDeserializerTest-testDefaultConstructorNotCalledOnObject": {
        "energy": 71430.0303030303,
        "duration": 2327278.5555555555,
        "dram": 6565.828282828283,
        "iteration": 99,
        "stdev": 77152.6834329051
    },
    "com.google.gson.functional.StringTest-testEscapingQuotesInStringSerialization": {
        "energy": 35891.27272727273,
        "duration": 546441.4090909091,
        "dram": 2418.7727272727275,
        "iteration": 22,
        "stdev": 4222.683756503441
    },
    "com.google.gson.functional.ReadersWritersTest-testReadWriteTwoObjects": {
        "energy": 48682.415384615386,
        "duration": 1343583.0923076924,
        "dram": 4230.584615384615,
        "iteration": 65,
        "stdev": 25097.579851385803
    },
    "com.google.gson.functional.EnumTest-testEnumSubclassAsParameterizedType": {
        "energy": 36442.41176470588,
        "duration": 997527.0588235294,
        "dram": 2943.1617647058824,
        "iteration": 68,
        "stdev": 3950.8990311040907
    },
    "com.google.gson.JsonParserTest-testReadWriteTwoObjects": {
        "energy": 121475.0895522388,
        "duration": 3639588.4776119404,
        "dram": 11564.567164179105,
        "iteration": 67,
        "stdev": 333080.1885776417
    },
    "com.google.gson.functional.ParameterizedTypesTest-testVariableTypeArrayDeserialization": {
        "energy": 39852.60824742268,
        "duration": 1333303.9484536082,
        "dram": 3500.061855670103,
        "iteration": 97,
        "stdev": 14097.151327032412
    },
    "com.google.gson.functional.ObjectTest-testSingletonLists": {
        "energy": 39897.586956521736,
        "duration": 1351153.347826087,
        "dram": 3374.7934782608695,
        "iteration": 92,
        "stdev": 12062.331091092392
    },
    "com.google.gson.functional.TypeHierarchyAdapterTest-testRegisterSuperTypeFirst": {
        "energy": 36212.11320754717,
        "duration": 838418.0566037736,
        "dram": 3172.6603773584907,
        "iteration": 53,
        "stdev": 4595.272089016026
    },
    "com.google.gson.functional.EnumTest-testEnumSubclass": {
        "energy": 84789.38383838384,
        "duration": 2822828.8282828284,
        "dram": 7886.383838383838,
        "iteration": 99,
        "stdev": 48148.45750357824
    },
    "com.google.gson.functional.TypeVariableTest-testBasicTypeVariables": {
        "energy": 37071.171875,
        "duration": 971299.40625,
        "dram": 3072.90625,
        "iteration": 64,
        "stdev": 5996.98094240627
    },
    "com.google.gson.functional.EnumTest-testEnumSubclassWithRegisteredTypeAdapter": {
        "energy": 44020.37209302326,
        "duration": 1446082.488372093,
        "dram": 3951.0,
        "iteration": 86,
        "stdev": 15807.700314518863
    },
    "com.google.gson.OverrideCoreTypeAdaptersTest-testOverridePrimitiveBooleanAdapter": {
        "energy": 38036.5,
        "duration": 513655.0,
        "dram": 2215.0,
        "iteration": 26,
        "stdev": 4563.4155077259675
    },
    "com.google.gson.functional.TypeVariableTest-testAdvancedTypeVariables": {
        "energy": 88675.22222222222,
        "duration": 2810277.909090909,
        "dram": 7868.252525252526,
        "iteration": 99,
        "stdev": 186783.3300007601
    },
    "com.google.gson.functional.UncategorizedTest-testGsonInstanceReusableForSerializationAndDeserialization": {
        "energy": 38519.7027027027,
        "duration": 753161.5675675676,
        "dram": 2988.5135135135133,
        "iteration": 37,
        "stdev": 4410.447521969483
    },
    "com.google.gson.functional.EscapingTest-testGsonDoubleDeserialization": {
        "energy": 37483.5,
        "duration": 784312.8684210526,
        "dram": 2581.6315789473683,
        "iteration": 38,
        "stdev": 5076.023836315399
    },
    "com.google.gson.functional.ParameterizedTypesTest-testVariableTypeDeserialization": {
        "energy": 39688.36666666667,
        "duration": 1368193.9555555556,
        "dram": 3639.511111111111,
        "iteration": 90,
        "stdev": 17509.60223575751
    },
    "com.google.gson.functional.MapAsArrayTypeAdapterTest-testSerializeComplexMapWithTypeAdapter": {
        "energy": 168402.9696969697,
        "duration": 4962771.474747474,
        "dram": 15299.353535353535,
        "iteration": 99,
        "stdev": 316801.99724380806
    },
    "com.google.gson.functional.ParameterizedTypesTest-testParameterizedTypeGenericArraysDeserialization": {
        "energy": 45163.2688172043,
        "duration": 1894982.569892473,
        "dram": 3799.1935483870966,
        "iteration": 93,
        "stdev": 64277.87611531265
    },
    "com.google.gson.functional.EscapingTest-testGsonAcceptsEscapedAndNonEscapedJsonDeserialization": {
        "energy": 37362.745762711864,
        "duration": 1060878.5254237289,
        "dram": 3134.4576271186443,
        "iteration": 59,
        "stdev": 5137.028556762219
    },
    "com.google.gson.functional.DefaultTypeAdaptersTest-testDefaultDateDeserializationUsingBuilder": {
        "energy": 109547.33333333333,
        "duration": 3631860.4444444445,
        "dram": 10478.020202020201,
        "iteration": 99,
        "stdev": 22025.637022397885
    },
    "com.google.gson.functional.NamingPolicyTest-testComplexFieldNameStrategy": {
        "energy": 36879.97142857143,
        "duration": 1045977.3428571429,
        "dram": 3053.8,
        "iteration": 70,
        "stdev": 3933.164941408704
    },
    "com.google.gson.functional.CustomTypeAdaptersTest-testRegisterHierarchyAdapterForDate": {
        "energy": 38379.10447761194,
        "duration": 1137497.0895522388,
        "dram": 3130.3582089552237,
        "iteration": 67,
        "stdev": 10229.290830723905
    },
    "com.google.gson.functional.DefaultTypeAdaptersTest-testOverrideBigDecimalTypeAdapter": {
        "energy": 34278.333333333336,
        "duration": 569773.1428571428,
        "dram": 2706.5714285714284,
        "iteration": 21,
        "stdev": 4143.083672514992
    },
    "com.google.gson.functional.DefaultTypeAdaptersTest-testNullSerialization": {
        "energy": 320459.0101010101,
        "duration": 10089247.222222222,
        "dram": 30229.58585858586,
        "iteration": 99,
        "stdev": 277242.9240049565
    },
    "com.google.gson.functional.TypeHierarchyAdapterTest-testTypeHierarchy": {
        "energy": 193560.50505050505,
        "duration": 5738371.0,
        "dram": 17696.343434343435,
        "iteration": 99,
        "stdev": 346834.17575117573
    },
    "com.google.gson.OverrideCoreTypeAdaptersTest-testOverrideWrapperBooleanAdapter": {
        "energy": 307955.275862069,
        "duration": 7861189.0,
        "dram": 27350.103448275862,
        "iteration": 29,
        "stdev": 595665.0368560769
    },
    "com.google.gson.DefaultInetAddressTypeAdapterTest-testInetAddressSerializationAndDeserialization": {
        "energy": 197672.0,
        "duration": 5941911.898989899,
        "dram": 18251.0,
        "iteration": 99,
        "stdev": 88430.48772335194
    },
    "com.google.gson.functional.CollectionTest-testWildcardCollectionField": {
        "energy": 42839.64772727273,
        "duration": 1423788.8863636365,
        "dram": 3620.7272727272725,
        "iteration": 88,
        "stdev": 13107.037291817163
    },