{
    "com.google.gson.stream.JsonWriterTest-testPrettyPrintArray": {
        "energy": 590086,
        "duration": 18926436.444444444,
        "dram": 56499.555555555555,
        "iteration": 9,
        "stdev": 40394.30254135438
    },
    "com.google.gson.stream.JsonWriterTest-testNonFiniteDoubles": {
        "energy": 145629,
        "duration": 4903126.444444444,
        "dram": 14997.222222222223,
        "iteration": 9,
        "stdev": 48362.28717824572
    },
    "com.google.gson.stream.JsonWriterTest-testPrettyPrintObject": {
        "energy": 167236,
        "duration": 4346232.0,
        "dram": 12234.888888888889,
        "iteration": 9,
        "stdev": 30437.23604930296
    },
    "com.google.gson.stream.JsonWriterTest-testDoubles": {
        "energy": 227904,
        "duration": 6316038.888888889,
        "dram": 18834.333333333332,
        "iteration": 9,
        "stdev": 24756.36639456058
    },
    "com.google.gson.stream.JsonWriterTest-testTopLevelValueTypes": {
        "energy": 158996,
        "duration": 4081478.222222222,
        "dram": 11660.222222222223,
        "iteration": 9,
        "stdev": 18740.519263001053
    }
}