{
    "com.google.gson.functional.NullObjectAndFieldTest-testCustomTypeAdapterPassesNullSerialization": {
        "energy": 192871,
        "duration": 5974571.666666667,
        "dram": 18065.777777777777,
        "iteration": 9,
        "stdev": 12559.35223028817
    },
    "com.google.gson.functional.NullObjectAndFieldTest-testCustomTypeAdapterPassesNullDesrialization": {
        "energy": 225036,
        "duration": 6495569.333333333,
        "dram": 20894.666666666668,
        "iteration": 9,
        "stdev": 84873.55226336689
    },
    "com.google.gson.functional.ParameterizedTypesTest-testParameterizedTypeWithCustomSerializer": {
        "energy": 452147,
        "duration": 12128000.555555556,
        "dram": 38309.444444444445,
        "iteration": 9,
        "stdev": 30763.375848242773
    },
    "com.google.gson.functional.CustomDeserializerTest-testJsonTypeFieldBasedDeserialization": {
        "energy": 1793941,
        "duration": 54353433.0,
        "dram": 165476.33333333334,
        "iteration": 9,
        "stdev": 146107.6956051998
    },
    "com.google.gson.functional.TypeHierarchyAdapterTest-testTypeHierarchy": {
        "energy": 817320,
        "duration": 19717542.444444444,
        "dram": 63136.333333333336,
        "iteration": 9,
        "stdev": 47311.762750326794
    },
    "com.google.gson.functional.CircularReferenceTest-testSelfReferenceCustomHandlerSerialization": {
        "energy": 1531552,
        "duration": 43010556.44444445,
        "dram": 132727.66666666666,
        "iteration": 9,
        "stdev": 69144.23967295191
    }
}