{
    "com.google.gson.functional.ParameterizedTypesTest-testParameterizedTypeGenericArraysSerialization": {
        "energy": 33570,
        "duration": 1223457.5952380951,
        "dram": 2986.9166666666665,
        "iteration": 84,
        "stdev": 6002.730119894634
    },
    "com.google.gson.functional.ParameterizedTypesTest-testParameterizedTypesWithWriterSerialization": {
        "energy": 33936,
        "duration": 1298617.0,
        "dram": 3594.2083333333335,
        "iteration": 72,
        "stdev": 19897.36481919814
    },
    "com.google.gson.TypeInfoFactoryTest-testListTypeVariableWildcardField": {
        "energy": 36683,
        "duration": 874790.8448275862,
        "dram": 2831.0,
        "iteration": 58,
        "stdev": 3656.6660989994616
    },
    "com.google.gson.TypeInfoFactoryTest-testMutliDimensionalTypeVariableArrayField": {
        "energy": 35827,
        "duration": 749890.9523809524,
        "dram": 2721.8571428571427,
        "iteration": 21,
        "stdev": 3720.150059758367
    },
    "com.google.gson.functional.ParameterizedTypesTest-testVariableTypeArrayDeserialization": {
        "energy": 36255,
        "duration": 1832967.121212121,
        "dram": 4673.141414141414,
        "iteration": 99,
        "stdev": 65097.77996916315
    },
    "com.google.gson.functional.ParameterizedTypesTest-testParameterizedTypeWithReaderDeserialization": {
        "energy": 33752,
        "duration": 1463303.0206185568,
        "dram": 3426.3711340206187,
        "iteration": 97,
        "stdev": 12487.219881886187
    },
    "com.google.gson.functional.ParameterizedTypesTest-testParameterizedTypesSerialization": {
        "energy": 156249,
        "duration": 6591831.956989247,
        "dram": 19955.935483870966,
        "iteration": 93,
        "stdev": 150402.0396377691
    },
    "com.google.gson.TypeInfoFactoryTest-testListStringWildcardField": {
        "energy": 35339,
        "duration": 888862.5737704918,
        "dram": 2551.1639344262294,
        "iteration": 61,
        "stdev": 4094.5206003291464
    },
    "com.google.gson.functional.ParameterizedTypesTest-testVariableTypeDeserialization": {
        "energy": 35889,
        "duration": 1572351.2222222222,
        "dram": 3926.5454545454545,
        "iteration": 99,
        "stdev": 15564.003021762184
    },
    "com.google.gson.functional.ParameterizedTypesTest-testVariableTypeFieldsAndGenericArraysSerialization": {
        "energy": 90576,
        "duration": 2944042.8080808083,
        "dram": 8163.050505050505,
        "iteration": 99,
        "stdev": 29805.392334732383
    },
    "com.google.gson.TypeInfoFactoryTest-testWildcardField": {
        "energy": 36621,
        "duration": 1029876.9365079365,
        "dram": 2729.746031746032,
        "iteration": 63,
        "stdev": 3934.214961022899
    },
    "com.google.gson.functional.ParameterizedTypesTest-testParameterizedTypeGenericArraysDeserialization": {
        "energy": 36133,
        "duration": 1669208.9797979798,
        "dram": 4340.20202020202,
        "iteration": 99,
        "stdev": 17337.46088115356
    },
    "com.google.gson.functional.ParameterizedTypesTest-testParameterizedTypeDeserialization": {
        "energy": 68115,
        "duration": 6560143.360824742,
        "dram": 19805.77319587629,
        "iteration": 97,
        "stdev": 197352.36172961435
    },
    "com.google.gson.TypeInfoFactoryTest-testParameterizedTypeVariableField": {
        "energy": 36499,
        "duration": 1018765.4375,
        "dram": 3124.0208333333335,
        "iteration": 48,
        "stdev": 13586.89382809159
    },
    "com.google.gson.functional.CollectionTest-testWildcardCollectionField": {
        "energy": 78186,
        "duration": 2977909.898989899,
        "dram": 8005.616161616162,
        "iteration": 99,
        "stdev": 81043.90796975994
    },
    "com.google.gson.functional.ParameterizedTypesTest-testVariableTypeFieldsAndGenericArraysDeserialization": {
        "energy": 69886,
        "duration": 3512808.737373737,
        "dram": 10016.656565656565,
        "iteration": 99,
        "stdev": 139820.28936348256
    },
    "com.google.gson.TypeInfoFactoryTest-testTypeVariableArrayField": {
        "energy": 34790,
        "duration": 661325.6153846154,
        "dram": 2416.269230769231,
        "iteration": 26,
        "stdev": 4056.655533789193
    },
    "com.google.gson.functional.ParameterizedTypesTest-testTypesWithMultipleParametersDeserialization": {
        "energy": 68969,
        "duration": 2787992.0707070706,
        "dram": 7860.040404040404,
        "iteration": 99,
        "stdev": 66208.95147562976
    },
    "com.google.gson.functional.ParameterizedTypesTest-testTypesWithMultipleParametersSerialization": {
        "energy": 147094,
        "duration": 5372235.545454546,
        "dram": 16117.333333333334,
        "iteration": 99,
        "stdev": 112300.19373017445
    },
    "com.google.gson.TypeInfoFactoryTest-testArrayOfListStringWildcardField": {
        "energy": 36316,
        "duration": 942925.625,
        "dram": 2870.9464285714284,
        "iteration": 56,
        "stdev": 6861.484197522948
    },
    "com.google.gson.functional.ParameterizedTypesTest-testParameterizedTypeWithVariableTypeDeserialization": {
        "energy": 34119,
        "duration": 1576726.4646464647,
        "dram": 3808.4545454545455,
        "iteration": 99,
        "stdev": 15791.830073286787
    },
    "com.google.gson.TypeInfoFactoryTest-testParameterizedTypeVariableArrayField": {
        "energy": 35888,
        "duration": 999380.4074074074,
        "dram": 3037.8703703703704,
        "iteration": 54,
        "stdev": 3366.2917929355417
    },
    "com.google.gson.TypeInfoFactoryTest-testNestedParameterizedTypeVariableField": {
        "energy": 37964,
        "duration": 2202692.788235294,
        "dram": 5375.2588235294115,
        "iteration": 85,
        "stdev": 44112.54075673573
    },
    "com.google.gson.TypeInfoFactoryTest-testArrayOfWildcardField": {
        "energy": 36010,
        "duration": 1020907.5762711865,
        "dram": 2800.6271186440677,
        "iteration": 59,
        "stdev": 6058.640526709551
    },
    "com.google.gson.TypeInfoFactoryTest-testTypeVariableField": {
        "energy": 36132,
        "duration": 640068.5789473684,
        "dram": 2519.6315789473683,
        "iteration": 19,
        "stdev": 4330.110822377647
    },
    "com.google.gson.TypeInfoFactoryTest-testArrayOfListTypeVariableWildcardField": {
        "energy": 36255,
        "duration": 946788.0877192982,
        "dram": 2908.1052631578946,
        "iteration": 57,
        "stdev": 4186.052605954861
    }
}