{
    "com.google.gson.functional.ParameterizedTypesTest-testParameterizedTypeGenericArraysSerialization": {
        "energy": 33508,
        "duration": 1193580.2098765431,
        "dram": 2916.1604938271603,
        "iteration": 81,
        "stdev": 5883.0447248485125
    },
    "com.google.gson.functional.ParameterizedTypesTest-testParameterizedTypesWithWriterSerialization": {
        "energy": 33447,
        "duration": 1201888.2435897435,
        "dram": 3509.1666666666665,
        "iteration": 78,
        "stdev": 21598.996989204796
    },
    "com.google.gson.TypeInfoFactoryTest-testListTypeVariableWildcardField": {
        "energy": 36499,
        "duration": 885184.9,
        "dram": 2512.34,
        "iteration": 50,
        "stdev": 3721.1804129335083
    },
    "com.google.gson.functional.ParameterizedTypesTest-testVariableTypeArrayDeserialization": {
        "energy": 36560,
        "duration": 2059704.898989899,
        "dram": 5261.626262626262,
        "iteration": 99,
        "stdev": 101448.958714348
    },
    "com.google.gson.TypeInfoFactoryTest-testNestedParameterizedTypeVariableField": {
        "energy": 37720,
        "duration": 2355265.1807228914,
        "dram": 5683.3975903614455,
        "iteration": 83,
        "stdev": 48134.601971826974
    },
    "com.google.gson.functional.ParameterizedTypesTest-testParameterizedTypeWithReaderDeserialization": {
        "energy": 32959,
        "duration": 1479848.1489361702,
        "dram": 3713.4893617021276,
        "iteration": 94,
        "stdev": 19887.355689828357
    },
    "com.google.gson.functional.ParameterizedTypesTest-testParameterizedTypesSerialization": {
        "energy": 149719,
        "duration": 6721836.177083333,
        "dram": 19739.395833333332,
        "iteration": 96,
        "stdev": 154651.93502093115
    },
    "com.google.gson.TypeInfoFactoryTest-testListStringWildcardField": {
        "energy": 34973,
        "duration": 930699.2352941176,
        "dram": 2995.392156862745,
        "iteration": 51,
        "stdev": 3178.4133315886734
    },
    "com.google.gson.functional.ParameterizedTypesTest-testVariableTypeDeserialization": {
        "energy": 35461,
        "duration": 1515207.1313131314,
        "dram": 3549.3838383838383,
        "iteration": 99,
        "stdev": 13963.850579501057
    },
    "com.google.gson.functional.ParameterizedTypesTest-testVariableTypeFieldsAndGenericArraysSerialization": {
        "energy": 88623,
        "duration": 2970922.414141414,
        "dram": 8178.686868686868,
        "iteration": 99,
        "stdev": 48664.54259430229
    },
    "com.google.gson.TypeInfoFactoryTest-testWildcardField": {
        "energy": 34973,
        "duration": 1064749.6101694915,
        "dram": 3045.3898305084745,
        "iteration": 59,
        "stdev": 6332.643166777698
    },
    "com.google.gson.functional.ParameterizedTypesTest-testParameterizedTypeGenericArraysDeserialization": {
        "energy": 34790,
        "duration": 1620194.5555555555,
        "dram": 4073.979797979798,
        "iteration": 99,
        "stdev": 17064.32370980739
    },
    "com.google.gson.functional.ParameterizedTypesTest-testParameterizedTypeDeserialization": {
        "energy": 69091,
        "duration": 6452935.898989899,
        "dram": 19302.0,
        "iteration": 99,
        "stdev": 199414.9199193224
    },
    "com.google.gson.TypeInfoFactoryTest-testParameterizedTypeVariableField": {
        "energy": 35522,
        "duration": 954937.3880597015,
        "dram": 2836.2388059701493,
        "iteration": 67,
        "stdev": 10960.94844345731
    },
    "com.google.gson.functional.CollectionTest-testWildcardCollectionField": {
        "energy": 75195,
        "duration": 2720783.1414141413,
        "dram": 7438.111111111111,
        "iteration": 99,
        "stdev": 68766.29512600486
    },
    "com.google.gson.functional.ParameterizedTypesTest-testVariableTypeFieldsAndGenericArraysDeserialization": {
        "energy": 74890,
        "duration": 3518217.6363636362,
        "dram": 9945.434343434343,
        "iteration": 99,
        "stdev": 124014.3784403442
    },
    "com.google.gson.TypeInfoFactoryTest-testTypeVariableArrayField": {
        "energy": 34546,
        "duration": 666622.1923076923,
        "dram": 2269.8076923076924,
        "iteration": 26,
        "stdev": 2836.8404410311523
    },
    "com.google.gson.functional.ParameterizedTypesTest-testTypesWithMultipleParametersDeserialization": {
        "energy": 66712,
        "duration": 2730760.9292929294,
        "dram": 7573.060606060606,
        "iteration": 99,
        "stdev": 66112.11809136104
    },
    "com.google.gson.functional.ParameterizedTypesTest-testTypesWithMultipleParametersSerialization": {
        "energy": 138245,
        "duration": 5065288.767676768,
        "dram": 14953.333333333334,
        "iteration": 99,
        "stdev": 94174.6454809559
    },
    "com.google.gson.TypeInfoFactoryTest-testArrayOfWildcardField": {
        "energy": 34790,
        "duration": 1046343.375,
        "dram": 2794.421875,
        "iteration": 64,
        "stdev": 5354.720796511593
    },
    "com.google.gson.functional.ParameterizedTypesTest-testParameterizedTypeWithVariableTypeDeserialization": {
        "energy": 35400,
        "duration": 1580320.4848484849,
        "dram": 4207.80808080808,
        "iteration": 99,
        "stdev": 14946.602726976227
    },
    "com.google.gson.TypeInfoFactoryTest-testArrayOfListTypeVariableWildcardField": {
        "energy": 35645,
        "duration": 1021141.7368421053,
        "dram": 2957.5438596491226,
        "iteration": 57,
        "stdev": 5352.984149232936
    },
    "com.google.gson.TypeInfoFactoryTest-testTypeVariableField": {
        "energy": 35156,
        "duration": 617483.8095238095,
        "dram": 2015.2380952380952,
        "iteration": 21,
        "stdev": 3531.04685099838
    },
    "com.google.gson.TypeInfoFactoryTest-testParameterizedTypeVariableArrayField": {
        "energy": 36072,
        "duration": 1030698.4545454546,
        "dram": 2749.981818181818,
        "iteration": 55,
        "stdev": 3727.135760410254
    },
    "com.google.gson.TypeInfoFactoryTest-testMutliDimensionalTypeVariableArrayField": {
        "energy": 34057,
        "duration": 669134.0666666667,
        "dram": 2656.6,
        "iteration": 30,
        "stdev": 3536.1057533519684
    },
    "com.google.gson.TypeInfoFactoryTest-testArrayOfListStringWildcardField": {
        "energy": 35461,
        "duration": 955190.4255319149,
        "dram": 2825.063829787234,
        "iteration": 47,
        "stdev": 6441.021241313739
    }
}