{
    "com.google.gson.functional.MapTest-testInterfaceTypeMapWithSerializer": {
        "energy": 661192,
        "duration": 19916890.222222224,
        "dram": 60584.666666666664,
        "iteration": 9,
        "stdev": 28785.09012503127
    },
    "com.google.gson.functional.NamingPolicyTest-testGsonWithNonDefaultFieldNamingPolicySerialization": {
        "energy": 193114,
        "duration": 4922106.777777778,
        "dram": 15216.777777777777,
        "iteration": 9,
        "stdev": 16093.207566479026
    },
    "com.google.gson.functional.MapAsArrayTypeAdapterTest-testMultipleEnableComplexKeyRegistrationHasNoEffect": {
        "energy": 392394,
        "duration": 10030366.777777778,
        "dram": 32005.88888888889,
        "iteration": 9,
        "stdev": 20779.694275249563
    },
    "com.google.gson.functional.MapTest-testGeneralMapField": {
        "energy": 2061762,
        "duration": 62548491.88888889,
        "dram": 184213.77777777778,
        "iteration": 9,
        "stdev": 93480.70318758007
    },
    "com.google.gson.functional.NamingPolicyTest-testGsonWithUpperCamelCaseSpacesPolicyDeserialiation": {
        "energy": 212646,
        "duration": 6072256.222222222,
        "dram": 16955.777777777777,
        "iteration": 9,
        "stdev": 24376.179655911714
    },
    "com.google.gson.functional.MapAsArrayTypeAdapterTest-testSerializeComplexMapWithTypeAdapter": {
        "energy": 646055,
        "duration": 18214161.555555556,
        "dram": 56168.22222222222,
        "iteration": 9,
        "stdev": 40817.1030314076
    },
    "com.google.gson.functional.NamingPolicyTest-testGsonWithNonDefaultFieldNamingPolicyDeserialiation": {
        "energy": 346373,
        "duration": 10787174.777777778,
        "dram": 31126.777777777777,
        "iteration": 9,
        "stdev": 23785.88914555107
    },
    "com.google.gson.functional.MapTest-testInterfaceTypeMap": {
        "energy": 765562,
        "duration": 21461664.777777776,
        "dram": 65849.55555555556,
        "iteration": 9,
        "stdev": 38248.77834053279
    },
    "com.google.gson.functional.FieldNamingTest-testUpperCamelCase": {
        "energy": 267395,
        "duration": 6837812.444444444,
        "dram": 21641.0,
        "iteration": 9,
        "stdev": 21754.622908166974
    },
    "com.google.gson.functional.NamingPolicyTest-testGsonWithUpperCamelCaseSpacesPolicySerialiation": {
        "energy": 341247,
        "duration": 9291211.555555556,
        "dram": 28092.666666666668,
        "iteration": 9,
        "stdev": 19501.808833484596
    },
    "com.google.gson.functional.FieldNamingTest-testUpperCamelCaseWithSpaces": {
        "energy": 207580,
        "duration": 5896182.444444444,
        "dram": 18892.222222222223,
        "iteration": 9,
        "stdev": 49207.64405337803
    },
    "com.google.gson.functional.MapAsArrayTypeAdapterTest-testMapWithTypeVariableSerialization": {
        "energy": 352416,
        "duration": 9578061.555555556,
        "dram": 28697.666666666668,
        "iteration": 9,
        "stdev": 34542.54836510409
    }
}