{
    "com.google.gson.functional.MapTest-testInterfaceTypeMapWithSerializer": {
        "energy": 663634,
        "duration": 19807944.111111112,
        "dram": 60186.88888888889,
        "iteration": 9,
        "stdev": 50759.31373102324
    },
    "com.google.gson.functional.NamingPolicyTest-testGsonWithNonDefaultFieldNamingPolicySerialization": {
        "energy": 181579,
        "duration": 4847913.333333333,
        "dram": 14730.333333333334,
        "iteration": 9,
        "stdev": 21627.783928417655
    },
    "com.google.gson.functional.MapAsArrayTypeAdapterTest-testMultipleEnableComplexKeyRegistrationHasNoEffect": {
        "energy": 379027,
        "duration": 9844971.222222222,
        "dram": 29897.777777777777,
        "iteration": 9,
        "stdev": 42670.38424110979
    },
    "com.google.gson.functional.MapTest-testGeneralMapField": {
        "energy": 1980646,
        "duration": 61187581.222222224,
        "dram": 191613.66666666666,
        "iteration": 9,
        "stdev": 207395.45955171404
    },
    "com.google.gson.functional.NamingPolicyTest-testGsonWithUpperCamelCaseSpacesPolicyDeserialiation": {
        "energy": 192199,
        "duration": 5968362.777777778,
        "dram": 17375.555555555555,
        "iteration": 9,
        "stdev": 22961.821166535345
    },
    "com.google.gson.functional.MapAsArrayTypeAdapterTest-testSerializeComplexMapWithTypeAdapter": {
        "energy": 629454,
        "duration": 17723075.333333332,
        "dram": 55080.0,
        "iteration": 9,
        "stdev": 44910.22190279207
    },
    "com.google.gson.functional.NamingPolicyTest-testGsonWithNonDefaultFieldNamingPolicyDeserialiation": {
        "energy": 356505,
        "duration": 10599670.666666666,
        "dram": 30637.333333333332,
        "iteration": 9,
        "stdev": 44488.0928125579
    },
    "com.google.gson.functional.MapTest-testInterfaceTypeMap": {
        "energy": 774717,
        "duration": 21144236.111111112,
        "dram": 66454.66666666667,
        "iteration": 9,
        "stdev": 50842.51928246331
    },
    "com.google.gson.functional.FieldNamingTest-testUpperCamelCase": {
        "energy": 250487,
        "duration": 6784477.0,
        "dram": 21124.333333333332,
        "iteration": 9,
        "stdev": 32651.458807332227
    },
    "com.google.gson.functional.NamingPolicyTest-testGsonWithUpperCamelCaseSpacesPolicySerialiation": {
        "energy": 351439,
        "duration": 9184143.777777778,
        "dram": 28584.0,
        "iteration": 9,
        "stdev": 45929.892921739636
    },
    "com.google.gson.functional.FieldNamingTest-testUpperCamelCaseWithSpaces": {
        "energy": 213196,
        "duration": 5463989.777777778,
        "dram": 17618.777777777777,
        "iteration": 9,
        "stdev": 13818.672132523183
    },
    "com.google.gson.functional.MapAsArrayTypeAdapterTest-testMapWithTypeVariableSerialization": {
        "energy": 357910,
        "duration": 9656856.333333334,
        "dram": 29770.333333333332,
        "iteration": 9,
        "stdev": 25310.852486240896
    }
}