{
    "com.google.gson.functional.MapAsArrayTypeAdapterTest-testTwoTypesCollapseToOneSerialize": {
        "energy": 42157.80597014925,
        "duration": 1108141.6865671643,
        "dram": 3485.6119402985073,
        "iteration": 67,
        "stdev": 13342.579740310022
    },
    "com.google.gson.functional.PrimitiveTest-testPrimitiveBooleanAutoboxedDeserialization": {
        "energy": 38674.48387096774,
        "duration": 676443.1290322581,
        "dram": 2611.2580645161293,
        "iteration": 31,
        "stdev": 3773.8695711513974
    },
    "com.google.gson.functional.MapTest-testInterfaceTypeMapWithSerializer": {
        "energy": 43838.290322580644,
        "duration": 1400890.322580645,
        "dram": 3822.6774193548385,
        "iteration": 93,
        "stdev": 13650.99830654063
    },
    "com.google.gson.functional.CollectionTest-testRawCollectionOfBagOfPrimitivesNotAllowed": {
        "energy": 36668.560975609755,
        "duration": 678801.6341463415,
        "dram": 3031.6585365853657,
        "iteration": 41,
        "stdev": 4117.832072582525
    },
    "com.google.gson.functional.DefaultTypeAdaptersTest-testBitSetDeserialization": {
        "energy": 38282.25454545455,
        "duration": 967271.7454545455,
        "dram": 3241.3636363636365,
        "iteration": 55,
        "stdev": 3890.6074646894817
    },
    "com.google.gson.functional.ObjectTest-testNestedSerialization": {
        "energy": 37114.67391304348,
        "duration": 869602.7391304348,
        "dram": 2846.1304347826085,
        "iteration": 46,
        "stdev": 4057.472569782433
    },
    "com.google.gson.functional.ObjectTest-testArrayOfArraysDeserialization": {
        "energy": 41671.256410256414,
        "duration": 1309081.8076923077,
        "dram": 3597.653846153846,
        "iteration": 78,
        "stdev": 17943.78220102561
    },
    "com.google.gson.JsonParserTest-testReadWriteTwoObjects": {
        "energy": 198746.32926829267,
        "duration": 5941430.780487805,
        "dram": 18141.146341463416,
        "iteration": 82,
        "stdev": 561449.2401877625
    },
    "com.google.gson.functional.ObjectTest-testNullFieldsSerialization": {
        "energy": 36096.666666666664,
        "duration": 661429.7777777778,
        "dram": 2582.925925925926,
        "iteration": 27,
        "stdev": 3826.4005714683526
    },
    "com.google.gson.functional.TypeVariableTest-testBasicTypeVariables": {
        "energy": 177082.0,
        "duration": 5186279.787234043,
        "dram": 16315.872340425532,
        "iteration": 94,
        "stdev": 526042.7851519951
    },
    "com.google.gson.functional.TypeVariableTest-testAdvancedTypeVariables": {
        "energy": 115499.97959183673,
        "duration": 3407837.3571428573,
        "dram": 10540.19387755102,
        "iteration": 98,
        "stdev": 351153.3882874181
    },
    "com.google.gson.functional.ObjectTest-testArrayOfObjectsAsFields": {
        "energy": 36988.0,
        "duration": 1031865.6753246753,
        "dram": 3183.220779220779,
        "iteration": 77,
        "stdev": 4828.9166702058765
    },
    "com.google.gson.functional.ParameterizedTypesTest-testParameterizedTypeWithReaderDeserialization": {
        "energy": 39649.782608695656,
        "duration": 1155631.4347826086,
        "dram": 3230.304347826087,
        "iteration": 69,
        "stdev": 8966.287503221285
    },
    "com.google.gson.functional.EscapingTest-testGsonDoubleDeserialization": {
        "energy": 38600.28571428572,
        "duration": 893454.5952380953,
        "dram": 2888.4761904761904,
        "iteration": 42,
        "stdev": 4194.923021518105
    },
    "com.google.gson.functional.CollectionTest-testCollectionOfBagOfPrimitivesSerialization": {
        "energy": 46136.450980392154,
        "duration": 1110507.450980392,
        "dram": 3493.725490196078,
        "iteration": 51,
        "stdev": 29888.032435659734
    },
    "com.google.gson.functional.MapAsArrayTypeAdapterTest-testSerializeComplexMapWithTypeAdapter": {
        "energy": 135343.52525252526,
        "duration": 4065575.1515151514,
        "dram": 12498.69696969697,
        "iteration": 99,
        "stdev": 306716.7842474188
    },
    "com.google.gson.functional.EscapingTest-testGsonAcceptsEscapedAndNonEscapedJsonDeserialization": {
        "energy": 49542.43529411765,
        "duration": 1363832.7529411765,
        "dram": 4251.364705882353,
        "iteration": 85,
        "stdev": 18164.865481567995
    },
    "com.google.gson.functional.ParameterizedTypesTest-testParameterizedTypeDeserialization": {
        "energy": 64820.555555555555,
        "duration": 2133943.888888889,
        "dram": 5901.0888888888885,
        "iteration": 90,
        "stdev": 77365.91365052343
    },
    "com.google.gson.functional.EscapingTest-testEscapingObjectFields": {
        "energy": 63840.38181818182,
        "duration": 1865901.018181818,
        "dram": 5869.272727272727,
        "iteration": 55,
        "stdev": 56524.870045442956
    },
    "com.google.gson.functional.JsonTreeTest-testJsonTreeToString": {
        "energy": 43239.069444444445,
        "duration": 1179158.486111111,
        "dram": 3567.597222222222,
        "iteration": 72,
        "stdev": 18939.476076091552
    },
    "com.google.gson.functional.ObjectTest-testBagOfPrimitiveWrappersSerialization": {
        "energy": 37467.63829787234,
        "duration": 804944.6382978724,
        "dram": 2886.7872340425533,
        "iteration": 47,
        "stdev": 3970.512976266855
    },
    "com.google.gson.functional.TypeVariableTest-testTypeVariablesViaTypeParameter": {
        "energy": 47561.82978723404,
        "duration": 1526998.7659574468,
        "dram": 4254.787234042553,
        "iteration": 94,
        "stdev": 18702.198254362927
    },
    "com.google.gson.functional.CollectionTest-testWildcardCollectionField": {
        "energy": 45712.59574468085,
        "duration": 1498739.4893617022,
        "dram": 3867.9574468085107,
        "iteration": 94,
        "stdev": 18055.784102018537
    },
    "com.google.gson.functional.JsonTreeTest-testToJsonTreeObjectType": {
        "energy": 38595.982142857145,
        "duration": 858377.6428571428,
        "dram": 3108.6071428571427,
        "iteration": 56,
        "stdev": 4098.016347188476
    },
    "com.google.gson.functional.PrintFormattingTest-testCompactFormattingLeavesNoWhiteSpace": {
        "energy": 70430.15277777778,
        "duration": 2111572.1944444445,
        "dram": 6051.138888888889,
        "iteration": 72,
        "stdev": 84111.44607861043
    },
    "com.google.gson.functional.ParameterizedTypesTest-testTypesWithMultipleParametersDeserialization": {
        "energy": 38559.39759036145,
        "duration": 1195841.7349397591,
        "dram": 3420.132530120482,
        "iteration": 83,
        "stdev": 6918.364772912639
    },
    "com.google.gson.functional.ObjectTest-testArrayOfArraysSerialization": {
        "energy": 54606.41052631579,
        "duration": 1816983.8105263158,
        "dram": 5028.957894736842,
        "iteration": 95,
        "stdev": 23379.64743216888
    },
    "com.google.gson.functional.ParameterizedTypesTest-testTypesWithMultipleParametersSerialization": {
        "energy": 84733.87878787878,
        "duration": 2621139.484848485,
        "dram": 7639.535353535353,
        "iteration": 99,
        "stdev": 33088.9322777003
    },
    "com.google.gson.functional.PrettyPrintingTest-testPrettyPrintList": {
        "energy": 91555.59595959596,
        "duration": 2822851.0505050505,
        "dram": 8360.272727272728,
        "iteration": 99,
        "stdev": 107368.30514427394
    },
    "com.google.gson.functional.ObjectTest-testNestedDeserialization": {
        "energy": 36660.836734693876,
        "duration": 871763.918367347,
        "dram": 2730.2244897959185,
        "iteration": 49,
        "stdev": 4071.8642741650897
    },