{
    "com.google.gson.functional.CollectionTest-testRawCollectionOfBagOfPrimitivesNotAllowed": {
        "energy": 35583,
        "duration": 860920.725490196,
        "dram": 2764.176470588235,
        "iteration": 51,
        "stdev": 4208.708748200789
    },
    "com.google.gson.functional.DefaultTypeAdaptersTest-testBitSetDeserialization": {
        "energy": 36743,
        "duration": 970153.1886792453,
        "dram": 2887.3396226415093,
        "iteration": 53,
        "stdev": 4507.243439145741
    },
    "com.google.gson.functional.ObjectTest-testNestedSerialization": {
        "energy": 37293,
        "duration": 871452.7804878049,
        "dram": 2900.243902439024,
        "iteration": 41,
        "stdev": 4081.4190468573515
    },
    "com.google.gson.functional.ObjectTest-testArrayOfArraysDeserialization": {
        "energy": 37354,
        "duration": 1360524.6904761905,
        "dram": 4055.595238095238,
        "iteration": 84,
        "stdev": 17737.995931792968
    },
    "com.google.gson.JsonParserTest-testReadWriteTwoObjects": {
        "energy": 41077,
        "duration": 3305959.153846154,
        "dram": 10274.935897435897,
        "iteration": 78,
        "stdev": 374267.4618128253
    },
    "com.google.gson.JsonPrimitiveTest-testEquals": {
        "energy": 39978,
        "duration": 1037289.0833333334,
        "dram": 3114.0,
        "iteration": 36,
        "stdev": 7949.269617576958
    },
    "com.google.gson.functional.ObjectTest-testStringFieldWithNumberValueDeserialization": {
        "energy": 36254,
        "duration": 783854.0975609756,
        "dram": 3027.829268292683,
        "iteration": 41,
        "stdev": 3924.328994049755
    },
    "com.google.gson.functional.TypeVariableTest-testAdvancedTypeVariables": {
        "energy": 67016,
        "duration": 3356668.787878788,
        "dram": 10160.585858585859,
        "iteration": 99,
        "stdev": 356275.8422451532
    },
    "com.google.gson.functional.MapTest-testReadMapsWithEmptyStringKey": {
        "energy": 38879,
        "duration": 914303.512195122,
        "dram": 2932.7073170731705,
        "iteration": 41,
        "stdev": 3899.640588695246
    },
    "com.google.gson.functional.ObjectTest-testArrayOfObjectsAsFields": {
        "energy": 36316,
        "duration": 1047714.9726027397,
        "dram": 3189.6301369863013,
        "iteration": 73,
        "stdev": 6271.231501642607
    },
    "com.google.gson.functional.ParameterizedTypesTest-testParameterizedTypeWithReaderDeserialization": {
        "energy": 36438,
        "duration": 1128545.2465753425,
        "dram": 3324.6575342465753,
        "iteration": 73,
        "stdev": 8294.551927137687
    },
    "com.google.gson.functional.UncategorizedTest-testGsonInstanceReusableForSerializationAndDeserialization": {
        "energy": 36316,
        "duration": 1103408.8529411764,
        "dram": 3949.205882352941,
        "iteration": 34,
        "stdev": 18025.664906918282
    },
    "com.google.gson.functional.InheritanceTest-testSubClassDeserialization": {
        "energy": 37048,
        "duration": 1375337.7301587302,
        "dram": 4447.206349206349,
        "iteration": 63,
        "stdev": 37678.201534117215
    },
    "com.google.gson.functional.SecurityTest-testNonExecutableJsonSerialization": {
        "energy": 39734,
        "duration": 5247315.066666666,
        "dram": 17117.866666666665,
        "iteration": 45,
        "stdev": 442948.5804076647
    },
    "com.google.gson.functional.UncategorizedTest-testStaticFieldsAreNotSerialized": {
        "energy": 38818,
        "duration": 798981.125,
        "dram": 2431.4166666666665,
        "iteration": 24,
        "stdev": 5139.2986301364335
    },
    "com.google.gson.JsonObjectTest-testReadPropertyWithEmptyStringName": {
        "energy": 40283,
        "duration": 1242246.465116279,
        "dram": 4306.720930232558,
        "iteration": 43,
        "stdev": 23755.47353768094
    },
    "com.google.gson.functional.MapAsArrayTypeAdapterTest-testSerializeComplexMapWithTypeAdapter": {
        "energy": 86547,
        "duration": 9079847.929292928,
        "dram": 26916.23232323232,
        "iteration": 99,
        "stdev": 648810.8236049473
    },
    "com.google.gson.functional.EscapingTest-testGsonAcceptsEscapedAndNonEscapedJsonDeserialization": {
        "energy": 38879,
        "duration": 1321776.011627907,
        "dram": 3575.9418604651164,
        "iteration": 86,
        "stdev": 19903.715404364022
    },
    "com.google.gson.functional.ParameterizedTypesTest-testParameterizedTypeDeserialization": {
        "energy": 38513,
        "duration": 1819663.054945055,
        "dram": 4906.604395604396,
        "iteration": 91,
        "stdev": 61301.234699062254
    },
    "com.google.gson.functional.JsonTreeTest-testJsonTreeToString": {
        "energy": 37415,
        "duration": 1268650.657142857,
        "dram": 3864.8,
        "iteration": 70,
        "stdev": 19621.54766023458
    },
    "com.google.gson.functional.ObjectTest-testBagOfPrimitiveWrappersSerialization": {
        "energy": 36743,
        "duration": 816379.1632653062,
        "dram": 2929.1632653061224,
        "iteration": 49,
        "stdev": 4913.102950249477
    },
    "com.google.gson.functional.UncategorizedTest-testInvalidJsonDeserializationFails": {
        "energy": 40832,
        "duration": 2397377.511111111,
        "dram": 8052.177777777778,
        "iteration": 45,
        "stdev": 125800.93789970106
    },
    "com.google.gson.functional.TypeVariableTest-testTypeVariablesViaTypeParameter": {
        "energy": 39185,
        "duration": 1488689.8842105262,
        "dram": 4076.063157894737,
        "iteration": 95,
        "stdev": 17747.61092119396
    },
    "com.google.gson.functional.PrettyPrintingTest-testPrettyPrintArrayOfObjects": {
        "energy": 38269,
        "duration": 1052146.9682539683,
        "dram": 3274.222222222222,
        "iteration": 63,
        "stdev": 8950.743426589599
    },
    "com.google.gson.functional.ObjectTest-testArrayOfObjectsDeserialization": {
        "energy": 36927,
        "duration": 987739.2857142857,
        "dram": 3016.2380952380954,
        "iteration": 63,
        "stdev": 5937.542654626593
    },
    "com.google.gson.JsonPrimitiveTest-testValidJsonOnToString": {
        "energy": 37720,
        "duration": 649045.3225806452,
        "dram": 2450.4193548387098,
        "iteration": 31,
        "stdev": 4284.141672606981
    },
    "com.google.gson.functional.CollectionTest-testWildcardCollectionField": {
        "energy": 39856,
        "duration": 1633083.2142857143,
        "dram": 4486.3877551020405,
        "iteration": 98,
        "stdev": 22098.361284538616
    },
    "com.google.gson.functional.JsonTreeTest-testToJsonTreeObjectType": {
        "energy": 38757,
        "duration": 872145.725490196,
        "dram": 3207.294117647059,
        "iteration": 51,
        "stdev": 3340.0356877184117
    },
    "com.google.gson.functional.PrintFormattingTest-testCompactFormattingLeavesNoWhiteSpace": {
        "energy": 39551,
        "duration": 2139330.4032258065,
        "dram": 6438.741935483871,
        "iteration": 62,
        "stdev": 96361.7745784643
    },
    "com.google.gson.functional.MapAsArrayTypeAdapterTest-testTwoTypesCollapseToOneDeserialize": {
        "energy": 37354,
        "duration": 1028766.5,
        "dram": 2900.4166666666665,
        "iteration": 72,
        "stdev": 4203.014964666421
    },
    "com.google.gson.functional.ParameterizedTypesTest-testTypesWithMultipleParametersDeserialization": {
        "energy": 37232,
        "duration": 1144531.4767441861,
        "dram": 3338.6046511627906,
        "iteration": 86,
        "stdev": 7434.994457351969
    },
    "com.google.gson.functional.ObjectTest-testArrayOfArraysSerialization": {
        "energy": 53650,
        "duration": 1873005.6041666667,
        "dram": 5139.625,
        "iteration": 96,